{"Factor1": {"Mouse_ID": {}, "Treatment": {"sum_sq": 0.058170607715555635, "df": 2.0, "F": 0.030867073116159945, "pvalue": 0.9696752921929075, "tukey_hsd": {"groups": ["A12", "B1-8", "PBS"], "pvalues": [[1.0, 0.9725239767719801, 0.9999600582733731], [0.9725239767719801, 1.0, 0.9766258430591689], [0.9999600582733731, 0.9766258430591689, 1.0]]}}, "Ig_treated": {"sum_sq": 0.01044609369608116, "df": 1.0, "F": 0.011892460504123016, "pvalue": 0.9147084625411741}, "A12_treated": {"sum_sq": 0.01766969336838587, "df": 1.0, "F": 0.020128063736812807, "pvalue": 0.8892013965018427}, "Batch": {"sum_sq": 0.03897034988265968, "df": 1.0, "F": 0.04446933597771059, "pvalue": 0.8360214063056163}, "Quant": {"sum_sq": 0.019520473714572356, "df": 1.0, "F": 0.02223969078237275, "pvalue": 0.8835781382846261}}, "Factor2": {"Mouse_ID": {}, "Treatment": {"sum_sq": 2.0935948759470038, "df": 2.0, "F": 2.6366959352586794, "pvalue": 0.10934708245103945, "tukey_hsd": {"groups": ["A12", "B1-8", "PBS"], "pvalues": [[1.0, 0.11934645111061237, 0.9684779021542196], [0.11934645111061237, 1.0, 0.2012668369159616], [0.9684779021542196, 0.2012668369159616, 1.0]]}}, "Ig_treated": {"sum_sq": 0.26894679539874033, "df": 1.0, "F": 0.5389875962240306, "pvalue": 0.47496967605902174}, "A12_treated": {"sum_sq": 0.7763930872919113, "df": 1.0, "F": 1.6778208558216865, "pvalue": 0.2161667749529505}, "Batch": {"sum_sq": 0.25813443598394387, "df": 1.0, "F": 0.5165194451605535, "pvalue": 0.4841534507783647}, "Quant": {"sum_sq": 0.46455104683169257, "df": 1.0, "F": 0.9578107525325011, "pvalue": 0.3443490186163522}}, "Factor3": {"Mouse_ID": {}, "Treatment": {"sum_sq": 0.02833786841346277, "df": 2.0, "F": 0.07730440935507658, "pvalue": 0.9260302923540574, "tukey_hsd": {"groups": ["A12", "B1-8", "PBS"], "pvalues": [[1.0, 0.9979285770835722, 0.926290212283714], [0.9979285770835722, 1.0, 0.952033348552439], [0.926290212283714, 0.952033348552439, 1.0]]}}, "Ig_treated": {"sum_sq": 0.027648399978657867, "df": 1.0, "F": 0.16240377516869547, "pvalue": 0.6930398189072156}, "A12_treated": {"sum_sq": 0.011930879094657001, "df": 1.0, "F": 0.06962160112030163, "pvalue": 0.7957327530937721}, "Batch": {"sum_sq": 0.00609671264346622, "df": 1.0, "F": 0.03549052845584498, "pvalue": 0.8532749544378199}, "Quant": {"sum_sq": 0.0018165887583552664, "df": 1.0, "F": 0.010556042708885896, "pvalue": 0.9196244273037644}}, "Factor4": {"Mouse_ID": {}, "Treatment": {"sum_sq": 0.11229062286273053, "df": 2.0, "F": 1.3738135380342786, "pvalue": 0.2875633270366476, "tukey_hsd": {"groups": ["A12", "B1-8", "PBS"], "pvalues": [[1.0, 0.2589317399019271, 0.7863190304873978], [0.2589317399019271, 1.0, 0.6221403380109546], [0.7863190304873978, 0.6221403380109546, 1.0]]}}, "Ig_treated": {"sum_sq": 0.00037543740968013775, "df": 1.0, "F": 0.00817180847674642, "pvalue": 0.9292515086801129}, "A12_treated": {"sum_sq": 0.07572152759520619, "df": 1.0, "F": 1.866849190026983, "pvalue": 0.1933817495409819}, "Batch": {"sum_sq": 4.973132823568597e-05, "df": 1.0, "F": 0.0010819092401673873, "pvalue": 0.9742247505954387}, "Quant": {"sum_sq": 0.016320863061141035, "df": 1.0, "F": 0.36427210840247, "pvalue": 0.5557964438031314}}, "Factor5": {"Mouse_ID": {}, "Treatment": {"sum_sq": 1.671947385053254, "df": 2.0, "F": 3.8707203426932764, "pvalue": 0.047993101571511064, "tukey_hsd": {"groups": ["A12", "B1-8", "PBS"], "pvalues": [[1.0, 0.44113992991826145, 0.038626645246821245], [0.44113992991826145, 1.0, 0.34202520904527456], [0.038626645246821245, 0.34202520904527456, 1.0]]}}, "Ig_treated": {"sum_sq": 1.3291560731983398, "df": 1.0, "F": 5.906518279340716, "pvalue": 0.029124316745273455}, "A12_treated": {"sum_sq": 1.2130370565520538, "df": 1.0, "F": 5.198887130816367, "pvalue": 0.03878445090673556}, "Batch": {"sum_sq": 0.01077023797594649, "df": 1.0, "F": 0.03374108348917769, "pvalue": 0.8568925188576026}, "Quant": {"sum_sq": 1.698554170452274, "df": 1.0, "F": 8.550637371476144, "pvalue": 0.011099350508758448}}, "Factor6": {"Mouse_ID": {}, "Treatment": {"sum_sq": 0.1609473727996834, "df": 2.0, "F": 1.2409553137088556, "pvalue": 0.32119751418842746, "tukey_hsd": {"groups": ["A12", "B1-8", "PBS"], "pvalues": [[1.0, 0.7636251799559504, 0.290461371482427], [0.7636251799559504, 1.0, 0.6909531838218379], [0.290461371482427, 0.6909531838218379, 1.0]]}}, "Ig_treated": {"sum_sq": 0.12852255387862244, "df": 1.0, "F": 2.05530130382481, "pvalue": 0.17363253862168002}, "A12_treated": {"sum_sq": 0.11613376075856627, "df": 1.0, "F": 1.831267881281204, "pvalue": 0.19742619422987417}, "Batch": {"sum_sq": 0.03553180959922674, "df": 1.0, "F": 0.5136553584150715, "pvalue": 0.4853461214288596}, "Quant": {"sum_sq": 0.18757740230936518, "df": 1.0, "F": 3.216677782234198, "pvalue": 0.09451326305731673}}, "Factor7": {"Mouse_ID": {}, "Treatment": {"sum_sq": 0.3906136849513938, "df": 2.0, "F": 3.2702138287437985, "pvalue": 0.07072295064388695, "tukey_hsd": {"groups": ["A12", "B1-8", "PBS"], "pvalues": [[1.0, 0.06352949518888584, 0.7735922091479275], [0.06352949518888584, 1.0, 0.22801149519303054], [0.7735922091479275, 0.22801149519303054, 1.0]]}}, "Ig_treated": {"sum_sq": 0.015244553316869617, "df": 1.0, "F": 0.18530105343404252, "pvalue": 0.6734096719307253}, "A12_treated": {"sum_sq": 0.2097735618399886, "df": 1.0, "F": 3.068022898519333, "pvalue": 0.10171303220536851}, "Batch": {"sum_sq": 0.007625310078811778, "df": 1.0, "F": 0.09207827680101911, "pvalue": 0.766014124022079}, "Quant": {"sum_sq": 0.0013359747715416795, "df": 1.0, "F": 0.016045319805813883, "pvalue": 0.9010027702023836}}}