{"m": {"Factor1": {"Explained_Variance": 8.43312022088365}, "Factor2": {"Explained_Variance": 13.865653869536409}, "Factor3": {"Explained_Variance": 16.196778736611673}, "Factor4": {"Explained_Variance": 18.550122106588805}, "Factor5": {"Explained_Variance": 4.461323432200692}, "Factor6": {"Explained_Variance": 6.60169158327154}, "Factor7": {"Explained_Variance": 0.9411302288548806}}, "q": {"Factor1": {"Explained_Variance": 23.243915511648638}, "Factor2": {"Explained_Variance": 17.227750641242558}, "Factor3": {"Explained_Variance": 8.04299076266467}, "Factor4": {"Explained_Variance": 3.1233758777188037}, "Factor5": {"Explained_Variance": 12.813837301062325}, "Factor6": {"Explained_Variance": 4.989009737080085}, "Factor7": {"Explained_Variance": 5.204371102879779}}}