{"LD2157":{"Factor1":0.091313302,"Factor2":-0.4440967189,"Factor3":-0.0343357643,"Factor4":-0.2289957999,"Factor5":-0.7113850156,"Factor6":0.0478730005,"Factor7":-0.388147319},"LD2158":{"Factor1":0.2307627798,"Factor2":-0.6908552178,"Factor3":-0.2337605401,"Factor4":-0.3069528251,"Factor5":-0.5071570015,"Factor6":0.2632438062,"Factor7":-0.1737035518},"LD2162":{"Factor1":-0.8521610678,"Factor2":0.9088368725,"Factor3":0.3157241013,"Factor4":-0.0827900921,"Factor5":-0.2807720173,"Factor6":0.0138914063,"Factor7":0.2430787453},"LD2163":{"Factor1":-0.606290294,"Factor2":0.1837961567,"Factor3":-0.6027367746,"Factor4":0.0694377782,"Factor5":0.0152514357,"Factor6":-0.1166260349,"Factor7":0.1140461884},"LD2164":{"Factor1":-1.0457822083,"Factor2":0.7490662351,"Factor3":-0.0427164761,"Factor4":-0.1383822165,"Factor5":-0.2040872418,"Factor6":-0.0799983628,"Factor7":0.0281304974},"LD2166":{"Factor1":-0.7522325992,"Factor2":0.2314746517,"Factor3":-0.566854312,"Factor4":0.0141821015,"Factor5":-0.1934776238,"Factor6":0.0264941797,"Factor7":0.2525223603},"LD2169":{"Factor1":-0.8421661174,"Factor2":0.1278513014,"Factor3":0.007542832,"Factor4":0.1577570438,"Factor5":-0.385171255,"Factor6":-0.2206607995,"Factor7":-0.2581482009},"LD2170":{"Factor1":-0.9571466891,"Factor2":-0.1977420691,"Factor3":-0.0037869928,"Factor4":0.0366582373,"Factor5":1.4055246782,"Factor6":0.5524644772,"Factor7":-0.3014380199},"LD2171":{"Factor1":2.0069272251,"Factor2":-0.135185298,"Factor3":-0.001880754,"Factor4":-0.0668190123,"Factor5":0.2358297967,"Factor6":-0.2209547446,"Factor7":-0.3741252948},"LD2214":{"Factor1":1.0270389862,"Factor2":1.2736986493,"Factor3":0.4708424943,"Factor4":-0.2381148948,"Factor5":0.2584990942,"Factor6":0.0228730907,"Factor7":0.1822606052},"LD2215":{"Factor1":1.0070015127,"Factor2":-0.4073930263,"Factor3":-0.2296461934,"Factor4":-0.1772056522,"Factor5":0.2159680411,"Factor6":0.1743193165,"Factor7":0.5364275792},"LD2223":{"Factor1":0.4510826807,"Factor2":-0.86812446,"Factor3":0.5852458091,"Factor4":0.3558179124,"Factor5":-0.5499500135,"Factor6":0.3032669676,"Factor7":0.335241848},"LD2225":{"Factor1":0.1452840523,"Factor2":0.8502791618,"Factor3":0.5662273789,"Factor4":0.2036173985,"Factor5":-0.1753902767,"Factor6":0.0430111598,"Factor7":-0.2667378175},"LD2243":{"Factor1":-0.1678676008,"Factor2":-0.4748581269,"Factor3":-0.0300101784,"Factor4":0.1579255008,"Factor5":-0.3732043329,"Factor6":0.0356286995,"Factor7":-0.1279914483},"LD2244":{"Factor1":-0.7713032202,"Factor2":-1.2185700354,"Factor3":0.4680415733,"Factor4":-0.1232471935,"Factor5":0.7007642408,"Factor6":-0.586836887,"Factor7":0.1760927335},"LD2245":{"Factor1":0.9610271706,"Factor2":0.240426865,"Factor3":-0.6415449723,"Factor4":0.3726935941,"Factor5":0.5492564263,"Factor6":-0.1965123518,"Factor7":-0.0156117291}}