{"R2pv": 0.1, "R2H0": [0.14064221854992542, 0.13350257663073817, 0.10799141303869375, 0.09753343185563124, 0.1362704825185721, 0.09951607617684743, 0.11447784119750937, 0.03826464333278612, 0.09840858020829624, 0.15157003920357448]}