{"1": {"Mouse_ID": {}, "Treatment": {"sum_sq": 421.26994747330787, "df": 2.0, "F": 0.24279818079254342, "pvalue": 0.7879084749225223, "tukey_hsd": {"groups": ["A12", "B1-8", "PBS"], "pvalues": [[1.0, 0.7827087227422265, 0.9883200979765193], [0.7827087227422265, 1.0, 0.8703034393701293], [0.9883200979765193, 0.8703034393701293, 1.0]]}}, "Ig_treated": {"sum_sq": 27.991169301518163, "df": 1.0, "F": 0.03357640489590703, "pvalue": 0.8572380031603041}, "A12_treated": {"sum_sq": 200.19963392649046, "df": 1.0, "F": 0.24374302559469307, "pvalue": 0.6291706877629737}, "Batch": {"sum_sq": 70.97758812814034, "df": 1.0, "F": 0.08545488684942772, "pvalue": 0.7743243057135402}, "Quant": {"sum_sq": 5.083621266356659, "df": 1.0, "F": 0.006086039497944377, "pvalue": 0.9389216889279062}}, "2": {"Mouse_ID": {}, "Treatment": {"sum_sq": 2389.9526751679305, "df": 2.0, "F": 2.535551567677107, "pvalue": 0.1175523919790402, "tukey_hsd": {"groups": ["A12", "B1-8", "PBS"], "pvalues": [[1.0, 0.1062422511454113, 0.8054582462852867], [0.1062422511454113, 1.0, 0.3169716147276127], [0.8054582462852867, 0.3169716147276127, 1.0]]}}, "Ig_treated": {"sum_sq": 82.95905712512725, "df": 1.0, "F": 0.1377118813935134, "pvalue": 0.7161216920291626}, "A12_treated": {"sum_sq": 1310.76778661413, "df": 1.0, "F": 2.546615736491527, "pvalue": 0.13285009281395616}, "Batch": {"sum_sq": 233.58798864225778, "df": 1.0, "F": 0.39480698760762223, "pvalue": 0.5398993306382263}, "Quant": {"sum_sq": 275.3097293659137, "df": 1.0, "F": 0.46768014831087934, "pvalue": 0.5052189568073427}}, "3": {"Mouse_ID": {}, "Treatment": {"sum_sq": 2734.8525397457656, "df": 2.0, "F": 4.572472003587562, "pvalue": 0.03135790048990497, "tukey_hsd": {"groups": ["A12", "B1-8", "PBS"], "pvalues": [[1.0, 0.691288094920896, 0.027469696438409796], [0.691288094920896, 1.0, 0.14049270264960667], [0.027469696438409796, 0.14049270264960667, 1.0]]}}, "Ig_treated": {"sum_sq": 2528.4675089295365, "df": 1.0, "F": 8.646199616810566, "pvalue": 0.010747269972771532}, "A12_treated": {"sum_sq": 1483.1241954669233, "df": 1.0, "F": 4.040062783535432, "pvalue": 0.06410874191897098}, "Batch": {"sum_sq": 2.462375075732808, "df": 1.0, "F": 0.005207344367321047, "pvalue": 0.9434938316056436}, "Quant": {"sum_sq": 2726.419722297576, "df": 1.0, "F": 9.79678400177084, "pvalue": 0.007379475242576557}}, "4": {"Mouse_ID": {}, "Treatment": {"sum_sq": 32.67836844430498, "df": 2.0, "F": 0.05263913532298061, "pvalue": 0.9489234622089885, "tukey_hsd": {"groups": ["A12", "B1-8", "PBS"], "pvalues": [[1.0, 0.9449280353412206, 0.9810465459825152], [0.9449280353412206, 1.0, 0.990860915997678], [0.9810465459825152, 0.990860915997678, 1.0]]}}, "Ig_treated": {"sum_sq": 0.6388497983660407, "df": 1.0, "F": 0.002199009665613367, "pvalue": 0.963260400072086}, "A12_treated": {"sum_sq": 27.505516675618505, "df": 1.0, "F": 0.0953073706790265, "pvalue": 0.7620815185515806}, "Batch": {"sum_sq": 1.4163756786062935, "df": 1.0, "F": 0.00487629384185387, "pvalue": 0.9453162494288408}, "Quant": {"sum_sq": 28.4948998450082, "df": 1.0, "F": 0.0987597942659428, "pvalue": 0.7579572674528098}}, "5": {"Mouse_ID": {}, "Treatment": {"sum_sq": 905.2413831984863, "df": 2.0, "F": 2.7913873755205953, "pvalue": 0.09804221910653851, "tukey_hsd": {"groups": ["A12", "B1-8", "PBS"], "pvalues": [[1.0, 0.10926687823977876, 0.9733796701815814], [0.10926687823977876, 1.0, 0.18062280222659266], [0.9733796701815814, 0.18062280222659266, 1.0]]}}, "Ig_treated": {"sum_sq": 123.29694556389447, "df": 1.0, "F": 0.5973107268870768, "pvalue": 0.45245758228021016}, "A12_treated": {"sum_sq": 325.7420501831819, "df": 1.0, "F": 1.6969289609277796, "pvalue": 0.21371143453151067}, "Batch": {"sum_sq": 18.095620641555396, "df": 1.0, "F": 0.08458486832225369, "pvalue": 0.7754417102309357}, "Quant": {"sum_sq": 29.97682972442447, "df": 1.0, "F": 0.14067960058538254, "pvalue": 0.7132273290965714}}, "6": {"Mouse_ID": {}, "Treatment": {"sum_sq": 809.850058946843, "df": 2.0, "F": 2.4053627592133995, "pvalue": 0.12918179652698247, "tukey_hsd": {"groups": ["A12", "B1-8", "PBS"], "pvalues": [[1.0, 0.464433109895502, 0.11255705585395548], [0.464433109895502, 1.0, 0.6373984039227483], [0.11255705585395548, 0.6373984039227483, 1.0]]}}, "Ig_treated": {"sum_sq": 560.515308492132, "df": 1.0, "F": 3.218988852433141, "pvalue": 0.09440628017557762}, "A12_treated": {"sum_sq": 667.189786870384, "df": 1.0, "F": 4.0069496988045765, "pvalue": 0.06508155899671249}, "Batch": {"sum_sq": 49.59242237792222, "df": 1.0, "F": 0.23545671294935158, "pvalue": 0.6350122044156662}, "Quant": {"sum_sq": 607.6020960607705, "df": 1.0, "F": 3.5581306337225898, "pvalue": 0.08017125629604885}}, "7": {"Mouse_ID": {}, "Treatment": {"sum_sq": 247.72152281915893, "df": 2.0, "F": 0.7747331098581887, "pvalue": 0.480978757961539, "tukey_hsd": {"groups": ["A12", "B1-8", "PBS"], "pvalues": [[1.0, 0.4657807232275728, 0.9488416156638001], [0.4657807232275728, 1.0, 0.6697464502637107], [0.9488416156638001, 0.6697464502637107, 1.0]]}}, "Ig_treated": {"sum_sq": 11.878469102957764, "df": 1.0, "F": 0.07185934741027915, "pvalue": 0.7925578122376902}, "A12_treated": {"sum_sq": 127.61690408170331, "df": 1.0, "F": 0.812667298050271, "pvalue": 0.38257978557366784}, "Batch": {"sum_sq": 1.9036693809074898, "df": 1.0, "F": 0.01146691098212653, "pvalue": 0.9162420121292989}, "Quant": {"sum_sq": 4.79855061305349, "df": 1.0, "F": 0.028940515627020415, "pvalue": 0.8673503539362146}}, "8": {"Mouse_ID": {}, "Treatment": {"sum_sq": 95.9160116354861, "df": 2.0, "F": 0.34351517106255136, "pvalue": 0.7155200285135046, "tukey_hsd": {"groups": ["A12", "B1-8", "PBS"], "pvalues": [[1.0, 0.8879951583579331, 0.9168170358617248], [0.8879951583579331, 1.0, 0.6929727918869109], [0.9168170358617248, 0.6929727918869109, 1.0]]}}, "Ig_treated": {"sum_sq": 65.5435090985959, "df": 1.0, "F": 0.4972690908379266, "pvalue": 0.4922690720519107}, "A12_treated": {"sum_sq": 0.22274664548781556, "df": 1.0, "F": 0.0016321700814022203, "pvalue": 0.9683446219698005}, "Batch": {"sum_sq": 1.4316065850351267, "df": 1.0, "F": 0.01049670025350033, "pvalue": 0.919849820000957}, "Quant": {"sum_sq": 310.69109648927116, "df": 1.0, "F": 2.7182933688406457, "pvalue": 0.12145404295956051}}, "9": {"Mouse_ID": {}, "Treatment": {"sum_sq": 503.8367932849321, "df": 2.0, "F": 2.842571442508917, "pvalue": 0.0946030283585735, "tukey_hsd": {"groups": ["A12", "B1-8", "PBS"], "pvalues": [[1.0, 0.9995651243576358, 0.1261234574032266], [0.9995651243576358, 1.0, 0.14002144713320297], [0.1261234574032266, 0.14002144713320297, 1.0]]}}, "Ig_treated": {"sum_sq": 503.7668714785687, "df": 1.0, "F": 6.121240400124531, "pvalue": 0.026771226634417025}, "A12_treated": {"sum_sq": 132.1553680942358, "df": 1.0, "F": 1.2141963025492077, "pvalue": 0.289086197232241}, "Batch": {"sum_sq": 1.5741409768734105, "df": 1.0, "F": 0.013321090518055976, "pvalue": 0.9097536930274007}, "Quant": {"sum_sq": 77.26631490149273, "df": 1.0, "F": 0.685212897036812, "pvalue": 0.4216843150665188}}, "10": {"Mouse_ID": {}, "Treatment": {"sum_sq": 58.14244930174492, "df": 2.0, "F": 0.2790823159618624, "pvalue": 0.760897084311271, "tukey_hsd": {"groups": ["A12", "B1-8", "PBS"], "pvalues": [[1.0, 0.8241775921144834, 0.7837026106265408], [0.8241775921144834, 1.0, 0.9971914181321727], [0.7837026106265408, 0.9971914181321727, 1.0]]}}, "Ig_treated": {"sum_sq": 21.02757600190589, "df": 1.0, "F": 0.21159238905275254, "pvalue": 0.6525848191213114}, "A12_treated": {"sum_sq": 57.61093213474951, "df": 1.0, "F": 0.5953716462869015, "pvalue": 0.4531772636548371}, "Batch": {"sum_sq": 7.553942927131105, "df": 1.0, "F": 0.07528334954008287, "pvalue": 0.7878011763227617}, "Quant": {"sum_sq": 3.5991334764199054, "df": 1.0, "F": 0.03576862466720612, "pvalue": 0.8527084895634572}}}