{"R2pv": 0.1, "R2H0": [0.7734442100521082, 0.7517027378560757, 0.7467401174925947, 0.68579119291091, 0.7336434202322487, 0.7268756878924179, 0.7358980614833407, 0.677275840472403, 0.7067602508196645, 0.7466049011517648]}