{"R2pv": 0.1, "R2H0": [0.7145343610247503, 0.686672410714035, 0.768406791818371, 0.7374785228035485, 0.6826776425050627, 0.7307476317835456, 0.759013995472292, 0.7769108564171672, 0.6783697968395336, 0.7968251876131787]}