{"R2pv": 0.1, "R2H0": [0.7008986325704498, 0.7611606815647154, 0.80105791411106, 0.7358127064271978, 0.7705884060335193, 0.7711898292757142, 0.7879195815228146, 0.7446569278317, 0.7044352452329408, 0.6837264257548505]}