{"R2pv": 0.1, "R2H0": [0.4512398629194698, 0.43133927731757904, 0.44601566634581924, 0.4466460589460183, 0.4284984477841334, 0.5722461789864375, 0.5090501984533791, 0.5063433662791041, 0.471584134472557, 0.3514589292597057]}