{"R2pv": 0.1, "R2H0": [0.7392496041877963, 0.7202690897033212, 0.7365082488164159, 0.7532975326991002, 0.6956286619720246, 0.7388305585656578, 0.7481086580946543, 0.7443715728343854, 0.7330053110231972, 0.6705163110644818]}