{"R2pv": 0.1, "R2H0": [0.5364865367749356, 0.40244779524343144, 0.4720688750921559, 0.45301056515216154, 0.5616275908502735, 0.5555559566787165, 0.4961008553915822, 0.46481158542506107, 0.541731968958451, 0.5175224586048897]}