{"R2pv": 0.1, "R2H0": [0.17898851187170173, 0.1904857699451542, 0.06744996179982443, 0.07250911198479348, 0.047399228503221424, 0.06539433230797398, 0.08802694049940629, 0.07067817932082399, 0.05840215185014441, 0.08338466204339479]}