{"1": {"Mouse_ID": {}, "Treatment": {"sum_sq": 421.26994747330264, "df": 2.0, "F": 0.24279818079254056, "pvalue": 0.787908474922524, "tukey_hsd": {"groups": ["A12", "B1-8", "PBS"], "pvalues": [[1.0, 0.7827087227422288, 0.9883200979765194], [0.7827087227422288, 1.0, 0.8703034393701308], [0.9883200979765194, 0.8703034393701308, 1.0]]}}, "Ig_treated": {"sum_sq": 27.99116930151779, "df": 1.0, "F": 0.033576404895906624, "pvalue": 0.8572380031603041}, "A12_treated": {"sum_sq": 200.19963392648802, "df": 1.0, "F": 0.24374302559469024, "pvalue": 0.6291706877629748}, "Batch": {"sum_sq": 70.97758812813966, "df": 1.0, "F": 0.08545488684942698, "pvalue": 0.7743243057135422}, "Quant": {"sum_sq": 5.08362126635693, "df": 1.0, "F": 0.006086039497944709, "pvalue": 0.9389216889279062}}, "2": {"Mouse_ID": {}, "Treatment": {"sum_sq": 2389.952675167941, "df": 2.0, "F": 2.535551567677116, "pvalue": 0.1175523919790395, "tukey_hsd": {"groups": ["A12", "B1-8", "PBS"], "pvalues": [[1.0, 0.10624225114541053, 0.805458246285284], [0.10624225114541053, 1.0, 0.3169716147276129], [0.805458246285284, 0.3169716147276129, 1.0]]}}, "Ig_treated": {"sum_sq": 82.95905712512612, "df": 1.0, "F": 0.1377118813935112, "pvalue": 0.7161216920291658}, "A12_treated": {"sum_sq": 1310.7677866141391, "df": 1.0, "F": 2.5466157364915416, "pvalue": 0.1328500928139551}, "Batch": {"sum_sq": 233.5879886422587, "df": 1.0, "F": 0.394806987607623, "pvalue": 0.5398993306382255}, "Quant": {"sum_sq": 275.3097293659106, "df": 1.0, "F": 0.46768014831087296, "pvalue": 0.5052189568073466}}, "3": {"Mouse_ID": {}, "Treatment": {"sum_sq": 2734.8525397457684, "df": 2.0, "F": 4.572472003587546, "pvalue": 0.03135790048990524, "tukey_hsd": {"groups": ["A12", "B1-8", "PBS"], "pvalues": [[1.0, 0.6912880949208993, 0.027469696438409907], [0.6912880949208993, 1.0, 0.14049270264960667], [0.027469696438409907, 0.14049270264960667, 1.0]]}}, "Ig_treated": {"sum_sq": 2528.4675089295415, "df": 1.0, "F": 8.64619961681055, "pvalue": 0.010747269972771591}, "A12_treated": {"sum_sq": 1483.1241954669217, "df": 1.0, "F": 4.040062783535411, "pvalue": 0.06410874191897158}, "Batch": {"sum_sq": 2.4623750757327416, "df": 1.0, "F": 0.0052073443673208925, "pvalue": 0.9434938316056436}, "Quant": {"sum_sq": 2726.4197222975818, "df": 1.0, "F": 9.796784001770826, "pvalue": 0.007379475242576588}}, "4": {"Mouse_ID": {}, "Treatment": {"sum_sq": 32.678368444305946, "df": 2.0, "F": 0.05263913532298205, "pvalue": 0.9489234622089864, "tukey_hsd": {"groups": ["A12", "B1-8", "PBS"], "pvalues": [[1.0, 0.9449280353412193, 0.9810465459825144], [0.9449280353412193, 1.0, 0.990860915997678], [0.9810465459825144, 0.990860915997678, 1.0]]}}, "Ig_treated": {"sum_sq": 0.638849798366105, "df": 1.0, "F": 0.002199009665613583, "pvalue": 0.963260400072086}, "A12_treated": {"sum_sq": 27.505516675619443, "df": 1.0, "F": 0.09530737067902953, "pvalue": 0.7620815185515787}, "Batch": {"sum_sq": 1.4163756786063082, "df": 1.0, "F": 0.004876293841853909, "pvalue": 0.9453162494288408}, "Quant": {"sum_sq": 28.494899845008952, "df": 1.0, "F": 0.09875979426594521, "pvalue": 0.7579572674528079}}, "5": {"Mouse_ID": {}, "Treatment": {"sum_sq": 905.2413831984982, "df": 2.0, "F": 2.7913873755206304, "pvalue": 0.0980422191065362, "tukey_hsd": {"groups": ["A12", "B1-8", "PBS"], "pvalues": [[1.0, 0.10926687823977344, 0.9733796701815722], [0.10926687823977344, 1.0, 0.18062280222659544], [0.9733796701815722, 0.18062280222659544, 1.0]]}}, "Ig_treated": {"sum_sq": 123.29694556388627, "df": 1.0, "F": 0.5973107268870327, "pvalue": 0.4524575822802265}, "A12_treated": {"sum_sq": 325.7420501831998, "df": 1.0, "F": 1.6969289609278764, "pvalue": 0.2137114345314985}, "Batch": {"sum_sq": 18.0956206415543, "df": 1.0, "F": 0.0845848683222482, "pvalue": 0.7754417102309438}, "Quant": {"sum_sq": 29.976829724420277, "df": 1.0, "F": 0.14067960058536205, "pvalue": 0.7132273290965929}}, "6": {"Mouse_ID": {}, "Treatment": {"sum_sq": 809.8500589468423, "df": 2.0, "F": 2.4053627592133893, "pvalue": 0.1291817965269835, "tukey_hsd": {"groups": ["A12", "B1-8", "PBS"], "pvalues": [[1.0, 0.46443310989552233, 0.11255705585395548], [0.46443310989552233, 1.0, 0.6373984039227272], [0.11255705585395548, 0.6373984039227272, 1.0]]}}, "Ig_treated": {"sum_sq": 560.5153084921456, "df": 1.0, "F": 3.218988852433227, "pvalue": 0.09440628017557358}, "A12_treated": {"sum_sq": 667.1897868703719, "df": 1.0, "F": 4.006949698804471, "pvalue": 0.06508155899671568}, "Batch": {"sum_sq": 49.59242237792339, "df": 1.0, "F": 0.23545671294935674, "pvalue": 0.6350122044156628}, "Quant": {"sum_sq": 607.6020960607799, "df": 1.0, "F": 3.5581306337226497, "pvalue": 0.08017125629604673}}, "7": {"Mouse_ID": {}, "Treatment": {"sum_sq": 247.72152281915763, "df": 2.0, "F": 0.7747331098581859, "pvalue": 0.48097875796154016, "tukey_hsd": {"groups": ["A12", "B1-8", "PBS"], "pvalues": [[1.0, 0.4657807232275749, 0.9488416156638024], [0.4657807232275749, 1.0, 0.6697464502637087], [0.9488416156638024, 0.6697464502637087, 1.0]]}}, "Ig_treated": {"sum_sq": 11.878469102958293, "df": 1.0, "F": 0.07185934741028249, "pvalue": 0.792557812237688}, "A12_treated": {"sum_sq": 127.61690408170139, "df": 1.0, "F": 0.8126672980502597, "pvalue": 0.3825797855736713}, "Batch": {"sum_sq": 1.9036693809075778, "df": 1.0, "F": 0.011466910982127076, "pvalue": 0.9162420121292933}, "Quant": {"sum_sq": 4.798550613053095, "df": 1.0, "F": 0.02894051562701807, "pvalue": 0.8673503539362181}}, "8": {"Mouse_ID": {}, "Treatment": {"sum_sq": 95.91601163549029, "df": 2.0, "F": 0.3435151710625669, "pvalue": 0.7155200285134943, "tukey_hsd": {"groups": ["A12", "B1-8", "PBS"], "pvalues": [[1.0, 0.8879951583579349, 0.9168170358617151], [0.8879951583579349, 1.0, 0.6929727918868993], [0.9168170358617151, 0.6929727918868993, 1.0]]}}, "Ig_treated": {"sum_sq": 65.5435090986006, "df": 1.0, "F": 0.4972690908379631, "pvalue": 0.4922690720518944}, "A12_treated": {"sum_sq": 0.22274664548763132, "df": 1.0, "F": 0.0016321700814008694, "pvalue": 0.9683446219698306}, "Batch": {"sum_sq": 1.4316065850352424, "df": 1.0, "F": 0.010496700253501174, "pvalue": 0.9198498200009512}, "Quant": {"sum_sq": 310.69109648927446, "df": 1.0, "F": 2.7182933688406785, "pvalue": 0.12145404295955828}}, "9": {"Mouse_ID": {}, "Treatment": {"sum_sq": 503.83679328492633, "df": 2.0, "F": 2.842571442508871, "pvalue": 0.09460302835857654, "tukey_hsd": {"groups": ["A12", "B1-8", "PBS"], "pvalues": [[1.0, 0.999565124357636, 0.12612345740322917], [0.999565124357636, 1.0, 0.14002144713320797], [0.12612345740322917, 0.14002144713320797, 1.0]]}}, "Ig_treated": {"sum_sq": 503.76687147856313, "df": 1.0, "F": 6.121240400124434, "pvalue": 0.026771226634418027}, "A12_treated": {"sum_sq": 132.15536809423617, "df": 1.0, "F": 1.214196302549212, "pvalue": 0.2890861972322402}, "Batch": {"sum_sq": 1.574140976873523, "df": 1.0, "F": 0.013321090518056931, "pvalue": 0.9097536930274007}, "Quant": {"sum_sq": 77.26631490148866, "df": 1.0, "F": 0.685212897036774, "pvalue": 0.42168431506653115}}, "10": {"Mouse_ID": {}, "Treatment": {"sum_sq": 58.142449301743866, "df": 2.0, "F": 0.2790823159618575, "pvalue": 0.7608970843112751, "tukey_hsd": {"groups": ["A12", "B1-8", "PBS"], "pvalues": [[1.0, 0.8241775921144863, 0.7837026106265439], [0.8241775921144863, 1.0, 0.9971914181321727], [0.7837026106265439, 0.9971914181321727, 1.0]]}}, "Ig_treated": {"sum_sq": 21.02757600190556, "df": 1.0, "F": 0.21159238905274944, "pvalue": 0.6525848191213138}, "A12_treated": {"sum_sq": 57.61093213474851, "df": 1.0, "F": 0.5953716462868914, "pvalue": 0.4531772636548409}, "Batch": {"sum_sq": 7.55394292713117, "df": 1.0, "F": 0.07528334954008363, "pvalue": 0.7878011763227617}, "Quant": {"sum_sq": 3.599133476419831, "df": 1.0, "F": 0.035768624667205415, "pvalue": 0.8527084895634572}}}