{"PCA_1": {"Seqn": {}, "ID": {}, "Group": {"sum_sq": 869.664493513473, "df": 2.0, "F": 0.3980064185161, "pvalue": 0.6795688386900998, "tukey_hsd": {"groups": ["A12", "B1-8", "PBS"], "pvalues": [[1.0, 0.6594781844903823, 0.9538620874639709], [0.6594781844903823, 1.0, 0.8404731480735017], [0.9538620874639709, 0.8404731480735017, 1.0]]}}, "Ig": {"sum_sq": 16.20429013635627, "df": 1.0, "F": 0.015067456473795118, "pvalue": 0.9040501183926022}, "Control": {"sum_sq": 520.3687567188257, "df": 1.0, "F": 0.500625171815653, "pvalue": 0.4908372000866943}, "TMT": {"sum_sq": 2144.2668764598557, "df": 1.0, "F": 2.322029531212275, "pvalue": 0.14981999365256865}, "Tag": {"sum_sq": 10131.395190694328, "df": 8.0, "F": 1.7941276940458817, "pvalue": 0.2278450602694554, "tukey_hsd": {}}, "ID_metabo": {}, "Quant": {"sum_sq": 1479.6333909980192, "df": 1.0, "F": 1.9339453772988744, "pvalue": 0.1876751813177874}}, "PCA_2": {"Seqn": {}, "ID": {}, "Group": {"sum_sq": 1300.0156577062137, "df": 2.0, "F": 0.8015277148496418, "pvalue": 0.46962101300375647, "tukey_hsd": {"groups": ["A12", "B1-8", "PBS"], "pvalues": [[1.0, 0.4413143187698466, 0.8919849576961464], [0.4413143187698466, 1.0, 0.728460671095952], [0.8919849576961464, 0.728460671095952, 1.0]]}}, "Ig": {"sum_sq": 13.529497426622266, "df": 1.0, "F": 0.016012618874297196, "pvalue": 0.9011031258027474}, "Control": {"sum_sq": 821.8030505790409, "df": 1.0, "F": 1.0439658972019745, "pvalue": 0.32423316303869637}, "TMT": {"sum_sq": 3064.036269539745, "df": 1.0, "F": 4.886556228085434, "pvalue": 0.04421616285571022}, "Tag": {"sum_sq": 5659.252165229943, "df": 8.0, "F": 0.8008472881324135, "pvalue": 0.6218888631372858, "tukey_hsd": {}}, "ID_metabo": {}, "Quant": {"sum_sq": 18.798438848076866, "df": 1.0, "F": 0.023770236489844197, "pvalue": 0.8798387470750891}}, "PCA_3": {"Seqn": {}, "ID": {}, "Group": {"sum_sq": 2274.7742194816533, "df": 2.0, "F": 2.7708872989115494, "pvalue": 0.09945997771564227, "tukey_hsd": {"groups": ["A12", "B1-8", "PBS"], "pvalues": [[1.0, 0.6723917893709392, 0.08482122315971652], [0.6723917893709392, 1.0, 0.3608394066910279], [0.08482122315971652, 0.3608394066910279, 1.0]]}}, "Ig": {"sum_sq": 1969.5383708305833, "df": 1.0, "F": 4.887673327024158, "pvalue": 0.04419520026961043}, "Control": {"sum_sq": 1449.7625355958842, "df": 1.0, "F": 3.2942623067808423, "pvalue": 0.09100021170654389}, "TMT": {"sum_sq": 33.80563156338764, "df": 1.0, "F": 0.06246110323491271, "pvalue": 0.8062774770922388}, "Tag": {"sum_sq": 5965.378839588856, "df": 8.0, "F": 3.171909393690208, "pvalue": 0.07300292897212325, "tukey_hsd": {}}, "ID_metabo": {}, "Quant": {"sum_sq": 111.23722588722073, "df": 1.0, "F": 0.1949427926210515, "pvalue": 0.66608907508108}}, "PCA_4": {"Seqn": {}, "ID": {}, "Group": {"sum_sq": 804.1242491670181, "df": 2.0, "F": 1.0555765329189102, "pvalue": 0.37600823742907574, "tukey_hsd": {"groups": ["A12", "B1-8", "PBS"], "pvalues": [[1.0, 0.6310698369632382, 0.8379686784976403], [0.6310698369632382, 1.0, 0.3514411385250472], [0.8379686784976403, 0.3514411385250472, 1.0]]}}, "Ig": {"sum_sq": 473.9185652428527, "df": 1.0, "F": 1.2561693154855376, "pvalue": 0.2812355444833074}, "Control": {"sum_sq": 17.03973014141851, "df": 1.0, "F": 0.041569742336987583, "pvalue": 0.8413761139164309}, "TMT": {"sum_sq": 2948.163696823021, "df": 1.0, "F": 14.70104884352985, "pvalue": 0.001823504929441097}, "Tag": {"sum_sq": 2099.0241117946957, "df": 8.0, "F": 0.5022667865814752, "pvalue": 0.8224658083973753, "tukey_hsd": {}}, "ID_metabo": {}, "Quant": {"sum_sq": 7.149374855147134, "df": 1.0, "F": 0.016873778383015577, "pvalue": 0.8986346835183395}}, "PCA_5": {"Seqn": {}, "ID": {}, "Group": {"sum_sq": 88.78237766926193, "df": 2.0, "F": 0.11760876629146376, "pvalue": 0.8899789728212608, "tukey_hsd": {"groups": ["A12", "B1-8", "PBS"], "pvalues": [[1.0, 0.8828075259241256, 0.9886989436691748], [0.8828075259241256, 1.0, 0.9453415911716238], [0.9886989436691748, 0.9453415911716238, 1.0]]}}, "Ig": {"sum_sq": 2.5760380923490227, "df": 1.0, "F": 0.007222975760231464, "pvalue": 0.933474269600846}, "Control": {"sum_sq": 50.12447712185233, "df": 1.0, "F": 0.14189572803247358, "pvalue": 0.7120513962125106}, "TMT": {"sum_sq": 94.16998785734404, "df": 1.0, "F": 0.26897828869030155, "pvalue": 0.6121178119479518}, "Tag": {"sum_sq": 3708.2859362338036, "df": 8.0, "F": 2.5205468838940326, "pvalue": 0.12024497324612547, "tukey_hsd": {}}, "ID_metabo": {}, "Quant": {"sum_sq": 79.7501259816187, "df": 1.0, "F": 0.21135702273073786, "pvalue": 0.6532999107335197}}, "PCA_6": {"Seqn": {}, "ID": {}, "Group": {"sum_sq": 1028.5620218624642, "df": 2.0, "F": 2.6714464057007095, "pvalue": 0.10668194045460418, "tukey_hsd": {"groups": ["A12", "B1-8", "PBS"], "pvalues": [[1.0, 0.11258321397637183, 0.24996045217976037], [0.11258321397637183, 1.0, 0.8825954304282507], [0.24996045217976037, 0.8825954304282507, 1.0]]}}, "Ig": {"sum_sq": 115.04157993611065, "df": 1.0, "F": 0.4714605418268358, "pvalue": 0.5035308796784068}, "Control": {"sum_sq": 984.5084609834182, "df": 1.0, "F": 5.412174455752208, "pvalue": 0.03552359072571582}, "TMT": {"sum_sq": 5.894345088011166, "df": 1.0, "F": 0.023408160232495118, "pvalue": 0.88058371024887}, "Tag": {"sum_sq": 1921.3921502713733, "df": 8.0, "F": 1.0443619566489668, "pvalue": 0.4837280525640599, "tukey_hsd": {}}, "ID_metabo": {}, "Quant": {"sum_sq": 174.23500922467977, "df": 1.0, "F": 0.9610496008440259, "pvalue": 0.34481532060241143}}, "PCA_7": {"Seqn": {}, "ID": {}, "Group": {"sum_sq": 480.10056660408, "df": 2.0, "F": 1.094518742742194, "pvalue": 0.3636512958880741, "tukey_hsd": {"groups": ["A12", "B1-8", "PBS"], "pvalues": [[1.0, 0.9385899492169676, 0.5145114954737486], [0.9385899492169676, 1.0, 0.3666989517294019], [0.5145114954737486, 0.3666989517294019, 1.0]]}}, "Ig": {"sum_sq": 454.7587921605127, "df": 1.0, "F": 2.21331750020297, "pvalue": 0.15899897141340807}, "Control": {"sum_sq": 46.83478994159223, "df": 1.0, "F": 0.19963490665051384, "pvalue": 0.6618496777246133}, "TMT": {"sum_sq": 177.96293463687405, "df": 1.0, "F": 0.7901179385998031, "pvalue": 0.3890823261502016}, "Tag": {"sum_sq": 582.2427982026467, "df": 8.0, "F": 0.18532491930749734, "pvalue": 0.984944591554107, "tukey_hsd": {}}, "ID_metabo": {}, "Quant": {"sum_sq": 34.15021648640881, "df": 1.0, "F": 0.1399399227314567, "pvalue": 0.714371194565684}}, "PCA_8": {"Seqn": {}, "ID": {}, "Group": {"sum_sq": 474.1244436050865, "df": 2.0, "F": 1.2904204273810473, "pvalue": 0.30817045128791154, "tukey_hsd": {"groups": ["A12", "B1-8", "PBS"], "pvalues": [[1.0, 0.2824779022483621, 0.8467103824294973], [0.2824779022483621, 1.0, 0.5912881235986296], [0.8467103824294973, 0.5912881235986296, 1.0]]}}, "Ig": {"sum_sq": 6.837092794082504, "df": 1.0, "F": 0.033520933799829206, "pvalue": 0.8573545752218182}, "Control": {"sum_sq": 291.3633458251344, "df": 1.0, "F": 1.5865871603774566, "pvalue": 0.2284091043727581}, "TMT": {"sum_sq": 12.057144721357888, "df": 1.0, "F": 0.05922209308385685, "pvalue": 0.8112593077895422}, "Tag": {"sum_sq": 1641.864024890661, "df": 8.0, "F": 1.177102129720084, "pvalue": 0.4213462719440732, "tukey_hsd": {}}, "ID_metabo": {}, "Quant": {"sum_sq": 282.66045680803677, "df": 1.0, "F": 1.4635625749966883, "pvalue": 0.24790424499549424}}, "PCA_9": {"Seqn": {}, "ID": {}, "Group": {"sum_sq": 121.6950501869448, "df": 2.0, "F": 0.3539811727218326, "pvalue": 0.7084479074474563, "tukey_hsd": {"groups": ["A12", "B1-8", "PBS"], "pvalues": [[1.0, 0.8431462281380739, 0.9503342654806548], [0.8431462281380739, 1.0, 0.6929457551523805], [0.9503342654806548, 0.6929457551523805, 1.0]]}}, "Ig": {"sum_sq": 67.75599301296488, "df": 1.0, "F": 0.41448732817497147, "pvalue": 0.5301069206109167}, "Control": {"sum_sq": 3.8594504566579526, "df": 1.0, "F": 0.02296834836423645, "pvalue": 0.8817016252383987}, "TMT": {"sum_sq": 1.2303087233070624, "df": 1.0, "F": 0.00731363527681422, "pvalue": 0.9330591533765542}, "Tag": {"sum_sq": 1833.4147689338824, "df": 8.0, "F": 3.0678882573165636,