{"PCA_1":{"Explained_Variance":0.2287716893},"PCA_2":{"Explained_Variance":0.1797466475},"PCA_3":{"Explained_Variance":0.115520154},"PCA_4":{"Explained_Variance":0.0873610938},"PCA_5":{"Explained_Variance":0.0758237374},"PCA_6":{"Explained_Variance":0.0535968015},"PCA_7":{"Explained_Variance":0.0505622388},"PCA_8":{"Explained_Variance":0.0434449233},"PCA_9":{"Explained_Variance":0.0357645429},"PCA_10":{"Explained_Variance":0.0284083299}}