{"LD2169":{"PCA_1":-35.935353456,"PCA_2":-1.4311846871,"PCA_3":-16.2423805947,"PCA_4":-11.2061341988,"PCA_5":6.1127148051,"PCA_6":-11.8717626213,"PCA_7":11.4894829447,"PCA_8":19.9230255657,"PCA_9":7.838230352,"PCA_10":-16.8121749683},"LD2170":{"PCA_1":-31.0706264191,"PCA_2":11.0032388862,"PCA_3":58.374038931,"PCA_4":-21.0082403345,"PCA_5":-21.0020711273,"PCA_6":-3.7413962037,"PCA_7":-26.7806503805,"PCA_8":0.2567130908,"PCA_9":6.2568545666,"PCA_10":-3.9686976407},"LD2171":{"PCA_1":58.4707865108,"PCA_2":-38.0312398928,"PCA_3":8.7546898913,"PCA_4":-15.0163553199,"PCA_5":-3.1584299634,"PCA_6":-30.6202388385,"PCA_7":10.8106971459,"PCA_8":-8.0411943552,"PCA_9":-8.8423790882,"PCA_10":-6.7190623122},"LD2243":{"PCA_1":9.1394809887,"PCA_2":27.8002730952,"PCA_3":-17.2035739721,"PCA_4":8.129213503,"PCA_5":2.6688738636,"PCA_6":-8.7217521338,"PCA_7":-11.9977008373,"PCA_8":-5.1312917136,"PCA_9":-10.3042710554,"PCA_10":-17.6950599034},"LD2244":{"PCA_1":9.5321727521,"PCA_2":61.8557288256,"PCA_3":11.953698952,"PCA_4":15.8977072482,"PCA_5":-28.0413783169,"PCA_6":-9.5689522192,"PCA_7":30.2200673621,"PCA_8":1.1549478632,"PCA_9":4.151101393,"PCA_10":11.672446834},"LD2245":{"PCA_1":34.0379987339,"PCA_2":-5.6832013234,"PCA_3":28.0968944661,"PCA_4":15.2101248433,"PCA_5":29.7101926646,"PCA_6":3.7630394132,"PCA_7":-0.4893318687,"PCA_8":24.8924897889,"PCA_9":-2.9038678061,"PCA_10":5.0414589194},"LD2162":{"PCA_1":-46.1960672317,"PCA_2":-22.8949831395,"PCA_3":-10.1007804309,"PCA_4":3.5490725004,"PCA_5":-5.6582360382,"PCA_6":13.4236874087,"PCA_7":11.081534469,"PCA_8":-1.4609352844,"PCA_9":7.6425583956,"PCA_10":-7.4111808398},"LD2163":{"PCA_1":-27.4614642239,"PCA_2":-0.0587414881,"PCA_3":12.7928748641,"PCA_4":-11.7896429234,"PCA_5":23.5995832127,"PCA_6":-4.0355815575,"PCA_7":10.9920618419,"PCA_8":-3.4304390823,"PCA_9":-13.7797995024,"PCA_10":-0.1532663458},"LD2164":{"PCA_1":-30.8118385129,"PCA_2":7.0165947034,"PCA_3":-10.2917921004,"PCA_4":37.5739582765,"PCA_5":4.777615717,"PCA_6":-8.918589984,"PCA_7":-6.5407653301,"PCA_8":-14.1770828058,"PCA_9":-1.5950597118,"PCA_10":-6.7976051693},"LD2214":{"PCA_1":7.4220460088,"PCA_2":-60.2733503885,"PCA_3":6.954235709,"PCA_4":14.0351559963,"PCA_5":-18.8033727208,"PCA_6":7.8960015202,"PCA_7":6.7569274902,"PCA_8":-17.4359199122,"PCA_9":10.5101603803,"PCA_10":4.4405381138},"LD2215":{"PCA_1":45.4094710273,"PCA_2":13.8772138487,"PCA_3":9.1938550201,"PCA_4":4.9871902581,"PCA_5":12.7702651086,"PCA_6":32.5094839913,"PCA_7":3.9954230274,"PCA_8":-1.3982515291,"PCA_9":16.2879014322,"PCA_10":-12.7994594192},"LD2166":{"PCA_1":-34.0921211526,"PCA_2":-0.9871129369,"PCA_3":5.7072554095,"PCA_4":-11.2119527253,"PCA_5":22.8832271552,"PCA_6":10.6255354281,"PCA_7":7.9796437219,"PCA_8":-12.6864568497,"PCA_9":-13.6948403993,"PCA_10":18.2973270415},"LD2157":{"PCA_1":0.5298175855,"PCA_2":-1.5271029578,"PCA_3":-31.037020268,"PCA_4":-27.8730539741,"PCA_5":5.2494200775,"PCA_6":-11.2535693492,"PCA_7":-4.9906650215,"PCA_8":9.0605266509,"PCA_9":24.6604785441,"PCA_10":14.5852295313},"LD2158":{"PCA_1":25.9670621558,"PCA_2":27.0644180568,"PCA_3":-19.8283712189,"PCA_4":-5.0245226212,"PCA_5":11.6642760867,"PCA_6":-2.0063306499,"PCA_7":-21.9805097463,"PCA_8":-20.9087641546,"PCA_9":5.2841341227,"PCA_10":7.8009311344},"LD2223":{"PCA_1":16.4469071218,"PCA_2":4.3613086756,"PCA_3":-23.6655969134,"PCA_4":-27.2211088645,"PCA_5":-28.4788559447,"PCA_6":24.7597538937,"PCA_7":-0.8677448395,"PCA_8":6.9244691972,"PCA_9":-22.7922495272,"PCA_10":-1.9845878936},"LD2225":{"PCA_1":-1.3882718883,"PCA_2":-22.0918592774,"PCA_3":-13.4580277447,"PCA_4":30.9685883359,"PCA_5":-14.2938245796,"PCA_6":-2.239328098,"PCA_7":-19.6784699792,"PCA_8":22.4581635304,"PCA_9":-8.7189520961,"PCA_10":12.5031629181}}