{"1": {"ID": {}, "Treatment": {"sum_sq": 425.3902139183943, "df": 2.0, "F": 0.24506295039616643, "pvalue": 0.7861904630693127, "tukey_hsd": {"groups": ["A12", "B1-8", "PBS"], "pvalues": [[1.0, 0.7809345118756792, 0.9881871429728721], [0.7809345118756792, 1.0, 0.8692411383628402], [0.9881871429728721, 0.8692411383628402, 1.0]]}}, "Ig_treated": {"sum_sq": 28.216959676147493, "df": 1.0, "F": 0.033821301469022166, "pvalue": 0.8567245434577102}, "A12_treated": {"sum_sq": 202.25394642077444, "df": 1.0, "F": 0.24609165928364987, "pvalue": 0.6275377142555517}, "Batch": {"sum_sq": 71.42848536735248, "df": 1.0, "F": 0.08593324717464973, "pvalue": 0.7737125684047695}, "Quant": {"sum_sq": 4.975917582983905, "df": 1.0, "F": 0.00595237082594938, "pvalue": 0.9395947090212773}}, "2": {"ID": {}, "Treatment": {"sum_sq": 2393.409510623831, "df": 2.0, "F": 2.5371194141970874, "pvalue": 0.11741989341951331, "tukey_hsd": {"groups": ["A12", "B1-8", "PBS"], "pvalues": [[1.0, 0.10618387433335585, 0.8063590413226817], [0.10618387433335585, 1.0, 0.31613667392186395], [0.8063590413226817, 0.31613667392186395, 1.0]]}}, "Ig_treated": {"sum_sq": 83.83388195868956, "df": 1.0, "F": 0.1390379358580438, "pvalue": 0.714824036284013}, "A12_treated": {"sum_sq": 1310.6158512439208, "df": 1.0, "F": 2.5432574113537676, "pvalue": 0.13308582435554933}, "Batch": {"sum_sq": 233.46627965611302, "df": 1.0, "F": 0.3941896885067578, "pvalue": 0.5402120254858191}, "Quant": {"sum_sq": 276.844077812283, "df": 1.0, "F": 0.4698879197307611, "pvalue": 0.5042318832924171}}, "3": {"ID": {}, "Treatment": {"sum_sq": 2732.7010173624003, "df": 2.0, "F": 4.56550641209002, "pvalue": 0.031486428831210986, "tukey_hsd": {"groups": ["A12", "B1-8", "PBS"], "pvalues": [[1.0, 0.6905862087725483, 0.027566386733697157], [0.6905862087725483, 1.0, 0.14117593662728356], [0.027566386733697157, 0.14117593662728356, 1.0]]}}, "Ig_treated": {"sum_sq": 2525.5782290671405, "df": 1.0, "F": 8.628719416107785, "pvalue": 0.010810696120915375}, "A12_treated": {"sum_sq": 1483.6533900288193, "df": 1.0, "F": 4.041356781262169, "pvalue": 0.06407107811569367}, "Batch": {"sum_sq": 2.5035975814960936, "df": 1.0, "F": 0.005293980010705774, "pvalue": 0.9430265988748269}, "Quant": {"sum_sq": 2723.99553973483, "df": 1.0, "F": 9.7801886560756, "pvalue": 0.0074184694287185975}}, "4": {"ID": {}, "Treatment": {"sum_sq": 32.2329335585033, "df": 2.0, "F": 0.05188772487275485, "pvalue": 0.9496310694984492, "tukey_hsd": {"groups": ["A12", "B1-8", "PBS"], "pvalues": [[1.0, 0.9458697234451887, 0.9806958758362095], [0.9458697234451887, 1.0, 0.9914690521859435], [0.9806958758362095, 0.9914690521859435, 1.0]]}}, "Ig_treated": {"sum_sq": 0.7387932631370198, "df": 1.0, "F": 0.002541722602278947, "pvalue": 0.9605035227000266}, "A12_treated": {"sum_sq": 27.402862475123708, "df": 1.0, "F": 0.09489781472905086, "pvalue": 0.7625762017395792}, "Batch": {"sum_sq": 1.362768909804488, "df": 1.0, "F": 0.004689149072073684, "pvalue": 0.9463740646664026}, "Quant": {"sum_sq": 28.95917127495136, "df": 1.0, "F": 0.1003260313772719, "pvalue": 0.7561125076522855}}, "5": {"ID": {}, "Treatment": {"sum_sq": 976.0749579592242, "df": 2.0, "F": 3.1080665991858987, "pvalue": 0.07885019782561314, "tukey_hsd": {"groups": ["A12", "B1-8", "PBS"], "pvalues": [[1.0, 0.07087975018648573, 0.7798368373023452], [0.07087975018648573, 1.0, 0.24519665783598876], [0.7798368373023452, 0.24519665783598876, 1.0]]}}, "Ig_treated": {"sum_sq": 37.12194145968273, "df": 1.0, "F": 0.17438374841835327, "pvalue": 0.6825784731307263}, "A12_treated": {"sum_sq": 526.7036996622708, "df": 1.0, "F": 2.9605916316943546, "pvalue": 0.1073318546322258}, "Batch": {"sum_sq": 7.254027910333797, "df": 1.0, "F": 0.03373834212206946, "pvalue": 0.8568982628982811}, "Quant": {"sum_sq": 0.13450088780351604, "df": 1.0, "F": 0.0006240849172384804, "pvalue": 0.9804221586658702}}, "6": {"ID": {}, "Treatment": {"sum_sq": 743.1728030444999, "df": 2.0, "F": 2.1389603057411035, "pvalue": 0.15737553076908822, "tukey_hsd": {"groups": ["A12", "B1-8", "PBS"], "pvalues": [[1.0, 0.7449934502668514, 0.1380151915174308], [0.7449934502668514, 1.0, 0.44048980950900063], [0.1380151915174308, 0.44048980950900063, 1.0]]}}, "Ig_treated": {"sum_sq": 648.1615264244165, "df": 1.0, "F": 3.8557943505604557, "pvalue": 0.06975156777792713}, "A12_treated": {"sum_sq": 466.9110772187919, "df": 1.0, "F": 2.5789480004733276, "pvalue": 0.13060666445175353}, "Batch": {"sum_sq": 60.38066357107856, "df": 1.0, "F": 0.2874106437481475, "pvalue": 0.600299603186768}, "Quant": {"sum_sq": 638.0687298287177, "df": 1.0, "F": 3.7795452459964536, "pvalue": 0.0722583323032632}}, "7": {"ID": {}, "Treatment": {"sum_sq": 248.44773877033398, "df": 2.0, "F": 0.7769691762930616, "pvalue": 0.4800189011590462, "tukey_hsd": {"groups": ["A12", "B1-8", "PBS"], "pvalues": [[1.0, 0.4652666490393542, 0.949848959957093], [0.4652666490393542, 1.0, 0.6673991020505914], [0.949848959957093, 0.6673991020505914, 1.0]]}}, "Ig_treated": {"sum_sq": 12.231686613491275, "df": 1.0, "F": 0.0739812251482015, "pvalue": 0.7895960635137576}, "A12_treated": {"sum_sq": 127.25087704461495, "df": 1.0, "F": 0.8098994428501101, "pvalue": 0.383369070504965}, "Batch": {"sum_sq": 1.9046748813384085, "df": 1.0, "F": 0.011468925417998977, "pvalue": 0.9162346854782392}, "Quant": {"sum_sq": 4.752686778159142, "df": 1.0, "F": 0.02865321637342619, "pvalue": 0.8680036825702884}}, "8": {"ID": {}, "Treatment": {"sum_sq": 101.96175082304937, "df": 2.0, "F": 0.3656742839415097, "pvalue": 0.7006417997807743, "tukey_hsd": {"groups": ["A12", "B1-8", "PBS"], "pvalues": [[1.0, 0.8889109412816479, 0.9044407163076517], [0.8889109412816479, 1.0, 0.6768246836362182], [0.9044407163076517, 0.6768246836362182, 1.0]]}}, "Ig_treated": {"sum_sq": 71.89705227906578, "df": 1.0, "F": 0.5463083175660318, "pvalue": 0.47204152200910576}, "A12_treated": {"sum_sq": 0.061455987747561246, "df": 1.0, "F": 0.0004494486913957836, "pvalue": 0.98338514469692}, "Batch": {"sum_sq": 1.4987081193824174, "df": 1.0, "F": 0.010968801201043363, "pvalue": 0.9180741139354219}, "Quant": {"sum_sq": 315.8380970228865, "df": 1.0, "F": 2.7661200531102663, "pvalue": 0.11849489374893417}}, "9": {"ID": {}, "Treatment": {"sum_sq": 500.9293457842455, "df": 2.0, "F": 2.8046297370623376, "pvalue": 0.09713879142324387, "tukey_hsd": {"groups": ["A12", "B1-8", "PBS"], "pvalues": [[1.0, 0.9998924173069925, 0.12775417309598835], [0.9998924173069925, 1.0, 0.14491364113078242], [0.12775417309598835, 0.14491364113078242, 1.0]]}}, "Ig_treated": {"sum_sq": 500.9119184980118, "df": 1.0, "F": 6.040440141040213, "pvalue": 0.027629680188015253}, "A12_treated": {"sum_sq": 133.99330297813347, "df": 1.0, "F": 1.2277772204785178, "pvalue": 0.28651356231696995}, "Batch": {"sum_sq": 1.4982928068078019, "df": 1.0, "F": 0.01263328853765146, "pvalue": 0.9121036239980035}, "Quant": {"sum_sq": 72.83157725959883, "df": 1.0, "F": 0.6416677726248626, "pvalue": 0.43649196984084027}}, "10": {"ID": {}, "Treatment": {"sum_sq": 57.460616955624495, "df": 2.0, "F": 0.27563267526226537, "pvalue": 0.7634186563325062, "tukey_hsd": {"groups": ["A12", "B1-8", "PBS"], "pvalues": [[1.0, 0.8250053793632112, 0.7868894198830514], [0.8250053793632112, 1.0, 0.9974946202288257], [0.7868894198830514, 0.9974946202288257, 1.0]]}}, "Ig_treated": {"sum_sq": 20.51775874070513, "df": 1.0, "F": 0.2063589283252338, "pvalue": 0.6565995079675373}, "A12_treated": {"sum_sq": 56.98625961183827, "df": 1.0, "F": 0.5885633850572259, "pvalue": 0.45571915961777765}, "Batch": {"sum_sq": 7.485951223492888, "df": 1.0, "F": 0.07459219292446014, "pvalue": 0.7887517817862806}, "Quant": {"sum_sq": 3.7731013873020873, "df": 1.0, "F": 0.03749718966944645, "pvalue": 0.8492376813488961}}}