{"1": {"ID": {}, "Treatment": {"sum_sq": 425.3902139183998, "df": 2.0, "F": 0.24506295039616954, "pvalue": 0.7861904630693097, "tukey_hsd": {"groups": ["A12", "B1-8", "PBS"], "pvalues": [[1.0, 0.7809345118756765, 0.9881871429728719], [0.7809345118756765, 1.0, 0.8692411383628385], [0.9881871429728719, 0.8692411383628385, 1.0]]}}, "Ig_treated": {"sum_sq": 28.21695967614794, "df": 1.0, "F": 0.03382130146902268, "pvalue": 0.8567245434577102}, "A12_treated": {"sum_sq": 202.25394642077734, "df": 1.0, "F": 0.2460916592836532, "pvalue": 0.6275377142555494}, "Batch": {"sum_sq": 71.42848536735332, "df": 1.0, "F": 0.08593324717465071, "pvalue": 0.7737125684047677}, "Quant": {"sum_sq": 4.975917582983628, "df": 1.0, "F": 0.005952370825949046, "pvalue": 0.9395947090212852}}, "2": {"ID": {}, "Treatment": {"sum_sq": 2393.4095106238055, "df": 2.0, "F": 2.537119414197074, "pvalue": 0.11741989341951449, "tukey_hsd": {"groups": ["A12", "B1-8", "PBS"], "pvalues": [[1.0, 0.10618387433335696, 0.806359041322686], [0.10618387433335696, 1.0, 0.31613667392186307], [0.806359041322686, 0.31613667392186307, 1.0]]}}, "Ig_treated": {"sum_sq": 83.83388195869156, "df": 1.0, "F": 0.13903793585804808, "pvalue": 0.7148240362840084}, "A12_treated": {"sum_sq": 1310.6158512439, "df": 1.0, "F": 2.54325741135374, "pvalue": 0.1330858243555513}, "Batch": {"sum_sq": 233.4662796561104, "df": 1.0, "F": 0.39418968850675595, "pvalue": 0.54021202548582}, "Quant": {"sum_sq": 276.8440778122862, "df": 1.0, "F": 0.46988791973077004, "pvalue": 0.5042318832924126}}, "3": {"ID": {}, "Treatment": {"sum_sq": 2732.7010173623885, "df": 2.0, "F": 4.5655064120900155, "pvalue": 0.03148642883121103, "tukey_hsd": {"groups": ["A12", "B1-8", "PBS"], "pvalues": [[1.0, 0.6905862087725468, 0.027566386733697157], [0.6905862087725468, 1.0, 0.14117593662728412], [0.027566386733697157, 0.14117593662728412, 1.0]]}}, "Ig_treated": {"sum_sq": 2525.578229067128, "df": 1.0, "F": 8.628719416107769, "pvalue": 0.010810696120915435}, "A12_treated": {"sum_sq": 1483.6533900288164, "df": 1.0, "F": 4.041356781262177, "pvalue": 0.06407107811569343}, "Batch": {"sum_sq": 2.5035975814961384, "df": 1.0, "F": 0.005293980010705888, "pvalue": 0.9430265988748269}, "Quant": {"sum_sq": 2723.9955397348162, "df": 1.0, "F": 9.780188656075575, "pvalue": 0.007418469428718663}}, "4": {"ID": {}, "Treatment": {"sum_sq": 32.23293355850257, "df": 2.0, "F": 0.051887724872753775, "pvalue": 0.94963106949845, "tukey_hsd": {"groups": ["A12", "B1-8", "PBS"], "pvalues": [[1.0, 0.9458697234451899, 0.9806958758362097], [0.9458697234451899, 1.0, 0.9914690521859439], [0.9806958758362097, 0.9914690521859439, 1.0]]}}, "Ig_treated": {"sum_sq": 0.7387932631370465, "df": 1.0, "F": 0.002541722602279044, "pvalue": 0.9605035227000266}, "A12_treated": {"sum_sq": 27.402862475123182, "df": 1.0, "F": 0.0948978147290492, "pvalue": 0.7625762017395792}, "Batch": {"sum_sq": 1.3627689098044182, "df": 1.0, "F": 0.004689149072073455, "pvalue": 0.9463740646664026}, "Quant": {"sum_sq": 28.959171274951615, "df": 1.0, "F": 0.10032603137727299, "pvalue": 0.7561125076522819}}, "5": {"ID": {}, "Treatment": {"sum_sq": 976.0749579591206, "df": 2.0, "F": 3.108066599185418, "pvalue": 0.07885019782563872, "tukey_hsd": {"groups": ["A12", "B1-8", "PBS"], "pvalues": [[1.0, 0.07087975018652826, 0.7798368373027877], [0.07087975018652826, 1.0, 0.2451966578358309], [0.7798368373027877, 0.2451966578358309, 1.0]]}}, "Ig_treated": {"sum_sq": 37.12194145979354, "df": 1.0, "F": 0.17438374841888055, "pvalue": 0.6825784731302752}, "A12_treated": {"sum_sq": 526.7036996619158, "df": 1.0, "F": 2.960591631691943, "pvalue": 0.10733185463235606}, "Batch": {"sum_sq": 7.254027910348779, "df": 1.0, "F": 0.03373834212213936, "pvalue": 0.8568982628981305}, "Quant": {"sum_sq": 0.13450088781014405, "df": 1.0, "F": 0.0006240849172692366, "pvalue": 0.9804221586653584}}, "6": {"ID": {}, "Treatment": {"sum_sq": 743.1728030446021, "df": 2.0, "F": 2.1389603057414988, "pvalue": 0.1573755307690416, "tukey_hsd": {"groups": ["A12", "B1-8", "PBS"], "pvalues": [[1.0, 0.7449934502663595, 0.13801519151736752], [0.7449934502663595, 1.0, 0.4404898095092946], [0.13801519151736752, 0.4404898095092946, 1.0]]}}, "Ig_treated": {"sum_sq": 648.1615264243044, "df": 1.0, "F": 3.8557943505596133, "pvalue": 0.06975156777795422}, "A12_treated": {"sum_sq": 466.911077219146, "df": 1.0, "F": 2.57894800047565, "pvalue": 0.13060666445159427}, "Batch": {"sum_sq": 60.38066357106361, "df": 1.0, "F": 0.28741064374807546, "pvalue": 0.6002996031868139}, "Quant": {"sum_sq": 638.0687298287095, "df": 1.0, "F": 3.779545245996401, "pvalue": 0.07225833230326488}}, "7": {"ID": {}, "Treatment": {"sum_sq": 248.44773877033546, "df": 2.0, "F": 0.7769691762930692, "pvalue": 0.4800189011590431, "tukey_hsd": {"groups": ["A12", "B1-8", "PBS"], "pvalues": [[1.0, 0.4652666490393511, 0.9498489599570926], [0.4652666490393511, 1.0, 0.6673991020505887], [0.9498489599570926, 0.6673991020505887, 1.0]]}}, "Ig_treated": {"sum_sq": 12.231686613491407, "df": 1.0, "F": 0.07398122514820249, "pvalue": 0.7895960635137576}, "A12_treated": {"sum_sq": 127.25087704461556, "df": 1.0, "F": 0.8098994428501163, "pvalue": 0.3833690705049629}, "Batch": {"sum_sq": 1.904674881338408, "df": 1.0, "F": 0.011468925417999003, "pvalue": 0.9162346854782392}, "Quant": {"sum_sq": 4.752686778158753, "df": 1.0, "F": 0.028653216373423912, "pvalue": 0.8680036825702955}}, "8": {"ID": {}, "Treatment": {"sum_sq": 101.96175082305209, "df": 2.0, "F": 0.36567428394151935, "pvalue": 0.7006417997807679, "tukey_hsd": {"groups": ["A12", "B1-8", "PBS"], "pvalues": [[1.0, 0.8889109412816499, 0.9044407163076447], [0.8889109412816499, 1.0, 0.6768246836362111], [0.9044407163076447, 0.6768246836362111, 1.0]]}}, "Ig_treated": {"sum_sq": 71.89705227906911, "df": 1.0, "F": 0.5463083175660572, "pvalue": 0.47204152200909577}, "A12_treated": {"sum_sq": 0.06145598774748876, "df": 1.0, "F": 0.0004494486913952527, "pvalue": 0.9833851446969774}, "Batch": {"sum_sq": 1.4987081193823386, "df": 1.0, "F": 0.010968801201042768, "pvalue": 0.9180741139354219}, "Quant": {"sum_sq": 315.838097022891, "df": 1.0, "F": 2.766120053110308, "pvalue": 0.11849489374893185}}, "9": {"ID": {}, "Treatment": {"sum_sq": 500.9293457842417, "df": 2.0, "F": 2.8046297370623208, "pvalue": 0.09713879142324508, "tukey_hsd": {"groups": ["A12", "B1-8", "PBS"], "pvalues": [[1.0, 0.9998924173069925, 0.1277541730959897], [0.9998924173069925, 1.0, 0.1449136411307843], [0.1277541730959897, 0.1449136411307843, 1.0]]}}, "Ig_treated": {"sum_sq": 500.9119184980076, "df": 1.0, "F": 6.040440141040173, "pvalue": 0.027629680188015735}, "A12_treated": {"sum_sq": 133.99330297813268, "df": 1.0, "F": 1.2277772204785145, "pvalue": 0.28651356231697067}, "Batch": {"sum_sq": 1.4982928068078885, "df": 1.0, "F": 0.012633288537652238, "pvalue": 0.9121036239980035}, "Quant": {"sum_sq": 72.83157725959606, "df": 1.0, "F": 0.6416677726248395, "pvalue": 0.4364919698408479}}, "10": {"ID": {}, "Treatment": {"sum_sq": 57.46061695562498, "df": 2.0, "F": 0.27563267526226887, "pvalue": 0.7634186563325034, "tukey_hsd": {"groups": ["A12", "B1-8", "PBS"], "pvalues": [[1.0, 0.8250053793632088, 0.7868894198830493], [0.8250053793632088, 1.0, 0.9974946202288257], [0.7868894198830493, 0.9974946202288257, 1.0]]}}, "Ig_treated": {"sum_sq": 20.517758740705226, "df": 1.0, "F": 0.20635892832523559, "pvalue": 0.6565995079675361}, "A12_treated": {"sum_sq": 56.986259611838804, "df": 1.0, "F": 0.588563385057234, "pvalue": 0.4557191596177739}, "Batch": {"sum_sq": 7.485951223492493, "df": 1.0, "F": 0.07459219292445647, "pvalue": 0.7887517817862848}, "Quant": {"sum_sq": 3.773101387302007, "df": 1.0, "F": 0.0374971896694458, "pvalue": 0.8492376813488961}}}