{"1": {"Mouse_ID": {}, "Treatment": {"sum_sq": 159.23122299271245, "df": 2.0, "F": 0.1784268782524871, "pvalue": 0.8383349635181273, "tukey_hsd": {"groups": ["A12", "B1-8", "PBS"], "pvalues": [[1.0, 0.951436573878009, 0.8236210167491678], [0.951436573878009, 1.0, 0.9528939404016115], [0.8236210167491678, 0.9528939404016115, 1.0]]}}, "Ig_treated": {"sum_sq": 118.79808878916263, "df": 1.0, "F": 0.28228288222949005, "pvalue": 0.6025074142509038}, "A12_treated": {"sum_sq": 120.04548830404252, "df": 1.0, "F": 0.2852997511025745, "pvalue": 0.6005919006264848}, "Batch": {"sum_sq": 326.14103127266924, "df": 1.0, "F": 0.7281038172339126, "pvalue": 0.40786103611130575}, "Quant": {"sum_sq": 13.299877625779978, "df": 1.0, "F": 0.031115097825836293, "pvalue": 0.8621972450785077}}, "2": {"Mouse_ID": {}, "Treatment": {"sum_sq": 1556.1307981954162, "df": 2.0, "F": 4.391863569021603, "pvalue": 0.031519918797947376, "tukey_hsd": {"groups": ["A12", "B1-8", "PBS"], "pvalues": [[1.0, 0.025144593636861612, 0.24421628510945415], [0.025144593636861612, 1.0, 0.4313463959094346], [0.24421628510945415, 0.4313463959094346, 1.0]]}}, "Ig_treated": {"sum_sq": 9.888235934683639, "df": 1.0, "F": 0.037636741554640606, "pvalue": 0.8486160459534462}, "A12_treated": {"sum_sq": 1269.2390330951052, "df": 1.0, "F": 6.897331864610071, "pvalue": 0.018334469826484175}, "Batch": {"sum_sq": 0.03722514689288802, "df": 1.0, "F": 0.00014084289142417237, "pvalue": 0.9906986089954881}, "Quant": {"sum_sq": 0.06678790194287733, "df": 1.0, "F": 0.0002536164923872713, "pvalue": 0.9874908485896101}}, "3": {"Mouse_ID": {}, "Treatment": {"sum_sq": 223.1537865407417, "df": 2.0, "F": 0.7304092612488197, "pvalue": 0.49807958441998795, "tukey_hsd": {"groups": ["A12", "B1-8", "PBS"], "pvalues": [[1.0, 0.49834907799253336, 0.963540167810166], [0.49834907799253336, 1.0, 0.6532152058678257], [0.963540167810166, 0.6532152058678257, 1.0]]}}, "Ig_treated": {"sum_sq": 20.3637628331312, "df": 1.0, "F": 0.13063212653025955, "pvalue": 0.7225060042584766}, "A12_treated": {"sum_sq": 101.53118125993086, "df": 1.0, "F": 0.6732240216484197, "pvalue": 0.42398602719908096}, "Batch": {"sum_sq": 381.21861286137425, "df": 1.0, "F": 2.542280664554683, "pvalue": 0.13315448195746715}, "Quant": {"sum_sq": 268.6706207153573, "df": 1.0, "F": 1.9140562258527887, "pvalue": 0.185513505752962}}, "4": {"Mouse_ID": {}, "Treatment": {"sum_sq": 367.9141775799836, "df": 2.0, "F": 1.319146868817593, "pvalue": 0.2966607988431877, "tukey_hsd": {"groups": ["A12", "B1-8", "PBS"], "pvalues": [[1.0, 0.37435197582917046, 0.9987871330822408], [0.37435197582917046, 1.0, 0.351470074269815], [0.9987871330822408, 0.351470074269815, 1.0]]}}, "Ig_treated": {"sum_sq": 101.33200113197219, "df": 1.0, "F": 0.687475643537646, "pvalue": 0.41922267630998933}, "A12_treated": {"sum_sq": 82.93207940764724, "df": 1.0, "F": 0.5582876619554504, "pvalue": 0.46579063336230975}, "Batch": {"sum_sq": 562.395874803045, "df": 1.0, "F": 4.217840506908396, "pvalue": 0.05917158084306581}, "Quant": {"sum_sq": 9.512167982812223, "df": 1.0, "F": 0.06211583345562487, "pvalue": 0.8063537350506531}}, "5": {"Mouse_ID": {}, "Treatment": {"sum_sq": 544.9620490038133, "df": 2.0, "F": 5.538431641238971, "pvalue": 0.015804083569320785, "tukey_hsd": {"groups": ["A12", "B1-8", "PBS"], "pvalues": [[1.0, 0.9996031597558903, 0.029709447087507446], [0.9996031597558903, 1.0, 0.028197759403464695], [0.029709447087507446, 0.028197759403464695, 1.0]]}}, "Ig_treated": {"sum_sq": 544.9266286540725, "df": 1.0, "F": 11.813985852822391, "pvalue": 0.003384157909616959}, "A12_treated": {"sum_sq": 132.45347291664712, "df": 1.0, "F": 1.8420588628291847, "pvalue": 0.1935479379467182}, "Batch": {"sum_sq": 0.07660370620050515, "df": 1.0, "F": 0.0009413708922246415, "pvalue": 0.9759564416948554}, "Quant": {"sum_sq": 388.48764642584865, "df": 1.0, "F": 6.949317949041973, "pvalue": 0.01796927095197365}}, "6": {"Mouse_ID": {}, "Treatment": {"sum_sq": 256.8289869236944, "df": 2.0, "F": 2.171541042436713, "pvalue": 0.14850527552911907, "tukey_hsd": {"groups": ["A12", "B1-8", "PBS"], "pvalues": [[1.0, 0.363947634197586, 0.8050017262330509], [0.363947634197586, 1.0, 0.13779970888627047], [0.8050017262330509, 0.13779970888627047, 1.0]]}}, "Ig_treated": {"sum_sq": 140.3049216154288, "df": 1.0, "F": 2.236933327650199, "pvalue": 0.15421081503230485}, "A12_treated": {"sum_sq": 11.736832076056242, "df": 1.0, "F": 0.1658740335787316, "pvalue": 0.6892019656459358}, "Batch": {"sum_sq": 0.005071025842369867, "df": 1.0, "F": 0.00010970065467825368, "pvalue": 0.991791052844602}, "Quant": {"sum_sq": 154.36792369478485, "df": 1.0, "F": 2.496123729389498, "pvalue": 0.13369101069885078}}, "7": {"Mouse_ID": {}, "Treatment": {"sum_sq": 275.67540883340604, "df": 2.0, "F": 2.6462073946656828, "pvalue": 0.10367677049310786, "tukey_hsd": {"groups": ["A12", "B1-8", "PBS"], "pvalues": [[1.0, 0.37392241249505975, 0.0892820222678613], [0.37392241249505975, 1.0, 0.6485197391863402], [0.0892820222678613, 0.6485197391863402, 1.0]]}}, "Ig_treated": {"sum_sq": 175.97547710551197, "df": 1.0, "F": 3.1958078696193875, "pvalue": 0.0927813129742362}, "A12_treated": {"sum_sq": 233.479572973059, "df": 1.0, "F": 4.536185218195432, "pvalue": 0.04905729241255447}, "Batch": {"sum_sq": 5.72684286716685, "df": 1.0, "F": 0.08370586208972484, "pvalue": 0.7765770381473156}, "Quant": {"sum_sq": 284.6305716956855, "df": 1.0, "F": 5.8962038276682875, "pvalue": 0.027337949589023077}}, "8": {"Mouse_ID": {}, "Treatment": {"sum_sq": 11.83216802653038, "df": 2.0, "F": 0.10086005929985627, "pvalue": 0.90466741927801, "tukey_hsd": {"groups": ["A12", "B1-8", "PBS"], "pvalues": [[1.0, 0.8979688517260516, 0.9859314878895541], [0.8979688517260516, 1.0, 0.9569017989994172], [0.9859314878895541, 0.9569017989994172, 1.0]]}}, "Ig_treated": {"sum_sq": 0.294509112966503, "df": 1.0, "F": 0.005286330841679635, "pvalue": 0.9429403087071834}, "A12_treated": {"sum_sq": 7.130482015548551, "df": 1.0, "F": 0.12897867484897216, "pvalue": 0.7241888659456943}, "Batch": {"sum_sq": 39.34881133865195, "df": 1.0, "F": 0.814913598951334, "pvalue": 0.3819410266558962}, "Quant": {"sum_sq": 82.17002560797484, "df": 1.0, "F": 1.6240990047045063, "pvalue": 0.22072010459338048}}, "9": {"Mouse_ID": {}, "Treatment": {"sum_sq": 71.58863553936933, "df": 2.0, "F": 0.7233820349540812, "pvalue": 0.5012806888368024, "tukey_hsd": {"groups": ["A12", "B1-8", "PBS"], "pvalues": [[1.0, 0.7528424902683313, 0.4747521325837616], [0.7528424902683313, 1.0, 0.8867870772812602], [0.4747521325837616, 0.8867870772812602, 1.0]]}}, "Ig_treated": {"sum_sq": 45.588962008073196, "df": 1.0, "F": 0.9494879415443055, "pvalue": 0.34435247384834794}, "A12_treated": {"sum_sq": 60.71265590865713, "df": 1.0, "F": 1.289864174242411, "pvalue": 0.2727995661016018}, "Batch": {"sum_sq": 2.9863594688236597, "df": 1.0, "F": 0.058040872536230595, "pvalue": 0.8131120716807172}, "Quant": {"sum_sq": 28.962294477152042, "df": 1.0, "F": 0.5904234570229615, "pvalue": 0.4534482155248526}}, "10": {"Mouse_ID": {}, "Treatment": {"sum_sq": 52.742292286366585, "df": 2.0, "F": 0.590119234233749, "pvalue": 0.5666273815520181, "tukey_hsd": {"groups": ["A12", "B1-8", "PBS"], "pvalues": [[1.0, 0.5853428995328167, 0.6724264870405035], [0.5853428995328167, 1.0, 0.9886301542244402], [0.6724264870405035, 0.9886301542244402, 1.0]]}}, "Ig_treated": {"sum_sq": 7.645385023314407, "df": 1.0, "F": 0.17098646020256267, "pvalue": 0.6847258340139346}, "A12_treated": {"sum_sq": 51.81468012703228, "df": 1.0, "F": 1.235070449918519, "pvalue": 0.28284471341727224}, "Batch": {"sum_sq": 10.677965773968468, "df": 1.0, "F": 0.3771263385400542, "pvalue": 0.5489951103532014}, "Quant": {"sum_sq": 3.296929453593099, "df": 1.0, "F": 0.07328924725169855, "pvalue": 0.790067762438397}}}