{"1":{"Explained_Variance":0.2646282996},"2":{"Explained_Variance":0.1627208692},"3":{"Explained_Variance":0.0971081097},"4":{"Explained_Variance":0.0949895932},"5":{"Explained_Variance":0.049545121},"6":{"Explained_Variance":0.0441741046},"7":{"Explained_Variance":0.0408200905},"8":{"Explained_Variance":0.0344353044},"9":{"Explained_Variance":0.0314284464},"10":{"Explained_Variance":0.0279235245}}