{"LD2169":{"1":-16.7522675893,"2":7.5679647625,"3":-20.0976267389,"4":4.1366308316,"5":-5.8971176606,"6":13.2689821169,"7":-10.5990275411,"8":-3.0689766985,"9":1.3313494222,"10":3.215734815},"LD2170":{"1":22.2278992132,"2":18.4472805567,"3":-13.9976153936,"4":-14.6135102387,"5":14.3708377101,"6":-11.3040015468,"7":0.929916829,"8":-11.3039544901,"9":-0.6192069442,"10":-0.6827805779},"LD2171":{"1":-28.8743916791,"2":7.9730004886,"3":6.4722866606,"4":3.45733639,"5":-1.4047041417,"6":-7.0718578903,"7":-6.473009209,"8":3.998393781,"9":14.3701423996,"10":-9.6181004638},"LD2243":{"1":20.5325639897,"2":17.5116681841,"3":-4.7582434489,"4":-0.1267127687,"5":-0.6239424485,"6":-3.292636727,"7":4.1684889866,"8":4.4297805758,"9":7.2445401009,"10":-1.1225652972},"LD2244":{"1":-11.5302724116,"2":13.6794545781,"3":4.6556784229,"4":26.7266912522,"5":17.1890823118,"6":2.144115418,"7":-2.5106984873,"8":-3.7478995114,"9":-11.8582165848,"10":-5.7457977532},"LD2245":{"1":36.3095228788,"2":6.073393709,"3":7.572984056,"4":-1.3670250874,"5":-0.6164692742,"6":-0.596413416,"7":-16.0757473434,"8":4.3520638609,"9":5.1150568886,"10":-0.4429736443},"LD2162":{"1":-21.7865048822,"2":-2.9237504246,"3":-4.4963044461,"4":-20.2087011899,"5":6.736262088,"6":-1.8310886003,"7":-3.7508641543,"8":5.3408577575,"9":1.4503009603,"10":4.023696067},"LD2163":{"1":31.55599775,"2":-14.6376496637,"3":-0.902122322,"4":-5.7881162223,"5":-4.9996876533,"6":5.3050451866,"7":-9.425087303,"8":4.8003232944,"9":-11.3142424457,"10":1.2607513876},"LD2164":{"1":0.3856686206,"2":-12.9512332049,"3":6.9557555944,"4":-8.3247639947,"5":-0.6899630454,"6":2.6309729293,"7":6.3597415123,"8":-12.3167914124,"9":-0.8328836244,"10":-4.6319032375},"LD2213":{"1":11.1246986668,"2":-12.2945986262,"3":2.8499318148,"4":-3.7087874292,"5":3.7623239411,"6":21.4799907169,"7":9.2031193647,"8":-4.8641416518,"9":9.082023261,"10":-6.7607315451},"LD2214":{"1":-33.1460071598,"2":-3.6865074077,"3":3.9097125481,"4":-16.1724838547,"5":10.739103438,"6":4.7359227447,"7":1.3532052004,"8":9.9569059019,"9":-5.290141579,"10":5.0066730427},"LD2215":{"1":11.7519998038,"2":-18.4699098397,"3":20.8608084756,"4":15.8566828257,"5":8.1216018656,"6":-1.7789552363,"7":0.2888123694,"8":3.5088124692,"9":4.8251978738,"10":9.9679393326},"LD2166":{"1":-1.6992059438,"2":-20.2262306062,"3":-16.2189066111,"4":0.155032694,"5":-6.8951113806,"6":-5.4474279718,"7":1.0706422674,"8":0.7889146165,"9":-5.4518106829,"10":-5.025463949},"LD2157":{"1":-0.0714100226,"2":-20.001143123,"3":7.3925639777,"4":-3.3024415941,"5":-3.0438902324,"6":-12.701031381,"7":7.8691515931,"8":-2.8298377166,"9":-0.3323628022,"10":2.6498271038},"LD2158":{"1":-8.6391922549,"2":-20.8971387866,"3":-20.8743720157,"4":19.508741261,"5":-3.976815464,"6":-6.5440376262,"7":0.8423908098,"8":0.8141134738,"9":2.8514483371,"10":0.2123114747},"LD2223":{"1":12.9008324507,"2":24.1227602744,"3":-5.0647630552,"4":5.0588707713,"5":-5.9576804252,"6":2.2564670937,"7":17.8414942034,"8":14.0516741387,"9":-3.3510145294,"10":0.306317274},"LD2224":{"1":-11.4631942628,"2":18.9561541885,"3":4.7223543014,"4":4.0992087471,"5":-11.2240441495,"6":1.5072012209,"7":1.3430203282,"8":-11.6460339526,"9":1.1897579441,"10":16.2674294771},"LD2225":{"1":-12.8267371675,"2":11.7564849407,"3":21.01787818,"4":-5.3866523932,"5":-15.589785479,"6":-2.7612470311,"7":-2.4355494262,"8":-2.2642044362,"9":-8.4099379951,"10":-8.8803635063}}