{"R2pv": 0.1, "R2H0": [0.7973465957414969, 0.8236167942569218, 0.6921688433724449, 0.7409884570343884, 0.6981503769750607, 0.7016514068807012, 0.7668296482411732, 0.756114613316008, 0.6207585729606988, 0.7120781397751949]}