{"R2pv": 0.1, "R2H0": [0.49069277714661397, 0.4975932448615822, 0.5169151367923704, 0.518088185857337, 0.47729190530181587, 0.396132963322968, 0.4562138127331845, 0.5026628767212862, 0.5363292321505482, 0.48278530829184696]}