{"1": {"Mouse_ID": {}, "Treatment": {"sum_sq": 421.2699474733089, "df": 2.0, "F": 0.24279818079254398, "pvalue": 0.7879084749225217, "tukey_hsd": {"groups": ["A12", "B1-8", "PBS"], "pvalues": [[1.0, 0.7827087227422262, 0.9883200979765194], [0.7827087227422262, 1.0, 0.8703034393701288], [0.9883200979765194, 0.8703034393701288, 1.0]]}}, "Ig_treated": {"sum_sq": 27.991169301518493, "df": 1.0, "F": 0.033576404895907436, "pvalue": 0.8572380031603041}, "A12_treated": {"sum_sq": 200.19963392649038, "df": 1.0, "F": 0.2437430255946929, "pvalue": 0.6291706877629737}, "Batch": {"sum_sq": 70.97758812814047, "df": 1.0, "F": 0.08545488684942786, "pvalue": 0.7743243057135402}, "Quant": {"sum_sq": 5.083621266356538, "df": 1.0, "F": 0.0060860394979442315, "pvalue": 0.9389216889279062}}, "2": {"Mouse_ID": {}, "Treatment": {"sum_sq": 2389.952675167933, "df": 2.0, "F": 2.5355515676771105, "pvalue": 0.11755239197903997, "tukey_hsd": {"groups": ["A12", "B1-8", "PBS"], "pvalues": [[1.0, 0.10624225114541108, 0.8054582462852862], [0.10624225114541108, 1.0, 0.3169716147276127], [0.8054582462852862, 0.3169716147276127, 1.0]]}}, "Ig_treated": {"sum_sq": 82.95905712512688, "df": 1.0, "F": 0.13771188139351279, "pvalue": 0.7161216920291642}, "A12_treated": {"sum_sq": 1310.7677866141307, "df": 1.0, "F": 2.546615736491528, "pvalue": 0.13285009281395616}, "Batch": {"sum_sq": 233.58798864225736, "df": 1.0, "F": 0.3948069876076215, "pvalue": 0.5398993306382263}, "Quant": {"sum_sq": 275.30972936591263, "df": 1.0, "F": 0.46768014831087745, "pvalue": 0.5052189568073443}}, "3": {"Mouse_ID": {}, "Treatment": {"sum_sq": 2734.852539745766, "df": 2.0, "F": 4.5724720035875555, "pvalue": 0.03135790048990505, "tukey_hsd": {"groups": ["A12", "B1-8", "PBS"], "pvalues": [[1.0, 0.6912880949208966, 0.027469696438409907], [0.6912880949208966, 1.0, 0.140492702649607], [0.027469696438409907, 0.140492702649607, 1.0]]}}, "Ig_treated": {"sum_sq": 2528.467508929538, "df": 1.0, "F": 8.646199616810556, "pvalue": 0.010747269972771563}, "A12_treated": {"sum_sq": 1483.1241954669251, "df": 1.0, "F": 4.040062783535431, "pvalue": 0.06410874191897098}, "Batch": {"sum_sq": 2.462375075732752, "df": 1.0, "F": 0.005207344367320923, "pvalue": 0.9434938316056436}, "Quant": {"sum_sq": 2726.419722297577, "df": 1.0, "F": 9.796784001770828, "pvalue": 0.0073794752425765785}}, "4": {"Mouse_ID": {}, "Treatment": {"sum_sq": 32.67836844430579, "df": 2.0, "F": 0.05263913532298187, "pvalue": 0.9489234622089864, "tukey_hsd": {"groups": ["A12", "B1-8", "PBS"], "pvalues": [[1.0, 0.9449280353412195, 0.9810465459825144], [0.9449280353412195, 1.0, 0.9908609159976781], [0.9810465459825144, 0.9908609159976781, 1.0]]}}, "Ig_treated": {"sum_sq": 0.638849798366121, "df": 1.0, "F": 0.002199009665613641, "pvalue": 0.963260400072086}, "A12_treated": {"sum_sq": 27.50551667561933, "df": 1.0, "F": 0.0953073706790293, "pvalue": 0.7620815185515787}, "Batch": {"sum_sq": 1.416375678606302, "df": 1.0, "F": 0.004876293841853894, "pvalue": 0.9453162494288408}, "Quant": {"sum_sq": 28.494899845009027, "df": 1.0, "F": 0.09875979426594561, "pvalue": 0.7579572674528079}}, "5": {"Mouse_ID": {}, "Treatment": {"sum_sq": 905.2413831985249, "df": 2.0, "F": 2.791387375520754, "pvalue": 0.09804221910652769, "tukey_hsd": {"groups": ["A12", "B1-8", "PBS"], "pvalues": [[1.0, 0.1092668782397519, 0.9733796701815279], [0.1092668782397519, 1.0, 0.18062280222661498], [0.9733796701815279, 0.18062280222661498, 1.0]]}}, "Ig_treated": {"sum_sq": 123.29694556384182, "df": 1.0, "F": 0.597310726886809, "pvalue": 0.4524575822803092}, "A12_treated": {"sum_sq": 325.74205018327683, "df": 1.0, "F": 1.696928960928329, "pvalue": 0.2137114345314407}, "Batch": {"sum_sq": 18.095620641549175, "df": 1.0, "F": 0.08458486832222419, "pvalue": 0.7754417102309742}, "Quant": {"sum_sq": 29.97682972439737, "df": 1.0, "F": 0.14067960058525367, "pvalue": 0.7132273290966975}}, "6": {"Mouse_ID": {}, "Treatment": {"sum_sq": 809.8500589468106, "df": 2.0, "F": 2.405362759213262, "pvalue": 0.12918179652699552, "tukey_hsd": {"groups": ["A12", "B1-8", "PBS"], "pvalues": [[1.0, 0.46443310989562814, 0.11255705585396203], [0.46443310989562814, 1.0, 0.6373984039226366], [0.11255705585396203, 0.6373984039226366, 1.0]]}}, "Ig_treated": {"sum_sq": 560.5153084921893, "df": 1.0, "F": 3.2189888524335393, "pvalue": 0.09440628017555924}, "A12_treated": {"sum_sq": 667.1897868702915, "df": 1.0, "F": 4.0069496988038535, "pvalue": 0.0650815589967339}, "Batch": {"sum_sq": 49.59242237792825, "df": 1.0, "F": 0.23545671294938034, "pvalue": 0.6350122044156455}, "Quant": {"sum_sq": 607.6020960608006, "df": 1.0, "F": 3.558130633722804, "pvalue": 0.08017125629604077}}, "7": {"Mouse_ID": {}, "Treatment": {"sum_sq": 247.7215228191594, "df": 2.0, "F": 0.7747331098581908, "pvalue": 0.4809787579615382, "tukey_hsd": {"groups": ["A12", "B1-8", "PBS"], "pvalues": [[1.0, 0.4657807232275728, 0.9488416156638023], [0.4657807232275728, 1.0, 0.6697464502637067], [0.9488416156638023, 0.6697464502637067, 1.0]]}}, "Ig_treated": {"sum_sq": 11.87846910295843, "df": 1.0, "F": 0.07185934741028321, "pvalue": 0.7925578122376857}, "A12_treated": {"sum_sq": 127.61690408170215, "df": 1.0, "F": 0.8126672980502636, "pvalue": 0.38257978557367045}, "Batch": {"sum_sq": 1.903669380907592, "df": 1.0, "F": 0.011466910982127149, "pvalue": 0.9162420121292933}, "Quant": {"sum_sq": 4.798550613053226, "df": 1.0, "F": 0.028940515627018826, "pvalue": 0.8673503539362181}}, "8": {"Mouse_ID": {}, "Treatment": {"sum_sq": 95.91601163548756, "df": 2.0, "F": 0.3435151710625571, "pvalue": 0.7155200285135008, "tukey_hsd": {"groups": ["A12", "B1-8", "PBS"], "pvalues": [[1.0, 0.8879951583579333, 0.9168170358617216], [0.8879951583579333, 1.0, 0.6929727918869066], [0.9168170358617216, 0.6929727918869066, 1.0]]}}, "Ig_treated": {"sum_sq": 65.54350909859747, "df": 1.0, "F": 0.4972690908379392, "pvalue": 0.49226907205190507}, "A12_treated": {"sum_sq": 0.22274664548776, "df": 1.0, "F": 0.0016321700814018135, "pvalue": 0.9683446219698005}, "Batch": {"sum_sq": 1.4316065850352029, "df": 1.0, "F": 0.010496700253500895, "pvalue": 0.9198498200009512}, "Quant": {"sum_sq": 310.6910964892719, "df": 1.0, "F": 2.718293368840656, "pvalue": 0.12145404295955979}}, "9": {"Mouse_ID": {}, "Treatment": {"sum_sq": 503.8367932849294, "df": 2.0, "F": 2.8425714425088984, "pvalue": 0.09460302835857466, "tukey_hsd": {"groups": ["A12", "B1-8", "PBS"], "pvalues": [[1.0, 0.9995651243576359, 0.12612345740322728], [0.9995651243576359, 1.0, 0.14002144713320508], [0.12612345740322728, 0.14002144713320508, 1.0]]}}, "Ig_treated": {"sum_sq": 503.7668714785661, "df": 1.0, "F": 6.121240400124492, "pvalue": 0.026771226634417458}, "A12_treated": {"sum_sq": 132.15536809423602, "df": 1.0, "F": 1.2141963025492113, "pvalue": 0.2890861972322402}, "Batch": {"sum_sq": 1.574140976873416, "df": 1.0, "F": 0.013321090518056033, "pvalue": 0.9097536930274007}, "Quant": {"sum_sq": 77.26631490149116, "df": 1.0, "F": 0.6852128970367979, "pvalue": 0.42168431506652326}}, "10": {"Mouse_ID": {}, "Treatment": {"sum_sq": 58.142449301744406, "df": 2.0, "F": 0.2790823159618605, "pvalue": 0.7608970843112733, "tukey_hsd": {"groups": ["A12", "B1-8", "PBS"], "pvalues": [[1.0, 0.8241775921144845, 0.7837026106265421], [0.8241775921144845, 1.0, 0.9971914181321727], [0.7837026106265421, 0.9971914181321727, 1.0]]}}, "Ig_treated": {"sum_sq": 21.02757600190571, "df": 1.0, "F": 0.21159238905275116, "pvalue": 0.6525848191213126}, "A12_treated": {"sum_sq": 57.61093213474898, "df": 1.0, "F": 0.5953716462868971, "pvalue": 0.45317726365483835}, "Batch": {"sum_sq": 7.553942927131166, "df": 1.0, "F": 0.07528334954008364, "pvalue": 0.7878011763227617}, "Quant": {"sum_sq": 3.599133476419851, "df": 1.0, "F": 0.035768624667205644, "pvalue": 0.8527084895634572}}}