{"R2pv": 0.1, "R2H0": [0.7990878016553536, 0.7261185089223622, 0.8077397190672118, 0.7539416225446168, 0.6676943026783271, 0.7099546915041153, 0.7980787831435261, 0.6905731355509821, 0.7493109345407627, 0.7783843526783107]}