{"1": {"Mouse_ID": {}, "Treatment": {"sum_sq": 122.59489212471287, "df": 2.0, "F": 0.07944744827228589, "pvalue": 0.924012570158743, "tukey_hsd": {"groups": ["A12", "B1-8", "PBS"], "pvalues": [[1.0, 0.9983665918693408, 0.9470463697322555], [0.9983665918693408, 1.0, 0.9279715799920354], [0.9470463697322555, 0.9279715799920354, 1.0]]}}, "Ig_treated": {"sum_sq": 120.306914712215, "df": 1.0, "F": 0.16629187720109548, "pvalue": 0.6888331078377162}, "A12_treated": {"sum_sq": 17.424530656592122, "df": 1.0, "F": 0.02387253845069842, "pvalue": 0.8791418676522841}, "Batch": {"sum_sq": 854.5478972678904, "df": 1.0, "F": 1.1472603788340514, "pvalue": 0.30224181724628935}, "Quant": {"sum_sq": 5.903176656967813, "df": 1.0, "F": 0.008079696521715045, "pvalue": 0.9294925185571803}}, "2": {"Mouse_ID": {}, "Treatment": {"sum_sq": 3280.2933431623555, "df": 2.0, "F": 4.616392312378186, "pvalue": 0.027394256935615875, "tukey_hsd": {"groups": ["A12", "B1-8", "PBS"], "pvalues": [[1.0, 0.022195515899410934, 0.1983387112323436], [0.022195515899410934, 1.0, 0.4696904530501592], [0.1983387112323436, 0.4696904530501592, 1.0]]}}, "Ig_treated": {"sum_sq": 44.42570015094083, "df": 1.0, "F": 0.08298846491020803, "pvalue": 0.7769859165043438}, "A12_treated": {"sum_sq": 2766.3617891007175, "df": 1.0, "F": 7.574864850997509, "pvalue": 0.014168456845635072}, "Batch": {"sum_sq": 8.173367621488056, "df": 1.0, "F": 0.015132262839441612, "pvalue": 0.9038451052891947}, "Quant": {"sum_sq": 1.4985539766680274, "df": 1.0, "F": 0.0027853813992589353, "pvalue": 0.9585631452365235}}, "3": {"Mouse_ID": {}, "Treatment": {"sum_sq": 975.6924711168425, "df": 2.0, "F": 1.4030278846373934, "pvalue": 0.276329005105833, "tukey_hsd": {"groups": ["A12", "B1-8", "PBS"], "pvalues": [[1.0, 0.32702885007943583, 0.9977176038725243], [0.32702885007943583, 1.0, 0.35728763483371007], [0.9977176038725243, 0.35728763483371007, 1.0]]}}, "Ig_treated": {"sum_sq": 212.19130717244812, "df": 1.0, "F": 0.5678171373503857, "pvalue": 0.4620730927182013}, "A12_treated": {"sum_sq": 277.0962585653994, "df": 1.0, "F": 0.7496381969808199, "pvalue": 0.3993878516716909}, "Batch": {"sum_sq": 1216.086973420624, "df": 1.0, "F": 3.468812866477807, "pvalue": 0.08365427478738759}, "Quant": {"sum_sq": 21.267721596853843, "df": 1.0, "F": 0.05515069223076332, "pvalue": 0.8173105267784967}}, "4": {"Mouse_ID": {}, "Treatment": {"sum_sq": 359.20495249235887, "df": 2.0, "F": 0.6219614665509854, "pvalue": 0.5501771383653851, "tukey_hsd": {"groups": ["A12", "B1-8", "PBS"], "pvalues": [[1.0, 0.5850452127393331, 0.9961362701224798], [0.5850452127393331, 1.0, 0.6356734021180581], [0.9961362701224798, 0.6356734021180581, 1.0]]}}, "Ig_treated": {"sum_sq": 67.50627580614578, "df": 1.0, "F": 0.23362531815294083, "pvalue": 0.6353965262012932}, "A12_treated": {"sum_sq": 114.12437151228342, "df": 1.0, "F": 0.3989840935901465, "pvalue": 0.5365354952578354}, "Batch": {"sum_sq": 584.2742593711748, "df": 1.0, "F": 2.0180450860886654, "pvalue": 0.1773267280574991}, "Quant": {"sum_sq": 675.8424296696666, "df": 1.0, "F": 2.6933502595494545, "pvalue": 0.12027514607627675}}, "5": {"Mouse_ID": {}, "Treatment": {"sum_sq": 1797.6614971065756, "df": 2.0, "F": 12.777086242185355, "pvalue": 0.0005759938722494799, "tukey_hsd": {"groups": ["A12", "B1-8", "PBS"], "pvalues": [[1.0, 0.8451834673841626, 0.0026992975678465925], [0.8451834673841626, 1.0, 0.0008991406399668778], [0.0026992975678465925, 0.0008991406399668778, 1.0]]}}, "Ig_treated": {"sum_sq": 1775.9416361233432, "df": 1.0, "F": 26.385344317216326, "pvalue": 9.944657670979058e-05}, "A12_treated": {"sum_sq": 290.1873743081585, "df": 1.0, "F": 1.811774126279646, "pvalue": 0.19705850472039305}, "Batch": {"sum_sq": 19.307006162588056, "df": 1.0, "F": 0.12476717048411028, "pvalue": 0.7291826526278302}, "Quant": {"sum_sq": 1909.4127435134847, "df": 1.0, "F": 32.38162271549581, "pvalue": 3.34607764130963e-05}}, "6": {"Mouse_ID": {}, "Treatment": {"sum_sq": 550.45727691969, "df": 2.0, "F": 1.8322235485619212, "pvalue": 0.19412030895517893, "tukey_hsd": {"groups": ["A12", "B1-8", "PBS"], "pvalues": [[1.0, 0.2362516543807024, 0.2727609946702625], [0.2362516543807024, 1.0, 0.9949963502002624], [0.2727609946702625, 0.9949963502002624, 1.0]]}}, "Ig_treated": {"sum_sq": 114.56944824822853, "df": 1.0, "F": 0.6816763423603663, "pvalue": 0.42115080455718545}, "A12_treated": {"sum_sq": 549.0900682124521, "df": 1.0, "F": 3.896670747955194, "pvalue": 0.0659054474062963}, "Batch": {"sum_sq": 0.6274106091224753, "df": 1.0, "F": 0.0041699881661349135, "pvalue": 0.9494250454931317}, "Quant": {"sum_sq": 43.46204390560187, "df": 1.0, "F": 0.25193289444596667, "pvalue": 0.6225539267227611}}, "7": {"Mouse_ID": {}, "Treatment": {"sum_sq": 120.46630308213534, "df": 2.0, "F": 0.44012828434072226, "pvalue": 0.6520082362944816, "tukey_hsd": {"groups": ["A12", "B1-8", "PBS"], "pvalues": [[1.0, 0.7264191577346395, 0.6792586249843835], [0.7264191577346395, 1.0, 0.9965621200868824], [0.6792586249843835, 0.9965621200868824, 1.0]]}}, "Ig_treated": {"sum_sq": 39.3022353989849, "df": 1.0, "F": 0.2946790356174929, "pvalue": 0.5947194705721578}, "A12_treated": {"sum_sq": 119.61125593713149, "df": 1.0, "F": 0.9318877623020876, "pvalue": 0.3487381672111807}, "Batch": {"sum_sq": 3.6928413161808753, "df": 1.0, "F": 0.02690563829635557, "pvalue": 0.8720525580689384}, "Quant": {"sum_sq": 164.55665595947443, "df": 1.0, "F": 1.3107423207553177, "pvalue": 0.2690981312835594}}, "8": {"Mouse_ID": {}, "Treatment": {"sum_sq": 131.41312097304225, "df": 2.0, "F": 0.5312319276647847, "pvalue": 0.5985400525069434, "tukey_hsd": {"groups": ["A12", "B1-8", "PBS"], "pvalues": [[1.0, 0.6490810122333274, 0.999906174107606], [0.6490810122333274, 1.0, 0.6569752914817125], [0.999906174107606, 0.6569752914817125, 1.0]]}}, "Ig_treated": {"sum_sq": 31.423531493665315, "df": 1.0, "F": 0.2571356496267563, "pvalue": 0.6190120614381734}, "A12_treated": {"sum_sq": 34.304079365232305, "df": 1.0, "F": 0.28112103608322225, "pvalue": 0.6032486462012974}, "Batch": {"sum_sq": 72.34321072055909, "df": 1.0, "F": 0.6270046302722703, "pvalue": 0.44166687953230255}, "Quant": {"sum_sq": 77.52950223184926, "df": 1.0, "F": 0.6497370715353584, "pvalue": 0.43202459628033585}}, "9": {"Mouse_ID": {}, "Treatment": {"sum_sq": 50.43419655519018, "df": 2.0, "F": 0.2250390671634863, "pvalue": 0.801132485071726, "tukey_hsd": {"groups": ["A12", "B1-8", "PBS"], "pvalues": [[1.0, 0.7999669712583356, 0.876518485761459], [0.7999669712583356, 1.0, 0.9876678469310451], [0.876518485761459, 0.9876678469310451, 1.0]]}}, "Ig_treated": {"sum_sq": 4.346831823629673, "df": 1.0, "F": 0.040273254651512554, "pvalue": 0.8434760335782945}, "A12_treated": {"sum_sq": 47.90990329663447, "df": 1.0, "F": 0.45537070986763856, "pvalue": 0.509429887491461}, "Batch": {"sum_sq": 0.6305101013870447, "df": 1.0, "F": 0.006941860128033185, "pvalue": 0.9347784261098194}, "Quant": {"sum_sq": 0.9643833442106978, "df": 1.0, "F": 0.008917513918317306, "pvalue": 0.9259380333954594}}, "10": {"Mouse_ID": {}, "Treatment": {"sum_sq": 77.34373397854714, "df": 2.0, "F": 0.40703615648528746, "pvalue": 0.6727543896850238, "tukey_hsd": {"groups": ["A12", "B1-8", "PBS"], "pvalues": [[1.0, 0.7393604426336284, 0.7022071651682212], [0.7393604426336284, 1.0, 0.9978260242610535], [0.7022071651682212, 0.9978260242610535, 1.0]]}}, "Ig_treated": {"sum_sq": 24.176775688446238, "df": 1.0, "F": 0.2616722776754937, "pvalue": 0.6159605916859698}, "A12_treated": {"sum_sq": 76.96863514947901, "df": 1.0, "F": 0.8639051551136921, "pvalue": 0.36645981222831003}, "Batch": {"sum_sq": 14.850411705493695, "df": 1.0, "F": 0.21156588916830057, "pvalue": 0.652604994033519}, "Quant": {"sum_sq": 0.4590862709842992, "df": 1.0, "F": 0.004890363460879898, "pvalue": 0.9451150539770181}}}