{"R2pv": 0.1, "R2H0": [0.5509267662195093, 0.49675168771660394, 0.4581435024188495, 0.5606760941641347, 0.4043852921293848, 0.4821448809903579, 0.4464661760399006, 0.4891674467230174, 0.5038005789875706, 0.5114629692709942]}