{"1": {"Mouse_ID": {}, "Treatment": {"sum_sq": 122.59489212471323, "df": 2.0, "F": 0.07944744827228613, "pvalue": 0.924012570158743, "tukey_hsd": {"groups": ["A12", "B1-8", "PBS"], "pvalues": [[1.0, 0.998366591869341, 0.9470463697322549], [0.998366591869341, 1.0, 0.9279715799920354], [0.9470463697322549, 0.9279715799920354, 1.0]]}}, "Ig_treated": {"sum_sq": 120.30691471221559, "df": 1.0, "F": 0.16629187720109634, "pvalue": 0.6888331078377162}, "A12_treated": {"sum_sq": 17.424530656592594, "df": 1.0, "F": 0.02387253845069907, "pvalue": 0.8791418676522841}, "Batch": {"sum_sq": 854.5478972678883, "df": 1.0, "F": 1.147260378834048, "pvalue": 0.30224181724629}, "Quant": {"sum_sq": 5.9031766569677995, "df": 1.0, "F": 0.008079696521715028, "pvalue": 0.9294925185571803}}, "2": {"Mouse_ID": {}, "Treatment": {"sum_sq": 3280.293343162352, "df": 2.0, "F": 4.616392312378173, "pvalue": 0.02739425693561606, "tukey_hsd": {"groups": ["A12", "B1-8", "PBS"], "pvalues": [[1.0, 0.022195515899411156, 0.19833871123234437], [0.022195515899411156, 1.0, 0.46969045305016077], [0.19833871123234437, 0.46969045305016077, 1.0]]}}, "Ig_treated": {"sum_sq": 44.4257001509412, "df": 1.0, "F": 0.08298846491020868, "pvalue": 0.7769859165043438}, "A12_treated": {"sum_sq": 2766.3617891007148, "df": 1.0, "F": 7.574864850997494, "pvalue": 0.01416845684563513}, "Batch": {"sum_sq": 8.173367621487897, "df": 1.0, "F": 0.015132262839441303, "pvalue": 0.9038451052891947}, "Quant": {"sum_sq": 1.4985539766681286, "df": 1.0, "F": 0.0027853813992591227, "pvalue": 0.9585631452365235}}, "3": {"Mouse_ID": {}, "Treatment": {"sum_sq": 975.6924711168535, "df": 2.0, "F": 1.4030278846374078, "pvalue": 0.2763290051058292, "tukey_hsd": {"groups": ["A12", "B1-8", "PBS"], "pvalues": [[1.0, 0.32702885007943183, 0.9977176038725242], [0.32702885007943183, 1.0, 0.3572876348337064], [0.9977176038725242, 0.3572876348337064, 1.0]]}}, "Ig_treated": {"sum_sq": 212.19130717245025, "df": 1.0, "F": 0.5678171373503899, "pvalue": 0.46207309271819974}, "A12_treated": {"sum_sq": 277.09625856540293, "df": 1.0, "F": 0.7496381969808278, "pvalue": 0.3993878516716879}, "Batch": {"sum_sq": 1216.0869734206183, "df": 1.0, "F": 3.468812866477775, "pvalue": 0.08365427478738885}, "Quant": {"sum_sq": 21.267721596855385, "df": 1.0, "F": 0.05515069223076718, "pvalue": 0.8173105267784909}}, "4": {"Mouse_ID": {}, "Treatment": {"sum_sq": 359.2049524923548, "df": 2.0, "F": 0.6219614665509773, "pvalue": 0.5501771383653891, "tukey_hsd": {"groups": ["A12", "B1-8", "PBS"], "pvalues": [[1.0, 0.5850452127393367, 0.9961362701224797], [0.5850452127393367, 1.0, 0.6356734021180626], [0.9961362701224797, 0.6356734021180626, 1.0]]}}, "Ig_treated": {"sum_sq": 67.50627580614443, "df": 1.0, "F": 0.23362531815293588, "pvalue": 0.6353965262012984}, "A12_treated": {"sum_sq": 114.12437151228279, "df": 1.0, "F": 0.39898409359014403, "pvalue": 0.5365354952578373}, "Batch": {"sum_sq": 584.2742593711819, "df": 1.0, "F": 2.0180450860886916, "pvalue": 0.17732672805749666}, "Quant": {"sum_sq": 675.8424296696649, "df": 1.0, "F": 2.6933502595494447, "pvalue": 0.12027514607627733}}, "5": {"Mouse_ID": {}, "Treatment": {"sum_sq": 1797.661497106558, "df": 2.0, "F": 12.777086242185039, "pvalue": 0.0005759938722495472, "tukey_hsd": {"groups": ["A12", "B1-8", "PBS"], "pvalues": [[1.0, 0.8451834673841372, 0.0026992975678470366], [0.8451834673841372, 1.0, 0.0008991406399668778], [0.0026992975678470366, 0.0008991406399668778, 1.0]]}}, "Ig_treated": {"sum_sq": 1775.9416361233218, "df": 1.0, "F": 26.385344317215512, "pvalue": 9.944657670980629e-05}, "A12_treated": {"sum_sq": 290.18737430814076, "df": 1.0, "F": 1.8117741262795233, "pvalue": 0.19705850472040717}, "Batch": {"sum_sq": 19.307006162588028, "df": 1.0, "F": 0.12476717048411133, "pvalue": 0.7291826526278302}, "Quant": {"sum_sq": 1909.4127435134762, "df": 1.0, "F": 32.38162271549539, "pvalue": 3.346077641309865e-05}}, "6": {"Mouse_ID": {}, "Treatment": {"sum_sq": 550.4572769197101, "df": 2.0, "F": 1.832223548562006, "pvalue": 0.19412030895516566, "tukey_hsd": {"groups": ["A12", "B1-8", "PBS"], "pvalues": [[1.0, 0.2362516543807024, 0.2727609946702285], [0.2362516543807024, 1.0, 0.9949963502002713], [0.2727609946702285, 0.9949963502002713, 1.0]]}}, "Ig_treated": {"sum_sq": 114.569448248253, "df": 1.0, "F": 0.6816763423605186, "pvalue": 0.4211508045571345}, "A12_treated": {"sum_sq": 549.0900682124749, "df": 1.0, "F": 3.8966707479553984, "pvalue": 0.06590544740628994}, "Batch": {"sum_sq": 0.6274106091226902, "df": 1.0, "F": 0.004169988166136294, "pvalue": 0.9494250454931222}, "Quant": {"sum_sq": 43.462043905617826, "df": 1.0, "F": 0.25193289444606076, "pvalue": 0.6225539267226972}}, "7": {"Mouse_ID": {}, "Treatment": {"sum_sq": 120.46630308213483, "df": 2.0, "F": 0.4401282843407198, "pvalue": 0.6520082362944833, "tukey_hsd": {"groups": ["A12", "B1-8", "PBS"], "pvalues": [[1.0, 0.7264191577346333, 0.6792586249843907], [0.7264191577346333, 1.0, 0.9965621200868844], [0.6792586249843907, 0.9965621200868844, 1.0]]}}, "Ig_treated": {"sum_sq": 39.302235398982035, "df": 1.0, "F": 0.2946790356174708, "pvalue": 0.5947194705721702}, "A12_treated": {"sum_sq": 119.61125593713138, "df": 1.0, "F": 0.9318877623020857, "pvalue": 0.3487381672111807}, "Batch": {"sum_sq": 3.6928413161809597, "df": 1.0, "F": 0.02690563829635617, "pvalue": 0.8720525580689384}, "Quant": {"sum_sq": 164.55665595947178, "df": 1.0, "F": 1.310742320755293, "pvalue": 0.2690981312835638}}, "8": {"Mouse_ID": {}, "Treatment": {"sum_sq": 131.41312097304032, "df": 2.0, "F": 0.5312319276647741, "pvalue": 0.5985400525069497, "tukey_hsd": {"groups": ["A12", "B1-8", "PBS"], "pvalues": [[1.0, 0.6490810122333374, 0.9999061741076062], [0.6490810122333374, 1.0, 0.6569752914817131], [0.9999061741076062, 0.6569752914817131, 1.0]]}}, "Ig_treated": {"sum_sq": 31.423531493666477, "df": 1.0, "F": 0.25713564962676494, "pvalue": 0.6190120614381686}, "A12_treated": {"sum_sq": 34.30407936523009, "df": 1.0, "F": 0.28112103608320266, "pvalue": 0.6032486462013091}, "Batch": {"sum_sq": 72.3432107205588, "df": 1.0, "F": 0.6270046302722685, "pvalue": 0.4416668795323043}, "Quant": {"sum_sq": 77.52950223184735, "df": 1.0, "F": 0.6497370715353392, "pvalue": 0.4320245962803433}}, "9": {"Mouse_ID": {}, "Treatment": {"sum_sq": 50.43419655519131, "df": 2.0, "F": 0.2250390671634912, "pvalue": 0.8011324850717219, "tukey_hsd": {"groups": ["A12", "B1-8", "PBS"], "pvalues": [[1.0, 0.799966971258331, 0.876518485761458], [0.799966971258331, 1.0, 0.987667846931044], [0.876518485761458, 0.987667846931044, 1.0]]}}, "Ig_treated": {"sum_sq": 4.346831823629565, "df": 1.0, "F": 0.04027325465151151, "pvalue": 0.8434760335782945}, "A12_treated": {"sum_sq": 47.90990329663541, "df": 1.0, "F": 0.4553707098676472, "pvalue": 0.5094298874914568}, "Batch": {"sum_sq": 0.6305101013867767, "df": 1.0, "F": 0.0069418601280301796, "pvalue": 0.934778426109834}, "Quant": {"sum_sq": 0.9643833442105866, "df": 1.0, "F": 0.008917513918316265, "pvalue": 0.9259380333954594}}, "10": {"Mouse_ID": {}, "Treatment": {"sum_sq": 77.3437339785476, "df": 2.0, "F": 0.4070361564852917, "pvalue": 0.6727543896850208, "tukey_hsd": {"groups": ["A12", "B1-8", "PBS"], "pvalues": [[1.0, 0.7393604426336251, 0.7022071651682195], [0.7393604426336251, 1.0, 0.9978260242610537], [0.7022071651682195, 0.9978260242610537, 1.0]]}}, "Ig_treated": {"sum_sq": 24.176775688446178, "df": 1.0, "F": 0.261672277675494, "pvalue": 0.6159605916859698}, "A12_treated": {"sum_sq": 76.96863514947961, "df": 1.0, "F": 0.8639051551137026, "pvalue": 0.3664598122283075}, "Batch": {"sum_sq": 14.85041170549223, "df": 1.0, "F": 0.2115658891682812, "pvalue": 0.652604994033535}, "Quant": {"sum_sq": 0.4590862709842979, "df": 1.0, "F": 0.004890363460879901, "pvalue": 0.9451150539770181}}}