{"1": {"Mouse_ID": {}, "Treatment": {"sum_sq": 421.2699474733064, "df": 2.0, "F": 0.24279818079254253, "pvalue": 0.7879084749225229, "tukey_hsd": {"groups": ["A12", "B1-8", "PBS"], "pvalues": [[1.0, 0.7827087227422271, 0.9883200979765194], [0.7827087227422271, 1.0, 0.8703034393701296], [0.9883200979765194, 0.8703034393701296, 1.0]]}}, "Ig_treated": {"sum_sq": 27.991169301518223, "df": 1.0, "F": 0.0335764048959071, "pvalue": 0.8572380031603041}, "A12_treated": {"sum_sq": 200.19963392648947, "df": 1.0, "F": 0.24374302559469183, "pvalue": 0.6291706877629748}, "Batch": {"sum_sq": 70.97758812814034, "df": 1.0, "F": 0.0854548868494277, "pvalue": 0.7743243057135402}, "Quant": {"sum_sq": 5.083621266356679, "df": 1.0, "F": 0.0060860394979444, "pvalue": 0.9389216889279062}}, "2": {"Mouse_ID": {}, "Treatment": {"sum_sq": 2389.9526751679314, "df": 2.0, "F": 2.5355515676771057, "pvalue": 0.11755239197904033, "tukey_hsd": {"groups": ["A12", "B1-8", "PBS"], "pvalues": [[1.0, 0.10624225114541153, 0.8054582462852877], [0.10624225114541153, 1.0, 0.3169716147276125], [0.8054582462852877, 0.3169716147276125, 1.0]]}}, "Ig_treated": {"sum_sq": 82.95905712512797, "df": 1.0, "F": 0.13771188139351448, "pvalue": 0.7161216920291626}, "A12_treated": {"sum_sq": 1310.767786614128, "df": 1.0, "F": 2.54661573649152, "pvalue": 0.1328500928139566}, "Batch": {"sum_sq": 233.587988642257, "df": 1.0, "F": 0.39480698760762056, "pvalue": 0.5398993306382271}, "Quant": {"sum_sq": 275.3097293659152, "df": 1.0, "F": 0.4676801483108816, "pvalue": 0.5052189568073421}}, "3": {"Mouse_ID": {}, "Treatment": {"sum_sq": 2734.8525397457684, "df": 2.0, "F": 4.572472003587549, "pvalue": 0.0313579004899052, "tukey_hsd": {"groups": ["A12", "B1-8", "PBS"], "pvalues": [[1.0, 0.6912880949208963, 0.027469696438409907], [0.6912880949208963, 1.0, 0.14049270264960767], [0.027469696438409907, 0.14049270264960767, 1.0]]}}, "Ig_treated": {"sum_sq": 2528.4675089295374, "df": 1.0, "F": 8.646199616810538, "pvalue": 0.010747269972771636}, "A12_treated": {"sum_sq": 1483.1241954669251, "df": 1.0, "F": 4.040062783535427, "pvalue": 0.06410874191897113}, "Batch": {"sum_sq": 2.4623750757327856, "df": 1.0, "F": 0.005207344367320987, "pvalue": 0.9434938316056436}, "Quant": {"sum_sq": 2726.419722297577, "df": 1.0, "F": 9.796784001770803, "pvalue": 0.00737947524257664}}, "4": {"Mouse_ID": {}, "Treatment": {"sum_sq": 32.678368444305356, "df": 2.0, "F": 0.05263913532298112, "pvalue": 0.948923462208987, "tukey_hsd": {"groups": ["A12", "B1-8", "PBS"], "pvalues": [[1.0, 0.9449280353412202, 0.981046545982515], [0.9449280353412202, 1.0, 0.990860915997678], [0.981046545982515, 0.990860915997678, 1.0]]}}, "Ig_treated": {"sum_sq": 0.6388497983660565, "df": 1.0, "F": 0.0021990096656134173, "pvalue": 0.963260400072086}, "A12_treated": {"sum_sq": 27.50551667561885, "df": 1.0, "F": 0.09530737067902752, "pvalue": 0.7620815185515806}, "Batch": {"sum_sq": 1.416375678606298, "df": 1.0, "F": 0.004876293841853875, "pvalue": 0.9453162494288408}, "Quant": {"sum_sq": 28.494899845008366, "df": 1.0, "F": 0.09875979426594321, "pvalue": 0.7579572674528098}}, "5": {"Mouse_ID": {}, "Treatment": {"sum_sq": 905.2413831985606, "df": 2.0, "F": 2.7913873755209155, "pvalue": 0.09804221910651657, "tukey_hsd": {"groups": ["A12", "B1-8", "PBS"], "pvalues": [[1.0, 0.1092668782397237, 0.9733796701814698], [0.1092668782397237, 1.0, 0.1806228022266405], [0.9733796701814698, 0.1806228022266405, 1.0]]}}, "Ig_treated": {"sum_sq": 123.29694556378335, "df": 1.0, "F": 0.5973107268865145, "pvalue": 0.45245758228041877}, "A12_treated": {"sum_sq": 325.7420501833782, "df": 1.0, "F": 1.6969289609289229, "pvalue": 0.21371143453136496}, "Batch": {"sum_sq": 18.09562064154226, "df": 1.0, "F": 0.0845848683221918, "pvalue": 0.7754417102310147}, "Quant": {"sum_sq": 29.976829724367146, "df": 1.0, "F": 0.1406796005851106, "pvalue": 0.7132273290968358}}, "6": {"Mouse_ID": {}, "Treatment": {"sum_sq": 809.8500589467735, "df": 2.0, "F": 2.4053627592131064, "pvalue": 0.12918179652701006, "tukey_hsd": {"groups": ["A12", "B1-8", "PBS"], "pvalues": [[1.0, 0.46443310989576225, 0.11255705585397036], [0.46443310989576225, 1.0, 0.6373984039225211], [0.11255705585397036, 0.6373984039225211, 1.0]]}}, "Ig_treated": {"sum_sq": 560.5153084922466, "df": 1.0, "F": 3.218988852433939, "pvalue": 0.09440628017554074}, "A12_treated": {"sum_sq": 667.1897868701917, "df": 1.0, "F": 4.006949698803076, "pvalue": 0.06508155899675694}, "Batch": {"sum_sq": 49.592422377934916, "df": 1.0, "F": 0.2354567129494122, "pvalue": 0.6350122044156226}, "Quant": {"sum_sq": 607.6020960608305, "df": 1.0, "F": 3.5581306337230174, "pvalue": 0.0801712562960326}}, "7": {"Mouse_ID": {}, "Treatment": {"sum_sq": 247.72152281915993, "df": 2.0, "F": 0.7747331098581917, "pvalue": 0.48097875796153783, "tukey_hsd": {"groups": ["A12", "B1-8", "PBS"], "pvalues": [[1.0, 0.4657807232275716, 0.9488416156638002], [0.4657807232275716, 1.0, 0.6697464502637092], [0.9488416156638002, 0.6697464502637092, 1.0]]}}, "Ig_treated": {"sum_sq": 11.878469102957904, "df": 1.0, "F": 0.07185934741027994, "pvalue": 0.7925578122376902}, "A12_treated": {"sum_sq": 127.61690408170372, "df": 1.0, "F": 0.812667298050273, "pvalue": 0.3825797855736673}, "Batch": {"sum_sq": 1.9036693809076066, "df": 1.0, "F": 0.011466910982127224, "pvalue": 0.9162420121292933}, "Quant": {"sum_sq": 4.7985506130536075, "df": 1.0, "F": 0.028940515627021095, "pvalue": 0.8673503539362146}}, "8": {"Mouse_ID": {}, "Treatment": {"sum_sq": 95.9160116354873, "df": 2.0, "F": 0.3435151710625568, "pvalue": 0.7155200285135008, "tukey_hsd": {"groups": ["A12", "B1-8", "PBS"], "pvalues": [[1.0, 0.8879951583579307, 0.9168170358617242], [0.8879951583579307, 1.0, 0.6929727918869073], [0.9168170358617242, 0.6929727918869073, 1.0]]}}, "Ig_treated": {"sum_sq": 65.54350909859642, "df": 1.0, "F": 0.4972690908379321, "pvalue": 0.49226907205190795}, "A12_treated": {"sum_sq": 0.22274664548784037, "df": 1.0, "F": 0.0016321700814024068, "pvalue": 0.9683446219698005}, "Batch": {"sum_sq": 1.4316065850351627, "df": 1.0, "F": 0.010496700253500626, "pvalue": 0.9198498200009512}, "Quant": {"sum_sq": 310.69109648927, "df": 1.0, "F": 2.7182933688406434, "pvalue": 0.12145404295956051}}, "9": {"Mouse_ID": {}, "Treatment": {"sum_sq": 503.8367932849309, "df": 2.0, "F": 2.84257144250891, "pvalue": 0.09460302835857398, "tukey_hsd": {"groups": ["A12", "B1-8", "PBS"], "pvalues": [[1.0, 0.9995651243576357, 0.12612345740322728], [0.9995651243576357, 1.0, 0.1400214471332033], [0.12612345740322728, 0.1400214471332033, 1.0]]}}, "Ig_treated": {"sum_sq": 503.7668714785676, "df": 1.0, "F": 6.121240400124515, "pvalue": 0.026771226634417226}, "A12_treated": {"sum_sq": 132.1553680942349, "df": 1.0, "F": 1.2141963025491997, "pvalue": 0.2890861972322426}, "Batch": {"sum_sq": 1.5741409768735963, "df": 1.0, "F": 0.013321090518057558, "pvalue": 0.9097536930273955}, "Quant": {"sum_sq": 77.26631490149292, "df": 1.0, "F": 0.685212897036814, "pvalue": 0.4216843150665176}}, "10": {"Mouse_ID": {}, "Treatment": {"sum_sq": 58.14244930174479, "df": 2.0, "F": 0.27908231596186195, "pvalue": 0.7608970843112717, "tukey_hsd": {"groups": ["A12", "B1-8", "PBS"], "pvalues": [[1.0, 0.8241775921144836, 0.783702610626541], [0.8241775921144836, 1.0, 0.9971914181321727], [0.783702610626541, 0.9971914181321727, 1.0]]}}, "Ig_treated": {"sum_sq": 21.02757600190591, "df": 1.0, "F": 0.21159238905275285, "pvalue": 0.6525848191213114}, "A12_treated": {"sum_sq": 57.61093213474942, "df": 1.0, "F": 0.5953716462869009, "pvalue": 0.4531772636548371}, "Batch": {"sum_sq": 7.553942927131372, "df": 1.0, "F": 0.07528334954008557, "pvalue": 0.7878011763227574}, "Quant": {"sum_sq": 3.599133476419851, "df": 1.0, "F": 0.03576862466720559, "pvalue": 0.8527084895634572}}}