{"R2pv": 0.1, "R2H0": [0.5855693389064958, 0.5073655316797475, 0.531941954083218, 0.5807835629524993, 0.572358146110246, 0.5229862083642816, 0.6564388577805071, 0.5242145630143793, 0.5213971440015668, 0.6361947013863611]}