{"Factor1": {"Sample_ID": {}, "Group": {"sum_sq": 159.0956730912707, "df": 1.0, "F": 51.196123859916895, "pvalue": 3.6711079036128856e-11}, "WOS": {"sum_sq": 62.04662908139318, "df": 1.0, "F": 16.46773176399084, "pvalue": 8.008122499801805e-05}, "WOS_4G": {"sum_sq": 183.25286351717287, "df": 3.0, "F": 20.471742053631164, "pvalue": 4.0630093828274257e-11, "tukey_hsd": {"groups": ["Healthy", "Mild", "Moderate", "Severe"], "pvalues": [[1.0, 1.2846035346569806e-10, 2.678168083969368e-07, 6.359740511996392e-10], [1.2846035346569806e-10, 1.0, 0.09151381367945799, 0.9878940112033933], [2.678168083969368e-07, 0.09151381367945799, 1.0, 0.08727434878964146], [6.359740511996392e-10, 0.9878940112033933, 0.08727434878964146, 1.0]]}}, "Age": {"sum_sq": 34.292475620731615, "df": 1.0, "F": 8.667214585634554, "pvalue": 0.0037669705865287107}, "Sex": {"sum_sq": 1.1467161726039632, "df": 1.0, "F": 0.2741991874894524, "pvalue": 0.6013172665192974}}, "Factor2": {"Sample_ID": {}, "Group": {"sum_sq": 46.325761878887384, "df": 1.0, "F": 17.519072320056626, "pvalue": 4.87622522683024e-05}, "WOS": {"sum_sq": 280.9364723823308, "df": 1.0, "F": 267.98904318419983, "pvalue": 6.06805894168954e-35}, "WOS_4G": {"sum_sq": 325.17445060726084, "df": 3.0, "F": 143.0564568341821, "pvalue": 3.90326387042553e-43, "tukey_hsd": {"groups": ["Healthy", "Mild", "Moderate", "Severe"], "pvalues": [[1.0, 0.8708376088608437, 2.942091015256665e-14, 2.930988785010413e-14], [0.8708376088608437, 1.0, 2.930988785010413e-14, 2.930988785010413e-14], [2.942091015256665e-14, 2.930988785010413e-14, 1.0, 5.972980776647319e-09], [2.930988785010413e-14, 2.930988785010413e-14, 5.972980776647319e-09, 1.0]]}}, "Age": {"sum_sq": 62.03445330515104, "df": 1.0, "F": 24.447627641373906, "pvalue": 2.058723483089837e-06}, "Sex": {"sum_sq": 26.428636000161088, "df": 1.0, "F": 9.507869494786748, "pvalue": 0.002444181435572723}}, "Factor3": {"Sample_ID": {}, "Group": {"sum_sq": 0.7776116770690873, "df": 1.0, "F": 0.581297471767845, "pvalue": 0.4470258562136341}, "WOS": {"sum_sq": 0.5829375924335, "df": 1.0, "F": 0.43533941893123945, "pvalue": 0.5104129676183458}, "WOS_4G": {"sum_sq": 1.051702975798113, "df": 3.0, "F": 0.2588593976254198, "pvalue": 0.8549200107632179, "tukey_hsd": {"groups": ["Healthy", "Mild", "Moderate", "Severe"], "pvalues": [[1.0, 0.8624652702577749, 0.9478085305238794, 0.8627033845353975], [0.8624652702577749, 1.0, 0.9842187145728805, 0.9998492747087536], [0.9478085305238794, 0.9842187145728805, 1.0, 0.9801869151911978], [0.8627033845353975, 0.9998492747087536, 0.9801869151911978, 1.0]]}}, "Age": {"sum_sq": 55.55872420470839, "df": 1.0, "F": 57.57042734233664, "pvalue": 3.4402275523177536e-12}, "Sex": {"sum_sq": 2.3392508050900505, "df": 1.0, "F": 1.7626867393131418, "pvalue": 0.18634779059410658}}, "Factor4": {"Sample_ID": {}, "Group": {"sum_sq": 0.3823861211584379, "df": 1.0, "F": 0.48253383613791667, "pvalue": 0.4883732852402264}, "WOS": {"sum_sq": 0.8138886046331554, "df": 1.0, "F": 1.0308662212748756, "pvalue": 0.3116235038151532}, "WOS_4G": {"sum_sq": 6.295842589329326, "df": 3.0, "F": 2.751911084471645, "pvalue": 0.04485339416378145, "tukey_hsd": {"groups": ["Healthy", "Mild", "Moderate", "Severe"], "pvalues": [[1.0, 0.9600737731131259, 0.41813321892267297, 0.9162583755110906], [0.9600737731131259, 1.0, 0.030749903392155553, 0.5099092414091659], [0.41813321892267297, 0.030749903392155553, 1.0, 0.7767196612701347], [0.9162583755110906, 0.5099092414091659, 0.7767196612701347, 1.0]]}}, "Age": {"sum_sq": 0.03145294567368056, "df": 1.0, "F": 0.039571326930673924, "pvalue": 0.8425959488717591}, "Sex": {"sum_sq": 5.347000956321537, "df": 1.0, "F": 7.04775326160553, "pvalue": 0.008811033835703131}}, "Factor5": {"Sample_ID": {}, "Group": {"sum_sq": 0.0011965416258376785, "df": 1.0, "F": 0.0013637765320342555, "pvalue": 0.9705914439079759}, "WOS": {"sum_sq": 0.009400826198556457, "df": 1.0, "F": 0.01071541638962804, "pvalue": 0.9176950999941282}, "WOS_4G": {"sum_sq": 0.5864299324320803, "df": 3.0, "F": 0.22076798149870136, "pvalue": 0.8818545811264442, "tukey_hsd": {"groups": ["Healthy", "Mild", "Moderate", "Severe"], "pvalues": [[1.0, 0.9998641334007732, 0.9899555526005746, 0.9889303471611441], [0.9998641334007732, 1.0, 0.9546827276346773, 0.9892168215581558], [0.9899555526005746, 0.9546827276346773, 1.0, 0.8653263490829235], [0.9889303471611441, 0.9892168215581558, 0.8653263490829235, 1.0]]}}, "Age": {"sum_sq": 2.382616103055432, "df": 1.0, "F": 2.7667084402968283, "pvalue": 0.09837442443484502}, "Sex": {"sum_sq": 4.521037823711591, "df": 1.0, "F": 5.340062081158293, "pvalue": 0.022231226392108578}}, "Factor6": {"Sample_ID": {}, "Group": {"sum_sq": 1.1133153910428923, "df": 1.0, "F": 1.190786414261757, "pvalue": 0.27695634635795485}, "WOS": {"sum_sq": 0.005850758423913463, "df": 1.0, "F": 0.00620786546893859, "pvalue": 0.9373068030465683}, "WOS_4G": {"sum_sq": 5.785132833492154, "df": 3.0, "F": 2.106094946047073, "pvalue": 0.10202075730319767, "tukey_hsd": {"groups": ["Healthy", "Mild", "Moderate", "Severe"], "pvalues": [[1.0, 0.8043413556225733, 0.3263615965337303, 0.9974518323390468], [0.8043413556225733, 1.0, 0.7221541392585071, 0.5734594338822313], [0.3263615965337303, 0.7221541392585071, 1.0, 0.11523774052022218], [0.9974518323390468, 0.5734594338822313, 0.11523774052022218, 1.0]]}}, "Age": {"sum_sq": 0.040352153717182364, "df": 1.0, "F": 0.04282575367570935, "pvalue": 0.8363400971820247}, "Sex": {"sum_sq": 1.9404374309151922, "df": 1.0, "F": 2.088030687121792, "pvalue": 0.1505856483956385}}, "Factor7": {"Sample_ID": {}, "Group": {"sum_sq": 2.2976669691970066, "df": 1.0, "F": 3.335722718682213, "pvalue": 0.06981946380921752}, "WOS": {"sum_sq": 0.21646715298840366, "df": 1.0, "F": 0.3079348331130166, "pvalue": 0.5797936146767197}, "WOS_4G": {"sum_sq": 11.80150442581231, "df": 3.0, "F": 6.216912546540325, "pvalue": 0.0005305930325954561, "tukey_hsd": {"groups": ["Healthy", "Mild", "Moderate", "Severe"], "pvalues": [[1.0, 0.009665607206912785, 0.9684044570520984, 0.25077759031708924], [0.009665607206912785, 1.0, 0.0010267783491209048, 0.5319047295713124], [0.9684044570520984, 0.0010267783491209048, 1.0, 0.2304550747281695], [0.25077759031708924, 0.5319047295713124, 0.2304550747281695, 1.0]]}}, "Age": {"sum_sq": 1.8757909148977128, "df": 1.0, "F": 2.711949294594015, "pvalue": 0.10173537541403628}, "Sex": {"sum_sq": 0.34712927794196985, "df": 1.0, "F": 0.49443311027895365, "pvalue": 0.4830685834720444}}, "Factor8": {"Sample_ID": {}, "Group": {"sum_sq": 0.5259897621934813, "df": 1.0, "F": 0.6196963332997425, "pvalue": 0.4324275268799125}, "WOS": {"sum_sq": 0.08152047545735654, "df": 1.0, "F": 0.09570266174697956, "pvalue": 0.7574869210642278}, "WOS_4G": {"sum_sq": 2.387559350498663, "df": 3.0, "F": 0.938887685901315, "pvalue": 0.4236264287421718, "tukey_hsd": {"groups": ["Healthy", "Mild", "Moderate", "Severe"], "pvalues": [[1.0, 0.9956787079464127, 0.585533387889853, 0.9810435384467909], [0.9956787079464127, 1.0, 0.5031603944322702, 0.9966229214626211], [0.585533387889853, 0.5031603944322702, 1.0, 0.7585153383842627], [0.9810435384467909, 0.9966229214626211, 0.7585153383842627, 1.0]]}}, "Age": {"sum_sq": 0.012594792612916636, "df": 1.0, "F": 0.01477778487987542, "pvalue": 0.9034104121251283}, "Sex": {"sum_sq": 1.3957934927553093, "df": 1.0, "F": 1.6560023416202767, "pvalue": 0.20016669770894852}}, "Factor9": {"Sample_ID": {}, "Group": {"sum_sq": 4.38160380633533, "df": 1.0, "F": 6.543668500705831, "pvalue": 0.011537790122238989}, "WOS": {"sum_sq": 3.811456695917895, "df": 1.0, "F": 5.65940572099823, "pvalue": 0.018646316775491577}, "WOS_4G": {"sum_sq": 5.290899646715785, "df": 3.0, "F": 2.622272152831709, "pvalue": 0.05294204915393062, "tukey_hsd": {"groups": ["Healthy", "Mild", "Moderate", "Severe"],