{"m": {"Factor1": {"Explained_Variance": 3.926543454752218}, "Factor2": {"Explained_Variance": 9.5924083810748}, "Factor3": {"Explained_Variance": 2.913035891118876}, "Factor4": {"Explained_Variance": 6.415073019169304}, "Factor5": {"Explained_Variance": 0.10831636036395809}, "Factor6": {"Explained_Variance": 0.2611037342778899}, "Factor7": {"Explained_Variance": 3.566505677908016}, "Factor8": {"Explained_Variance": 3.5434600697476837}, "Factor9": {"Explained_Variance": 0.5835497984016613}, "Factor10": {"Explained_Variance": 0.2079395179866217}, "Factor11": {"Explained_Variance": 1.6853696918083583}}, "q": {"Factor1": {"Explained_Variance": 24.477613585199244}, "Factor2": {"Explained_Variance": 17.17015601705446}, "Factor3": {"Explained_Variance": 6.660527527800952}, "Factor4": {"Explained_Variance": 0.11941105031902932}, "Factor5": {"Explained_Variance": 5.784819900933913}, "Factor6": {"Explained_Variance": 4.901567999929601}, "Factor7": {"Explained_Variance": 0.5986791117632562}, "Factor8": {"Explained_Variance": 0.30106101317886047}, "Factor9": {"Explained_Variance": 2.9312005049031975}, "Factor10": {"Explained_Variance": 2.880002597093956}, "Factor11": {"Explained_Variance": 1.395124733966746}}}