{"1": {"Mouse_ID": {}, "Treatment": {"sum_sq": 122.59489212471259, "df": 2.0, "F": 0.07944744827228589, "pvalue": 0.924012570158743, "tukey_hsd": {"groups": ["A12", "B1-8", "PBS"], "pvalues": [[1.0, 0.9983665918693408, 0.9470463697322555], [0.9983665918693408, 1.0, 0.9279715799920353], [0.9470463697322555, 0.9279715799920353, 1.0]]}}, "Ig_treated": {"sum_sq": 120.30691471221476, "df": 1.0, "F": 0.1662918772010955, "pvalue": 0.6888331078377162}, "A12_treated": {"sum_sq": 17.42453065659201, "df": 1.0, "F": 0.02387253845069832, "pvalue": 0.8791418676522841}, "Batch": {"sum_sq": 854.5478972678872, "df": 1.0, "F": 1.1472603788340494, "pvalue": 0.3022418172462896}, "Quant": {"sum_sq": 5.903176656967904, "df": 1.0, "F": 0.008079696521715191, "pvalue": 0.9294925185571803}}, "2": {"Mouse_ID": {}, "Treatment": {"sum_sq": 3280.293343162352, "df": 2.0, "F": 4.616392312378198, "pvalue": 0.027394256935615657, "tukey_hsd": {"groups": ["A12", "B1-8", "PBS"], "pvalues": [[1.0, 0.022195515899410934, 0.19833871123234348], [0.022195515899410934, 1.0, 0.46969045305015755], [0.19833871123234348, 0.46969045305015755, 1.0]]}}, "Ig_treated": {"sum_sq": 44.42570015094052, "df": 1.0, "F": 0.0829884649102077, "pvalue": 0.7769859165043438}, "A12_treated": {"sum_sq": 2766.3617891007125, "df": 1.0, "F": 7.574864850997521, "pvalue": 0.014168456845634992}, "Batch": {"sum_sq": 8.173367621488078, "df": 1.0, "F": 0.01513226283944169, "pvalue": 0.9038451052891947}, "Quant": {"sum_sq": 1.4985539766679716, "df": 1.0, "F": 0.0027853813992588404, "pvalue": 0.9585631452365235}}, "3": {"Mouse_ID": {}, "Treatment": {"sum_sq": 975.6924711168456, "df": 2.0, "F": 1.4030278846374002, "pvalue": 0.2763290051058314, "tukey_hsd": {"groups": ["A12", "B1-8", "PBS"], "pvalues": [[1.0, 0.3270288500794345, 0.9977176038725244], [0.3270288500794345, 1.0, 0.35728763483370796], [0.9977176038725244, 0.35728763483370796, 1.0]]}}, "Ig_treated": {"sum_sq": 212.19130717244934, "df": 1.0, "F": 0.5678171373503896, "pvalue": 0.46207309271819974}, "A12_treated": {"sum_sq": 277.0962585653993, "df": 1.0, "F": 0.7496381969808203, "pvalue": 0.3993878516716898}, "Batch": {"sum_sq": 1216.086973420614, "df": 1.0, "F": 3.468812866477776, "pvalue": 0.08365427478738885}, "Quant": {"sum_sq": 21.267721596854987, "df": 1.0, "F": 0.055150692230766366, "pvalue": 0.8173105267784909}}, "4": {"Mouse_ID": {}, "Treatment": {"sum_sq": 359.20495249235245, "df": 2.0, "F": 0.621961466550975, "pvalue": 0.5501771383653906, "tukey_hsd": {"groups": ["A12", "B1-8", "PBS"], "pvalues": [[1.0, 0.5850452127393382, 0.9961362701224798], [0.5850452127393382, 1.0, 0.6356734021180632], [0.9961362701224798, 0.6356734021180632, 1.0]]}}, "Ig_treated": {"sum_sq": 67.50627580614434, "df": 1.0, "F": 0.23362531815293633, "pvalue": 0.6353965262012984}, "A12_treated": {"sum_sq": 114.12437151228166, "df": 1.0, "F": 0.3989840935901412, "pvalue": 0.5365354952578383}, "Batch": {"sum_sq": 584.2742593711778, "df": 1.0, "F": 2.0180450860886827, "pvalue": 0.17732672805749747}, "Quant": {"sum_sq": 675.8424296696617, "df": 1.0, "F": 2.693350259549439, "pvalue": 0.12027514607627766}}, "5": {"Mouse_ID": {}, "Treatment": {"sum_sq": 1797.6614971065603, "df": 2.0, "F": 12.777086242185225, "pvalue": 0.0005759938722495071, "tukey_hsd": {"groups": ["A12", "B1-8", "PBS"], "pvalues": [[1.0, 0.8451834673841503, 0.0026992975678468145], [0.8451834673841503, 1.0, 0.0008991406399668778], [0.0026992975678468145, 0.0008991406399668778, 1.0]]}}, "Ig_treated": {"sum_sq": 1775.9416361233264, "df": 1.0, "F": 26.38534431721598, "pvalue": 9.944657670979721e-05}, "A12_treated": {"sum_sq": 290.18737430814883, "df": 1.0, "F": 1.8117741262795883, "pvalue": 0.1970585047203997}, "Batch": {"sum_sq": 19.307006162587932, "df": 1.0, "F": 0.12476717048411065, "pvalue": 0.7291826526278302}, "Quant": {"sum_sq": 1909.4127435134708, "df": 1.0, "F": 32.38162271549556, "pvalue": 3.3460776413097675e-05}}, "6": {"Mouse_ID": {}, "Treatment": {"sum_sq": 550.4572769196988, "df": 2.0, "F": 1.8322235485619673, "pvalue": 0.19412030895517168, "tukey_hsd": {"groups": ["A12", "B1-8", "PBS"], "pvalues": [[1.0, 0.23625165438070073, 0.27276099467024617], [0.23625165438070073, 1.0, 0.9949963502002662], [0.27276099467024617, 0.9949963502002662, 1.0]]}}, "Ig_treated": {"sum_sq": 114.56944824823903, "df": 1.0, "F": 0.6816763423604346, "pvalue": 0.4211508045571629}, "A12_treated": {"sum_sq": 549.0900682124621, "df": 1.0, "F": 3.896670747955303, "pvalue": 0.06590544740629295}, "Batch": {"sum_sq": 0.627410609122543, "df": 1.0, "F": 0.004169988166135363, "pvalue": 0.9494250454931317}, "Quant": {"sum_sq": 43.46204390560896, "df": 1.0, "F": 0.25193289444600947, "pvalue": 0.6225539267227309}}, "7": {"Mouse_ID": {}, "Treatment": {"sum_sq": 120.46630308213449, "df": 2.0, "F": 0.4401282843407205, "pvalue": 0.6520082362944827, "tukey_hsd": {"groups": ["A12", "B1-8", "PBS"], "pvalues": [[1.0, 0.7264191577346384, 0.6792586249843864], [0.7264191577346384, 1.0, 0.996562120086883], [0.6792586249843864, 0.996562120086883, 1.0]]}}, "Ig_treated": {"sum_sq": 39.30223539898381, "df": 1.0, "F": 0.29467903561748554, "pvalue": 0.5947194705721611}, "A12_treated": {"sum_sq": 119.61125593713068, "df": 1.0, "F": 0.9318877623020841, "pvalue": 0.3487381672111817}, "Batch": {"sum_sq": 3.692841316181028, "df": 1.0, "F": 0.026905638296356726, "pvalue": 0.8720525580689311}, "Quant": {"sum_sq": 164.55665595947514, "df": 1.0, "F": 1.3107423207553284, "pvalue": 0.26909813128355753}}, "8": {"Mouse_ID": {}, "Treatment": {"sum_sq": 131.41312097304137, "df": 2.0, "F": 0.5312319276647799, "pvalue": 0.5985400525069455, "tukey_hsd": {"groups": ["A12", "B1-8", "PBS"], "pvalues": [[1.0, 0.6490810122333313, 0.9999061741076061], [0.6490810122333313, 1.0, 0.6569752914817133], [0.9999061741076061, 0.6569752914817133, 1.0]]}}, "Ig_treated": {"sum_sq": 31.42353149366565, "df": 1.0, "F": 0.2571356496267587, "pvalue": 0.6190120614381734}, "A12_treated": {"sum_sq": 34.3040793652315, "df": 1.0, "F": 0.28112103608321515, "pvalue": 0.603248646201302}, "Batch": {"sum_sq": 72.34321072055825, "df": 1.0, "F": 0.627004630272262, "pvalue": 0.441666879532306}, "Quant": {"sum_sq": 77.52950223184779, "df": 1.0, "F": 0.6497370715353445, "pvalue": 0.4320245962803413}}, "9": {"Mouse_ID": {}, "Treatment": {"sum_sq": 50.43419655519042, "df": 2.0, "F": 0.2250390671634875, "pvalue": 0.8011324850717245, "tukey_hsd": {"groups": ["A12", "B1-8", "PBS"], "pvalues": [[1.0, 0.7999669712583347, 0.8765184857614582], [0.7999669712583347, 1.0, 0.987667846931045], [0.8765184857614582, 0.987667846931045, 1.0]]}}, "Ig_treated": {"sum_sq": 4.3468318236297065, "df": 1.0, "F": 0.04027325465151288, "pvalue": 0.8434760335782945}, "A12_treated": {"sum_sq": 47.90990329663472, "df": 1.0, "F": 0.45537070986764117, "pvalue": 0.5094298874914602}, "Batch": {"sum_sq": 0.6305101013870209, "df": 1.0, "F": 0.006941860128032917, "pvalue": 0.9347784261098268}, "Quant": {"sum_sq": 0.9643833442107662, "df": 1.0, "F": 0.008917513918317941, "pvalue": 0.9259380333954594}}, "10": {"Mouse_ID": {}, "Treatment": {"sum_sq": 77.3437339785472, "df": 2.0, "F": 0.40703615648529035, "pvalue": 0.672754389685022, "tukey_hsd": {"groups": ["A12", "B1-8", "PBS"], "pvalues": [[1.0, 0.7393604426336272, 0.7022071651682193], [0.7393604426336272, 1.0, 0.9978260242610535], [0.7022071651682193, 0.9978260242610535, 1.0]]}}, "Ig_treated": {"sum_sq": 24.17677568844633, "df": 1.0, "F": 0.2616722776754962, "pvalue": 0.6159605916859674}, "A12_treated": {"sum_sq": 76.9686351494791, "df": 1.0, "F": 0.8639051551136984, "pvalue": 0.3664598122283084}, "Batch": {"sum_sq": 14.850411705492448, "df": 1.0, "F": 0.21156588916828442, "pvalue": 0.6526049940335312}, "Quant": {"sum_sq": 0.45908627098428495, "df": 1.0, "F": 0.004890363460879772, "pvalue": 0.9451150539770181}}}