{"R2pv": 0.1, "R2H0": [0.44438721252633595, 0.31417503314664286, 0.4164760484896096, 0.39221127074065076, 0.35166685831459366, 0.41597294120654515, 0.3325955416858095, 0.5084099657213432, 0.34477448885516415, 0.40529740521219904]}