{"R2pv": 0.1, "R2H0": [0.3740376930136261, 0.46222904959624533, 0.35812531971556383, 0.38586160192291497, 0.42077082199936466, 0.4849791537567487, 0.362707995796823, 0.40432837064064875, 0.3770566561288896, 0.4107236265214108]}