{"R2pv": 0.1, "R2H0": [0.47039961441893374, 0.38296030379841106, 0.34402313460549727, 0.3586802743143649, 0.47125903606543185, 0.34009863062390266, 0.3628569243064914, 0.41704094784158274, 0.387939503037242, 0.35938707214407994]}