{"R2pv": 0.1, "R2H0": [0.7648722173771321, 0.7982960689725025, 0.7543449777252436, 0.7572537782023775, 0.7136850320393204, 0.6959715800943458, 0.7481827707622354, 0.7094600144529417, 0.7711137967189781, 0.7656998113003228]}