{"R2pv": 0.1, "R2H0": [0.7086175809482735, 0.7299622494085378, 0.7065570141523969, 0.7365009096882238, 0.7498103942547869, 0.739143380510235, 0.7138971238062171, 0.7589202558283317, 0.7968211912993759, 0.7357657452508066]}