{"R2pv": 0.1, "R2H0": [0.48324161424214496, 0.43233324597631295, 0.4089296938318985, 0.3292388724607196, 0.29753189248344103, 0.3667355928663576, 0.34162727447648045, 0.3935263062519677, 0.35856404249231977, 0.38943446103105017]}