{"R2pv": 0.1, "R2H0": [0.7297804678835242, 0.7435067182205595, 0.7122085413986687, 0.748378632064373, 0.7127551185021774, 0.7423906762755093, 0.7541476892188212, 0.7408000634767897, 0.8009097890667127, 0.7258218484409742]}