{"1": {"Mouse_ID": {}, "Treatment": {"sum_sq": 421.2699474733078, "df": 2.0, "F": 0.24279818079254414, "pvalue": 0.7879084749225217, "tukey_hsd": {"groups": ["A12", "B1-8", "PBS"], "pvalues": [[1.0, 0.7827087227422262, 0.9883200979765195], [0.7827087227422262, 1.0, 0.8703034393701286], [0.9883200979765195, 0.8703034393701286, 1.0]]}}, "Ig_treated": {"sum_sq": 27.99116930151857, "df": 1.0, "F": 0.03357640489590762, "pvalue": 0.8572380031603041}, "A12_treated": {"sum_sq": 200.19963392648964, "df": 1.0, "F": 0.2437430255946927, "pvalue": 0.6291706877629737}, "Batch": {"sum_sq": 70.97758812814041, "df": 1.0, "F": 0.08545488684942802, "pvalue": 0.7743243057135402}, "Quant": {"sum_sq": 5.083621266356425, "df": 1.0, "F": 0.006086039497944113, "pvalue": 0.9389216889279062}}, "2": {"Mouse_ID": {}, "Treatment": {"sum_sq": 2389.9526751679327, "df": 2.0, "F": 2.535551567677107, "pvalue": 0.1175523919790402, "tukey_hsd": {"groups": ["A12", "B1-8", "PBS"], "pvalues": [[1.0, 0.1062422511454113, 0.8054582462852852], [0.1062422511454113, 1.0, 0.3169716147276135], [0.8054582462852852, 0.3169716147276135, 1.0]]}}, "Ig_treated": {"sum_sq": 82.95905712512626, "df": 1.0, "F": 0.13771188139351162, "pvalue": 0.7161216920291642}, "A12_treated": {"sum_sq": 1310.7677866141335, "df": 1.0, "F": 2.5466157364915327, "pvalue": 0.13285009281395585}, "Batch": {"sum_sq": 233.58798864225787, "df": 1.0, "F": 0.39480698760762206, "pvalue": 0.5398993306382263}, "Quant": {"sum_sq": 275.3097293659118, "df": 1.0, "F": 0.46768014831087545, "pvalue": 0.505218956807345}}, "3": {"Mouse_ID": {}, "Treatment": {"sum_sq": 2734.852539745769, "df": 2.0, "F": 4.572472003587552, "pvalue": 0.031357900489905124, "tukey_hsd": {"groups": ["A12", "B1-8", "PBS"], "pvalues": [[1.0, 0.6912880949208982, 0.027469696438409907], [0.6912880949208982, 1.0, 0.14049270264960667], [0.027469696438409907, 0.14049270264960667, 1.0]]}}, "Ig_treated": {"sum_sq": 2528.46750892954, "df": 1.0, "F": 8.646199616810554, "pvalue": 0.010747269972771563}, "A12_treated": {"sum_sq": 1483.1241954669215, "df": 1.0, "F": 4.040062783535415, "pvalue": 0.06410874191897144}, "Batch": {"sum_sq": 2.462375075732741, "df": 1.0, "F": 0.005207344367320894, "pvalue": 0.9434938316056436}, "Quant": {"sum_sq": 2726.4197222975804, "df": 1.0, "F": 9.79678400177083, "pvalue": 0.0073794752425765785}}, "4": {"Mouse_ID": {}, "Treatment": {"sum_sq": 32.6783684443059, "df": 2.0, "F": 0.05263913532298201, "pvalue": 0.9489234622089864, "tukey_hsd": {"groups": ["A12", "B1-8", "PBS"], "pvalues": [[1.0, 0.9449280353412193, 0.9810465459825142], [0.9449280353412193, 1.0, 0.9908609159976781], [0.9810465459825142, 0.9908609159976781, 1.0]]}}, "Ig_treated": {"sum_sq": 0.6388497983661315, "df": 1.0, "F": 0.002199009665613675, "pvalue": 0.963260400072086}, "A12_treated": {"sum_sq": 27.505516675619475, "df": 1.0, "F": 0.0953073706790297, "pvalue": 0.7620815185515787}, "Batch": {"sum_sq": 1.4163756786063233, "df": 1.0, "F": 0.004876293841853963, "pvalue": 0.9453162494288408}, "Quant": {"sum_sq": 28.49489984500921, "df": 1.0, "F": 0.09875979426594615, "pvalue": 0.757957267452806}}, "5": {"Mouse_ID": {}, "Treatment": {"sum_sq": 905.2413831984621, "df": 2.0, "F": 2.791387375520473, "pvalue": 0.09804221910654701, "tukey_hsd": {"groups": ["A12", "B1-8", "PBS"], "pvalues": [[1.0, 0.10926687823979953, 0.9733796701816239], [0.10926687823979953, 1.0, 0.18062280222657423], [0.9733796701816239, 0.18062280222657423, 1.0]]}}, "Ig_treated": {"sum_sq": 123.29694556393711, "df": 1.0, "F": 0.5973107268872896, "pvalue": 0.4524575822801312}, "A12_treated": {"sum_sq": 325.7420501831089, "df": 1.0, "F": 1.6969289609273452, "pvalue": 0.21371143453156605}, "Batch": {"sum_sq": 18.09562064155979, "df": 1.0, "F": 0.084584868322274, "pvalue": 0.7754417102309092}, "Quant": {"sum_sq": 29.976829724446258, "df": 1.0, "F": 0.14067960058548523, "pvalue": 0.7132273290964716}}, "6": {"Mouse_ID": {}, "Treatment": {"sum_sq": 809.8500589468748, "df": 2.0, "F": 2.4053627592135256, "pvalue": 0.1291817965269706, "tukey_hsd": {"groups": ["A12", "B1-8", "PBS"], "pvalues": [[1.0, 0.4644331098954041, 0.11255705585394837], [0.4644331098954041, 1.0, 0.6373984039228296], [0.11255705585394837, 0.6373984039228296, 1.0]]}}, "Ig_treated": {"sum_sq": 560.5153084920942, "df": 1.0, "F": 3.2189888524328696, "pvalue": 0.09440628017559022}, "A12_treated": {"sum_sq": 667.1897868704597, "df": 1.0, "F": 4.006949698805155, "pvalue": 0.06508155899669535}, "Batch": {"sum_sq": 49.592422377917494, "df": 1.0, "F": 0.23545671294932852, "pvalue": 0.6350122044156822}, "Quant": {"sum_sq": 607.6020960607544, "df": 1.0, "F": 3.558130633722466, "pvalue": 0.0801712562960536}}, "7": {"Mouse_ID": {}, "Treatment": {"sum_sq": 247.72152281915987, "df": 2.0, "F": 0.7747331098581898, "pvalue": 0.4809787579615386, "tukey_hsd": {"groups": ["A12", "B1-8", "PBS"], "pvalues": [[1.0, 0.4657807232275729, 0.9488416156638015], [0.4657807232275729, 1.0, 0.6697464502637083], [0.9488416156638015, 0.6697464502637083, 1.0]]}}, "Ig_treated": {"sum_sq": 11.878469102958235, "df": 1.0, "F": 0.07185934741028181, "pvalue": 0.792557812237688}, "A12_treated": {"sum_sq": 127.61690408170287, "df": 1.0, "F": 0.8126672980502658, "pvalue": 0.3825797855736693}, "Batch": {"sum_sq": 1.9036693809075431, "df": 1.0, "F": 0.01146691098212682, "pvalue": 0.9162420121292933}, "Quant": {"sum_sq": 4.798550613053178, "df": 1.0, "F": 0.028940515627018448, "pvalue": 0.8673503539362181}}, "8": {"Mouse_ID": {}, "Treatment": {"sum_sq": 95.91601163548529, "df": 2.0, "F": 0.34351517106254786, "pvalue": 0.7155200285135068, "tukey_hsd": {"groups": ["A12", "B1-8", "PBS"], "pvalues": [[1.0, 0.887995158357935, 0.9168170358617248], [0.887995158357935, 1.0, 0.6929727918869133], [0.9168170358617248, 0.6929727918869133, 1.0]]}}, "Ig_treated": {"sum_sq": 65.54350909859554, "df": 1.0, "F": 0.49726909083792303, "pvalue": 0.49226907205191217}, "A12_treated": {"sum_sq": 0.22274664548778883, "df": 1.0, "F": 0.0016321700814020221, "pvalue": 0.9683446219698005}, "Batch": {"sum_sq": 1.4316065850351858, "df": 1.0, "F": 0.010496700253500751, "pvalue": 0.9198498200009512}, "Quant": {"sum_sq": 310.6910964892699, "df": 1.0, "F": 2.7182933688406283, "pvalue": 0.12145404295956161}}, "9": {"Mouse_ID": {}, "Treatment": {"sum_sq": 503.8367932849305, "df": 2.0, "F": 2.8425714425089055, "pvalue": 0.09460302835857418, "tukey_hsd": {"groups": ["A12", "B1-8", "PBS"], "pvalues": [[1.0, 0.9995651243576358, 0.12612345740322728], [0.9995651243576358, 1.0, 0.14002144713320397], [0.12612345740322728, 0.14002144713320397, 1.0]]}}, "Ig_treated": {"sum_sq": 503.7668714785673, "df": 1.0, "F": 6.121240400124509, "pvalue": 0.026771226634417257}, "A12_treated": {"sum_sq": 132.1553680942356, "df": 1.0, "F": 1.2141963025492064, "pvalue": 0.28908619723224127}, "Batch": {"sum_sq": 1.574140976873441, "df": 1.0, "F": 0.013321090518056238, "pvalue": 0.9097536930274007}, "Quant": {"sum_sq": 77.2663149014927, "df": 1.0, "F": 0.6852128970368119, "pvalue": 0.4216843150665188}}, "10": {"Mouse_ID": {}, "Treatment": {"sum_sq": 58.14244930174485, "df": 2.0, "F": 0.2790823159618627, "pvalue": 0.760897084311271, "tukey_hsd": {"groups": ["A12", "B1-8", "PBS"], "pvalues": [[1.0, 0.8241775921144838, 0.7837026106265403], [0.8241775921144838, 1.0, 0.9971914181321726], [0.7837026106265403, 0.9971914181321726, 1.0]]}}, "Ig_treated": {"sum_sq": 21.027576001905995, "df": 1.0, "F": 0.21159238905275407, "pvalue": 0.6525848191213102}, "A12_treated": {"sum_sq": 57.61093213474937, "df": 1.0, "F": 0.5953716462869013, "pvalue": 0.4531772636548371}, "Batch": {"sum_sq": 7.553942927131588, "df": 1.0, "F": 0.07528334954008788, "pvalue": 0.7878011763227553}, "Quant": {"sum_sq": 3.5991334764198073, "df": 1.0, "F": 0.035768624667205214, "pvalue": 0.8527084895634572}}}