{"1": {"Mouse_ID": {}, "Treatment": {"sum_sq": 122.5948921247127, "df": 2.0, "F": 0.07944744827228598, "pvalue": 0.924012570158743, "tukey_hsd": {"groups": ["A12", "B1-8", "PBS"], "pvalues": [[1.0, 0.9983665918693411, 0.9470463697322545], [0.9983665918693411, 1.0, 0.9279715799920357], [0.9470463697322545, 0.9279715799920357, 1.0]]}}, "Ig_treated": {"sum_sq": 120.3069147122155, "df": 1.0, "F": 0.16629187720109656, "pvalue": 0.6888331078377162}, "A12_treated": {"sum_sq": 17.424530656592914, "df": 1.0, "F": 0.02387253845069956, "pvalue": 0.8791418676522841}, "Batch": {"sum_sq": 854.547897267889, "df": 1.0, "F": 1.1472603788340519, "pvalue": 0.30224181724628935}, "Quant": {"sum_sq": 5.903176656967768, "df": 1.0, "F": 0.008079696521715004, "pvalue": 0.9294925185571803}}, "2": {"Mouse_ID": {}, "Treatment": {"sum_sq": 3280.2933431623624, "df": 2.0, "F": 4.6163923123782, "pvalue": 0.027394256935615657, "tukey_hsd": {"groups": ["A12", "B1-8", "PBS"], "pvalues": [[1.0, 0.02219551589941071, 0.19833871123234348], [0.02219551589941071, 1.0, 0.469690453050157], [0.19833871123234348, 0.469690453050157, 1.0]]}}, "Ig_treated": {"sum_sq": 44.425700150940386, "df": 1.0, "F": 0.0829884649102072, "pvalue": 0.7769859165043438}, "A12_treated": {"sum_sq": 2766.361789100721, "df": 1.0, "F": 7.574864850997522, "pvalue": 0.014168456845634992}, "Batch": {"sum_sq": 8.173367621487994, "df": 1.0, "F": 0.015132262839441498, "pvalue": 0.9038451052891947}, "Quant": {"sum_sq": 1.498553976667972, "df": 1.0, "F": 0.0027853813992588326, "pvalue": 0.9585631452365235}}, "3": {"Mouse_ID": {}, "Treatment": {"sum_sq": 975.6924711168436, "df": 2.0, "F": 1.4030278846373927, "pvalue": 0.276329005105833, "tukey_hsd": {"groups": ["A12", "B1-8", "PBS"], "pvalues": [[1.0, 0.32702885007943616, 0.9977176038725244], [0.32702885007943616, 1.0, 0.3572876348337094], [0.9977176038725244, 0.3572876348337094, 1.0]]}}, "Ig_treated": {"sum_sq": 212.19130717244943, "df": 1.0, "F": 0.5678171373503882, "pvalue": 0.46207309271819974}, "A12_treated": {"sum_sq": 277.09625856539895, "df": 1.0, "F": 0.7496381969808172, "pvalue": 0.3993878516716909}, "Batch": {"sum_sq": 1216.086973420621, "df": 1.0, "F": 3.46881286647779, "pvalue": 0.08365427478738828}, "Quant": {"sum_sq": 21.26772159685445, "df": 1.0, "F": 0.0551506922307648, "pvalue": 0.8173105267784967}}, "4": {"Mouse_ID": {}, "Treatment": {"sum_sq": 359.2049524923552, "df": 2.0, "F": 0.6219614665509801, "pvalue": 0.5501771383653881, "tukey_hsd": {"groups": ["A12", "B1-8", "PBS"], "pvalues": [[1.0, 0.585045212739336, 0.99613627012248], [0.585045212739336, 1.0, 0.6356734021180608], [0.99613627012248, 0.6356734021180608, 1.0]]}}, "Ig_treated": {"sum_sq": 67.50627580614496, "df": 1.0, "F": 0.2336253181529385, "pvalue": 0.6353965262012957}, "A12_treated": {"sum_sq": 114.12437151228227, "df": 1.0, "F": 0.3989840935901433, "pvalue": 0.5365354952578373}, "Batch": {"sum_sq": 584.2742593711762, "df": 1.0, "F": 2.018045086088676, "pvalue": 0.17732672805749808}, "Quant": {"sum_sq": 675.8424296696642, "df": 1.0, "F": 2.6933502595494505, "pvalue": 0.12027514607627687}}, "5": {"Mouse_ID": {}, "Treatment": {"sum_sq": 1797.6614971065183, "df": 2.0, "F": 12.77708624218439, "pvalue": 0.0005759938722496854, "tukey_hsd": {"groups": ["A12", "B1-8", "PBS"], "pvalues": [[1.0, 0.8451834673840786, 0.002699297567848147], [0.8451834673840786, 1.0, 0.0008991406399670998], [0.002699297567848147, 0.0008991406399670998, 1.0]]}}, "Ig_treated": {"sum_sq": 1775.9416361232718, "df": 1.0, "F": 26.38534431721379, "pvalue": 9.94465767098396e-05}, "A12_treated": {"sum_sq": 290.18737430809983, "df": 1.0, "F": 1.8117741262792464, "pvalue": 0.19705850472043943}, "Batch": {"sum_sq": 19.30700616258739, "df": 1.0, "F": 0.12476717048411057, "pvalue": 0.7291826526278302}, "Quant": {"sum_sq": 1909.4127435134353, "df": 1.0, "F": 32.381622715493684, "pvalue": 3.3460776413108334e-05}}, "6": {"Mouse_ID": {}, "Treatment": {"sum_sq": 550.4572769197407, "df": 2.0, "F": 1.8322235485621385, "pvalue": 0.19412030895514493, "tukey_hsd": {"groups": ["A12", "B1-8", "PBS"], "pvalues": [[1.0, 0.23625165438070417, 0.2727609946701727], [0.23625165438070417, 1.0, 0.9949963502002863], [0.2727609946701727, 0.9949963502002863, 1.0]]}}, "Ig_treated": {"sum_sq": 114.56944824829371, "df": 1.0, "F": 0.6816763423607732, "pvalue": 0.4211508045570488}, "A12_treated": {"sum_sq": 549.0900682125093, "df": 1.0, "F": 3.896670747955715, "pvalue": 0.06590544740628008}, "Batch": {"sum_sq": 0.6274106091229513, "df": 1.0, "F": 0.004169988166137952, "pvalue": 0.9494250454931128}, "Quant": {"sum_sq": 43.46204390564343, "df": 1.0, "F": 0.2519328944462122, "pvalue": 0.6225539267225928}}, "7": {"Mouse_ID": {}, "Treatment": {"sum_sq": 120.46630308213575, "df": 2.0, "F": 0.4401282843407235, "pvalue": 0.652008236294481, "tukey_hsd": {"groups": ["A12", "B1-8", "PBS"], "pvalues": [[1.0, 0.7264191577346353, 0.6792586249843855], [0.7264191577346353, 1.0, 0.9965621200868834], [0.6792586249843855, 0.9965621200868834, 1.0]]}}, "Ig_treated": {"sum_sq": 39.30223539898375, "df": 1.0, "F": 0.29467903561748393, "pvalue": 0.5947194705721611}, "A12_treated": {"sum_sq": 119.61125593713216, "df": 1.0, "F": 0.9318877623020924, "pvalue": 0.3487381672111793}, "Batch": {"sum_sq": 3.692841316181218, "df": 1.0, "F": 0.026905638296358038, "pvalue": 0.8720525580689311}, "Quant": {"sum_sq": 164.55665595947625, "df": 1.0, "F": 1.3107423207553324, "pvalue": 0.2690981312835568}}, "8": {"Mouse_ID": {}, "Treatment": {"sum_sq": 131.41312097304117, "df": 2.0, "F": 0.5312319276647796, "pvalue": 0.5985400525069466, "tukey_hsd": {"groups": ["A12", "B1-8", "PBS"], "pvalues": [[1.0, 0.6490810122333316, 0.9999061741076061], [0.6490810122333316, 1.0, 0.6569752914817133], [0.9999061741076061, 0.6569752914817133, 1.0]]}}, "Ig_treated": {"sum_sq": 31.42353149366563, "df": 1.0, "F": 0.2571356496267588, "pvalue": 0.6190120614381734}, "A12_treated": {"sum_sq": 34.30407936523143, "df": 1.0, "F": 0.28112103608321476, "pvalue": 0.603248646201302}, "Batch": {"sum_sq": 72.34321072055779, "df": 1.0, "F": 0.6270046302722577, "pvalue": 0.4416668795323079}, "Quant": {"sum_sq": 77.52950223184727, "df": 1.0, "F": 0.6497370715353407, "pvalue": 0.43202459628034195}}, "9": {"Mouse_ID": {}, "Treatment": {"sum_sq": 50.43419655519066, "df": 2.0, "F": 0.22503906716348882, "pvalue": 0.8011324850717239, "tukey_hsd": {"groups": ["A12", "B1-8", "PBS"], "pvalues": [[1.0, 0.7999669712583343, 0.8765184857614566], [0.7999669712583343, 1.0, 0.9876678469310455], [0.8765184857614566, 0.9876678469310455, 1.0]]}}, "Ig_treated": {"sum_sq": 4.346831823629855, "df": 1.0, "F": 0.040273254651514295, "pvalue": 0.8434760335782945}, "A12_treated": {"sum_sq": 47.909903296634994, "df": 1.0, "F": 0.4553707098676443, "pvalue": 0.5094298874914585}, "Batch": {"sum_sq": 0.6305101013870958, "df": 1.0, "F": 0.006941860128033766, "pvalue": 0.9347784261098194}, "Quant": {"sum_sq": 0.964383344210782, "df": 1.0, "F": 0.008917513918318095, "pvalue": 0.9259380333954448}}, "10": {"Mouse_ID": {}, "Treatment": {"sum_sq": 77.34373397854657, "df": 2.0, "F": 0.4070361564852866, "pvalue": 0.6727543896850243, "tukey_hsd": {"groups": ["A12", "B1-8", "PBS"], "pvalues": [[1.0, 0.7393604426336291, 0.7022071651682216], [0.7393604426336291, 1.0, 0.9978260242610535], [0.7022071651682216, 0.9978260242610535, 1.0]]}}, "Ig_treated": {"sum_sq": 24.176775688446117, "df": 1.0, "F": 0.26167227767549384, "pvalue": 0.6159605916859698}, "A12_treated": {"sum_sq": 76.96863514947844, "df": 1.0, "F": 0.8639051551136905, "pvalue": 0.36645981222831003}, "Batch": {"sum_sq": 14.850411705492919, "df": 1.0, "F": 0.21156588916829105, "pvalue": 0.6526049940335263}, "Quant": {"sum_sq": 0.4590862709842686, "df": 1.0, "F": 0.0048903634608795975, "pvalue": 0.9451150539770181}}}