{"R2pv": 0.1, "R2H0": [0.07897305886908235, 0.12386756032520374, 0.12269699944778123, 0.09652631897562969, 0.07672994838766678, 0.1470863491920673, 0.08138744977597168, 0.0945265796241721, 0.17445344669541496, 0.13345289167620022]}