{"R2pv": 0.1, "R2H0": [0.44576076714792756, 0.5595759039984949, 0.47902687289512735, 0.45852095280224403, 0.47802436460427555, 0.48762118884499717, 0.4567940141503951, 0.5083665807556681, 0.4374711243282494, 0.4388021172070288]}