{"m": {"Factor1": {"P1": 0.03625864849492366, "P2": 0.00860824086859264, "P3": 0.020828666828236416, "P4": 0.08783004538691741, "P6": 0.047127593717844744, "P7": -0.012938502395737704, "P8": -0.012976333152447051, "P9": -0.007291379682856169, "P10": 0.025300547523106582, "P11": -0.00019550671332274825, "P12": 0.0031387364571571776, "P13": -0.005784785371940449, "P14": -0.014377780126242651, "P15": 0.0035914196455069853, "P16": 0.01497308454337674, "P17": 0.013889666297715235, "P18": 0.030604013810219793, "P19": -0.000606086931893989, "P20": -0.014751187083590767, "P21": -0.0004989826332496712, "P22": 0.0230863983165762, "P23": 0.14890180134464834, "P24": -0.003909289902391791, "P25": 0.004078354822805154, "N1": 0.8649200562387905, "N2": 0.035250593045557034, "N3": 0.7655911654009805, "N4": 0.05780998238236678, "N5": 0.8470693992205229, "N6": 0.7833768916761518, "N7": 0.14954147915964316, "N8": 0.7332228734530537, "N9": 0.8501960825085447, "N10": 0.7213409428044637, "N11": 0.8253072846801729, "N12": 0.641881253623484, "N13": 0.723284114006831, "N14": 0.04125290813385975, "N15": -0.03535423612348216, "N16": 0.7210230082365696, "N17": 0.3814385464886719, "N18": 0.7393301085104117, "N19": 0.6458109018679911, "N20": 0.7847525937687253, "N21": 0.7068351849158946, "N22": 0.6994826159105925, "N23": 0.6557435189569791, "N24": 0.8325714883040047, "N25": 0.797243729866018}, "Factor2": {"P1": -0.7411979371688676, "P2": -0.0005813753818790392, "P3": 0.6338697655775297, "P4": 0.07037244805545406, "P6": 0.2489846725423546, "P7": 0.2257837669028114, "P8": -0.0037112731520437393, "P9": -0.8556896116652914, "P10": 0.1913808414704183, "P11": -0.002810932458734291, "P12": -0.9236583019792202, "P13": 0.08402387180144322, "P14": 0.03839697736328334, "P15": 0.4605563454046194, "P16": -0.16063967703306398, "P17": -0.43878630622606024, "P18": 0.697235787653829, "P19": 0.7554516875077087, "P20": 0.3492963164262338, "P21": -0.8072660401079531, "P22": 0.29989937568119557, "P23": 0.08375606651207194, "P24": -0.37434682482245196, "P25": -0.41810622645625706, "N1": -0.0009480471245699653, "N2": 0.02919920666145775, "N3": 0.026248786176613394, "N4": 0.009122605757909059, "N5": 0.33319835979665313, "N6": 0.4547612808732656, "N7": 0.03338842425104555, "N8": 0.02698980439746415, "N9": 0.18788795902366032, "N10": -0.12823750537716586, "N11": 0.2667253135654191, "N12": -0.4363393532994986, "N13": -0.2996076945459891, "N14": -0.40304679367561436, "N15": 0.0018066433445398024, "N16": -0.29744687317761476, "N17": -0.029213763720481064, "N18": -0.33140289329995826, "N19": -0.4862222153781841, "N20": 0.45818175051271925, "N21": 0.1485459120134304, "N22": -0.595641805252118, "N23": -0.021233654787417525, "N24": -0.13665405644302966, "N25": -0.0005452842232289354}, "Factor3": {"P1": -0.28293939203759, "P2": 0.8603554202619462, "P3": -0.04755998049053149, "P4": -0.31846132577900627, "P6": -0.436206393921802, "P7": 0.8408849457992699, "P8": 0.8939542039542411, "P9": -0.029191071995023826, "P10": 0.019103066337735453, "P11": 0.7210448900057596, "P12": -0.003494746787349909, "P13": -0.17896744630359201, "P14": 0.4919791510940697, "P15": 0.7201957916104534, "P16": 0.5507928338375909, "P17": -0.002024581040608242, "P18": -0.23105743424627603, "P19": 0.4919974415975856, "P20": 0.7815502387894643, "P21": -0.23518398876152033, "P22": 0.7061938493810253, "P23": -0.13705644221150132, "P24": 0.7160588345906198, "P25": -0.020284021454490597, "N1": -0.003261385115045243, "N2": 0.054275398995651196, "N3": -0.0030052823280692434, "N4": -0.013121547252414408, "N5": 0.00046104224643619724, "N6": 0.1770756379893887, "N7": -0.02450788046101568, "N8": -2.4564636403142523e-05, "N9": 0.008872748337275969, "N10": -0.019128374626344327, "N11": -0.006488236962774836, "N12": -0.01451820461168046, "N13": 0.009967736378828446, "N14": -0.012929840859471992, "N15": 0.035065640681124444, "N16": 0.0188026440418367, "N17": -0.07823190307088085, "N18": 0.009433742180827176, "N19": -0.0021647977334373417, "N20": -0.000329652066972257, "N21": 0.01370699343191964, "N22": 0.0021960315834684456, "N23": -0.019040607374367663, "N24": -0.002125088812315294, "N25": -0.007162660769460049}, "Factor4": {"P1": 0.0094479260777659, "P2": 0.35253808348875554, "P3": 0.4176214266350166, "P4": -0.18476081843345094, "P6": 0.04899456837281702, "P7": -0.011836304548949173, "P8": 0.004971482906485594, "P9": -0.07908947785262942, "P10": 0.5329845282821689, "P11": 0.00413915316272843, "P12": 0.0330735096884671, "P13": 0.4562495396203045, "P14": 0.6131474021587993, "P15": -0.30454094456530767, "P16": 0.5695432296455882, "P17": 0.012545333693034373, "P18": 0.04636984575285023, "P19": -0.2983146807570797, "P20": 0.0023101325869426693, "P21": -0.45258217837068154, "P22": -0.38342993552156235, "P23": 0.0645861577556046, "P24": 0.3934794771929195, "P25": 0.008057869978509331, "N1": -0.1602648792593926, "N2": 0.015199010557200804, "N3": -0.4061386571354187, "N4": -0.08094083463277277, "N5": -0.005772819198978101, "N6": 0.002969528199083361, "N7": 0.53779700869519, "N8": 0.0011537451702951565, "N9": -0.0057291121942885034, "N10": -0.010154315772349145, "N11": 0.2551097543767281, "N12": -0.12498115542868383, "N13": 0.06197401724385771, "N14": -0.2540400734502589, "N15": 0.7275650920456016, "N16": -0.18378070184783413, "N17": 0.024479454569479878, "N18": -0.15350748591297037, "N19": 0.0012552560991142424, "N20": 0.012946840720929149, "N21": -0.34201512324626043, "N22": 0.0010974853829703584, "N23": -0.006132646102381914, "N24": 0.00849881095001795, "N25": -0.009514800952331025}, "Factor5": {"P1": -0.0032837595641591324, "P2": -0.007281578599602147, "P3": -0.00659966825120096, "P4": -0.044278521024208296, "P6": -0.04583614006086904, "P7": -0.0016701292088528896, "P8": 0.05752200349182326, "P9": -0.18673823213070648, "P10": -0.06738235915611593, "P11": 0.034747111913424486, "P12": -0.027476607985944146, "P13": 0.4608121276670163, "P14": -0.026197799288368056, "P15": -0.003077013071167661, "P16": -0.0008580896242893997, "P17": -0.14647324178455193, "P18": -0.016746649772116932, "P19": -0.0014781756849527026, "P20": -0.018233967438259918, "P21": 0.00029455122064482516, "P22": 0.005360183253686932, "P23": 0.21111863664425629, "P24": -0.1735105329164155, "P25": -0.11536817661671604, "N1": 0.003337585629597358, "N2": -0.10013749427450526, "N3": 0.007361085951396412, "N4": -0.1939560359612991, "N5": -0.02075722526136177, "N6": -0.010835878415283603, "N7": 0.3294532317291731, "N8": 0.39034783216033064, "N9": -0.013926581891762506, "N10": 0.19388563894353814, "N11": 0.021692985234742432, "N12": -0.1098517610987821, "N13": 0.24887143339810902, "N14": -0.028963228787034098, "N15": -0.004329719846526788, "N16": -0.05128004606942204, "N17": 0.39763715460688026, "N18": -0.016212372838810957, "N19": 0.36512182582771613, "N20": -0.3230951434523012, "N21": -0.03187336116418662, "N22": -0.002728607232887285, "N23": 0.43917806141942073, "N24": 0.037078031585419, "N25": 0.14273420395239564}}}