{"1": {"Mouse_ID": {}, "Treatment": {"sum_sq": 122.59489212471318, "df": 2.0, "F": 0.07944744827228625, "pvalue": 0.924012570158743, "tukey_hsd": {"groups": ["A12", "B1-8", "PBS"], "pvalues": [[1.0, 0.9983665918693408, 0.9470463697322551], [0.9983665918693408, 1.0, 0.9279715799920352], [0.9470463697322551, 0.9279715799920352, 1.0]]}}, "Ig_treated": {"sum_sq": 120.30691471221546, "df": 1.0, "F": 0.16629187720109645, "pvalue": 0.6888331078377162}, "A12_treated": {"sum_sq": 17.42453065659238, "df": 1.0, "F": 0.023872538450698824, "pvalue": 0.8791418676522841}, "Batch": {"sum_sq": 854.547897267889, "df": 1.0, "F": 1.1472603788340519, "pvalue": 0.30224181724628935}, "Quant": {"sum_sq": 5.903176656967753, "df": 1.0, "F": 0.00807969652171498, "pvalue": 0.9294925185571803}}, "2": {"Mouse_ID": {}, "Treatment": {"sum_sq": 3280.2933431623615, "df": 2.0, "F": 4.61639231237818, "pvalue": 0.027394256935615986, "tukey_hsd": {"groups": ["A12", "B1-8", "PBS"], "pvalues": [[1.0, 0.022195515899410934, 0.1983387112323446], [0.022195515899410934, 1.0, 0.4696904530501589], [0.1983387112323446, 0.4696904530501589, 1.0]]}}, "Ig_treated": {"sum_sq": 44.42570015094064, "df": 1.0, "F": 0.08298846491020745, "pvalue": 0.7769859165043438}, "A12_treated": {"sum_sq": 2766.361789100722, "df": 1.0, "F": 7.574864850997497, "pvalue": 0.014168456845635113}, "Batch": {"sum_sq": 8.173367621487987, "df": 1.0, "F": 0.015132262839441439, "pvalue": 0.9038451052891947}, "Quant": {"sum_sq": 1.4985539766679983, "df": 1.0, "F": 0.0027853813992588738, "pvalue": 0.9585631452365235}}, "3": {"Mouse_ID": {}, "Treatment": {"sum_sq": 975.6924711168515, "df": 2.0, "F": 1.4030278846374034, "pvalue": 0.2763290051058306, "tukey_hsd": {"groups": ["A12", "B1-8", "PBS"], "pvalues": [[1.0, 0.32702885007943316, 0.9977176038725243], [0.32702885007943316, 1.0, 0.35728763483370696], [0.9977176038725243, 0.35728763483370696, 1.0]]}}, "Ig_treated": {"sum_sq": 212.1913071724506, "df": 1.0, "F": 0.5678171373503905, "pvalue": 0.4620730927181983}, "A12_treated": {"sum_sq": 277.0962585654023, "df": 1.0, "F": 0.7496381969808253, "pvalue": 0.3993878516716891}, "Batch": {"sum_sq": 1216.0869734206194, "df": 1.0, "F": 3.4688128664777764, "pvalue": 0.08365427478738885}, "Quant": {"sum_sq": 21.267721596855164, "df": 1.0, "F": 0.055150692230766574, "pvalue": 0.8173105267784909}}, "4": {"Mouse_ID": {}, "Treatment": {"sum_sq": 359.2049524923535, "df": 2.0, "F": 0.6219614665509767, "pvalue": 0.5501771383653896, "tukey_hsd": {"groups": ["A12", "B1-8", "PBS"], "pvalues": [[1.0, 0.5850452127393371, 0.9961362701224798], [0.5850452127393371, 1.0, 0.6356734021180627], [0.9961362701224798, 0.6356734021180627, 1.0]]}}, "Ig_treated": {"sum_sq": 67.50627580614437, "df": 1.0, "F": 0.23362531815293638, "pvalue": 0.6353965262012984}, "A12_treated": {"sum_sq": 114.12437151228211, "df": 1.0, "F": 0.3989840935901427, "pvalue": 0.5365354952578373}, "Batch": {"sum_sq": 584.2742593711783, "df": 1.0, "F": 2.0180450860886845, "pvalue": 0.17732672805749747}, "Quant": {"sum_sq": 675.8424296696638, "df": 1.0, "F": 2.6933502595494487, "pvalue": 0.12027514607627718}}, "5": {"Mouse_ID": {}, "Treatment": {"sum_sq": 1797.661497106494, "df": 2.0, "F": 12.777086242183797, "pvalue": 0.0005759938722498111, "tukey_hsd": {"groups": ["A12", "B1-8", "PBS"], "pvalues": [[1.0, 0.8451834673840295, 0.002699297567848813], [0.8451834673840295, 1.0, 0.0008991406399672108], [0.002699297567848813, 0.0008991406399672108, 1.0]]}}, "Ig_treated": {"sum_sq": 1775.9416361232381, "df": 1.0, "F": 26.385344317212244, "pvalue": 9.944657670986966e-05}, "A12_treated": {"sum_sq": 290.1873743080669, "df": 1.0, "F": 1.8117741262790106, "pvalue": 0.19705850472046707}, "Batch": {"sum_sq": 19.307006162587196, "df": 1.0, "F": 0.12476717048411136, "pvalue": 0.7291826526278302}, "Quant": {"sum_sq": 1909.412743513419, "df": 1.0, "F": 32.381622715492526, "pvalue": 3.346077641311493e-05}}, "6": {"Mouse_ID": {}, "Treatment": {"sum_sq": 550.457276919773, "df": 2.0, "F": 1.8322235485622658, "pvalue": 0.19412030895512522, "tukey_hsd": {"groups": ["A12", "B1-8", "PBS"], "pvalues": [[1.0, 0.2362516543807056, 0.27276099467012016], [0.2362516543807056, 1.0, 0.9949963502003003], [0.27276099467012016, 0.9949963502003003, 1.0]]}}, "Ig_treated": {"sum_sq": 114.56944824833248, "df": 1.0, "F": 0.6816763423610115, "pvalue": 0.4211508045569695}, "A12_treated": {"sum_sq": 549.0900682125457, "df": 1.0, "F": 3.8966707479560223, "pvalue": 0.0659054474062704}, "Batch": {"sum_sq": 0.6274106091233185, "df": 1.0, "F": 0.004169988166140294, "pvalue": 0.9494250454931034}, "Quant": {"sum_sq": 43.462043905668445, "df": 1.0, "F": 0.2519328944463588, "pvalue": 0.6225539267224924}}, "7": {"Mouse_ID": {}, "Treatment": {"sum_sq": 120.46630308213581, "df": 2.0, "F": 0.44012828434072393, "pvalue": 0.6520082362944805, "tukey_hsd": {"groups": ["A12", "B1-8", "PBS"], "pvalues": [[1.0, 0.7264191577346326, 0.6792586249843872], [0.7264191577346326, 1.0, 0.9965621200868839], [0.6792586249843872, 0.9965621200868839, 1.0]]}}, "Ig_treated": {"sum_sq": 39.30223539898288, "df": 1.0, "F": 0.2946790356174773, "pvalue": 0.5947194705721657}, "A12_treated": {"sum_sq": 119.61125593713231, "df": 1.0, "F": 0.9318877623020938, "pvalue": 0.3487381672111793}, "Batch": {"sum_sq": 3.6928413161812275, "df": 1.0, "F": 0.026905638296358104, "pvalue": 0.8720525580689311}, "Quant": {"sum_sq": 164.5566559594759, "df": 1.0, "F": 1.3107423207553295, "pvalue": 0.2690981312835568}}, "8": {"Mouse_ID": {}, "Treatment": {"sum_sq": 131.4131209730406, "df": 2.0, "F": 0.5312319276647768, "pvalue": 0.5985400525069476, "tukey_hsd": {"groups": ["A12", "B1-8", "PBS"], "pvalues": [[1.0, 0.6490810122333359, 0.9999061741076062], [0.6490810122333359, 1.0, 0.6569752914817115], [0.9999061741076062, 0.6569752914817115, 1.0]]}}, "Ig_treated": {"sum_sq": 31.42353149366661, "df": 1.0, "F": 0.2571356496267668, "pvalue": 0.619012061438166}, "A12_treated": {"sum_sq": 34.30407936523014, "df": 1.0, "F": 0.2811210360832039, "pvalue": 0.6032486462013091}, "Batch": {"sum_sq": 72.34321072055802, "df": 1.0, "F": 0.6270046302722613, "pvalue": 0.44166687953230666}, "Quant": {"sum_sq": 77.52950223184583, "df": 1.0, "F": 0.6497370715353278, "pvalue": 0.4320245962803472}}, "9": {"Mouse_ID": {}, "Treatment": {"sum_sq": 50.43419655519096, "df": 2.0, "F": 0.22503906716348995, "pvalue": 0.8011324850717232, "tukey_hsd": {"groups": ["A12", "B1-8", "PBS"], "pvalues": [[1.0, 0.7999669712583323, 0.8765184857614579], [0.7999669712583323, 1.0, 0.9876678469310445], [0.8765184857614579, 0.9876678469310445, 1.0]]}}, "Ig_treated": {"sum_sq": 4.34683182362964, "df": 1.0, "F": 0.040273254651512255, "pvalue": 0.8434760335782945}, "A12_treated": {"sum_sq": 47.90990329663513, "df": 1.0, "F": 0.4553707098676451, "pvalue": 0.5094298874914585}, "Batch": {"sum_sq": 0.63051010138697, "df": 1.0, "F": 0.006941860128032345, "pvalue": 0.9347784261098268}, "Quant": {"sum_sq": 0.9643833442106889, "df": 1.0, "F": 0.008917513918317228, "pvalue": 0.9259380333954594}}, "10": {"Mouse_ID": {}, "Treatment": {"sum_sq": 77.34373397854723, "df": 2.0, "F": 0.4070361564852901, "pvalue": 0.672754389685022, "tukey_hsd": {"groups": ["A12", "B1-8", "PBS"], "pvalues": [[1.0, 0.739360442633627, 0.7022071651682196], [0.739360442633627, 1.0, 0.9978260242610535], [0.7022071651682196, 0.9978260242610535, 1.0]]}}, "Ig_treated": {"sum_sq": 24.176775688446305, "df": 1.0, "F": 0.2616722776754958, "pvalue": 0.6159605916859698}, "A12_treated": {"sum_sq": 76.96863514947914, "df": 1.0, "F": 0.8639051551136983, "pvalue": 0.3664598122283084}, "Batch": {"sum_sq": 14.850411705492975, "df": 1.0, "F": 0.2115658891682923, "pvalue": 0.6526049940335252}, "Quant": {"sum_sq": 0.45908627098428983, "df": 1.0, "F": 0.004890363460879822, "pvalue": 0.9451150539770181}}}