{"R2pv": 0.1, "R2H0": [0.7024952601894151, 0.688200282680022, 0.705694587722124, 0.7097540773957147, 0.6703795205661798, 0.7067158175977546, 0.7506547985168968, 0.7384700012789751, 0.6849759485208173, 0.6364425189302988]}