{"R2pv": 0.1, "R2H0": [0.773705747154189, 0.6890131799991649, 0.7368512932290474, 0.7698661110138445, 0.8026947194790687, 0.7260220172291318, 0.724148167954346, 0.6743396878738469, 0.7415764514697674, 0.7337141122997022]}