{"R2pv": 0.1, "R2H0": [0.7393789151168126, 0.7162195827263763, 0.8117132258069405, 0.7308093883334792, 0.7699179678890509, 0.6970919428907197, 0.7742701872814235, 0.7338115634514506, 0.7291221485294864, 0.7133112041269485]}