{"1": {"Sample_ID": {}, "Group": {"sum_sq": 36473.56806624008, "df": 1.0, "F": 249.4917718405504, "pvalue": 5.093922808501347e-40}, "WOS": {"sum_sq": 55001.518534106144, "df": 1.0, "F": 723.6105390377687, "pvalue": 1.3306917541807856e-77}, "WOS_4G": {"sum_sq": 57698.42775722845, "df": 3.0, "F": 290.10285968005246, "pvalue": 6.077990799827863e-83, "tukey_hsd": {"groups": ["Healthy", "Mild", "Moderate", "Severe"], "pvalues": [[1.0, 9.719639971317307e-06, 0.0, 0.0], [9.719639971317307e-06, 1.0, 0.0, 0.0], [0.0, 0.0, 1.0, 7.134416502019292e-09], [0.0, 0.0, 7.134416502019292e-09, 1.0]]}}, "Age": {"sum_sq": 4117.0491574899825, "df": 1.0, "F": 15.31902248788796, "pvalue": 0.00011560839067499834}, "Sex": {"sum_sq": 2655.9443928526666, "df": 1.0, "F": 9.68303133375502, "pvalue": 0.0020639898597810393}}, "2": {"Sample_ID": {}, "Group": {"sum_sq": 3725.392622345778, "df": 1.0, "F": 32.21174474224156, "pvalue": 3.632893338327745e-08}, "WOS": {"sum_sq": 3219.265208818442, "df": 1.0, "F": 27.381598783805323, "pvalue": 3.407362188162922e-07}, "WOS_4G": {"sum_sq": 5162.583947027449, "df": 3.0, "F": 15.496187527274557, "pvalue": 2.6153388410816305e-09, "tukey_hsd": {"groups": ["Healthy", "Mild", "Moderate", "Severe"], "pvalues": [[1.0, 3.117245009898184e-07, 0.0979582629349175, 6.7687841176500285e-06], [3.117245009898184e-07, 1.0, 0.013029080272225602, 0.995823746441585], [0.0979582629349175, 0.013029080272225602, 1.0, 0.020457129964540743], [6.7687841176500285e-06, 0.995823746441585, 0.020457129964540743, 1.0]]}}, "Age": {"sum_sq": 1554.1536091032276, "df": 1.0, "F": 12.545877860179546, "pvalue": 0.00046931726519419903}, "Sex": {"sum_sq": 162.1129325187321, "df": 1.0, "F": 1.2552248649436946, "pvalue": 0.26357506917124746}}, "3": {"Sample_ID": {}, "Group": {"sum_sq": 1236.9821450531956, "df": 1.0, "F": 11.716985650156067, "pvalue": 0.0007177143000168613}, "WOS": {"sum_sq": 105.11099069880112, "df": 1.0, "F": 0.9567800518145131, "pvalue": 0.3288949581911589}, "WOS_4G": {"sum_sq": 5454.588047944618, "df": 3.0, "F": 20.139552276686548, "pvalue": 8.914566671904338e-12, "tukey_hsd": {"groups": ["Healthy", "Mild", "Moderate", "Severe"], "pvalues": [[1.0, 2.695488277026925e-11, 0.9339345826490706, 0.3780634480311428], [2.695488277026925e-11, 1.0, 4.425230182292239e-10, 0.0007741131907645915], [0.9339345826490706, 4.425230182292239e-10, 1.0, 0.2483810535182569], [0.3780634480311428, 0.0007741131907645915, 0.2483810535182569, 1.0]]}}, "Age": {"sum_sq": 1682.2248867091469, "df": 1.0, "F": 16.19311730273053, "pvalue": 7.476286912585733e-05}, "Sex": {"sum_sq": 300.69091607114166, "df": 1.0, "F": 2.7556424601464364, "pvalue": 0.09809917368313863}}, "4": {"Sample_ID": {}, "Group": {"sum_sq": 51.00701342647976, "df": 1.0, "F": 0.49960362806311415, "pvalue": 0.4802977310302462}, "WOS": {"sum_sq": 381.3347878098644, "df": 1.0, "F": 3.78144307002764, "pvalue": 0.05288589033537298}, "WOS_4G": {"sum_sq": 1472.601981367078, "df": 3.0, "F": 5.037203674847462, "pvalue": 0.002072515346660418, "tukey_hsd": {"groups": ["Healthy", "Mild", "Moderate", "Severe"], "pvalues": [[1.0, 0.16208137144482382, 0.6485784432724409, 0.05582074886567745], [0.16208137144482382, 1.0, 0.8094085130411091, 0.0015159511876329246], [0.6485784432724409, 0.8094085130411091, 1.0, 0.011374674722880007], [0.05582074886567745, 0.0015159511876329246, 0.011374674722880007, 1.0]]}}, "Age": {"sum_sq": 2112.8514773452066, "df": 1.0, "F": 22.40921363540708, "pvalue": 3.597228298915079e-06}, "Sex": {"sum_sq": 4.474055614527287, "df": 1.0, "F": 0.04374696492318721, "pvalue": 0.8344863918656172}}, "5": {"Sample_ID": {}, "Group": {"sum_sq": 921.857144684939, "df": 1.0, "F": 12.980458533251774, "pvalue": 0.0003760575291740549}, "WOS": {"sum_sq": 112.70464584006527, "df": 1.0, "F": 1.5213126740075393, "pvalue": 0.21851799141285058}, "WOS_4G": {"sum_sq": 1498.6877702049662, "df": 3.0, "F": 7.202529289552765, "pvalue": 0.00011572739466434797, "tukey_hsd": {"groups": ["Healthy", "Mild", "Moderate", "Severe"], "pvalues": [[1.0, 0.00022175802754997864, 0.02757890548215358, 0.9980237999584611], [0.00022175802754997864, 1.0, 0.47876679417455326, 0.022067567371636065], [0.02757890548215358, 0.47876679417455326, 1.0, 0.28794096117434365], [0.9980237999584611, 0.022067567371636065, 0.28794096117434365, 1.0]]}}, "Age": {"sum_sq": 2427.3987107856724, "df": 1.0, "F": 37.163902434622884, "pvalue": 3.836065757865736e-09}, "Sex": {"sum_sq": 45.19073574087536, "df": 1.0, "F": 0.607896286471211, "pvalue": 0.43627939997426135}}, "6": {"Sample_ID": {}, "Group": {"sum_sq": 825.9331773059455, "df": 1.0, "F": 12.663239820035802, "pvalue": 0.00044202816553861896}, "WOS": {"sum_sq": 167.60602541524634, "df": 1.0, "F": 2.4751113476836273, "pvalue": 0.1168588882451302}, "WOS_4G": {"sum_sq": 1474.4475077624154, "df": 3.0, "F": 7.7710228734928535, "pvalue": 5.447971709488352e-05, "tukey_hsd": {"groups": ["Healthy", "Mild", "Moderate", "Severe"], "pvalues": [[1.0, 0.0006160224050164587, 0.006425098285559705, 0.9891977426901001], [0.0006160224050164587, 1.0, 0.8376471598994897, 0.010769915430002275], [0.006425098285559705, 0.8376471598994897, 1.0, 0.055229328091294216], [0.9891977426901001, 0.010769915430002275, 0.055229328091294216, 1.0]]}}, "Age": {"sum_sq": 52.09688861596247, "df": 1.0, "F": 0.7643985166367728, "pvalue": 0.38275015900679443}, "Sex": {"sum_sq": 343.486706432853, "df": 1.0, "F": 5.122817880809369, "pvalue": 0.02442548895890069}}, "7": {"Sample_ID": {}, "Group": {"sum_sq": 6.163245506471886, "df": 1.0, "F": 0.09946585631827269, "pvalue": 0.7527207282460582}, "WOS": {"sum_sq": 8.733699652642947, "df": 1.0, "F": 0.1409714148978282, "pvalue": 0.7076186883796932}, "WOS_4G": {"sum_sq": 890.8947406260495, "df": 3.0, "F": 5.028224745018126, "pvalue": 0.0020975146240622368, "tukey_hsd": {"groups": ["Healthy", "Mild", "Moderate", "Severe"], "pvalues": [[1.0, 0.2782415824653178, 0.04444650063437894, 0.8279756213421228], [0.2782415824653178, 1.0, 0.0018377452221778334, 0.9426530854284418], [0.04444650063437894, 0.0018377452221778334, 1.0, 0.04983665891997391], [0.8279756213421228, 0.9426530854284418, 0.04983665891997391, 1.0]]}}, "Age": {"sum_sq": 1479.245361889063, "df": 1.0, "F": 26.23539625928973, "pvalue": 5.837289810876413e-07}, "Sex": {"sum_sq": 5.7365880302102275, "df": 1.0, "F": 0.0925778079650404, "pvalue": 0.7611649284401469}}, "8": {"Sample_ID": {}, "Group": {"sum_sq": 406.82162375976276, "df": 1.0, "F": 7.449275994247427, "pvalue": 0.00677283498029996}, "WOS": {"sum_sq": 88.03057607378976, "df": 1.0, "F": 1.5770498984781907, "pvalue": 0.21029641663747262}, "WOS_4G": {"sum_sq": 567.3447703268588, "df": 3.0, "F": 3.4753269904315762, "pvalue": 0.016607304998891813, "tukey_hsd": {"groups": ["Healthy", "Mild", "Moderate", "Severe"], "pvalues": [[1.0, 0.033115395205660314, 0.09767989343031835, 0.9870444484927252], [0.033115395205660314, 1.0, 0.9440679635014118, 0.3279948805659517], [0.09767989343031835, 0.9440679635014118, 1.0, 0.568332008574795], [0.9870444484927252, 0.3279948805659517, 0.568332008574795, 1.0]]}}, "Age": {"sum_sq": 33.929838455933165, "df": 1.0, "F": 0.6056227892508784, "pvalue": 0.43713758657784274}, "Sex": {"sum_sq": 596.6765811508287, "df": 1.0, "F": 11.071485989368751, "pvalue": 0.0010012933590757259}}, "9": {"Sample_ID": {}, "Group": {"sum_sq": 169.67053788158884, "df": 1.0, "F": 3.3177763282138875, "pvalue": 0.0696661217133872}, "WOS": {"sum_sq": 3.6955044875209997, "df": 1.0, "F": 0.07138515473762076, "pvalue": 0.7895391672435942}, "WOS_4G": {"sum_sq": 1366.209420501147, "df": 3.0, "F": 9.697005733605293, "pvalue": 4.3253097385116065e-06, "tukey_hsd": {"groups": ["Healthy", "Mild", "Moderate", "Severe"], "pvalues": [[1.0, 0.245818564917487, 0.002244776719646291, 0.028828323527057775], [0.245818564917487, 1.0, 0.6210212747197277, 0.0012352756688909228], [0.002244776719646291, 0.6210212747197277, 1.0, 6.4099050651744705e-06], [0.028828323527057775, 0.0012352756688909228, 6.4099050651744705e-06, 1.0]]}},