{"1":{"Explained_Variance":0.0803108517},"2":{"Explained_Variance":0.0366504064},"3":{"Explained_Variance":0.0311408006},"4":{"Explained_Variance":0.0288900343},"5":{"Explained_Variance":0.0210446371},"6":{"Explained_Variance":0.0193050201},"7":{"Explained_Variance":0.0175074012},"8":{"Explained_Variance":0.0158597877},"9":{"Explained_Variance":0.0146253373},"10":{"Explained_Variance":0.0142842973}}