{"R2pv": 0.1, "R2H0": [0.6328224575503597, 0.639009728079161, 0.6843526098848991, 0.6451403726886733, 0.667250660723383, 0.6811314826978574, 0.575157394608266, 0.6658942891789866, 0.6941430595958992, 0.708300896770832]}