{"R2pv": 0.1, "R2H0": [0.18148317805712444, 0.1382618312292333, 0.24902551161466013, 0.232973115292347, 0.2395789202919617, 0.25657225071733536, 0.20801871910920322, 0.2495168941450593, 0.28768100512573813, 0.2521409816830389]}