{"R2pv": 0.1, "R2H0": [0.6892014064147785, 0.6415986194878942, 0.7021466265185919, 0.7202417199236264, 0.6911457838867461, 0.7154820276376244, 0.709875753586406, 0.7226219247078465, 0.7107829732946249, 0.7538230646425048]}