{"1": {"Mouse_ID": {}, "Treatment": {"sum_sq": 421.2699474733088, "df": 2.0, "F": 0.24279818079254437, "pvalue": 0.7879084749225217, "tukey_hsd": {"groups": ["A12", "B1-8", "PBS"], "pvalues": [[1.0, 0.7827087227422261, 0.9883200979765195], [0.7827087227422261, 1.0, 0.8703034393701286], [0.9883200979765195, 0.8703034393701286, 1.0]]}}, "Ig_treated": {"sum_sq": 27.991169301518593, "df": 1.0, "F": 0.03357640489590761, "pvalue": 0.8572380031603041}, "A12_treated": {"sum_sq": 200.19963392649007, "df": 1.0, "F": 0.24374302559469294, "pvalue": 0.6291706877629737}, "Batch": {"sum_sq": 70.97758812814058, "df": 1.0, "F": 0.08545488684942816, "pvalue": 0.7743243057135402}, "Quant": {"sum_sq": 5.083621266356444, "df": 1.0, "F": 0.006086039497944129, "pvalue": 0.9389216889279062}}, "2": {"Mouse_ID": {}, "Treatment": {"sum_sq": 2389.952675167929, "df": 2.0, "F": 2.535551567677108, "pvalue": 0.1175523919790402, "tukey_hsd": {"groups": ["A12", "B1-8", "PBS"], "pvalues": [[1.0, 0.10624225114541108, 0.8054582462852848], [0.10624225114541108, 1.0, 0.3169716147276138], [0.8054582462852848, 0.3169716147276138, 1.0]]}}, "Ig_treated": {"sum_sq": 82.95905712512594, "df": 1.0, "F": 0.1377118813935113, "pvalue": 0.7161216920291658}, "A12_treated": {"sum_sq": 1310.767786614133, "df": 1.0, "F": 2.546615736491536, "pvalue": 0.1328500928139557}, "Batch": {"sum_sq": 233.58798864225764, "df": 1.0, "F": 0.3948069876076223, "pvalue": 0.5398993306382263}, "Quant": {"sum_sq": 275.3097293659117, "df": 1.0, "F": 0.4676801483108762, "pvalue": 0.505218956807345}}, "3": {"Mouse_ID": {}, "Treatment": {"sum_sq": 2734.852539745761, "df": 2.0, "F": 4.572472003587553, "pvalue": 0.031357900489905124, "tukey_hsd": {"groups": ["A12", "B1-8", "PBS"], "pvalues": [[1.0, 0.6912880949208968, 0.027469696438409907], [0.6912880949208968, 1.0, 0.14049270264960723], [0.027469696438409907, 0.14049270264960723, 1.0]]}}, "Ig_treated": {"sum_sq": 2528.46750892953, "df": 1.0, "F": 8.646199616810545, "pvalue": 0.010747269972771605}, "A12_treated": {"sum_sq": 1483.1241954669201, "df": 1.0, "F": 4.040062783535425, "pvalue": 0.06410874191897113}, "Batch": {"sum_sq": 2.462375075732708, "df": 1.0, "F": 0.00520734436732084, "pvalue": 0.9434938316056436}, "Quant": {"sum_sq": 2726.4197222975704, "df": 1.0, "F": 9.79678400177082, "pvalue": 0.0073794752425765985}}, "4": {"Mouse_ID": {}, "Treatment": {"sum_sq": 32.6783684443049, "df": 2.0, "F": 0.0526391353229804, "pvalue": 0.9489234622089885, "tukey_hsd": {"groups": ["A12", "B1-8", "PBS"], "pvalues": [[1.0, 0.9449280353412208, 0.9810465459825154], [0.9449280353412208, 1.0, 0.990860915997678], [0.9810465459825154, 0.990860915997678, 1.0]]}}, "Ig_treated": {"sum_sq": 0.6388497983660223, "df": 1.0, "F": 0.0021990096656133, "pvalue": 0.963260400072086}, "A12_treated": {"sum_sq": 27.505516675618395, "df": 1.0, "F": 0.09530737067902596, "pvalue": 0.7620815185515845}, "Batch": {"sum_sq": 1.416375678606304, "df": 1.0, "F": 0.0048762938418538985, "pvalue": 0.9453162494288408}, "Quant": {"sum_sq": 28.49489984500815, "df": 1.0, "F": 0.09875979426594249, "pvalue": 0.7579572674528098}}, "5": {"Mouse_ID": {}, "Treatment": {"sum_sq": 905.2413831985164, "df": 2.0, "F": 2.7913873755207304, "pvalue": 0.09804221910652922, "tukey_hsd": {"groups": ["A12", "B1-8", "PBS"], "pvalues": [[1.0, 0.10926687823975623, 0.9733796701815376], [0.10926687823975623, 1.0, 0.1806228022266102], [0.9733796701815376, 0.1806228022266102, 1.0]]}}, "Ig_treated": {"sum_sq": 123.29694556385114, "df": 1.0, "F": 0.5973107268868584, "pvalue": 0.452457582280291}, "A12_treated": {"sum_sq": 325.74205018325927, "df": 1.0, "F": 1.6969289609282323, "pvalue": 0.21371143453145294}, "Batch": {"sum_sq": 18.09562064155009, "df": 1.0, "F": 0.08458486832222879, "pvalue": 0.7754417102309661}, "Quant": {"sum_sq": 29.976829724402027, "df": 1.0, "F": 0.14067960058527626, "pvalue": 0.7132273290966744}}, "6": {"Mouse_ID": {}, "Treatment": {"sum_sq": 809.850058946815, "df": 2.0, "F": 2.4053627592132893, "pvalue": 0.12918179652699283, "tukey_hsd": {"groups": ["A12", "B1-8", "PBS"], "pvalues": [[1.0, 0.4644331098956067, 0.11255705585396059], [0.4644331098956067, 1.0, 0.6373984039226543], [0.11255705585396059, 0.6373984039226543, 1.0]]}}, "Ig_treated": {"sum_sq": 560.5153084921794, "df": 1.0, "F": 3.2189888524334798, "pvalue": 0.09440628017556195}, "A12_treated": {"sum_sq": 667.1897868703063, "df": 1.0, "F": 4.0069496988039806, "pvalue": 0.06508155899673018}, "Batch": {"sum_sq": 49.59242237792716, "df": 1.0, "F": 0.23545671294937567, "pvalue": 0.635012204415649}, "Quant": {"sum_sq": 607.6020960607959, "df": 1.0, "F": 3.558130633722781, "pvalue": 0.08017125629604151}}, "7": {"Mouse_ID": {}, "Treatment": {"sum_sq": 247.72152281915913, "df": 2.0, "F": 0.7747331098581918, "pvalue": 0.48097875796153783, "tukey_hsd": {"groups": ["A12", "B1-8", "PBS"], "pvalues": [[1.0, 0.465780723227572, 0.9488416156638013], [0.465780723227572, 1.0, 0.6697464502637078], [0.9488416156638013, 0.6697464502637078, 1.0]]}}, "Ig_treated": {"sum_sq": 11.878469102958146, "df": 1.0, "F": 0.07185934741028165, "pvalue": 0.792557812237688}, "A12_treated": {"sum_sq": 127.61690408170261, "df": 1.0, "F": 0.8126672980502684, "pvalue": 0.38257978557366884}, "Batch": {"sum_sq": 1.9036693809075482, "df": 1.0, "F": 0.011466910982126908, "pvalue": 0.9162420121292933}, "Quant": {"sum_sq": 4.798550613053232, "df": 1.0, "F": 0.028940515627018923, "pvalue": 0.8673503539362181}}, "8": {"Mouse_ID": {}, "Treatment": {"sum_sq": 95.91601163548401, "df": 2.0, "F": 0.3435151710625446, "pvalue": 0.7155200285135095, "tukey_hsd": {"groups": ["A12", "B1-8", "PBS"], "pvalues": [[1.0, 0.8879951583579344, 0.9168170358617271], [0.8879951583579344, 1.0, 0.692972791886916], [0.9168170358617271, 0.692972791886916, 1.0]]}}, "Ig_treated": {"sum_sq": 65.54350909859419, "df": 1.0, "F": 0.4972690908379146, "pvalue": 0.4922690720519157}, "A12_treated": {"sum_sq": 0.2227466454878355, "df": 1.0, "F": 0.0016321700814023708, "pvalue": 0.9683446219698005}, "Batch": {"sum_sq": 1.431606585035244, "df": 1.0, "F": 0.010496700253501221, "pvalue": 0.9198498200009512}, "Quant": {"sum_sq": 310.6910964892681, "df": 1.0, "F": 2.7182933688406234, "pvalue": 0.12145404295956176}}, "9": {"Mouse_ID": {}, "Treatment": {"sum_sq": 503.8367932849315, "df": 2.0, "F": 2.8425714425089086, "pvalue": 0.09460302835857398, "tukey_hsd": {"groups": ["A12", "B1-8", "PBS"], "pvalues": [[1.0, 0.9995651243576358, 0.12612345740322728], [0.9995651243576358, 1.0, 0.14002144713320375], [0.12612345740322728, 0.14002144713320375, 1.0]]}}, "Ig_treated": {"sum_sq": 503.76687147856825, "df": 1.0, "F": 6.121240400124513, "pvalue": 0.026771226634417226}, "A12_treated": {"sum_sq": 132.1553680942356, "df": 1.0, "F": 1.2141963025492049, "pvalue": 0.2890861972322416}, "Batch": {"sum_sq": 1.574140976873463, "df": 1.0, "F": 0.01332109051805641, "pvalue": 0.9097536930274007}, "Quant": {"sum_sq": 77.26631490149339, "df": 1.0, "F": 0.6852128970368173, "pvalue": 0.4216843150665165}}, "10": {"Mouse_ID": {}, "Treatment": {"sum_sq": 58.14244930174504, "df": 2.0, "F": 0.2790823159618635, "pvalue": 0.7608970843112706, "tukey_hsd": {"groups": ["A12", "B1-8", "PBS"], "pvalues": [[1.0, 0.8241775921144836, 0.7837026106265397], [0.8241775921144836, 1.0, 0.9971914181321725], [0.7837026106265397, 0.9971914181321725, 1.0]]}}, "Ig_treated": {"sum_sq": 21.02757600190612, "df": 1.0, "F": 0.2115923890527552, "pvalue": 0.6525848191213091}, "A12_treated": {"sum_sq": 57.610932134749575, "df": 1.0, "F": 0.5953716462869032, "pvalue": 0.45317726365483646}, "Batch": {"sum_sq": 7.553942927131412, "df": 1.0, "F": 0.07528334954008607, "pvalue": 0.7878011763227574}, "Quant": {"sum_sq": 3.5991334764198433, "df": 1.0, "F": 0.03576862466720555, "pvalue": 0.8527084895634572}}}