{"1": {"Mouse_ID": {}, "Treatment": {"sum_sq": 421.2699474733078, "df": 2.0, "F": 0.2427981807925429, "pvalue": 0.7879084749225223, "tukey_hsd": {"groups": ["A12", "B1-8", "PBS"], "pvalues": [[1.0, 0.7827087227422268, 0.9883200979765192], [0.7827087227422268, 1.0, 0.87030343937013], [0.9883200979765192, 0.87030343937013, 1.0]]}}, "Ig_treated": {"sum_sq": 27.991169301517793, "df": 1.0, "F": 0.03357640489590651, "pvalue": 0.8572380031603041}, "A12_treated": {"sum_sq": 200.1996339264912, "df": 1.0, "F": 0.24374302559469344, "pvalue": 0.6291706877629737}, "Batch": {"sum_sq": 70.97758812814014, "df": 1.0, "F": 0.08545488684942729, "pvalue": 0.7743243057135402}, "Quant": {"sum_sq": 5.083621266356866, "df": 1.0, "F": 0.0060860394979446114, "pvalue": 0.9389216889279062}}, "2": {"Mouse_ID": {}, "Treatment": {"sum_sq": 2389.952675167924, "df": 2.0, "F": 2.535551567677104, "pvalue": 0.11755239197904056, "tukey_hsd": {"groups": ["A12", "B1-8", "PBS"], "pvalues": [[1.0, 0.10624225114541186, 0.8054582462852933], [0.10624225114541186, 1.0, 0.31697161472760893], [0.8054582462852933, 0.31697161472760893, 1.0]]}}, "Ig_treated": {"sum_sq": 82.95905712513184, "df": 1.0, "F": 0.1377118813935213, "pvalue": 0.7161216920291564}, "A12_treated": {"sum_sq": 1310.7677866141137, "df": 1.0, "F": 2.546615736491494, "pvalue": 0.13285009281395863}, "Batch": {"sum_sq": 233.587988642257, "df": 1.0, "F": 0.3948069876076215, "pvalue": 0.5398993306382263}, "Quant": {"sum_sq": 275.3097293659218, "df": 1.0, "F": 0.46768014831089433, "pvalue": 0.5052189568073369}}, "3": {"Mouse_ID": {}, "Treatment": {"sum_sq": 2734.852539745766, "df": 2.0, "F": 4.572472003587555, "pvalue": 0.03135790048990508, "tukey_hsd": {"groups": ["A12", "B1-8", "PBS"], "pvalues": [[1.0, 0.6912880949208893, 0.027469696438409574], [0.6912880949208893, 1.0, 0.1404927026496091], [0.027469696438409574, 0.1404927026496091, 1.0]]}}, "Ig_treated": {"sum_sq": 2528.467508929531, "df": 1.0, "F": 8.64619961681052, "pvalue": 0.010747269972771693}, "A12_treated": {"sum_sq": 1483.1241954669351, "df": 1.0, "F": 4.040062783535467, "pvalue": 0.06410874191896992}, "Batch": {"sum_sq": 2.46237507573294, "df": 1.0, "F": 0.005207344367321321, "pvalue": 0.9434938316056436}, "Quant": {"sum_sq": 2726.4197222975668, "df": 1.0, "F": 9.796784001770764, "pvalue": 0.007379475242576736}}, "4": {"Mouse_ID": {}, "Treatment": {"sum_sq": 32.67836844430558, "df": 2.0, "F": 0.05263913532298142, "pvalue": 0.948923462208987, "tukey_hsd": {"groups": ["A12", "B1-8", "PBS"], "pvalues": [[1.0, 0.9449280353412198, 0.981046545982515], [0.9449280353412198, 1.0, 0.9908609159976779], [0.981046545982515, 0.9908609159976779, 1.0]]}}, "Ig_treated": {"sum_sq": 0.6388497983660407, "df": 1.0, "F": 0.0021990096656133605, "pvalue": 0.963260400072086}, "A12_treated": {"sum_sq": 27.50551667561899, "df": 1.0, "F": 0.09530737067902788, "pvalue": 0.7620815185515806}, "Batch": {"sum_sq": 1.4163756786062829, "df": 1.0, "F": 0.004876293841853819, "pvalue": 0.9453162494288408}, "Quant": {"sum_sq": 28.494899845008263, "df": 1.0, "F": 0.09875979426594272, "pvalue": 0.7579572674528098}}, "5": {"Mouse_ID": {}, "Treatment": {"sum_sq": 905.2413831985466, "df": 2.0, "F": 2.7913873755208507, "pvalue": 0.09804221910652113, "tukey_hsd": {"groups": ["A12", "B1-8", "PBS"], "pvalues": [[1.0, 0.10926687823973513, 0.9733796701814936], [0.10926687823973513, 1.0, 0.18062280222662974], [0.9733796701814936, 0.18062280222662974, 1.0]]}}, "Ig_treated": {"sum_sq": 123.2969455638075, "df": 1.0, "F": 0.5973107268866358, "pvalue": 0.4524575822803729}, "A12_treated": {"sum_sq": 325.74205018333697, "df": 1.0, "F": 1.69692896092868, "pvalue": 0.21371143453139588}, "Batch": {"sum_sq": 18.09562064154523, "df": 1.0, "F": 0.08458486832220567, "pvalue": 0.7754417102309985}, "Quant": {"sum_sq": 29.97682972437983, "df": 1.0, "F": 0.14067960058517054, "pvalue": 0.7132273290967759}}, "6": {"Mouse_ID": {}, "Treatment": {"sum_sq": 809.8500589467886, "df": 2.0, "F": 2.40536275921317, "pvalue": 0.12918179652700432, "tukey_hsd": {"groups": ["A12", "B1-8", "PBS"], "pvalues": [[1.0, 0.46443310989570685, 0.11255705585396691], [0.46443310989570685, 1.0, 0.6373984039225689], [0.11255705585396691, 0.6373984039225689, 1.0]]}}, "Ig_treated": {"sum_sq": 560.5153084922231, "df": 1.0, "F": 3.218988852433774, "pvalue": 0.09440628017554835}, "A12_treated": {"sum_sq": 667.1897868702332, "df": 1.0, "F": 4.006949698803399, "pvalue": 0.06508155899674742}, "Batch": {"sum_sq": 49.592422377932444, "df": 1.0, "F": 0.23545671294940038, "pvalue": 0.6350122044156318}, "Quant": {"sum_sq": 607.6020960608191, "df": 1.0, "F": 3.5581306337229357, "pvalue": 0.08017125629603573}}, "7": {"Mouse_ID": {}, "Treatment": {"sum_sq": 247.72152281916078, "df": 2.0, "F": 0.774733109858193, "pvalue": 0.48097875796153705, "tukey_hsd": {"groups": ["A12", "B1-8", "PBS"], "pvalues": [[1.0, 0.46578072322757125, 0.9488416156638011], [0.46578072322757125, 1.0, 0.6697464502637075], [0.9488416156638011, 0.6697464502637075, 1.0]]}}, "Ig_treated": {"sum_sq": 11.878469102958215, "df": 1.0, "F": 0.07185934741028167, "pvalue": 0.792557812237688}, "A12_treated": {"sum_sq": 127.61690408170362, "df": 1.0, "F": 0.8126672980502707, "pvalue": 0.3825797855736684}, "Batch": {"sum_sq": 1.9036693809076015, "df": 1.0, "F": 0.011466910982127166, "pvalue": 0.9162420121292933}, "Quant": {"sum_sq": 4.798550613053327, "df": 1.0, "F": 0.02894051562701934, "pvalue": 0.8673503539362181}}, "8": {"Mouse_ID": {}, "Treatment": {"sum_sq": 95.91601163548813, "df": 2.0, "F": 0.34351517106255913, "pvalue": 0.7155200285134997, "tukey_hsd": {"groups": ["A12", "B1-8", "PBS"], "pvalues": [[1.0, 0.8879951583579322, 0.9168170358617217], [0.8879951583579322, 1.0, 0.6929727918869053], [0.9168170358617217, 0.6929727918869053, 1.0]]}}, "Ig_treated": {"sum_sq": 65.5435090985977, "df": 1.0, "F": 0.4972690908379408, "pvalue": 0.4922690720519043}, "A12_treated": {"sum_sq": 0.22274664548777498, "df": 1.0, "F": 0.0016321700814019235, "pvalue": 0.9683446219698005}, "Batch": {"sum_sq": 1.4316065850351058, "df": 1.0, "F": 0.010496700253500184, "pvalue": 0.919849820000957}, "Quant": {"sum_sq": 310.6910964892719, "df": 1.0, "F": 2.718293368840656, "pvalue": 0.12145404295955979}}, "9": {"Mouse_ID": {}, "Treatment": {"sum_sq": 503.83679328493076, "df": 2.0, "F": 2.8425714425089046, "pvalue": 0.09460302835857418, "tukey_hsd": {"groups": ["A12", "B1-8", "PBS"], "pvalues": [[1.0, 0.9995651243576359, 0.12612345740322717], [0.9995651243576359, 1.0, 0.1400214471332044], [0.12612345740322717, 0.1400214471332044, 1.0]]}}, "Ig_treated": {"sum_sq": 503.7668714785671, "df": 1.0, "F": 6.121240400124499, "pvalue": 0.026771226634417354}, "A12_treated": {"sum_sq": 132.15536809423605, "df": 1.0, "F": 1.2141963025492102, "pvalue": 0.2890861972322406}, "Batch": {"sum_sq": 1.5741409768733838, "df": 1.0, "F": 0.013321090518055745, "pvalue": 0.9097536930274007}, "Quant": {"sum_sq": 77.26631490149143, "df": 1.0, "F": 0.6852128970367996, "pvalue": 0.4216843150665226}}, "10": {"Mouse_ID": {}, "Treatment": {"sum_sq": 58.142449301744065, "df": 2.0, "F": 0.2790823159618582, "pvalue": 0.7608970843112746, "tukey_hsd": {"groups": ["A12", "B1-8", "PBS"], "pvalues": [[1.0, 0.8241775921144869, 0.7837026106265425], [0.8241775921144869, 1.0, 0.9971914181321724], [0.7837026106265425, 0.9971914181321724, 1.0]]}}, "Ig_treated": {"sum_sq": 21.02757600190592, "df": 1.0, "F": 0.21159238905275288, "pvalue": 0.6525848191213114}, "A12_treated": {"sum_sq": 57.61093213474861, "df": 1.0, "F": 0.5953716462868919, "pvalue": 0.45317726365484035}, "Batch": {"sum_sq": 7.553942927131429, "df": 1.0, "F": 0.07528334954008611, "pvalue": 0.7878011763227574}, "Quant": {"sum_sq": 3.599133476419799, "df": 1.0, "F": 0.03576862466720506, "pvalue": 0.8527084895634605}}}