{"R2pv": 0.1, "R2H0": [0.7359413006452364, 0.686509166572342, 0.7349660521277923, 0.7632718666171221, 0.6930381121817559, 0.7908279285013782, 0.7731811816897144, 0.7463665229986393, 0.7919893456900788, 0.7993890836992659]}