{"1": {"Sample_ID": {}, "Group": {"sum_sq": 21038.20054414429, "df": 1.0, "F": 359.1932971670262, "pvalue": 1.0240696331149531e-50}, "WOS": {"sum_sq": 18096.03590032332, "df": 1.0, "F": 258.4453689483481, "pvalue": 1.0133114762501684e-40}, "WOS_4G": {"sum_sq": 21890.7997079088, "df": 3.0, "F": 131.03583960645892, "pvalue": 2.2278259523601237e-51, "tukey_hsd": {"groups": ["Healthy", "Mild", "Moderate", "Severe"], "pvalues": [[1.0, 1.0391687510491465e-13, 1.0391687510491465e-13, 1.0391687510491465e-13], [1.0391687510491465e-13, 1.0, 0.9928420907090922, 0.0020948875998586525], [1.0391687510491465e-13, 0.9928420907090922, 1.0, 0.0029944361040594725], [1.0391687510491465e-13, 0.0020948875998586525, 0.0029944361040594725, 1.0]]}}, "Age": {"sum_sq": 1.1753433400768174, "df": 1.0, "F": 0.008369792301292027, "pvalue": 0.9271772456552054}, "Sex": {"sum_sq": 22.26489802604607, "df": 1.0, "F": 0.1586443104143712, "pvalue": 0.690738434456948}}, "2": {"Sample_ID": {}, "Group": {"sum_sq": 95.58806424294443, "df": 1.0, "F": 1.5015999219888625, "pvalue": 0.2215471612737407}, "WOS": {"sum_sq": 2409.2788655670493, "df": 1.0, "F": 44.081751222221726, "pvalue": 1.8618210503333563e-10}, "WOS_4G": {"sum_sq": 6531.314958318015, "df": 3.0, "F": 55.93995027419649, "pvalue": 8.080478541803081e-28, "tukey_hsd": {"groups": ["Healthy", "Mild", "Moderate", "Severe"], "pvalues": [[1.0, 1.253497305953033e-11, 8.391981695665685e-06, 2.198371484851691e-10], [1.253497305953033e-11, 1.0, 1.0391687510491465e-13, 1.0391687510491465e-13], [8.391981695665685e-06, 1.0391687510491465e-13, 1.0, 0.02080207074877094], [2.198371484851691e-10, 1.0391687510491465e-13, 0.02080207074877094, 1.0]]}}, "Age": {"sum_sq": 3920.2987545007004, "df": 1.0, "F": 80.37461398135781, "pvalue": 6.558490633646076e-17}, "Sex": {"sum_sq": 243.84333476154467, "df": 1.0, "F": 3.8655830541088676, "pvalue": 0.050362405099144636}}, "3": {"Sample_ID": {}, "Group": {"sum_sq": 1175.7605969494314, "df": 1.0, "F": 40.97207813200816, "pvalue": 7.282655057280332e-10}, "WOS": {"sum_sq": 1939.084312073595, "df": 1.0, "F": 75.37303346814146, "pvalue": 4.578334549891501e-16}, "WOS_4G": {"sum_sq": 2053.7427403411366, "df": 3.0, "F": 26.86882205431729, "pvalue": 3.9130207188918434e-15, "tukey_hsd": {"groups": ["Healthy", "Mild", "Moderate", "Severe"], "pvalues": [[1.0, 0.6299352948055041, 9.383051002842535e-10, 4.60982363392759e-11], [0.6299352948055041, 1.0, 0.00010067490473675278, 6.686388871468552e-07], [9.383051002842535e-10, 0.00010067490473675278, 1.0, 0.21100329079622715], [4.60982363392759e-11, 6.686388871468552e-07, 0.21100329079622715, 1.0]]}}, "Age": {"sum_sq": 27.790905462356324, "df": 1.0, "F": 0.8379983017310882, "pvalue": 0.3608280055390888}, "Sex": {"sum_sq": 545.8941356680101, "df": 1.0, "F": 17.5261131320226, "pvalue": 3.8955858796321596e-05}}, "4": {"Sample_ID": {}, "Group": {"sum_sq": 20.494883848821978, "df": 1.0, "F": 1.0640013565114128, "pvalue": 0.3032740712381596}, "WOS": {"sum_sq": 5.644728598903806, "df": 1.0, "F": 0.29217222823910427, "pvalue": 0.5893000001278987}, "WOS_4G": {"sum_sq": 169.0610416429495, "df": 3.0, "F": 2.992673564753305, "pvalue": 0.031484024112608804, "tukey_hsd": {"groups": ["Healthy", "Mild", "Moderate", "Severe"], "pvalues": [[1.0, 0.04354280860338433, 0.9999925646890038, 0.918536794251325], [0.04354280860338433, 1.0, 0.09396821291777069, 0.07044292325585055], [0.9999925646890038, 0.09396821291777069, 1.0, 0.9421495657288791], [0.918536794251325, 0.07044292325585055, 0.9421495657288791, 1.0]]}}, "Age": {"sum_sq": 33.06509302047877, "df": 1.0, "F": 1.720959521626093, "pvalue": 0.1907401872911398}, "Sex": {"sum_sq": 6.540229412783318, "df": 1.0, "F": 0.33858458655907797, "pvalue": 0.5611574252912626}}, "5": {"Sample_ID": {}, "Group": {"sum_sq": 36.10085981196254, "df": 1.0, "F": 2.144097033506237, "pvalue": 0.1443413398552267}, "WOS": {"sum_sq": 11.588627734655164, "df": 1.0, "F": 0.6843932190674787, "pvalue": 0.4088455006357514}, "WOS_4G": {"sum_sq": 101.74267123968798, "df": 3.0, "F": 2.029337989408664, "pvalue": 0.11024479422464493, "tukey_hsd": {"groups": ["Healthy", "Mild", "Moderate", "Severe"], "pvalues": [[1.0, 0.8966842601119238, 0.1084985811111372, 0.9820350150244208], [0.8966842601119238, 1.0, 0.6071622078095755, 0.839879491366041], [0.1084985811111372, 0.6071622078095755, 1.0, 0.22885495446674775], [0.9820350150244208, 0.839879491366041, 0.22885495446674775, 1.0]]}}, "Age": {"sum_sq": 8.188272977337995, "df": 1.0, "F": 0.4831998379041039, "pvalue": 0.48760449333240174}, "Sex": {"sum_sq": 0.09654760839510722, "df": 1.0, "F": 0.005686824465355576, "pvalue": 0.9399463455205385}}, "6": {"Sample_ID": {}, "Group": {"sum_sq": 158.0154275569175, "df": 1.0, "F": 17.110414128481164, "pvalue": 4.781348565130086e-05}, "WOS": {"sum_sq": 9.152160696995404, "df": 1.0, "F": 0.932535252956271, "pvalue": 0.33511282019709143}, "WOS_4G": {"sum_sq": 395.5643336144231, "df": 3.0, "F": 15.742140966018917, "pvalue": 2.012577523805411e-09, "tukey_hsd": {"groups": ["Healthy", "Mild", "Moderate", "Severe"], "pvalues": [[1.0, 6.305805698714195e-07, 0.0005154039145985889, 0.42968443578967674], [6.305805698714195e-07, 1.0, 0.41107031258515636, 1.9476333460444195e-06], [0.0005154039145985889, 0.41107031258515636, 1.0, 0.0002907662952550405], [0.42968443578967674, 1.9476333460444195e-06, 0.0002907662952550405, 1.0]]}}, "Age": {"sum_sq": 54.63832134155177, "df": 1.0, "F": 5.66946971837179, "pvalue": 0.017991671020181604}, "Sex": {"sum_sq": 22.179160236238943, "df": 1.0, "F": 2.271619423803394, "pvalue": 0.13299036043904772}}, "7": {"Sample_ID": {}, "Group": {"sum_sq": 0.7194909637168911, "df": 1.0, "F": 0.0836846352592823, "pvalue": 0.7725980701376083}, "WOS": {"sum_sq": 0.02766784245088813, "df": 1.0, "F": 0.0032170641542314153, "pvalue": 0.9548129755444886}, "WOS_4G": {"sum_sq": 1.5057791025532805, "df": 3.0, "F": 0.05794580807568129, "pvalue": 0.9816551898052115, "tukey_hsd": {"groups": ["Healthy", "Mild", "Moderate", "Severe"], "pvalues": [[1.0, 0.9949982602317161, 0.9855945195996834, 0.9999049962233736], [0.9949982602317161, 1.0, 0.9998727495994815, 0.995728788951211], [0.9855945195996834, 0.9998727495994815, 1.0, 0.9908017653494364], [0.9999049962233736, 0.995728788951211, 0.9908017653494364, 1.0]]}}, "Age": {"sum_sq": 236.74207732511277, "df": 1.0, "F": 30.828716424612356, "pvalue": 7.019477109283478e-08}, "Sex": {"sum_sq": 0.3015725845525713, "df": 1.0, "F": 0.035069543113224105, "pvalue": 0.8515977677129167}}, "8": {"Sample_ID": {}, "Group": {"sum_sq": 133.89935179604765, "df": 1.0, "F": 20.754021615092746, "pvalue": 8.074971319243698e-06}, "WOS": {"sum_sq": 4.836729143985819, "df": 1.0, "F": 0.6955399889095212, "pvalue": 0.40506087818437264}, "WOS_4G": {"sum_sq": 301.7434066064606, "df": 3.0, "F": 17.210654801656432, "pvalue": 3.295374069284415e-10, "tukey_hsd": {"groups": ["Healthy", "Mild", "Moderate", "Severe"], "pvalues": [[1.0, 6.083546577606569e-08, 0.00021264820953703634, 0.6118273300716432], [6.083546577606569e-08, 1.0, 0.2948712734206429, 1.4103220704608788e-06], [0.00021264820953703634, 0.2948712734206429, 1.0, 0.0004556885051806292], [0.6118273300716432, 1.4103220704608788e-06, 0.0004556885051806292, 1.0]]}}, "Age": {"sum_sq": 6.194533553264668, "df": 1.0, "F": 0.8914747146661367, "pvalue": 0.34596476433310286}, "Sex": {"sum_sq": 50.172384302590736, "df": 1.0, "F": 7.402768576434101, "pvalue": 0.006957126585882057}}, "9": {"Sample_ID": {}, "Group": {"sum_sq": 37.342320247504055, "df": 1.0, "F": 5.917211825676038, "pvalue": 0.015676769762793044}, "WOS": {"sum_sq": 2.488533855053432, "df": 1.0, "F": 0.38603379870680604, "pvalue": 0.5349423040636301}, "WOS_4G": {"sum_sq": 121.42469448692316, "df": 3.0, "F": 6.711633742401008, "pvalue": 0.0002241276260374543, "tukey_hsd": {"groups": ["Healthy", "Mild", "Moderate", "Severe"],