{"1":{"Explained_Variance":0.2931397993},"2":{"Explained_Variance":0.1336565093},"3":{"Explained_Variance":0.0694518676},"4":{"Explained_Variance":0.0403745929},"5":{"Explained_Variance":0.0354398504},"6":{"Explained_Variance":0.0205608921},"7":{"Explained_Variance":0.0179527747},"8":{"Explained_Variance":0.0145550605},"9":{"Explained_Variance":0.0134766097},"10":{"Explained_Variance":0.0129466232}}