{"R2pv": 0.1, "R2H0": [0.9987954300879364, 0.9960377160674748, 0.9981796230083567, 0.996090054789248, 0.9834792703695663, 0.998739329541072, 0.9908671860527678, 0.9952788444916117, 0.9964822022262801, 0.9955759904895691]}