{"R2pv": 0.1, "R2H0": [0.4209704515364756, 0.4985127093172572, 0.4228880418882176, 0.5350917890837817, 0.43656092316117057, 0.38008673636456225, 0.5172474355381427, 0.47926609222096206, 0.4681057324414035, 0.512550636104002]}