{"R2pv": 0.1, "R2H0": [0.09404281310127183, 0.15282899351503576, 0.10883262166065955, 0.25211881229264554, 0.07131465971437512, 0.11354516351238464, 0.16642110831331214, 0.14786346793847172, 0.17754594154206937, 0.18679910138933353]}