{"R2pv": 0.1, "R2H0": [0.7130124899353703, 0.751310896335498, 0.7562365359362936, 0.683568146061011, 0.6345174921072205, 0.800572126805457, 0.7235777790846489, 0.6907016964286289, 0.7437298783307713, 0.740160293630701]}