{"R2pv": 0.1, "R2H0": [0.16651947930368483, 0.22754585793269766, 0.16773033784828795, 0.22723028020628255, 0.0792445565056965, 0.12158122730107113, 0.15219132635004762, 0.20870200329108946, 0.13710760896470642, 0.1925938369261717]}