{"R2pv": 0.1, "R2H0": [0.41925629987511226, 0.48714797985256886, 0.44415985185315976, 0.5636899585894024, 0.5513472454579207, 0.44811115871715945, 0.39311505759121157, 0.5673241939981832, 0.4978669302510855, 0.4894732553147224]}