{"m": {"Factor1": {"Explained_Variance": 30.20928671303047}, "Factor2": {"Explained_Variance": 17.256406667955847}, "Factor3": {"Explained_Variance": 15.980630599235324}, "Factor4": {"Explained_Variance": 9.99944853570327}, "Factor5": {"Explained_Variance": 6.005368161884316}}}