{"R2pv": 0.1, "R2H0": [0.7068423206438597, 0.7241356962742211, 0.7756826479579824, 0.7270511194282037, 0.6806758313163701, 0.7437393525293197, 0.7638728550835617, 0.7728010071040974, 0.8471810242524556, 0.7068058359375629]}