{"R2pv": 0.1, "R2H0": [0.45105812352123476, 0.5473842716953976, 0.40516777642076673, 0.4342904928738144, 0.44299227167017463, 0.3878912432657208, 0.4717550856297751, 0.44869358694197037, 0.5164972063702652, 0.451617974631622]}