{"R2pv": 0.1, "R2H0": [0.7414828569761682, 0.7863196435928652, 0.793538414753222, 0.691675293111844, 0.6962633709027763, 0.7387906638939583, 0.690080927182208, 0.7468957649823473, 0.7776443338153947, 0.7415386034251323]}