{"R2pv": 0.1, "R2H0": [0.2413520595295916, 0.1653174814973004, 0.11220234961679576, 0.13473943528561827, 0.2798612082527274, 0.06931151312670791, 0.16209604482230622, 0.16530839427026056, 0.06758609708645658, 0.19174698060904483]}