{"P1":{"1":0.1164108359,"2":-0.2259326779,"3":-0.0077953604,"4":-0.105995665,"5":-0.0651139641,"6":-0.1207526211,"7":-0.1370102038,"8":-0.0757816318,"9":0.2260088659,"10":0.2431421468},"P2":{"1":-0.1201851285,"2":0.1105128514,"3":0.212513365,"4":-0.2263474875,"5":0.038201367,"6":0.0663947453,"7":-0.1121035653,"8":0.0822789328,"9":0.0920090414,"10":0.0008911241},"P3":{"1":-0.0123982958,"2":0.2342939695,"3":-0.184896436,"4":-0.0959617203,"5":-0.2122936694,"6":-0.0547504924,"7":-0.0742821382,"8":-0.1475814495,"9":-0.1561132115,"10":-0.0064110078},"P4":{"1":0.1137610388,"2":0.0245977113,"3":-0.0817548479,"4":0.2555549335,"5":-0.10553761,"6":-0.0983724789,"7":-0.306701868,"8":0.3102310449,"9":0.165662877,"10":0.0218295844},"P6":{"1":0.0832561095,"2":0.0958467479,"3":-0.2216375145,"4":0.0605062236,"5":-0.2465452535,"6":0.0628911657,"7":-0.277544296,"8":0.2142623458,"9":0.0920158746,"10":-0.3595866978},"P7":{"1":-0.1493384004,"2":0.1423364601,"3":0.2195891594,"4":-0.0174546215,"5":0.0541430113,"6":0.1046563296,"7":0.0853408146,"8":-0.002663643,"9":0.1983476112,"10":-0.167687833},"P8":{"1":-0.1369315599,"2":0.0878518636,"3":0.2195889441,"4":-0.1258244447,"5":0.1023678548,"6":-0.079208216,"7":-0.1374262012,"8":-0.1916574766,"9":0.248617681,"10":-0.1608712555},"P9":{"1":0.0380832354,"2":-0.2854956846,"3":0.0808165511,"4":-0.0304298361,"5":-0.1193092558,"6":0.0201295619,"7":-0.2000602098,"8":0.0268633204,"9":0.0505942386,"10":-0.1926288523},"P10":{"1":-0.0236302728,"2":0.1657126341,"3":-0.0922114107,"4":-0.2294532897,"5":-0.2738453149,"6":0.0866437443,"7":-0.2746073071,"8":-0.0734803733,"9":-0.0613639482,"10":-0.1687965328},"P11":{"1":-0.1044388771,"2":0.0603050253,"3":0.237962781,"4":-0.0696114938,"5":0.1963552003,"6":0.1625946237,"7":0.2226658945,"8":0.2593434304,"9":0.148017098,"10":-0.0411100969},"P12":{"1":0.0527276523,"2":-0.2616665816,"3":0.0649722275,"4":-0.183373407,"5":-0.0710731624,"6":0.0552971848,"7":-0.1662523409,"8":-0.0196363762,"9":0.1494639681,"10":-0.1481644948},"P13":{"1":0.0311311294,"2":0.0741063947,"3":-0.2986836855,"4":-0.1819381666,"5":0.1301472403,"6":-0.0565832344,"7":0.140805789,"8":-0.0618151079,"9":0.1237223471,"10":-0.2279035295},"P14":{"1":-0.1224637322,"2":0.1159562404,"3":0.0351409902,"4":-0.2952275243,"5":-0.1090055867,"6":0.0936946146,"7":0.0590261203,"8":-0.0383063511,"9":-0.2271765384,"10":0.0535010502},"P15":{"1":-0.1058647194,"2":0.1932565763,"3":0.2114184559,"4":0.1035389155,"5":0.0756479889,"6":-0.0850745727,"7":-0.1511658937,"8":-0.0985565411,"9":-0.066581461,"10":-0.1843682215},"P16":{"1":-0.0669403279,"2":0.0378375943,"3":0.1075753845,"4":-0.3591499402,"5":0.0090413534,"6":-0.0809931357,"7":-0.2715338862,"8":-0.0351946499,"9":-0.0651643284,"10":0.1303553196},"P17":{"1":0.0251014351,"2":-0.1531963239,"3":0.1001024053,"4":-0.1248402841,"5":-0.2254428543,"6":0.2403565588,"7":0.0462481875,"8":-0.4602300941,"9":-0.2282638145,"10":-0.1152939925},"P18":{"1":0.0231193876,"2":0.2160648509,"3":-0.1812976054,"4":0.0934552602,"5":-0.173373683,"6":0.2486025919,"7":0.1466981542,"8":-0.0570059216,"9":0.1616751672,"10":0.0226750855},"P19":{"1":-0.1003442299,"2":0.2407981428,"3":0.1113723796,"4":0.1803892578,"5":0.0433665027,"6":0.0012641412,"7":-0.0132933109,"8":-0.0030991329,"9":0.011368314,"10":-0.2075745187},"P20":{"1":-0.1516615384,"2":0.1658666801,"3":0.2007488982,"4":-0.0140252843,"5":-0.0003690814,"6":0.0323069466,"7":0.1549596311,"8":0.0600849922,"9":0.1719474779,"10":-0.035736575},"P21":{"1":0.0904875868,"2":-0.2726797073,"3":0.0619257547,"4":0.0724771019,"5":0.0423249184,"6":-0.0502442492,"7":-0.0647816565,"8":-0.2136494067,"9":0.1102593675,"10":0.0030850725},"P22":{"1":-0.0764231292,"2":0.162056328,"3":0.2466860668,"4":0.1001315164,"5":0.114856583,"6":-0.0836533585,"7":-0.1436868186,"8":-0.2686010357,"9":-0.0402685903,"10":-0.1221427605},"P23":{"1":0.1101706357,"2":0.1191262735,"3":-0.2025502637,"4":-0.0760123244,"5":0.0263107895,"6":0.0611451297,"7":-0.0288666713,"8":-0.2925487373,"9":0.4911406986,"10":-0.0717977905},"P24":{"1":-0.1148097612,"2":-0.0245545146,"3":0.2108000885,"4":-0.2530706261,"5":-0.0274795899,"6":0.0389003593,"7":-0.1328831599,"8":0.2182845192,"9":0.0349493379,"10":0.155776458},"P25":{"1":0.0222785034,"2":-0.1837963704,"3":0.0898752412,"4":-0.0700842541,"5":-0.223176077,"6":0.2850404272,"7":0.3441254335,"8":0.0859037396,"9":-0.0263309378,"10":-0.1802818279},"N1":{"1":0.2248430442,"2":0.0720187027,"3":0.0853600757,"4":0.0179372111,"5":-0.006066809,"6":0.0780722278,"7":-0.048581451,"8":0.02999161,"9":-0.0148540084,"10":-0.0896357044},"N2":{"1":0.00318888,"2":0.0704447029,"3":0.1425722164,"4":-0.0439003234,"5":-0.3167847751,"6":-0.4336888267,"7":0.2165673328,"8":-0.1207253199,"9":0.1654032241,"10":0.1914100486},"N3":{"1":0.2048117341,"2":0.0766147386,"3":0.1078462237,"4":0.1298975152,"5":0.0224275655,"6":0.0480640441,"7":0.0547614694,"8":-0.0565063454,"9":-0.0599639405,"10":-0.1673360548},"N4":{"1":0.041174878,"2":0.004045903,"3":0.1400155626,"4":0.1121693733,"5":-0.4148792804,"6":-0.1759472161,"7":0.2440263714,"8":-0.0775160563,"9":0.2369790597,"10":0.0397452114},"N5":{"1":0.1918618463,"2":0.1742954591,"3":0.0718993856,"4":0.0274151767,"5":-0.0670497597,"6":0.0572489617,"7":0.0334092978,"8":0.0530058468,"9":-0.016046841,"10":0.0747987927},"N6":{"1":0.1436294526,"2":0.2342393691,"3":0.1026426363,"4":-0.0005665789,"5":-0.0386056081,"6":-0.0542912571,"7":-0.006358393,"8":0.0138417713,"9":-0.1389676738,"10":0.1570241784},"N7":{"1":0.0718809213,"2":0.112872525,"3":-0.1673531042,"4":-0.2802196572,"5":0.0275398276,"6":-0.1733074003,"7":0.2264968045,"8":-0.0873687379,"9":-0.031207149,"10":-0.0422215081},"N8":{"1":0.2064365641,"2":0.1181383036,"3":-0.0209763861,"4":-0.0587260956,"5":0.1484491687,"6":-0.1359112844,"7":-0.0333258314,"8":0.0040839417,"9":0.0595588197,"10":-0.0393924717},"N9":{"1":0.1977949587,"2":0.1444031807,"3":0.1031754804,"4":-0.00607909,"5":-0.0416818806,"6":-0.0814418043,"7":-0.0311368341,"8":0.0711556729,"9":-0.1212481514,"10":0.0633472483},"N10":{"1":0.2134953648,"2":0.0089642692,"3":0.0149821517,"4":-0.0613431006,"5":0.1438773776,"6":0.2215034239,"7":0.0066073677,"8":-0.0799400324,"9":0.0031564856,"10":-0.0232576203},"N11":{"1":0.1894646402,"2":0.1680830274,"3":-0.0073445049,"4":-0.10314904,"5":-0.0436979282,"6":0.0852076279,"7":0.012979936,"8":0.0765254385,"9":-0.0136036225,"10":-0.0220087424},"N12":{"1":0.1888294435,"2":-0.0931258657,"3":0.1440104074,"4":0.017292972,"5":-0.0926369761,"6":0.1790915286,"7":0.0813410795,"8":0.1164815136,"9":0.0227413923,"10":0.0530483511},"N13":{"1":0.2066453261,"2":0.0138279739,"3":0.046930201,"4":-0.1724445439,"5":0.1001477437,"6":-0.1253336444,"7":-0.0407760144,"8":0.0425071773,"9":0.0285454913,"10":-0.0083449198},"N14":{"1":0.0801027772,"2":-0.1732846102,"3":0.1600847524,"4":0.0653194189,"5":-0.0759689449,"6":-0.3033826887,"7":0.1058555908,"8":0.0577364646,"9":-0.2159985535,"10":-0.4441054932},"N15":{"1":-0.0695605815,"2":0.0328556264,"3":-0.0780451512,"4":-0.3199533112,"5":-0.1554416265,"6":-0.1408213528,"7":0.1106922548,"8":0.3431308616,"9":0.1282102974,"10":-0.1667490839},"N16":{"1":0.1954735758,"2":-0.0332968048,"3":0.1978606801,"4":0.0033591539,"5":-0.0716899291,"6":-0.0277485314,"7":-0.0040842336,"8":0.0743898091,"9":0.0461083438,"10":-0.1111349618},"N17":{"1":0.1586708386,"2":0.0129458176,"3":-0.1008591221,"4":-0.1000280906,"5":0.2056779137,"6":-0.2711711197,"7":0.16987338,"8":0.0054704658,"9":-0.133626714,"10":-0.2015920266},"N18":{"1":0.2061493791,"2":-0.031578575,"3":0.1724332365,"4":-0.020452759,"5":-0.043902811,"6":-0.1214904889,"7":-0.0510217031,"8":0.0041511173,"9":-0.0300430736,"10":-0.035638399},"N19":{"1":0.210365024,"2":-0.0649275416,"3":0.0278131905,"4":-0.1298410471,"5":0.1699263399,"6":0.0539769995,"7":0.0616256297,"8":0.0128513549,"9":0.0900749257,"10":-0.0147599699},"N20":{"1":0.1496737693,"2":0.2032567836,"3":0.0825029379,"4":0.0251925002,"5":-0.1979443596,"6":0.0665110696,"7":-0.05883556,"8":0.0744585046,"9":-0.1855576319,