{"R2pv": 0.1, "R2H0": [0.43802438982840763, 0.35173337551288786, 0.46971215916204623, 0.3862067692127874, 0.40949734169002583, 0.3795171813212993, 0.40990408767154174, 0.3741586476392641, 0.42186670703315443, 0.40567091388485954]}