{"Factor1": {"Mouse_ID": {}, "Treatment": {"sum_sq": 1.1667932450120462, "df": 2.0, "F": 1.7539496694720036, "pvalue": 0.21165815788628364, "tukey_hsd": {"groups": ["A12", "B1-8", "PBS"], "pvalues": [[1.0, 0.2719828168201044, 0.9946531780370245], [0.2719828168201044, 1.0, 0.2620955118602294], [0.9946531780370245, 0.2620955118602294, 1.0]]}}, "Ig_treated": {"sum_sq": 0.29265797931867954, "df": 1.0, "F": 0.7882012633231215, "pvalue": 0.3896427436292458}, "A12_treated": {"sum_sq": 0.2650322509152852, "df": 1.0, "F": 0.7100248277860686, "pvalue": 0.413599886435269}, "Batch": {"sum_sq": 0.3903273312988418, "df": 1.0, "F": 1.0713796063320773, "pvalue": 0.31818324891482386}, "Quant": {"sum_sq": 0.3085893822584341, "df": 1.0, "F": 0.8336635385974229, "pvalue": 0.3766712684906687}}, "Factor2": {"Mouse_ID": {}, "Treatment": {"sum_sq": 0.029613165337916112, "df": 2.0, "F": 0.029396747900086687, "pvalue": 0.9710954904717618, "tukey_hsd": {"groups": ["A12", "B1-8", "PBS"], "pvalues": [[1.0, 0.9685806898409514, 0.9959990013421773], [0.9685806898409514, 1.0, 0.9878419355711701], [0.9959990013421773, 0.9878419355711701, 1.0]]}}, "Ig_treated": {"sum_sq": 0.00037277727853135735, "df": 1.0, "F": 0.0007934936970930388, "pvalue": 0.9779249566313043}, "A12_treated": {"sum_sq": 0.018426645795727028, "df": 1.0, "F": 0.03933091921805554, "pvalue": 0.8456454997697592}, "Batch": {"sum_sq": 0.0024638115122495017, "df": 1.0, "F": 0.005246136953677518, "pvalue": 0.9432841407183913}, "Quant": {"sum_sq": 0.008475627439721115, "df": 1.0, "F": 0.01806347400623284, "pvalue": 0.8949989905924614}}, "Factor3": {"Mouse_ID": {}, "Treatment": {"sum_sq": 0.20803264180590142, "df": 2.0, "F": 0.21387366893274773, "pvalue": 0.8102354575808965, "tukey_hsd": {"groups": ["A12", "B1-8", "PBS"], "pvalues": [[1.0, 0.808289368190797, 0.9923129120317429], [0.808289368190797, 1.0, 0.8787518612519446], [0.9923129120317429, 0.8787518612519446, 1.0]]}}, "Ig_treated": {"sum_sq": 0.017000388970481218, "df": 1.0, "F": 0.036540257551069655, "pvalue": 0.8511485892707193}, "A12_treated": {"sum_sq": 0.09280853853147293, "df": 1.0, "F": 0.2018296198771398, "pvalue": 0.6601243875323064}, "Batch": {"sum_sq": 2.3554232500138765e-05, "df": 1.0, "F": 5.049533177371996e-05, "pvalue": 0.9944305404163724}, "Quant": {"sum_sq": 0.6211802348153146, "df": 1.0, "F": 1.471658973956021, "pvalue": 0.24515623409623746}}, "Factor4": {"Mouse_ID": {}, "Treatment": {"sum_sq": 1.483815470263892, "df": 2.0, "F": 3.100141214348998, "pvalue": 0.07927427504608596, "tukey_hsd": {"groups": ["A12", "B1-8", "PBS"], "pvalues": [[1.0, 0.08761849853088632, 0.19193609621356678], [0.08761849853088632, 1.0, 0.8942098797306391], [0.19193609621356678, 0.8942098797306391, 1.0]]}}, "Ig_treated": {"sum_sq": 0.19081123579124576, "df": 1.0, "F": 0.6065630380329258, "pvalue": 0.4490493995478898}, "A12_treated": {"sum_sq": 1.4348364591426679, "df": 1.0, "F": 6.356743097063892, "pvalue": 0.024441103324996896}, "Batch": {"sum_sq": 0.002088434696455183, "df": 1.0, "F": 0.006366054215098088, "pvalue": 0.9375355224533912}, "Quant": {"sum_sq": 0.06178312948968556, "df": 1.0, "F": 0.19080996315355578, "pvalue": 0.668905281484034}}, "Factor5": {"Mouse_ID": {}, "Treatment": {"sum_sq": 0.025976400823671756, "df": 2.0, "F": 0.15736192864196527, "pvalue": 0.8559979519717923, "tukey_hsd": {"groups": ["A12", "B1-8", "PBS"], "pvalues": [[1.0, 0.8501301920108619, 0.9900736286130486], [0.8501301920108619, 1.0, 0.9184452229126465], [0.9900736286130486, 0.9184452229126465, 1.0]]}}, "Ig_treated": {"sum_sq": 0.0013457765162310747, "df": 1.0, "F": 0.01716531056883439, "pvalue": 0.8976263718406512}, "A12_treated": {"sum_sq": 0.013151985770272842, "df": 1.0, "F": 0.16957691806813965, "pvalue": 0.6867234679889365}, "Batch": {"sum_sq": 0.1691294940923031, "df": 1.0, "F": 2.546502339347803, "pvalue": 0.1328580441328547}, "Quant": {"sum_sq": 0.003912730825526264, "df": 1.0, "F": 0.050023670195127615, "pvalue": 0.8262528792697076}}, "Factor6": {"Mouse_ID": {}, "Treatment": {"sum_sq": 0.9684124779877297, "df": 2.0, "F": 5.223699016366693, "pvalue": 0.021628008257118365, "tukey_hsd": {"groups": ["A12", "B1-8", "PBS"], "pvalues": [[1.0, 0.33697805723227614, 0.01679512943272987], [0.33697805723227614, 1.0, 0.24635922935417442], [0.01679512943272987, 0.24635922935417442, 1.0]]}}, "Ig_treated": {"sum_sq": 0.7684772391125972, "df": 1.0, "F": 7.6576482513220006, "pvalue": 0.015123863196850692}, "A12_treated": {"sum_sq": 0.7041349627765644, "df": 1.0, "F": 6.709236601030164, "pvalue": 0.02138033456243854}, "Batch": {"sum_sq": 0.053617263939065726, "df": 1.0, "F": 0.354106518634228, "pvalue": 0.561293526427563}, "Quant": {"sum_sq": 0.9407875942572261, "df": 1.0, "F": 10.685142961920057, "pvalue": 0.005599154346276016}}, "Factor7": {"Mouse_ID": {}, "Treatment": {"sum_sq": 0.042208231135081584, "df": 2.0, "F": 0.2898213059788663, "pvalue": 0.753108549089405, "tukey_hsd": {"groups": ["A12", "B1-8", "PBS"], "pvalues": [[1.0, 0.9299796518517564, 0.9037431844654195], [0.9299796518517564, 1.0, 0.7328841911420003], [0.9037431844654195, 0.7328841911420003, 1.0]]}}, "Ig_treated": {"sum_sq": 0.032563633974288034, "df": 1.0, "F": 0.47673643492629475, "pvalue": 0.5011917769780314}, "A12_treated": {"sum_sq": 0.00010999554739082385, "df": 1.0, "F": 0.0015574935818499734, "pvalue": 0.9690768504784747}, "Batch": {"sum_sq": 0.03866495668949027, "df": 1.0, "F": 0.5696955364064026, "pvalue": 0.4628886997926194}, "Quant": {"sum_sq": 0.03369701501706553, "df": 1.0, "F": 0.4939146916702275, "pvalue": 0.493707557659545}}, "Factor8": {"Mouse_ID": {}, "Treatment": {"sum_sq": 0.2663860905224763, "df": 2.0, "F": 3.484443763377099, "pvalue": 0.061423085586482136, "tukey_hsd": {"groups": ["A12", "B1-8", "PBS"], "pvalues": [[1.0, 0.052748239873605884, 0.6865343154601454], [0.052748239873605884, 1.0, 0.2433932637699907], [0.6865343154601454, 0.2433932637699907, 1.0]]}}, "Ig_treated": {"sum_sq": 0.005835517899459192, "df": 1.0, "F": 0.10785453702608905, "pvalue": 0.7474605612876545}, "A12_treated": {"sum_sq": 0.15635092177455692, "df": 1.0, "F": 3.606349416829858, "pvalue": 0.07836316587342072}, "Batch": {"sum_sq": 0.00012984412655028823, "df": 1.0, "F": 0.002381893107739522, "pvalue": 0.9617644087281008}, "Quant": {"sum_sq": 0.0003366678133188707, "df": 1.0, "F": 0.006177592645466088, "pvalue": 0.9384650038529122}}}