{"Factor1": {"ID": {}, "Treatment": {"sum_sq": 0.19656242181919095, "df": 2.0, "F": 0.14810628833402045, "pvalue": 0.8637739766406868, "tukey_hsd": {"groups": ["A12", "B1-8", "PBS"], "pvalues": [[1.0, 0.8512001389334525, 0.9695955898874806], [0.8512001389334525, 1.0, 0.9536062296275987], [0.9695955898874806, 0.9536062296275987, 1.0]]}}, "Ig_treated": {"sum_sq": 9.018599182155135e-05, "df": 1.0, "F": 0.00014310229879381102, "pvalue": 0.9906243029670928}, "A12_treated": {"sum_sq": 0.13916408380105677, "df": 1.0, "F": 0.2243544983424031, "pvalue": 0.6430433739776205}, "Batch": {"sum_sq": 0.05342319138444166, "df": 1.0, "F": 0.0852845777936995, "pvalue": 0.7745425513566384}, "Quant": {"sum_sq": 0.022070806387709398, "df": 1.0, "F": 0.03510823663307858, "pvalue": 0.8540574323912432}}, "Factor2": {"ID": {}, "Treatment": {"sum_sq": 1.9876369149743094, "df": 2.0, "F": 2.438151509984276, "pvalue": 0.12613240878293802, "tukey_hsd": {"groups": ["A12", "B1-8", "PBS"], "pvalues": [[1.0, 0.10773836297201889, 0.51934418293621], [0.10773836297201889, 1.0, 0.5669103474335833], [0.51934418293621, 0.5669103474335833, 1.0]]}}, "Ig_treated": {"sum_sq": 0.007124810661997312, "df": 1.0, "F": 0.013702573717554168, "pvalue": 0.9084768177866495}, "A12_treated": {"sum_sq": 1.548123530787633, "df": 1.0, "F": 3.776922953382662, "pvalue": 0.07234643592076531}, "Batch": {"sum_sq": 0.3821890619077725, "df": 1.0, "F": 0.7749622679643468, "pvalue": 0.39354746008967895}, "Quant": {"sum_sq": 0.00787345648683847, "df": 1.0, "F": 0.015143941310008647, "pvalue": 0.9038082082487778}}, "Factor3": {"ID": {}, "Treatment": {"sum_sq": 1.6919778432643693, "df": 2.0, "F": 4.125904162763528, "pvalue": 0.04097873080473296, "tukey_hsd": {"groups": ["A12", "B1-8", "PBS"], "pvalues": [[1.0, 0.9999799808365579, 0.058212031503523276], [0.9999799808365579, 1.0, 0.06993906547717355], [0.058212031503523276, 0.06993906547717355, 1.0]]}}, "Ig_treated": {"sum_sq": 1.6919703979032832, "df": 1.0, "F": 8.886498886296996, "pvalue": 0.009917529594112276}, "A12_treated": {"sum_sq": 0.4582904669801828, "df": 1.0, "F": 1.6454616953055052, "pvalue": 0.22040892699573436}, "Batch": {"sum_sq": 0.0004498646917711192, "df": 1.0, "F": 0.0014454842095539008, "pvalue": 0.9702089405868177}, "Quant": {"sum_sq": 1.9947256710342403, "df": 1.0, "F": 11.819021652564345, "pvalue": 0.00399989045769699}}, "Factor4": {"ID": {}, "Treatment": {"sum_sq": 0.8156285587564205, "df": 2.0, "F": 2.015393599550465, "pvalue": 0.1728248124050989, "tukey_hsd": {"groups": ["A12", "B1-8", "PBS"], "pvalues": [[1.0, 0.2122272493623396, 0.26960193590815096], [0.2122272493623396, 1.0, 0.9871630044378485], [0.26960193590815096, 0.9871630044378485, 1.0]]}}, "Ig_treated": {"sum_sq": 0.16933957897181748, "df": 1.0, "F": 0.7234890065025104, "pvalue": 0.4093140779112756}, "A12_treated": {"sum_sq": 0.8108816135836446, "df": 1.0, "F": 4.307810439937859, "pvalue": 0.05684531877840723}, "Batch": {"sum_sq": 0.022252610798429773, "df": 1.0, "F": 0.09098821561813794, "pvalue": 0.7673587399656834}, "Quant": {"sum_sq": 0.34513642953472695, "df": 1.0, "F": 1.5581588376539741, "pvalue": 0.23240806249419613}}, "Factor5": {"ID": {}, "Treatment": {"sum_sq": 0.15272555659714393, "df": 2.0, "F": 0.6961697734200933, "pvalue": 0.5161521174059944, "tukey_hsd": {"groups": ["A12", "B1-8", "PBS"], "pvalues": [[1.0, 0.4926483957353349, 0.7739627688737087], [0.4926483957353349, 1.0, 0.8920824043112469], [0.7739627688737087, 0.8920824043112469, 1.0]]}}, "Ig_treated": {"sum_sq": 0.003481072797880562, "df": 1.0, "F": 0.03093868694510316, "pvalue": 0.8628961035702942}, "A12_treated": {"sum_sq": 0.1297932846046759, "df": 1.0, "F": 1.2541273419583514, "pvalue": 0.2816106911022886}, "Batch": {"sum_sq": 0.009343342165207266, "df": 1.0, "F": 0.08335090114440301, "pvalue": 0.7770373470546813}, "Quant": {"sum_sq": 0.07999384395385013, "df": 1.0, "F": 0.7472567623722449, "pvalue": 0.40191509916192103}}, "Factor6": {"ID": {}, "Treatment": {"sum_sq": 0.013127245823048595, "df": 2.0, "F": 0.30498730960259457, "pvalue": 0.7422654405576254, "tukey_hsd": {"groups": ["A12", "B1-8", "PBS"], "pvalues": [[1.0, 0.7374356694381784, 0.9866904543243913], [0.7374356694381784, 1.0, 0.8375409244801983], [0.9866904543243913, 0.8375409244801983, 1.0]]}}, "Ig_treated": {"sum_sq": 0.0009393193609457934, "df": 1.0, "F": 0.0450419460243994, "pvalue": 0.8349857811509773}, "A12_treated": {"sum_sq": 0.006106324161887743, "df": 1.0, "F": 0.2980839058545555, "pvalue": 0.5936800771330231}, "Batch": {"sum_sq": 0.06084287444390376, "df": 1.0, "F": 3.670651106329247, "pvalue": 0.07602729568937638}, "Quant": {"sum_sq": 0.007649649232297254, "df": 1.0, "F": 0.3754426255904358, "pvalue": 0.5498767314015564}}, "Factor7": {"ID": {}, "Treatment": {"sum_sq": 0.024601984886825405, "df": 2.0, "F": 0.15442950177207157, "pvalue": 0.8584528235233628, "tukey_hsd": {"groups": ["A12", "B1-8", "PBS"], "pvalues": [[1.0, 0.9384131359418166, 0.9696991135803166], [0.9384131359418166, 1.0, 0.8470644134471237], [0.9696991135803166, 0.8470644134471237, 1.0]]}}, "Ig_treated": {"sum_sq": 0.01537066807096044, "df": 1.0, "F": 0.2059743133129854, "pvalue": 0.65689699083499}, "A12_treated": {"sum_sq": 0.00029554492413777554, "df": 1.0, "F": 0.003904108940271081, "pvalue": 0.9510616122590474}, "Batch": {"sum_sq": 0.029499316868968676, "df": 1.0, "F": 0.40072421499614974, "pvalue": 0.5369193251523877}, "Quant": {"sum_sq": 0.006133633508110951, "df": 1.0, "F": 0.08147328226257396, "pvalue": 0.7794901531484404}}, "Factor8": {"ID": {}, "Treatment": {"sum_sq": 0.24091812375069946, "df": 2.0, "F": 2.1871096690711607, "pvalue": 0.15179146085469686, "tukey_hsd": {"groups": ["A12", "B1-8", "PBS"], "pvalues": [[1.0, 0.1348038536935473, 0.7785922703578432], [0.1348038536935473, 1.0, 0.40377620935889524], [0.7785922703578432, 0.40377620935889524, 1.0]]}}, "Ig_treated": {"sum_sq": 0.0047166613112595845, "df": 1.0, "F": 0.0693480814356649, "pvalue": 0.7961245661770576}, "A12_treated": {"sum_sq": 0.14333878807964423, "df": 1.0, "F": 2.4665647358292397, "pvalue": 0.1386121616300802}, "Batch": {"sum_sq": 0.0014350481467295727, "df": 1.0, "F": 0.021026746265184342, "pvalue": 0.8867730276410253}, "Quant": {"sum_sq": 0.0020924485482421568, "df": 1.0, "F": 0.03068027868662108, "pvalue": 0.8634636041817898}}}