{"Factor1": {"sample_id": {}, "Group": {"sum_sq": 0.3356239236279535, "df": 1.0, "F": 6.007085614223143, "pvalue": 0.015631327015016596}}, "Factor2": {"sample_id": {}, "Group": {"sum_sq": 22.981750926769802, "df": 1.0, "F": 13.621913196996829, "pvalue": 0.00033239870072411027}}, "Factor3": {"sample_id": {}, "Group": {"sum_sq": 1.354816148779063, "df": 1.0, "F": 30.515681644881195, "pvalue": 1.837345994798473e-07}}, "Factor4": {"sample_id": {}, "Group": {"sum_sq": 0.012659212849738857, "df": 1.0, "F": 0.2872880103276263, "pvalue": 0.5929161929477804}}, "Factor5": {"sample_id": {}, "Group": {"sum_sq": 0.005765720028913255, "df": 1.0, "F": 0.20485960628067984, "pvalue": 0.651611145465991}}, "Factor6": {"sample_id": {}, "Group": {"sum_sq": 0.0036661887456784716, "df": 1.0, "F": 0.037125431086511014, "pvalue": 0.8475225930733814}}, "Factor7": {"sample_id": {}, "Group": {"sum_sq": 184.0863073200187, "df": 1.0, "F": 270.276395513144, "pvalue": 4.83243447719644e-33}}, "Factor8": {"sample_id": {}, "Group": {"sum_sq": 0.02390404731908672, "df": 1.0, "F": 0.1813592843895753, "pvalue": 0.6709400576795245}}, "Factor9": {"sample_id": {}, "Group": {"sum_sq": 0.1232837656943817, "df": 1.0, "F": 3.0444927193077693, "pvalue": 0.08346910474969808}}, "Factor10": {"sample_id": {}, "Group": {"sum_sq": 1.3949103849357254, "df": 1.0, "F": 4.232734933192845, "pvalue": 0.04173108612487553}}, "Factor11": {"sample_id": {}, "Group": {"sum_sq": 0.03468954099698511, "df": 1.0, "F": 0.8939766130039505, "pvalue": 0.34622604363564224}}, "Factor12": {"sample_id": {}, "Group": {"sum_sq": 12.450888930754306, "df": 1.0, "F": 27.65240492909147, "pvalue": 6.091231650905544e-07}}, "Factor13": {"sample_id": {}, "Group": {"sum_sq": 0.03898062512518368, "df": 1.0, "F": 0.522804377172831, "pvalue": 0.4709986265323092}}, "Factor14": {"sample_id": {}, "Group": {"sum_sq": 3.178403001183188, "df": 1.0, "F": 3.66486366574105, "pvalue": 0.05785673375095492}}, "Factor15": {"sample_id": {}, "Group": {"sum_sq": 4.447932136164416, "df": 1.0, "F": 7.130650684128741, "pvalue": 0.00858527159511953}}, "Factor16": {"sample_id": {}, "Group": {"sum_sq": 1.4517657716058698, "df": 1.0, "F": 3.771713578744809, "pvalue": 0.054375546219276254}}, "Factor17": {"sample_id": {}, "Group": {"sum_sq": 0.8186776693718404, "df": 1.0, "F": 1.1015988474673657, "pvalue": 0.29594049461084393}}, "Factor18": {"sample_id": {}, "Group": {"sum_sq": 0.8610344242266958, "df": 1.0, "F": 1.5801706741610715, "pvalue": 0.21107985791935777}}, "Factor19": {"sample_id": {}, "Group": {"sum_sq": 0.03241147967199159, "df": 1.0, "F": 0.04287711417779232, "pvalue": 0.8362937731038657}}, "Factor20": {"sample_id": {}, "Group": {"sum_sq": 1.3580222773799502, "df": 1.0, "F": 1.4162615455818137, "pvalue": 0.2362750561099954}}, "Factor21": {"sample_id": {}, "Group": {"sum_sq": 0.045090000355283655, "df": 1.0, "F": 0.05947210104146331, "pvalue": 0.8077320609015254}}, "Factor22": {"sample_id": {}, "Group": {"sum_sq": 2.8512457143508834, "df": 1.0, "F": 5.4048137730948955, "pvalue": 0.021693761784865203}}, "Factor23": {"sample_id": {}, "Group": {"sum_sq": 0.6142777947181918, "df": 1.0, "F": 6.002788784575865, "pvalue": 0.01566764682205654}}, "Factor24": {"sample_id": {}, "Group": {"sum_sq": 0.01992259556515629, "df": 1.0, "F": 0.024702769200153612, "pvalue": 0.8753635565756757}}, "Factor25": {"sample_id": {}, "Group": {"sum_sq": 0.27247184417741804, "df": 1.0, "F": 0.3964561970586683, "pvalue": 0.5300743105311205}}, "Factor26": {"sample_id": {}, "Group": {"sum_sq": 0.1429056440488922, "df": 1.0, "F": 0.329084559285337, "pvalue": 0.5672293395754692}}, "Factor27": {"sample_id": {}, "Group": {"sum_sq": 0.07260321724801967, "df": 1.0, "F": 0.08310290762321317, "pvalue": 0.773613126959509}}, "Factor28": {"sample_id": {}, "Group": {"sum_sq": 0.559780034302548, "df": 1.0, "F": 0.5847184956389353, "pvalue": 0.4459099199852209}}, "Factor29": {"sample_id": {}, "Group": {"sum_sq": 0.05540138408405515, "df": 1.0, "F": 0.07175398759199662, "pvalue": 0.7892414022735302}}, "Factor30": {"sample_id": {}, "Group": {"sum_sq": 1.175547268880927, "df": 1.0, "F": 1.1371957796092904, "pvalue": 0.28830101715209827}}, "Factor31": {"sample_id": {}, "Group": {"sum_sq": 0.22724548286706867, "df": 1.0, "F": 0.31546703013917965, "pvalue": 0.5753502723605775}}, "Factor32": {"sample_id": {}, "Group": {"sum_sq": 0.010129178604548041, "df": 1.0, "F": 0.012476734397647437, "pvalue": 0.9112409968572892}}, "Factor33": {"sample_id": {}, "Group": {"sum_sq": 0.08704316458675558, "df": 1.0, "F": 0.0786693011397239, "pvalue": 0.7795725714913085}}, "Factor34": {"sample_id": {}, "Group": {"sum_sq": 0.24106972246480943, "df": 1.0, "F": 0.24491133592707487, "pvalue": 0.621549921281568}}, "Factor35": {"sample_id": {}, "Group": {"sum_sq": 1.060648362988221, "df": 1.0, "F": 1.1950680395027733, "pvalue": 0.2764119444890626}}, "Factor36": {"sample_id": {}, "Group": {"sum_sq": 1.4386510155480463, "df": 1.0, "F": 8.89899671362628, "pvalue": 0.003431799416619927}}, "Factor37": {"sample_id": {}, "Group": {"sum_sq": 0.42810567604297356, "df": 1.0, "F": 0.5203253221723159, "pvalue": 0.4720499806642755}}, "Factor38": {"sample_id": {}, "Group": {"sum_sq": 1.0936803307738874, "df": 1.0, "F": 0.9707285247734836, "pvalue": 0.3264017907519149}}, "Factor39": {"sample_id": {}, "Group": {"sum_sq": 0.008291374552243953, "df": 1.0, "F": 0.04979873671425371, "pvalue": 0.8237781220252706}}, "Factor40": {"sample_id": {}, "Group": {"sum_sq": 0.3079010061051052, "df": 1.0, "F": 0.45722258596300996, "pvalue": 0.5001740637750971}}, "Factor41": {"sample_id": {}, "Group": {"sum_sq": 0.03170153589407323, "df": 1.0, "F": 0.0707020110842324, "pvalue": 0.7907554480387885}}, "Factor42": {"sample_id": {}, "Group": {"sum_sq": 0.05408658276904199, "df": 1.0, "F": 0.060025091901781714, "pvalue": 0.8068580398682333}}, "Factor43": {"sample_id": {}, "Group": {"sum_sq": 1.5511174994186566e-24, "df": 1.0, "F": 0.005072082509715405, "pvalue": 0.9433376345649863}}, "Factor44": {"sample_id": {}, "Group": {"sum_sq": 5.08178207174115e-24, "df": 1.0, "F": 0.17392721718801227, "pvalue": 0.6773602475179299}}, "Factor45": {"sample_id": {}, "Group": {"sum_sq": 7.577070078923163e-23, "df": 1.0, "F": 0.0696311169964242, "pvalue": 0.7923091659024074}}, "Factor46": {"sample_id": {}, "Group": {"sum_sq": 3.5264335004637237e-25, "df": 1.0, "F": 0.1185676716867238, "pvalue": 0.7311717990824986}}, "Factor47": {"sample_id": {}, "Group": {"sum_sq": 6.8629155414748095e-25, "df": 1.0, "F": 0.1521084569096108, "pvalue": 0.6971922949932265}}, "Factor48": {"sample_id": {}, "Group": {"sum_sq": 2.39787288040573e-21, "df": 1.0, "F": 0.15924151917044066, "pvalue": 0.6905367110444236}}, "Factor49": {"sample_id": {}, "Group": {"sum_sq": 5.159617004029972e-26, "df": 1.0, "F": 0.41174489328663577, "pvalue": 0.5222601137314632}}, "Factor50": {"sample_id": {}, "Group": {"sum_sq": 1.6749577069141166e-24, "df": 1.0, "F": 0.36965077458059814, "pvalue": 0.5442977649475141}}}