{"Factor1": {"Mouse_ID": {}, "Treatment": {"sum_sq": 0.9214051400471944, "df": 2.0, "F": 0.3253029832691804, "pvalue": 0.7272785224313298, "tukey_hsd": {"groups": ["A12", "B1-8", "PBS"], "pvalues": [[1.0, 0.7255017998510745, 0.8279223768711965], [0.7255017998510745, 1.0, 0.9818317693170009], [0.8279223768711965, 0.9818317693170009, 1.0]]}}, "Ig_treated": {"sum_sq": 0.0780844036240173, "df": 1.0, "F": 0.05656570604121209, "pvalue": 0.8150276115282773}, "A12_treated": {"sum_sq": 0.8742449711024313, "df": 1.0, "F": 0.6570012799764425, "pvalue": 0.4295127549028954}, "Batch": {"sum_sq": 0.019315181992667848, "df": 1.0, "F": 0.01262296350731518, "pvalue": 0.912139388035921}, "Quant": {"sum_sq": 0.8320719750499584, "df": 1.0, "F": 0.624071794020455, "pvalue": 0.44108976599023486}}, "Factor2": {"Mouse_ID": {}, "Treatment": {"sum_sq": 5.382255908344973, "df": 2.0, "F": 3.5220507632582883, "pvalue": 0.055717474605690515, "tukey_hsd": {"groups": ["A12", "B1-8", "PBS"], "pvalues": [[1.0, 0.04491611532359474, 0.4104269847088988], [0.04491611532359474, 1.0, 0.39483628480280875], [0.4104269847088988, 0.39483628480280875, 1.0]]}}, "Ig_treated": {"sum_sq": 0.00023052193994321186, "df": 1.0, "F": 0.00021898131192415302, "pvalue": 0.9883762758859744}, "A12_treated": {"sum_sq": 4.006072470583252, "df": 1.0, "F": 4.9930090855663645, "pvalue": 0.040066646224401495}, "Batch": {"sum_sq": 1.211351957416513, "df": 1.0, "F": 1.3056722460930945, "pvalue": 0.272345184548674}, "Quant": {"sum_sq": 0.03277140273208634, "df": 1.0, "F": 0.031191027486963233, "pvalue": 0.8620310534404972}}, "Factor3": {"Mouse_ID": {}, "Treatment": {"sum_sq": 2.0773317332594425, "df": 2.0, "F": 0.9716392648888259, "pvalue": 0.4010546592041958, "tukey_hsd": {"groups": ["A12", "B1-8", "PBS"], "pvalues": [[1.0, 0.43237982761987837, 0.5100453074158482], [0.43237982761987837, 1.0, 0.9894508804580018], [0.5100453074158482, 0.9894508804580018, 1.0]]}}, "Ig_treated": {"sum_sq": 0.35145635301222594, "df": 1.0, "F": 0.3166162823880165, "pvalue": 0.581447541835556}, "A12_treated": {"sum_sq": 2.0567536848799377, "df": 1.0, "F": 2.049666551835632, "pvalue": 0.1714842003570495}, "Batch": {"sum_sq": 0.20032965081465567, "df": 1.0, "F": 0.19460484052185043, "pvalue": 0.6658476378486451}, "Quant": {"sum_sq": 7.008453257088284e-05, "df": 1.0, "F": 6.191210797389091e-05, "pvalue": 0.9938192433936615}}, "Factor4": {"Mouse_ID": {}, "Treatment": {"sum_sq": 2.464033246287677, "df": 2.0, "F": 1.2412110030845018, "pvalue": 0.31708262678791427, "tukey_hsd": {"groups": ["A12", "B1-8", "PBS"], "pvalues": [[1.0, 0.768741362422521, 0.6636328925644434], [0.768741362422521, 1.0, 0.28747539310762416], [0.6636328925644434, 0.28747539310762416, 1.0]]}}, "Ig_treated": {"sum_sq": 1.9815982412437407, "df": 1.0, "F": 2.062644549770538, "pvalue": 0.1702121179922556}, "A12_treated": {"sum_sq": 0.010470673494133156, "df": 1.0, "F": 0.009660156897019179, "pvalue": 0.9229259087088537}, "Batch": {"sum_sq": 3.120629838183707, "df": 1.0, "F": 3.1068974444279718, "pvalue": 0.09976804422355691}, "Quant": {"sum_sq": 0.8027470360465748, "df": 1.0, "F": 0.7760615585053648, "pvalue": 0.39138972032050745}}, "Factor5": {"Mouse_ID": {}, "Treatment": {"sum_sq": 3.0792417585752934, "df": 2.0, "F": 1.636046708075272, "pvalue": 0.22765235175911447, "tukey_hsd": {"groups": ["A12", "B1-8", "PBS"], "pvalues": [[1.0, 0.44537720571975514, 0.21695574654794658], [0.44537720571975514, 1.0, 0.8668105006796926], [0.21695574654794658, 0.8668105006796926, 1.0]]}}, "Ig_treated": {"sum_sq": 1.6166710638610546, "df": 1.0, "F": 1.6604129794484346, "pvalue": 0.21586932394094768}, "A12_treated": {"sum_sq": 2.8327758502093503, "df": 1.0, "F": 3.1557707076212287, "pvalue": 0.0946749462235473}, "Batch": {"sum_sq": 0.041235426944312835, "df": 1.0, "F": 0.03898686302393155, "pvalue": 0.846312734626449}, "Quant": {"sum_sq": 3.542231822849624, "df": 1.0, "F": 4.1511739422607565, "pvalue": 0.05849638708110698}}}