{"Factor1": {"sample": {}, "condition": {"sum_sq": 2.884269865927501, "df": 1.0, "F": 1.8473239546609055, "pvalue": 0.2039559595226879}}, "Factor2": {"sample": {}, "condition": {"sum_sq": 0.7190218300232791, "df": 1.0, "F": 0.7590150161330177, "pvalue": 0.40406745022937174}}, "Factor3": {"sample": {}, "condition": {"sum_sq": 0.4104528093637837, "df": 1.0, "F": 7.653891066801169, "pvalue": 0.019904225717581266}}, "Factor4": {"sample": {}, "condition": {"sum_sq": 0.03899994878163042, "df": 1.0, "F": 0.33629268290754655, "pvalue": 0.5748093604930857}}}