{"Factor1": {"Seqn": {}, "Group": {"sum_sq": 0.050775135322593756, "df": 2.0, "F": 0.02635788969635563, "pvalue": 0.9740426733438876, "tukey_hsd": {"groups": ["A12", "B1-8", "PBS"], "pvalues": [[1.0, 0.982743968038141, 0.9766562949508122], [0.982743968038141, 1.0, 0.9991676788358789], [0.9766562949508122, 0.9991676788358789, 1.0]]}}, "Ig-Treated": {"sum_sq": 0.020318717104089522, "df": 1.0, "F": 0.022793187039688568, "pvalue": 0.8823136618588538}, "A12-Treated": {"sum_sq": 0.04932033565705391, "df": 1.0, "F": 0.05546551021548133, "pvalue": 0.8174814450901923}, "Quant": {"sum_sq": 0.9859760400452741, "df": 1.0, "F": 1.8592935719940835, "pvalue": 0.1977400154327117}}, "Factor2": {"Seqn": {}, "Group": {"sum_sq": 2.6126416378811195, "df": 2.0, "F": 4.287447035296164, "pvalue": 0.03936061075153905, "tukey_hsd": {"groups": ["A12", "B1-8", "PBS"], "pvalues": [[1.0, 0.16220631559500187, 0.5205257205367625], [0.16220631559500187, 1.0, 0.035857447928466346], [0.5205257205367625, 0.035857447928466346, 1.0]]}}, "Ig-Treated": {"sum_sq": 1.4305075475115911, "df": 1.0, "F": 3.843579359014558, "pvalue": 0.07172409883720934}, "A12-Treated": {"sum_sq": 0.12777031488549945, "df": 1.0, "F": 0.27047539138765414, "pvalue": 0.6117553214447593}, "Quant": {"sum_sq": 0.08642616070297342, "df": 1.0, "F": 0.16858740043053022, "pvalue": 0.6886068788760731}}, "Factor3": {"Seqn": {}, "Group": {"sum_sq": 1.156667863357519, "df": 2.0, "F": 2.3443027186519125, "pvalue": 0.138218824394756, "tukey_hsd": {"groups": ["A12", "B1-8", "PBS"], "pvalues": [[1.0, 0.43971748886108675, 0.1254840574291779], [0.43971748886108675, 1.0, 0.6470825018947681], [0.1254840574291779, 0.6470825018947681, 1.0]]}}, "Ig-Treated": {"sum_sq": 0.7613325346147115, "df": 1.0, "F": 2.949400282170495, "pvalue": 0.10962140499512661}, "A12-Treated": {"sum_sq": 0.9542818854156376, "df": 1.0, "F": 3.9224202997980586, "pvalue": 0.0692108794676885}, "Quant": {"sum_sq": 0.048375387274590335, "df": 1.0, "F": 0.1428526153780058, "pvalue": 0.7120622016736711}}, "Factor4": {"Seqn": {}, "Group": {"sum_sq": 0.34598553827808676, "df": 2.0, "F": 1.0443873352928594, "pvalue": 0.3818107365495921, "tukey_hsd": {"groups": ["A12", "B1-8", "PBS"], "pvalues": [[1.0, 0.3540898624093147, 0.7371233710113836], [0.3540898624093147, 1.0, 0.8374943621275956], [0.7371233710113836, 0.8374943621275956, 1.0]]}}, "Ig-Treated": {"sum_sq": 0.004034836726148598, "df": 1.0, "F": 0.02251548314094821, "pvalue": 0.8830269774101583}, "A12-Treated": {"sum_sq": 0.2918682383983564, "df": 1.0, "F": 1.8583027176049145, "pvalue": 0.19596535722435363}, "Quant": {"sum_sq": 0.01259539410263568, "df": 1.0, "F": 0.06552206619064938, "pvalue": 0.8023070817630742}}, "Factor5": {"Seqn": {}, "Group": {"sum_sq": 0.31909869940387625, "df": 2.0, "F": 2.46307206023436, "pvalue": 0.1269811540331496, "tukey_hsd": {"groups": ["A12", "B1-8", "PBS"], "pvalues": [[1.0, 0.3131726593345181, 0.12988736533687906], [0.3131726593345181, 1.0, 0.7963774041414634], [0.12988736533687906, 0.7963774041414634, 1.0]]}}, "Ig-Treated": {"sum_sq": 0.16790514020123487, "df": 1.0, "F": 2.3508215283756146, "pvalue": 0.14918654759763947}, "A12-Treated": {"sum_sq": 0.29180679694584655, "df": 1.0, "F": 4.714687973131674, "pvalue": 0.049007008003386435}, "Quant": {"sum_sq": 9.312286573242408e-05, "df": 1.0, "F": 0.0011610524215156946, "pvalue": 0.9733781931752948}}, "Factor6": {"Seqn": {}, "Group": {"sum_sq": 0.1429057172687154, "df": 2.0, "F": 0.9907202287161413, "pvalue": 0.3997384933362125, "tukey_hsd": {"groups": ["A12", "B1-8", "PBS"], "pvalues": [[1.0, 0.4048130477605416, 0.9861295388332707], [0.4048130477605416, 1.0, 0.5612200330533736], [0.9861295388332707, 0.5612200330533736, 1.0]]}}, "Ig-Treated": {"sum_sq": 0.01475460926458097, "df": 1.0, "F": 0.19304215976208683, "pvalue": 0.6676115269160205}, "A12-Treated": {"sum_sq": 0.06339133089568146, "df": 1.0, "F": 0.8720684990783144, "pvalue": 0.3674051269575984}, "Quant": {"sum_sq": 0.05439174790103149, "df": 1.0, "F": 0.7246626156683653, "pvalue": 0.41128451464600285}}}