{"Factor1": {"Mouse_ID": {}, "Treatment": {"sum_sq": 0.011153353782641505, "df": 2.0, "F": 0.010737179787063823, "pvalue": 0.989329021882396, "tukey_hsd": {"groups": ["A12", "B1-8", "PBS"], "pvalues": [[1.0, 0.9940399757549714, 0.9893888365670822], [0.9940399757549714, 1.0, 0.9993808051802888], [0.9893888365670822, 0.9993808051802888, 1.0]]}}, "Ig_treated": {"sum_sq": 0.005519168145334978, "df": 1.0, "F": 0.011434332148423093, "pvalue": 0.9163605943250234}, "A12_treated": {"sum_sq": 0.010569830498831314, "df": 1.0, "F": 0.02191441680141522, "pvalue": 0.8844259721700797}, "TMT": {"sum_sq": 0.16105810919901534, "df": 1.0, "F": 0.34153306635297503, "pvalue": 0.5682442112292889}, "Quant": {"sum_sq": 0.24402595496133422, "df": 1.0, "F": 0.5240570272859482, "pvalue": 0.4810387123392077}}, "Factor2": {"Mouse_ID": {}, "Treatment": {"sum_sq": 0.020090051988595255, "df": 2.0, "F": 0.018248968487824868, "pvalue": 0.9819416430346308, "tukey_hsd": {"groups": ["A12", "B1-8", "PBS"], "pvalues": [[1.0, 0.9850871177808397, 0.9999402960548627], [0.9850871177808397, 1.0, 0.9845580063035794], [0.9999402960548627, 0.9845580063035794, 1.0]]}}, "Ig_treated": {"sum_sq": 0.005070636311390248, "df": 1.0, "F": 0.0098997403826407, "pvalue": 0.9221540155402091}, "A12_treated": {"sum_sq": 0.004532897198356985, "df": 1.0, "F": 0.008849212956776795, "pvalue": 0.9263864155647945}, "TMT": {"sum_sq": 0.023213874204623907, "df": 1.0, "F": 0.0454369527326957, "pvalue": 0.8342753861326617}, "Quant": {"sum_sq": 0.015618498083926966, "df": 1.0, "F": 0.03053795195885532, "pvalue": 0.8637772280184437}}, "Factor3": {"Mouse_ID": {}, "Treatment": {"sum_sq": 1.369480730154802, "df": 2.0, "F": 2.1709442942741153, "pvalue": 0.15364033422059484, "tukey_hsd": {"groups": ["A12", "B1-8", "PBS"], "pvalues": [[1.0, 0.2196054229226284, 0.9814238464556257], [0.2196054229226284, 1.0, 0.18761840525135187], [0.9814238464556257, 0.18761840525135187, 1.0]]}}, "Ig_treated": {"sum_sq": 0.3870893910091949, "df": 1.0, "F": 1.066207071865975, "pvalue": 0.31931249932474104}, "A12_treated": {"sum_sq": 0.27076000333130973, "df": 1.0, "F": 0.7290999666968627, "pvalue": 0.4075484356574589}, "TMT": {"sum_sq": 0.24798549415673163, "df": 1.0, "F": 0.6648605637357786, "pvalue": 0.42850374998095664}, "Quant": {"sum_sq": 0.5519545424937158, "df": 1.0, "F": 1.5712816148387705, "pvalue": 0.23055080602286052}}, "Factor4": {"Mouse_ID": {}, "Treatment": {"sum_sq": 1.5284543909558899, "df": 2.0, "F": 3.3491625825199125, "pvalue": 0.06711835839907347, "tukey_hsd": {"groups": ["A12", "B1-8", "PBS"], "pvalues": [[1.0, 0.0689930032870647, 0.19764634202134201], [0.0689930032870647, 1.0, 0.8221665170300593], [0.19764634202134201, 0.8221665170300593, 1.0]]}}, "Ig_treated": {"sum_sq": 0.14690900952817815, "df": 1.0, "F": 0.4730341078305747, "pvalue": 0.5028311952069557}, "A12_treated": {"sum_sq": 1.446108412507309, "df": 1.0, "F": 6.640606519853021, "pvalue": 0.021939580461580444}, "TMT": {"sum_sq": 0.0012342402219767562, "df": 1.0, "F": 0.0038453107336198665, "pvalue": 0.9514310213909056}, "Quant": {"sum_sq": 0.002686431928961195, "df": 1.0, "F": 0.008372361231158545, "pvalue": 0.9283911757792135}}, "Factor5": {"Mouse_ID": {}, "Treatment": {"sum_sq": 0.9654801399825226, "df": 2.0, "F": 5.0660303747188555, "pvalue": 0.023617758791808115, "tukey_hsd": {"groups": ["A12", "B1-8", "PBS"], "pvalues": [[1.0, 0.3302448932337543, 0.01841660277647894], [0.3302448932337543, 1.0, 0.26966268731331344], [0.01841660277647894, 0.26966268731331344, 1.0]]}}, "Ig_treated": {"sum_sq": 0.7557833825003152, "df": 1.0, "F": 7.304968598028009, "pvalue": 0.017163270303238276}, "A12_treated": {"sum_sq": 0.7132284340237082, "df": 1.0, "F": 6.696905749209853, "pvalue": 0.021479581607015474}, "TMT": {"sum_sq": 0.07414589883870559, "df": 1.0, "F": 0.4873212400755896, "pvalue": 0.49655670197223634}, "Quant": {"sum_sq": 0.9363989959587047, "df": 1.0, "F": 10.34004514524807, "pvalue": 0.006224464286830103}}, "Factor6": {"Mouse_ID": {}, "Treatment": {"sum_sq": 0.053894554887014993, "df": 2.0, "F": 0.36568466903654473, "pvalue": 0.7006349111292498, "tukey_hsd": {"groups": ["A12", "B1-8", "PBS"], "pvalues": [[1.0, 0.8251435351553978, 0.9588317387004583], [0.8251435351553978, 1.0, 0.6890000242545046], [0.9588317387004583, 0.6890000242545046, 1.0]]}}, "Ig_treated": {"sum_sq": 0.02780029923359984, "df": 1.0, "F": 0.3955072547726706, "pvalue": 0.5395450254824872}, "A12_treated": {"sum_sq": 0.0025689947657395107, "df": 1.0, "F": 0.03563471479271421, "pvalue": 0.8529809692929564}, "TMT": {"sum_sq": 0.03596128934091316, "df": 1.0, "F": 0.5158897833824707, "pvalue": 0.48441522081901445}, "Quant": {"sum_sq": 0.02501552218343544, "df": 1.0, "F": 0.3548847135489442, "pvalue": 0.5608689116141268}}, "Factor7": {"Mouse_ID": {}, "Treatment": {"sum_sq": 0.24533004386603754, "df": 2.0, "F": 3.2951878179778715, "pvalue": 0.06955907970887486, "tukey_hsd": {"groups": ["A12", "B1-8", "PBS"], "pvalues": [[1.0, 0.05708093847829243, 0.4734077536565193], [0.05708093847829243, 1.0, 0.4157021333844867], [0.4734077536565193, 0.4157021333844867, 1.0]]}}, "Ig_treated": {"sum_sq": 5.429097172696333e-05, "df": 1.0, "F": 0.0010423285959166933, "pvalue": 0.974700446499712}, "A12_treated": {"sum_sq": 0.1816475517002885, "df": 1.0, "F": 4.643901757460601, "pvalue": 0.049060468016721794}, "TMT": {"sum_sq": 0.002944209992537278, "df": 1.0, "F": 0.05675059126845938, "pvalue": 0.8151589255575357}, "Quant": {"sum_sq": 0.0028463956787886102, "df": 1.0, "F": 0.0548578012327671, "pvalue": 0.8182067444629856}}}