{"Factor1": {"protein": {}, "group": {"sum_sq": 15.342395827747103, "df": 2.0, "F": 1323.2898584491802, "pvalue": 1.157306567889132e-08, "tukey_hsd": {"groups": ["KI", "KO", "WT"], "pvalues": [[1.0, 0.3712153500733888, 2.357351303050592e-08], [0.3712153500733888, 1.0, 1.936805404945119e-08], [2.357351303050592e-08, 1.936805404945119e-08, 1.0]]}}}, "Factor2": {"protein": {}, "group": {"sum_sq": 10.217067799476693, "df": 2.0, "F": 79.76258120523205, "pvalue": 4.762792741862887e-05, "tukey_hsd": {"groups": ["KI", "KO", "WT"], "pvalues": [[1.0, 3.733440732478499e-05, 0.001989671996223241], [3.733440732478499e-05, 1.0, 0.0016104542288620793], [0.001989671996223241, 0.0016104542288620793, 1.0]]}}}, "Factor3": {"protein": {}, "group": {"sum_sq": 0.048470901560379226, "df": 2.0, "F": 0.02734228387817792, "pvalue": 0.973148647863814, "tukey_hsd": {"groups": ["KI", "KO", "WT"], "pvalues": [[1.0, 0.9745120191544764, 0.9994103365646966], [0.9745120191544764, 1.0, 0.9815318465454053], [0.9994103365646966, 0.9815318465454053, 1.0]]}}}, "Factor4": {"protein": {}, "group": {"sum_sq": 0.03133117647879458, "df": 2.0, "F": 0.9401369716563742, "pvalue": 0.44139743543272336, "tukey_hsd": {"groups": ["KI", "KO", "WT"], "pvalues": [[1.0, 0.7899245365423138, 0.41177429401902677], [0.7899245365423138, 1.0, 0.7703426241689856], [0.41177429401902677, 0.7703426241689856, 1.0]]}}}}