{"Factor1": {"Seqn": {}, "Group": {"sum_sq": 0.03559968204452644, "df": 2.0, "F": 0.018493231299154, "pvalue": 0.9817024963226901, "tukey_hsd": {"groups": ["A12", "B1-8", "PBS"], "pvalues": [[1.0, 0.9842268461187805, 0.9999950893106531], [0.9842268461187805, 1.0, 0.9850219136410384], [0.9999950893106531, 0.9850219136410384, 1.0]]}}, "Ig-Treated": {"sum_sq": 0.007807626635749926, "df": 1.0, "F": 0.008716393809531535, "pvalue": 0.9269392127794335}, "A12-Treated": {"sum_sq": 0.009220882097736109, "df": 1.0, "F": 0.010295305109237405, "pvalue": 0.9206195962096998}, "Quant": {"sum_sq": 0.913814644185641, "df": 1.0, "F": 1.634286731420568, "pvalue": 0.22346419897256634}}, "Factor2": {"Seqn": {}, "Group": {"sum_sq": 2.2147443562105167, "df": 2.0, "F": 2.5930124066566624, "pvalue": 0.1128070453955961, "tukey_hsd": {"groups": ["A12", "B1-8", "PBS"], "pvalues": [[1.0, 0.13466206746408993, 0.9946105286610645], [0.13466206746408993, 1.0, 0.1811800413388278], [0.9946105286610645, 0.1811800413388278, 1.0]]}}, "Ig-Treated": {"sum_sq": 0.3821387676301025, "df": 1.0, "F": 0.7244938111639532, "pvalue": 0.4089970153646576}, "A12-Treated": {"sum_sq": 0.6916261387424881, "df": 1.0, "F": 1.3686082242109463, "pvalue": 0.26158239280850426}, "Quant": {"sum_sq": 0.18273771419394239, "df": 1.0, "F": 0.3150730884581484, "pvalue": 0.5841305728294564}}, "Factor3": {"Seqn": {}, "Group": {"sum_sq": 1.6578383192241237, "df": 2.0, "F": 3.9099108761356565, "pvalue": 0.04683076416493092, "tukey_hsd": {"groups": ["A12", "B1-8", "PBS"], "pvalues": [[1.0, 0.39086574898657334, 0.03776132808150756], [0.39086574898657334, 1.0, 0.38065370418941735], [0.03776132808150756, 0.38065370418941735, 1.0]]}}, "Ig-Treated": {"sum_sq": 1.2677281941766059, "df": 1.0, "F": 5.641206247782868, "pvalue": 0.032373536548722416}, "A12-Treated": {"sum_sq": 1.2558574324887144, "df": 1.0, "F": 5.567376907062784, "pvalue": 0.03335185908778544}, "Quant": {"sum_sq": 0.0445211083907632, "df": 1.0, "F": 0.1344354329360402, "pvalue": 0.719775460887111}}, "Factor4": {"Seqn": {}, "Group": {"sum_sq": 0.07966304126171067, "df": 2.0, "F": 0.2071534769370352, "pvalue": 0.8155267872361378, "tukey_hsd": {"groups": ["A12", "B1-8", "PBS"], "pvalues": [[1.0, 0.9275764909021438, 0.8025881608227446], [0.9275764909021438, 1.0, 0.9647535086041792], [0.8025881608227446, 0.9647535086041792, 1.0]]}}, "Ig-Treated": {"sum_sq": 0.05328250366422567, "df": 1.0, "F": 0.29530801986956834, "pvalue": 0.59538655752513}, "A12-Treated": {"sum_sq": 0.06711210033642447, "df": 1.0, "F": 0.3740035097898942, "pvalue": 0.5506324607195472}, "Quant": {"sum_sq": 0.00464621613518156, "df": 1.0, "F": 0.023478676662836845, "pvalue": 0.8805717331340559}}, "Factor5": {"Seqn": {}, "Group": {"sum_sq": 0.3888494751922488, "df": 2.0, "F": 3.1191341685191674, "pvalue": 0.0782623587336448, "tukey_hsd": {"groups": ["A12", "B1-8", "PBS"], "pvalues": [[1.0, 0.07187568205072048, 0.8106077866489358], [0.07187568205072048, 1.0, 0.22882576496631635], [0.8106077866489358, 0.22882576496631635, 1.0]]}}, "Ig-Treated": {"sum_sq": 0.01851908952416818, "df": 1.0, "F": 0.21959549689783195, "pvalue": 0.6465613546285243}, "A12-Treated": {"sum_sq": 0.20061734735248665, "df": 1.0, "F": 2.812692928848018, "pvalue": 0.11569750613874823}, "Quant": {"sum_sq": 0.05934767623401045, "df": 1.0, "F": 0.7846359588108307, "pvalue": 0.3918180003201481}}, "Factor6": {"Seqn": {}, "Group": {"sum_sq": 0.1309667002314686, "df": 2.0, "F": 1.201176741643926, "pvalue": 0.3321358306849129, "tukey_hsd": {"groups": ["A12", "B1-8", "PBS"], "pvalues": [[1.0, 0.7126393955550652, 0.30256898714295277], [0.7126393955550652, 1.0, 0.7564119052296323], [0.30256898714295277, 0.7564119052296323, 1.0]]}}, "Ig-Treated": {"sum_sq": 0.09652958320003799, "df": 1.0, "F": 1.8185064479365807, "pvalue": 0.1989030925327893}, "A12-Treated": {"sum_sq": 0.10272687611056974, "df": 1.0, "F": 1.951530681519559, "pvalue": 0.18417266429008575}, "Quant": {"sum_sq": 0.011251887224735373, "df": 1.0, "F": 0.18531010270164672, "pvalue": 0.6738998400272951}}}