{"Factor1": {"Mouse_ID": {}, "Treatment": {"sum_sq": 1.0281986607979967, "df": 2.0, "F": 1.7336395174382204, "pvalue": 0.2150749348878708, "tukey_hsd": {"groups": ["A12", "B1-8", "PBS"], "pvalues": [[1.0, 0.27575947020998026, 0.9946900536548733], [0.27575947020998026, 1.0, 0.26574023963060633], [0.9946900536548733, 0.26574023963060633, 1.0]]}}, "Ig_treated": {"sum_sq": 0.25800607028866673, "df": 1.0, "F": 0.7809480214161059, "pvalue": 0.3917746712408791}, "A12_treated": {"sum_sq": 0.2334440564852653, "df": 1.0, "F": 0.7028697392055807, "pvalue": 0.41590605378835577}, "TMT": {"sum_sq": 0.3454119891955282, "df": 1.0, "F": 1.065651604060472, "pvalue": 0.3194341030490144}, "Quant": {"sum_sq": 0.2701826605869768, "df": 1.0, "F": 0.8199635052603381, "pvalue": 0.38051088249167503}}, "Factor2": {"Mouse_ID": {}, "Treatment": {"sum_sq": 0.02255950163645951, "df": 2.0, "F": 0.023031591707861954, "pvalue": 0.9772713928610556, "tukey_hsd": {"groups": ["A12", "B1-8", "PBS"], "pvalues": [[1.0, 0.9749891842313401, 0.9942668957194207], [0.9749891842313401, 1.0, 0.993636891497436], [0.9942668957194207, 0.993636891497436, 1.0]]}}, "Ig_treated": {"sum_sq": 1.3158041607811572e-05, "df": 1.0, "F": 2.8831361743011687e-05, "pvalue": 0.9957915545776301}, "A12_treated": {"sum_sq": 0.016886080005335164, "df": 1.0, "F": 0.037098055449688916, "pvalue": 0.8500315987200794}, "TMT": {"sum_sq": 0.0019126961605269194, "df": 1.0, "F": 0.004192267830326336, "pvalue": 0.9492903196124641}, "Quant": {"sum_sq": 0.01330801009109082, "df": 1.0, "F": 0.029220768980812894, "pvalue": 0.8667162613863914}}, "Factor3": {"Mouse_ID": {}, "Treatment": {"sum_sq": 0.22643966165236215, "df": 2.0, "F": 0.22513189691754434, "pvalue": 0.8014594919009317, "tukey_hsd": {"groups": ["A12", "B1-8", "PBS"], "pvalues": [[1.0, 0.8033641225221497, 0.994722119593219], [0.8033641225221497, 1.0, 0.8654723522779524], [0.994722119593219, 0.8654723522779524, 1.0]]}}, "Ig_treated": {"sum_sq": 0.023128780172240904, "df": 1.0, "F": 0.04803436083733506, "pvalue": 0.8296827140248105}, "A12_treated": {"sum_sq": 0.09309022698960459, "df": 1.0, "F": 0.19535935257414294, "pvalue": 0.6652439960433867}, "TMT": {"sum_sq": 7.502537023090383e-07, "df": 1.0, "F": 1.5528158596689417e-06, "pvalue": 0.9990233224244943}, "Quant": {"sum_sq": 0.672253928451922, "df": 1.0, "F": 1.5449183081860427, "pvalue": 0.23430192431831404}}, "Factor4": {"Mouse_ID": {}, "Treatment": {"sum_sq": 1.446945011780624, "df": 2.0, "F": 3.08781890948662, "pvalue": 0.07993886372706609, "tukey_hsd": {"groups": ["A12", "B1-8", "PBS"], "pvalues": [[1.0, 0.08798505174059479, 0.19430700618020658], [0.08798505174059479, 1.0, 0.8919183515636713], [0.19430700618020658, 0.8919183515636713, 1.0]]}}, "Ig_treated": {"sum_sq": 0.18365427169218934, "df": 1.0, "F": 0.596670851208068, "pvalue": 0.45269486080696686}, "A12_treated": {"sum_sq": 1.397881783861364, "df": 1.0, "F": 6.3233181678179715, "pvalue": 0.024756977482502378}, "TMT": {"sum_sq": 0.0014534688617959235, "df": 1.0, "F": 0.004530584776484614, "pvalue": 0.9472870553323848}, "Quant": {"sum_sq": 0.059283815906888006, "df": 1.0, "F": 0.1872030443760042, "pvalue": 0.6718455391129511}}, "Factor5": {"Mouse_ID": {}, "Treatment": {"sum_sq": 0.020670759189342677, "df": 2.0, "F": 0.15439420225720973, "pvalue": 0.8584824238386903, "tukey_hsd": {"groups": ["A12", "B1-8", "PBS"], "pvalues": [[1.0, 0.8535144820643823, 0.9912243323901122], [0.8535144820643823, 1.0, 0.9179657240666536], [0.9912243323901122, 0.9179657240666536, 1.0]]}}, "Ig_treated": {"sum_sq": 0.0011892879597382602, "df": 1.0, "F": 0.01871376736127319, "pvalue": 0.8931380271016014}, "A12_treated": {"sum_sq": 0.010205261252549416, "df": 1.0, "F": 0.16222646226162035, "pvalue": 0.6931980076631092}, "TMT": {"sum_sq": 0.136472440162781, "df": 1.0, "F": 2.5325004816300276, "pvalue": 0.13384436184602447}, "Quant": {"sum_sq": 0.003233335301885157, "df": 1.0, "F": 0.05099455957516935, "pvalue": 0.8246050157323893}}, "Factor6": {"Mouse_ID": {}, "Treatment": {"sum_sq": 0.9750119144592312, "df": 2.0, "F": 5.133915369444002, "pvalue": 0.022736230673536122, "tukey_hsd": {"groups": ["A12", "B1-8", "PBS"], "pvalues": [[1.0, 0.33932839397600567, 0.017692577879387383], [0.33932839397600567, 1.0, 0.2544476753924305], [0.017692577879387383, 0.2544476753924305, 1.0]]}}, "Ig_treated": {"sum_sq": 0.7716194243864731, "df": 1.0, "F": 7.513096297338428, "pvalue": 0.01592376109552324}, "A12_treated": {"sum_sq": 0.7112312186357258, "df": 1.0, "F": 6.645983741437412, "pvalue": 0.021895153640017963}, "TMT": {"sum_sq": 0.05359970211615441, "df": 1.0, "F": 0.34807176756317487, "pvalue": 0.5646082019351362}, "Quant": {"sum_sq": 0.9410895604114548, "df": 1.0, "F": 10.387503486139332, "pvalue": 0.006133870832329205}}, "Factor7": {"Mouse_ID": {}, "Treatment": {"sum_sq": 0.043025241860465524, "df": 2.0, "F": 0.2945105044124018, "pvalue": 0.749736551968095, "tukey_hsd": {"groups": ["A12", "B1-8", "PBS"], "pvalues": [[1.0, 0.9421862043192532, 0.8874383844587398], [0.9421862043192532, 1.0, 0.7312257061879828], [0.8874383844587398, 0.7312257061879828, 1.0]]}}, "Ig_treated": {"sum_sq": 0.03509684403144902, "df": 1.0, "F": 0.5131557706790646, "pvalue": 0.48555468245058464}, "A12_treated": {"sum_sq": 0.0004796549631062747, "df": 1.0, "F": 0.006768402624123222, "pvalue": 0.9355964402046704}, "TMT": {"sum_sq": 0.04026338779627715, "df": 1.0, "F": 0.5918902177419788, "pvalue": 0.4544741334783514}, "Quant": {"sum_sq": 0.03681956546589966, "df": 1.0, "F": 0.5393142260479782, "pvalue": 0.47483837160167575}}, "Factor8": {"Mouse_ID": {}, "Treatment": {"sum_sq": 0.2781897959189889, "df": 2.0, "F": 3.557862293282369, "pvalue": 0.05856658003252212, "tukey_hsd": {"groups": ["A12", "B1-8", "PBS"], "pvalues": [[1.0, 0.05011592960722311, 0.6773991338249266], [0.05011592960722311, 1.0, 0.23887734402876903], [0.6773991338249266, 0.23887734402876903, 1.0]]}}, "Ig_treated": {"sum_sq": 0.005887002822085275, "df": 1.0, "F": 0.10559121601625139, "pvalue": 0.7500253382734079}, "A12_treated": {"sum_sq": 0.16398108672984701, "df": 1.0, "F": 3.6882556929656154, "pvalue": 0.07540235089228393}, "TMT": {"sum_sq": 9.428705707833228e-05, "df": 1.0, "F": 0.0016787052241538146, "pvalue": 0.9678967935941093}, "Quant": {"sum_sq": 0.0003114129862735653, "df": 1.0, "F": 0.005545989164676516, "pvalue": 0.9416889338997609}}}