{"Factor1": {"Seqn": {}, "Group": {"sum_sq": 1.0820522061871334, "df": 2.0, "F": 1.74678997555629, "pvalue": 0.21285543554355876, "tukey_hsd": {"groups": ["A12", "B1-8", "PBS"], "pvalues": [[1.0, 0.2746193436722657, 0.9939326481976923], [0.2746193436722657, 1.0, 0.2621706964922882], [0.9939326481976923, 0.2621706964922882, 1.0]]}}, "Ig-Treated": {"sum_sq": 0.27475720385547897, "df": 1.0, "F": 0.7957828560801375, "pvalue": 0.3874330915684682}, "A12-Treated": {"sum_sq": 0.24255583470085046, "df": 1.0, "F": 0.6978685497278141, "pvalue": 0.41752999680967606}, "Quant": {"sum_sq": 0.14565577667962887, "df": 1.0, "F": 0.3888993052877566, "pvalue": 0.5436660539986746}}, "Factor2": {"Seqn": {}, "Group": {"sum_sq": 0.025947229402816116, "df": 2.0, "F": 0.025789815553432363, "pvalue": 0.974589631042489, "tukey_hsd": {"groups": ["A12", "B1-8", "PBS"], "pvalues": [[1.0, 0.9720344610194824, 0.9945184871945194], [0.9720344610194824, 1.0, 0.9918604606975564], [0.9945184871945194, 0.9918604606975564, 1.0]]}}, "Ig-Treated": {"sum_sq": 7.105409203258714e-06, "df": 1.0, "F": 1.5151016203638379e-05, "pvalue": 0.9969492187817941}, "A12-Treated": {"sum_sq": 0.018485077614172004, "df": 1.0, "F": 0.03952737091777303, "pvalue": 0.8452658805288755}, "Quant": {"sum_sq": 0.47114095761976393, "df": 1.0, "F": 1.5510044828365226, "pvalue": 0.2349677639557507}}, "Factor3": {"Seqn": {}, "Group": {"sum_sq": 0.22712737616395698, "df": 2.0, "F": 0.21920179008138546, "pvalue": 0.8060683563426999, "tukey_hsd": {"groups": ["A12", "B1-8", "PBS"], "pvalues": [[1.0, 0.8034543364647169, 0.991581644775239], [0.8034543364647169, 1.0, 0.8772448703571949], [0.991581644775239, 0.8772448703571949, 1.0]]}}, "Ig-Treated": {"sum_sq": 0.017791445963227872, "df": 1.0, "F": 0.03586802390505408, "pvalue": 0.8525065743126224}, "A12-Treated": {"sum_sq": 0.10273765259583313, "df": 1.0, "F": 0.2096867905519542, "pvalue": 0.6540395482683978}, "Quant": {"sum_sq": 0.10889842992273938, "df": 1.0, "F": 0.24518871386599994, "pvalue": 0.6287472890771966}}, "Factor4": {"Seqn": {}, "Group": {"sum_sq": 1.4869709588638167, "df": 2.0, "F": 3.1240060767820474, "pvalue": 0.07800519782458407, "tukey_hsd": {"groups": ["A12", "B1-8", "PBS"], "pvalues": [[1.0, 0.0863836024859801, 0.18938156811488904], [0.0863836024859801, 1.0, 0.894367763984597], [0.18938156811488904, 0.894367763984597, 1.0]]}}, "Ig-Treated": {"sum_sq": 0.19206767331182556, "df": 1.0, "F": 0.6126858021744965, "pvalue": 0.44681712689100317}, "A12-Treated": {"sum_sq": 1.438340350354279, "df": 1.0, "F": 6.4078516228728635, "pvalue": 0.023967146462759784}, "Quant": {"sum_sq": 0.13363947043906926, "df": 1.0, "F": 0.39569093640014724, "pvalue": 0.540219715808973}}, "Factor5": {"Seqn": {}, "Group": {"sum_sq": 0.018587105705629294, "df": 2.0, "F": 0.15211229283099703, "pvalue": 0.8603984141261183, "tukey_hsd": {"groups": ["A12", "B1-8", "PBS"], "pvalues": [[1.0, 0.8557181228480957, 0.9916078840467383], [0.8557181228480957, 1.0, 0.9185906399537609], [0.9916078840467383, 0.9185906399537609, 1.0]]}}, "Ig-Treated": {"sum_sq": 0.0010997433313355645, "df": 1.0, "F": 0.018967073400129188, "pvalue": 0.8924220754839571}, "A12-Treated": {"sum_sq": 0.009111845193472709, "df": 1.0, "F": 0.15871691125806597, "pvalue": 0.6963500959813087}, "Quant": {"sum_sq": 0.21641901510481143, "df": 1.0, "F": 5.04692192979617, "pvalue": 0.04267951445938667}}, "Factor6": {"Seqn": {}, "Group": {"sum_sq": 0.9794924932938709, "df": 2.0, "F": 5.194337473567053, "pvalue": 0.02198342074244135, "tukey_hsd": {"groups": ["A12", "B1-8", "PBS"], "pvalues": [[1.0, 0.3324953755979472, 0.017083722470413232], [0.3324953755979472, 1.0, 0.25307636871750216], [0.017083722470413232, 0.25307636871750216, 1.0]]}}, "Ig-Treated": {"sum_sq": 0.7733948903742764, "df": 1.0, "F": 7.562190265925427, "pvalue": 0.015646713607454475}, "A12-Treated": {"sum_sq": 0.7164300281542904, "df": 1.0, "F": 6.737151385601075, "pvalue": 0.021157621350563403}, "Quant": {"sum_sq": 0.00836523619075881, "df": 1.0, "F": 0.05015912995662834, "pvalue": 0.8262679159217335}}, "Factor7": {"Seqn": {}, "Group": {"sum_sq": 0.04317306489970312, "df": 2.0, "F": 0.2923634786902454, "pvalue": 0.7512783088641038, "tukey_hsd": {"groups": ["A12", "B1-8", "PBS"], "pvalues": [[1.0, 0.9310104861356999, 0.9012010559506234], [0.9310104861356999, 1.0, 0.7310976357088379], [0.9012010559506234, 0.7310976357088379, 1.0]]}}, "Ig-Treated": {"sum_sq": 0.03354389215886291, "df": 1.0, "F": 0.48439901936965535, "pvalue": 0.4978287325721822}, "A12-Treated": {"sum_sq": 0.00014310830139553716, "df": 1.0, "F": 0.0019977638613074434, "pvalue": 0.9649806136961491}, "Quant": {"sum_sq": 0.032703105802552285, "df": 1.0, "F": 0.4424322603418254, "pvalue": 0.5175780940441514}}, "Factor8": {"Seqn": {}, "Group": {"sum_sq": 0.2707005356341178, "df": 2.0, "F": 3.480173939320561, "pvalue": 0.06159409808217989, "tukey_hsd": {"groups": ["A12", "B1-8", "PBS"], "pvalues": [[1.0, 0.05326399003629845, 0.7009278428856577], [0.05326399003629845, 1.0, 0.23694476730587866], [0.7009278428856577, 0.23694476730587866, 1.0]]}}, "Ig-Treated": {"sum_sq": 0.0067007740010925024, "df": 1.0, "F": 0.12189663699235179, "pvalue": 0.732181993547271}, "A12-Treated": {"sum_sq": 0.15636391091715002, "df": 1.0, "F": 3.5311957012512147, "pvalue": 0.08120298938531699}, "Quant": {"sum_sq": 0.015842699137082375, "df": 1.0, "F": 0.3114844126703925, "pvalue": 0.5862545298212763}}}