{"Factor1": {"protein": {}, "group": {"sum_sq": 16.36025969781677, "df": 2.0, "F": 1382.2638320182186, "pvalue": 1.0157019311089945e-08, "tukey_hsd": {"groups": ["KI", "KO", "WT"], "pvalues": [[1.0, 0.31870992094007666, 2.0833750724591482e-08], [0.31870992094007666, 1.0, 1.6897350962885582e-08], [2.0833750724591482e-08, 1.6897350962885582e-08, 1.0]]}}}, "Factor2": {"protein": {}, "group": {"sum_sq": 10.21942734597089, "df": 2.0, "F": 76.13437136592599, "pvalue": 5.448391340199035e-05, "tukey_hsd": {"groups": ["KI", "KO", "WT"], "pvalues": [[1.0, 4.2716678875676095e-05, 0.0021917146059047266], [4.2716678875676095e-05, 1.0, 0.0018649194430905291], [0.0021917146059047266, 0.0018649194430905291, 1.0]]}}}, "Factor3": {"protein": {}, "group": {"sum_sq": 0.04830235704766176, "df": 2.0, "F": 0.02857611508254879, "pvalue": 0.9719597603857041, "tukey_hsd": {"groups": ["KI", "KO", "WT"], "pvalues": [[1.0, 0.9774546412199765, 0.9999775518937007], [0.9774546412199765, 1.0, 0.9760437460217407], [0.9999775518937007, 0.9760437460217407, 1.0]]}}}, "Factor4": {"protein": {}, "group": {"sum_sq": 0.04076321117190004, "df": 2.0, "F": 0.808549148971357, "pvalue": 0.4887480871461745, "tukey_hsd": {"groups": ["KI", "KO", "WT"], "pvalues": [[1.0, 0.7725701707696409, 0.46030584865306934], [0.7725701707696409, 1.0, 0.840476826599958], [0.46030584865306934, 0.840476826599958, 1.0]]}}}}