{"Factor1": {"Mouse_ID": {}, "Treatment": {"sum_sq": 1.1407580380692086, "df": 2.0, "F": 1.6524718190042968, "pvalue": 0.22938041156881492, "tukey_hsd": {"groups": ["A12", "B1-8", "PBS"], "pvalues": [[1.0, 0.2769140786972475, 0.9997079788080794], [0.2769140786972475, 1.0, 0.29592606754574013], [0.9997079788080794, 0.29592606754574013, 1.0]]}}, "Ig_treated": {"sum_sq": 0.24749517276836525, "df": 1.0, "F": 0.6439872868280114, "pvalue": 0.4356823435319137}, "A12_treated": {"sum_sq": 0.29833546948564116, "df": 1.0, "F": 0.7836798061434898, "pvalue": 0.39096964560065717}, "TMT": {"sum_sq": 0.4199175446983387, "df": 1.0, "F": 1.1288076377039615, "pvalue": 0.3060139918705009}, "Quant": {"sum_sq": 0.25650343492896466, "df": 1.0, "F": 0.6685462833513381, "pvalue": 0.4272558366306384}}, "Factor2": {"Mouse_ID": {}, "Treatment": {"sum_sq": 0.02421692623565836, "df": 2.0, "F": 0.024717698280982477, "pvalue": 0.9756310175786461, "tukey_hsd": {"groups": ["A12", "B1-8", "PBS"], "pvalues": [[1.0, 0.9735884924286379, 0.9968729403664761], [0.9735884924286379, 1.0, 0.9894108623995189], [0.9968729403664761, 0.9894108623995189, 1.0]]}}, "Ig_treated": {"sum_sq": 0.0003822896512909831, "df": 1.0, "F": 0.0008372860043084711, "pvalue": 0.9773241620356931}, "A12_treated": {"sum_sq": 0.014749835018416162, "df": 1.0, "F": 0.03237767873453382, "pvalue": 0.8597797396310589}, "TMT": {"sum_sq": 0.001707262317287903, "df": 1.0, "F": 0.00373999976805617, "pvalue": 0.9520998140460644}, "Quant": {"sum_sq": 0.008215668979155268, "df": 1.0, "F": 0.018015933230696873, "pvalue": 0.895136369053005}}, "Factor3": {"Mouse_ID": {}, "Treatment": {"sum_sq": 0.22499393405655416, "df": 2.0, "F": 0.23662182006185287, "pvalue": 0.792615805762882, "tukey_hsd": {"groups": ["A12", "B1-8", "PBS"], "pvalues": [[1.0, 0.7975128526543893, 0.9960661269605019], [0.7975128526543893, 1.0, 0.8542126710417726], [0.9960661269605019, 0.8542126710417726, 1.0]]}}, "Ig_treated": {"sum_sq": 0.026254777728722485, "df": 1.0, "F": 0.057618495273217586, "pvalue": 0.8137794320712395}, "A12_treated": {"sum_sq": 0.08735681123611201, "df": 1.0, "F": 0.19356646640004815, "pvalue": 0.6666806926164147}, "TMT": {"sum_sq": 2.070291447532356e-05, "df": 1.0, "F": 4.524834934392786e-05, "pvalue": 0.9947278322644135}, "Quant": {"sum_sq": 0.6635269147899379, "df": 1.0, "F": 1.6177808150076343, "pvalue": 0.2241240506413996}}, "Factor4": {"Mouse_ID": {}, "Treatment": {"sum_sq": 1.4520540269094062, "df": 2.0, "F": 3.1233438641166664, "pvalue": 0.07804009502298062, "tukey_hsd": {"groups": ["A12", "B1-8", "PBS"], "pvalues": [[1.0, 0.08686991448879, 0.18780816840501713], [0.08686991448879, 1.0, 0.8979207198573594], [0.18780816840501713, 0.8979207198573594, 1.0]]}}, "Ig_treated": {"sum_sq": 0.19078698830526256, "df": 1.0, "F": 0.6236119474644706, "pvalue": 0.44287839986377875}, "A12_treated": {"sum_sq": 1.4062569543970427, "df": 1.0, "F": 6.417767029971096, "pvalue": 0.023876440135875344}, "TMT": {"sum_sq": 0.0017599928870598801, "df": 1.0, "F": 0.005509609882619137, "pvalue": 0.9418801190261878}, "Quant": {"sum_sq": 0.06529181170507882, "df": 1.0, "F": 0.20733971880058358, "pvalue": 0.6558424347828803}}, "Factor5": {"Mouse_ID": {}, "Treatment": {"sum_sq": 0.02624080210553028, "df": 2.0, "F": 0.1589318417892623, "pvalue": 0.8546870338221687, "tukey_hsd": {"groups": ["A12", "B1-8", "PBS"], "pvalues": [[1.0, 0.8505423462659527, 0.9919822580612772], [0.8505423462659527, 1.0, 0.9135339773802665], [0.9919822580612772, 0.9135339773802665, 1.0]]}}, "Ig_treated": {"sum_sq": 0.0016797626367197585, "df": 1.0, "F": 0.021422454642659683, "pvalue": 0.8857206119699341}, "A12_treated": {"sum_sq": 0.012599449990525317, "df": 1.0, "F": 0.16229852475170808, "pvalue": 0.6931337052860977}, "TMT": {"sum_sq": 0.169648912841832, "df": 1.0, "F": 2.5544338058808975, "pvalue": 0.13230330516707747}, "Quant": {"sum_sq": 0.004367882847725929, "df": 1.0, "F": 0.055841499694062435, "pvalue": 0.816615934736719}}, "Factor6": {"Mouse_ID": {}, "Treatment": {"sum_sq": 0.9356992762311633, "df": 2.0, "F": 5.326996031670283, "pvalue": 0.02042927177988733, "tukey_hsd": {"groups": ["A12", "B1-8", "PBS"], "pvalues": [[1.0, 0.2876053125460779, 0.01588390371891002], [0.2876053125460779, 1.0, 0.2770693671332488], [0.01588390371891002, 0.2770693671332488, 1.0]]}}, "Ig_treated": {"sum_sq": 0.715809387884078, "df": 1.0, "F": 7.359804853641416, "pvalue": 0.01682615235914322}, "A12_treated": {"sum_sq": 0.7085225237102931, "df": 1.0, "F": 7.2461047485058705, "pvalue": 0.017533905449918556}, "TMT": {"sum_sq": 0.04123094557520233, "df": 1.0, "F": 0.2834843489858105, "pvalue": 0.602774976525866}, "Quant": {"sum_sq": 0.889340240426885, "df": 1.0, "F": 10.479565529360514, "pvalue": 0.005962431195210802}}, "Factor7": {"Mouse_ID": {}, "Treatment": {"sum_sq": 0.03687871694050266, "df": 2.0, "F": 0.25820455074234383, "pvalue": 0.7763063834603732, "tukey_hsd": {"groups": ["A12", "B1-8", "PBS"], "pvalues": [[1.0, 0.9843907811040714, 0.850619168673254], [0.9843907811040714, 1.0, 0.7767584760260537], [0.850619168673254, 0.7767584760260537, 1.0]]}}, "Ig_treated": {"sum_sq": 0.034838295231649, "df": 1.0, "F": 0.5242110896910148, "pvalue": 0.4809754099287018}, "A12_treated": {"sum_sq": 0.003475444851290878, "df": 1.0, "F": 0.050589653956548256, "pvalue": 0.8252902233042042}, "TMT": {"sum_sq": 0.03668140279808187, "df": 1.0, "F": 0.5530398304852311, "pvalue": 0.46937598171765194}, "Quant": {"sum_sq": 0.04015277751552836, "df": 1.0, "F": 0.607648834432022, "pvalue": 0.44865220204204026}}, "Factor8": {"Mouse_ID": {}, "Treatment": {"sum_sq": 0.2794103022675057, "df": 2.0, "F": 3.52529678741093, "pvalue": 0.05981426485278339, "tukey_hsd": {"groups": ["A12", "B1-8", "PBS"], "pvalues": [[1.0, 0.05824270607935955, 0.863122412500439], [0.05824270607935955, 1.0, 0.16446182256099595], [0.863122412500439, 0.16446182256099595, 1.0]]}}, "Ig_treated": {"sum_sq": 0.020577337708966834, "df": 1.0, "F": 0.37219304981889867, "pvalue": 0.5515860720230341}, "A12_treated": {"sum_sq": 0.12884907422388797, "df": 1.0, "F": 2.709586628884094, "pvalue": 0.12200242910121606}, "TMT": {"sum_sq": 0.0010340912161879426, "df": 1.0, "F": 0.018243513435930947, "pvalue": 0.8944803942874188}, "Quant": {"sum_sq": 0.003147267967421399, "df": 1.0, "F": 0.05567258479736754, "pvalue": 0.8168880375519292}}}