{"Factor1": {"Seqn": {}, "Group": {"sum_sq": 0.7454416645605101, "df": 2.0, "F": 0.26762334479495886, "pvalue": 0.7687732940422579, "tukey_hsd": {"groups": ["A12", "B1-8", "PBS"], "pvalues": [[1.0, 0.7584518229579904, 0.8765189708425791], [0.7584518229579904, 1.0, 0.9727882376094519], [0.8765189708425791, 0.9727882376094519, 1.0]]}}, "Ig-Treated": {"sum_sq": 0.03317142660842477, "df": 1.0, "F": 0.024568161456896845, "pvalue": 0.877408702836719}, "A12-Treated": {"sum_sq": 0.675613020604346, "df": 1.0, "F": 0.5157245615416184, "pvalue": 0.4830265723087305}, "Quant": {"sum_sq": 0.06587407347792161, "df": 1.0, "F": 0.060216140653143894, "pvalue": 0.8094803225284031}}, "Factor2": {"Seqn": {}, "Group": {"sum_sq": 5.762874553825836, "df": 2.0, "F": 3.858139176546196, "pvalue": 0.04447905795256002, "tukey_hsd": {"groups": ["A12", "B1-8", "PBS"], "pvalues": [[1.0, 0.035435264141797984, 0.378358601443713], [0.035435264141797984, 1.0, 0.36421713786189247], [0.378358601443713, 0.36421713786189247, 1.0]]}}, "Ig-Treated": {"sum_sq": 0.00020356230976910147, "df": 1.0, "F": 0.00019197916649819267, "pvalue": 0.9891164420418371}, "A12-Treated": {"sum_sq": 4.292392762649704, "df": 1.0, "F": 5.419184278245876, "pvalue": 0.033360107135590115}, "Quant": {"sum_sq": 2.811173810689506, "df": 1.0, "F": 2.9875026678088292, "pvalue": 0.10443182828856103}}, "Factor3": {"Seqn": {}, "Group": {"sum_sq": 1.9003956164707474, "df": 2.0, "F": 0.8925870756936054, "pvalue": 0.43026949450443314, "tukey_hsd": {"groups": ["A12", "B1-8", "PBS"], "pvalues": [[1.0, 0.4771747438749523, 0.5158690020414244], [0.4771747438749523, 1.0, 0.9974879944633527], [0.5158690020414244, 0.9974879944633527, 1.0]]}}, "Ig-Treated": {"sum_sq": 0.3944286498743306, "df": 1.0, "F": 0.36115457351936003, "pvalue": 0.5562843483349196}, "A12-Treated": {"sum_sq": 1.8955382946056327, "df": 1.0, "F": 1.8987411777467305, "pvalue": 0.18718687906307585}, "Quant": {"sum_sq": 5.29425317566918, "df": 1.0, "F": 6.413459986779852, "pvalue": 0.022981880125024272}}, "Factor4": {"Seqn": {}, "Group": {"sum_sq": 1.9160755638895153, "df": 2.0, "F": 0.9785738839142272, "pvalue": 0.398601021738094, "tukey_hsd": {"groups": ["A12", "B1-8", "PBS"], "pvalues": [[1.0, 0.780347079082831, 0.7544517576692891], [0.780347079082831, 1.0, 0.3663953809868641], [0.7544517576692891, 0.3663953809868641, 1.0]]}}, "Ig-Treated": {"sum_sq": 1.4678287534566565, "df": 1.0, "F": 1.5518763764974823, "pvalue": 0.2307927219015183}, "A12-Treated": {"sum_sq": 0.0006736721571443802, "df": 1.0, "F": 0.0006492984777201172, "pvalue": 0.9799861395302774}, "Quant": {"sum_sq": 0.49377174410008784, "df": 1.0, "F": 0.4621342632531934, "pvalue": 0.506984698814661}}}