{"Factor1": {"sample": {}, "condition": {"sum_sq": 2.719681766760732, "df": 1.0, "F": 2.317497784614304, "pvalue": 0.15018923608518564}}, "Factor2": {"sample": {}, "condition": {"sum_sq": 0.4703169897493553, "df": 1.0, "F": 0.44729584086037605, "pvalue": 0.5144994104794323}}, "Factor3": {"sample": {}, "condition": {"sum_sq": 0.5988628978836639, "df": 1.0, "F": 1.0314421807184397, "pvalue": 0.3270512912409017}}, "Factor4": {"sample": {}, "condition": {"sum_sq": 0.7620184340673106, "df": 1.0, "F": 1.253850855945649, "pvalue": 0.28166153890358825}}, "Factor5": {"sample": {}, "condition": {"sum_sq": 0.3181460470953181, "df": 1.0, "F": 0.5778514181716914, "pvalue": 0.4597666747126866}}}