{"Factor1": {"Seqn": {}, "ID": {"sum_sq": 5.159338187240427, "df": 1.0, "F": 1.0476862140502472, "pvalue": 0.3212681111336719}, "Group": {"sum_sq": 7.171806566318158, "df": 2.0, "F": 0.7005574097863909, "pvalue": 0.5118399442732219, "tukey_hsd": {"groups": ["A12", "B1-8", "PBS"], "pvalues": [[1.0, 0.580127664286792, 0.5661717111599134], [0.580127664286792, 1.0, 0.9997004855640739], [0.5661717111599134, 0.9997004855640739, 1.0]]}}, "Ig": {"sum_sq": 1.916628821591488, "df": 1.0, "F": 0.37381760705719963, "pvalue": 0.5495197809577146}, "Control": {"sum_sq": 7.169025341279015, "df": 1.0, "F": 1.493888784884835, "pvalue": 0.2393150492241484}, "TMT": {"sum_sq": 0.08221268436939547, "df": 1.0, "F": 0.014094746509223982, "pvalue": 0.9071828268281802}, "Tag": {"sum_sq": 58.747045434626344, "df": 8.0, "F": 2.235407640875189, "pvalue": 0.15281897173753484, "tukey_hsd": {}}, "ID_metabo": {}, "Quant": {"sum_sq": 0.3115159692728861, "df": 1.0, "F": 0.05959181425627644, "pvalue": 0.810244976883445}}, "Factor2": {"Seqn": {}, "ID": {"sum_sq": 0.10054673398340824, "df": 1.0, "F": 0.9904504007400807, "pvalue": 0.3344460941400328}, "Group": {"sum_sq": 0.1652464507132123, "df": 2.0, "F": 0.7946787154344913, "pvalue": 0.4698537629975487, "tukey_hsd": {"groups": ["A12", "B1-8", "PBS"], "pvalues": [[1.0, 0.9076579627184302, 0.44927014683527056], [0.9076579627184302, 1.0, 0.697424121365497], [0.44927014683527056, 0.697424121365497, 1.0]]}}, "Ig": {"sum_sq": 0.14684899622580283, "df": 1.0, "F": 1.4890042513579829, "pvalue": 0.2400515096962205}, "Control": {"sum_sq": 0.09552406886595866, "df": 1.0, "F": 0.9380731127951425, "pvalue": 0.34718777087719005}, "TMT": {"sum_sq": 0.031000579320971094, "df": 1.0, "F": 0.25648979814265715, "pvalue": 0.6204237698957653}, "Tag": {"sum_sq": 1.557612542121247, "df": 8.0, "F": 8.235372619886029, "pvalue": 0.00583819431021932, "tukey_hsd": {}}, "ID_metabo": {}, "Quant": {"sum_sq": 0.06546007901192287, "df": 1.0, "F": 0.6311894149344324, "pvalue": 0.4385454215947916}}, "Factor3": {"Seqn": {}, "ID": {"sum_sq": 1.4124580620005567, "df": 1.0, "F": 0.2596302114944387, "pvalue": 0.6173299494666548}, "Group": {"sum_sq": 32.36877635741486, "df": 2.0, "F": 4.328304075372355, "pvalue": 0.03281261712510855, "tukey_hsd": {"groups": ["A12", "B1-8", "PBS"], "pvalues": [[1.0, 0.025757505399358283, 0.31789330732934884], [0.025757505399358283, 1.0, 0.34650211033850276], [0.31789330732934884, 0.34650211033850276, 1.0]]}}, "Ig": {"sum_sq": 0.004797267419523561, "df": 1.0, "F": 0.0008677736644090693, "pvalue": 0.9768636359949482}, "Control": {"sum_sq": 24.615422548956577, "df": 1.0, "F": 6.169150159630813, "pvalue": 0.024458979425572885}, "TMT": {"sum_sq": 6.194156164315451, "df": 1.0, "F": 1.3554732028966492, "pvalue": 0.2637807271941372}, "Tag": {"sum_sq": 62.12501098931556, "df": 8.0, "F": 6.756525423239681, "pvalue": 0.010355733511553146, "tukey_hsd": {}}, "ID_metabo": {}, "Quant": {"sum_sq": 0.03586361212065996, "df": 1.0, "F": 0.006489617902595805, "pvalue": 0.9367923900855318}}, "Factor4": {"Seqn": {}, "ID": {"sum_sq": 0.41575372731303034, "df": 1.0, "F": 1.097200356320157, "pvalue": 0.31044781582071374}, "Group": {"sum_sq": 0.5205613282991599, "df": 2.0, "F": 0.6552941967689704, "pvalue": 0.5335341607836027, "tukey_hsd": {"groups": ["A12", "B1-8", "PBS"], "pvalues": [[1.0, 0.9385720553902456, 0.7224672732598629], [0.9385720553902456, 1.0, 0.518881496859748], [0.7224672732598629, 0.518881496859748, 1.0]]}}, "Ig": {"sum_sq": 0.4746827445156054, "df": 1.0, "F": 1.265013481694316, "pvalue": 0.27729482566619285}, "Control": {"sum_sq": 0.025277710645012778, "df": 1.0, "F": 0.06267297971807718, "pvalue": 0.8055061982588212}, "TMT": {"sum_sq": 1.0115597924748265, "df": 1.0, "F": 2.601659647692527, "pvalue": 0.1290585887356565}, "Tag": {"sum_sq": 2.0525865486516435, "df": 8.0, "F": 0.4079660986295229, "pvalue": 0.8837911424264426, "tukey_hsd": {}}, "ID_metabo": {}, "Quant": {"sum_sq": 0.16532435828804426, "df": 1.0, "F": 0.41899436963434894, "pvalue": 0.5266181850297545}}, "Factor5": {"Seqn": {}, "ID": {"sum_sq": 9.84747395687646e-05, "df": 1.0, "F": 0.000824661652204708, "pvalue": 0.9774455058876577}, "Group": {"sum_sq": 0.2985395033564615, "df": 2.0, "F": 1.388852399255239, "pvalue": 0.2796512500216954, "tukey_hsd": {"groups": ["A12", "B1-8", "PBS"], "pvalues": [[1.0, 0.7198654805215056, 0.6580002041706247], [0.7198654805215056, 1.0, 0.2502817578227765], [0.6580002041706247, 0.2502817578227765, 1.0]]}}, "Ig": {"sum_sq": 0.2329481755477533, "df": 1.0, "F": 2.2215332858653163, "pvalue": 0.15554760680000096}, "Control": {"sum_sq": 0.0003813215838075444, "df": 1.0, "F": 0.0031937921216154516, "pvalue": 0.9556323549597489}, "TMT": {"sum_sq": 0.4602926584653187, "df": 1.0, "F": 5.717027608886001, "pvalue": 0.03140356883322703}, "Tag": {"sum_sq": 0.669932821134738, "df": 8.0, "F": 0.6388754458942382, "pvalue": 0.7287876676435722, "tukey_hsd": {}}, "ID_metabo": {}, "Quant": {"sum_sq": 0.42405140360323196, "df": 1.0, "F": 4.563852201531209, "pvalue": 0.048450270725188226}}, "Factor6": {"Seqn": {}, "ID": {"sum_sq": 0.0010843697762888173, "df": 1.0, "F": 0.013577148406443949, "pvalue": 0.9086896535807997}, "Group": {"sum_sq": 0.2572743084532478, "df": 2.0, "F": 1.8886004077255252, "pvalue": 0.1855466257879579, "tukey_hsd": {"groups": ["A12", "B1-8", "PBS"], "pvalues": [[1.0, 0.3131003536410806, 0.9516662921034105], [0.3131003536410806, 1.0, 0.19901503286735234], [0.9516662921034105, 0.19901503286735234, 1.0]]}}, "Ig": {"sum_sq": 0.10140182174456608, "df": 1.0, "F": 1.3777902694292188, "pvalue": 0.257654834981975}, "Control": {"sum_sq": 0.03337729485245979, "df": 1.0, "F": 0.4287442498687924, "pvalue": 0.5219084120813069}, "TMT": {"sum_sq": 0.005295591255644121, "df": 1.0, "F": 0.07498048393038442, "pvalue": 0.7882171501788795}, "Tag": {"sum_sq": 0.47126315942354485, "df": 8.0, "F": 0.7887436739116885, "pvalue": 0.6295296145999496, "tukey_hsd": {}}, "ID_metabo": {}, "Quant": {"sum_sq": 0.003979226988648022, "df": 1.0, "F": 0.04993612358627309, "pvalue": 0.826002610370103}}, "Factor7": {"Seqn": {}, "ID": {"sum_sq": 0.0934431869616959, "df": 1.0, "F": 1.368261443465713, "pvalue": 0.25924122043639497}, "Group": {"sum_sq": 0.1899894563063119, "df": 2.0, "F": 1.4304314112502685, "pvalue": 0.27003258925526674, "tukey_hsd": {"groups": ["A12", "B1-8", "PBS"], "pvalues": [[1.0, 0.4246136847650813, 0.2780884698236099], [0.4246136847650813, 1.0, 0.9486499891910851], [0.2780884698236099, 0.9486499891910851, 1.0]]}}, "Ig": {"sum_sq": 0.08031052502450191, "df": 1.0, "F": 1.1619980880671699, "pvalue": 0.2970358071982328}, "Control": {"sum_sq": 0.1836158517128684, "df": 1.0, "F": 2.930465110167787, "pvalue": 0.10623344198394603}, "TMT": {"sum_sq": 0.0037826821699645666, "df": 1.0, "F": 0.0469599134756286, "pvalue": 0.8315663115081522}, "Tag": {"sum_sq": 0.8007045336564013, "df": 8.0, "F": 2.117968992855164, "pvalue": 0.1693734586035095, "tukey_hsd": {}}, "ID_metabo": {}, "Quant": {"sum_sq": 0.10073665880412755, "df": 1.0, "F": 1.4849694504954254, "pvalue": 0.24066208596398497}}, "Factor8": {"Seqn": {}, "ID": {"sum_sq": 0.48423220729407873, "df": 1.0, "F": 0.3239499759006302, "pvalue": 0.5771469539376062}, "Group": {"sum_sq": 1.4603049359581128, "df": 2.0, "F": 0.4774251766777791, "pvalue": 0.629490136332704, "tukey_hsd": {"groups": ["A12", "B1-8", "PBS"], "pvalues": [[1.0, 0.9928946574914851, 0.6501353310533747], [0.9928946574914851, 1.0, 0.71843705307441], [0.6501353310533747, 0.71843705307441, 1.0]]}}, "Ig": {"sum_sq": 1.4405147483044862, "df": 1.0, "F": 1.0038381493969446, "pvalue": 0.33129626985220206}, "Control": {"sum_sq": 0.5211939077760493, "df": 1.0, "F": 0.34921694781586343, "pvalue": 0.5628124505109258}, "TMT": {"sum_sq": 0.12284809147104483, "df": 1.0, "F": 0.0772700983632207, "pvalue": 0.7850946027438019}, "Tag": {"sum_sq": 16.286662232549137, "df": 8.0, "F": 2.3384530846042537, "pvalue": 0.1399118689168806, "tukey_hsd": {}}, "ID_metabo": {},