{"Factor1": {"Mouse_ID": {}, "Treatment": {"sum_sq": 1.0691009004096128, "df": 2.0, "F": 1.754203385123044, "pvalue": 0.21161587313785066, "tukey_hsd": {"groups": ["A12", "B1-8", "PBS"], "pvalues": [[1.0, 0.2775586243004884, 0.9912240491522953], [0.2775586243004884, 1.0, 0.2570547539479545], [0.9912240491522953, 0.2570547539479545, 1.0]]}}, "Ig_treated": {"sum_sq": 0.2820771750082648, "df": 1.0, "F": 0.8316558948016848, "pvalue": 0.37723029436137595}, "A12_treated": {"sum_sq": 0.22962857219245292, "df": 1.0, "F": 0.6696239689149107, "pvalue": 0.42689204697286776}, "Batch": {"sum_sq": 0.3527343784785178, "df": 1.0, "F": 1.0556851094343263, "pvalue": 0.32162713504632817}, "Quant": {"sum_sq": 0.29824619745116526, "df": 1.0, "F": 0.8823319077916616, "pvalue": 0.3634885651467134}}, "Factor2": {"Mouse_ID": {}, "Treatment": {"sum_sq": 0.02830483937699615, "df": 2.0, "F": 0.028096116889807586, "pvalue": 0.9723537806701067, "tukey_hsd": {"groups": ["A12", "B1-8", "PBS"], "pvalues": [[1.0, 0.9696154212331793, 0.9945659155946327], [0.9696154212331793, 1.0, 0.9905072066963733], [0.9945659155946327, 0.9905072066963733, 1.0]]}}, "Ig_treated": {"sum_sq": 4.301591894066861e-05, "df": 1.0, "F": 9.157125104773313e-05, "pvalue": 0.9924999556765104}, "A12_treated": {"sum_sq": 0.019583680713534477, "df": 1.0, "F": 0.0418135062703558, "pvalue": 0.8409185819778346}, "Batch": {"sum_sq": 0.002546229354547013, "df": 1.0, "F": 0.005422415574376789, "pvalue": 0.9423409547991353}, "Quant": {"sum_sq": 0.011267808008779157, "df": 1.0, "F": 0.024027648162643894, "pvalue": 0.879027199985755}}, "Factor3": {"Mouse_ID": {}, "Treatment": {"sum_sq": 0.22545692567845307, "df": 2.0, "F": 0.22008047402845915, "pvalue": 0.8053835192291767, "tukey_hsd": {"groups": ["A12", "B1-8", "PBS"], "pvalues": [[1.0, 0.802302547959546, 0.9911385058384088], [0.802302547959546, 1.0, 0.8777409447225186], [0.9911385058384088, 0.8777409447225186, 1.0]]}}, "Ig_treated": {"sum_sq": 0.01710907740325476, "df": 1.0, "F": 0.03488018331904416, "pvalue": 0.8545263199701513}, "A12_treated": {"sum_sq": 0.10301152551513813, "df": 1.0, "F": 0.2126693628647057, "pvalue": 0.6517662011915645}, "Batch": {"sum_sq": 1.4147939107209203e-05, "df": 1.0, "F": 2.8771702990149755e-05, "pvalue": 0.9957959109108602}, "Quant": {"sum_sq": 0.6548277472054755, "df": 1.0, "F": 1.471659846495708, "pvalue": 0.2451561009047587}}, "Factor4": {"Mouse_ID": {}, "Treatment": {"sum_sq": 1.5015515580276997, "df": 2.0, "F": 3.124452418342157, "pvalue": 0.07798168673210194, "tukey_hsd": {"groups": ["A12", "B1-8", "PBS"], "pvalues": [[1.0, 0.08619026954194287, 0.1899639214864428], [0.08619026954194287, 1.0, 0.8930051294382051], [0.1899639214864428, 0.8930051294382051, 1.0]]}}, "Ig_treated": {"sum_sq": 0.1926939254180304, "df": 1.0, "F": 0.6086033782274041, "pvalue": 0.4483034940530152}, "A12_treated": {"sum_sq": 1.451774325858888, "df": 1.0, "F": 6.404445740291691, "pvalue": 0.02399839610086254}, "Batch": {"sum_sq": 0.0018515790417222874, "df": 1.0, "F": 0.005606628975343555, "pvalue": 0.9413716483609025}, "Quant": {"sum_sq": 0.06410369389359728, "df": 1.0, "F": 0.19675683877842928, "pvalue": 0.6641296519765413}}, "Factor5": {"Mouse_ID": {}, "Treatment": {"sum_sq": 0.017954748237557824, "df": 2.0, "F": 0.15047632806773562, "pvalue": 0.8617750781112565, "tukey_hsd": {"groups": ["A12", "B1-8", "PBS"], "pvalues": [[1.0, 0.8570524993745547, 0.9916061804144077], [0.8570524993745547, 1.0, 0.9196155084517672], [0.9916061804144077, 0.9196155084517672, 1.0]]}}, "Ig_treated": {"sum_sq": 0.001051584463588327, "df": 1.0, "F": 0.018577369413956477, "pvalue": 0.8935255942604835}, "A12_treated": {"sum_sq": 0.008824667955654153, "df": 1.0, "F": 0.15744151592586067, "pvalue": 0.6975056693565816}, "Batch": {"sum_sq": 0.12195042237074503, "df": 1.0, "F": 2.5422205763974492, "pvalue": 0.13315870710484534}, "Quant": {"sum_sq": 0.002862098108168595, "df": 1.0, "F": 0.05067781774970908, "pvalue": 0.8251407813265663}}, "Factor6": {"Mouse_ID": {}, "Treatment": {"sum_sq": 0.9778774719572734, "df": 2.0, "F": 5.184101076655134, "pvalue": 0.022108910096876315, "tukey_hsd": {"groups": ["A12", "B1-8", "PBS"], "pvalues": [[1.0, 0.32874043694892263, 0.01718753434546283], [0.32874043694892263, 1.0, 0.25723502374069707], [0.01718753434546283, 0.25723502374069707, 1.0]]}}, "Ig_treated": {"sum_sq": 0.7693913274504636, "df": 1.0, "F": 7.508445270890818, "pvalue": 0.015950301556884705}, "A12_treated": {"sum_sq": 0.7182030500298033, "df": 1.0, "F": 6.767428666470609, "pvalue": 0.020919103240619293}, "Batch": {"sum_sq": 0.05632135008006754, "df": 1.0, "F": 0.3671446770032944, "pvalue": 0.5542622761457567}, "Quant": {"sum_sq": 0.9417927569734275, "df": 1.0, "F": 10.446287543090264, "pvalue": 0.00602375680225633}}, "Factor7": {"Mouse_ID": {}, "Treatment": {"sum_sq": 0.0426891519355534, "df": 2.0, "F": 0.28929814114874663, "pvalue": 0.7534858402459339, "tukey_hsd": {"groups": ["A12", "B1-8", "PBS"], "pvalues": [[1.0, 0.9304512706635064, 0.9035301430033197], [0.9304512706635064, 1.0, 0.733318023853357], [0.9035301430033197, 0.733318023853357, 1.0]]}}, "Ig_treated": {"sum_sq": 0.032985675121168394, "df": 1.0, "F": 0.47664669755966427, "pvalue": 0.501231400794637}, "A12_treated": {"sum_sq": 0.00011753474215146323, "df": 1.0, "F": 0.0016426630347979355, "pvalue": 0.9682430908585196}, "Batch": {"sum_sq": 0.03941014354340141, "df": 1.0, "F": 0.5732824329436097, "pvalue": 0.46151130680000507}, "Quant": {"sum_sq": 0.03389853034844376, "df": 1.0, "F": 0.49029952008534466, "pvalue": 0.4952661597922198}}, "Factor8": {"Mouse_ID": {}, "Treatment": {"sum_sq": 0.2750300986488607, "df": 2.0, "F": 3.477742304713619, "pvalue": 0.06169173398771152, "tukey_hsd": {"groups": ["A12", "B1-8", "PBS"], "pvalues": [[1.0, 0.05314256519978744, 0.6931358455057635], [0.05314256519978744, 1.0, 0.2409950986812882], [0.6931358455057635, 0.2409950986812882, 1.0]]}}, "Ig_treated": {"sum_sq": 0.006359284135294964, "df": 1.0, "F": 0.11374581108633815, "pvalue": 0.740922260224611}, "A12_treated": {"sum_sq": 0.16031355217474022, "df": 1.0, "F": 3.5695736858595954, "pvalue": 0.07973768923210613}, "Batch": {"sum_sq": 0.0001383250300903835, "df": 1.0, "F": 0.0024546514828265933, "pvalue": 0.9611853248426363}, "Quant": {"sum_sq": 0.00022208397443357946, "df": 1.0, "F": 0.003941417103237687, "pvalue": 0.9508286648477977}}}