{"Factor1": {"Mouse_ID": {}, "Treatment": {"sum_sq": 0.0025443593660779305, "df": 2.0, "F": 0.0024695695988402834, "pvalue": 0.9975339451404212, "tukey_hsd": {"groups": ["A12", "B1-8", "PBS"], "pvalues": [[1.0, 0.9992023206080877, 0.9973083721765346], [0.9992023206080877, 1.0, 0.9994864961079976], [0.9973083721765346, 0.9994864961079976, 1.0]]}}, "Ig_treated": {"sum_sq": 0.0017986900607453676, "df": 1.0, "F": 0.0037598063626778, "pvalue": 0.9519733144301655}, "A12_treated": {"sum_sq": 0.0020644161626700804, "df": 1.0, "F": 0.004315425516442634, "pvalue": 0.948551983962708}, "Batch": {"sum_sq": 0.14076599202112156, "df": 1.0, "F": 0.30047807783727054, "pvalue": 0.5922166133277036}, "Quant": {"sum_sq": 0.2346299342537175, "df": 1.0, "F": 0.5081112208662938, "pvalue": 0.48766935694550273}}, "Factor2": {"Mouse_ID": {}, "Treatment": {"sum_sq": 0.03423651866884806, "df": 2.0, "F": 0.03035237164868489, "pvalue": 0.970172173443616, "tukey_hsd": {"groups": ["A12", "B1-8", "PBS"], "pvalues": [[1.0, 0.9761632601282884, 0.9997688006937706], [0.9761632601282884, 1.0, 0.9737049531743356], [0.9997688006937706, 0.9737049531743356, 1.0]]}}, "Ig_treated": {"sum_sq": 0.009508816854740375, "df": 1.0, "F": 0.01809597259285555, "pvalue": 0.894905185521506}, "A12_treated": {"sum_sq": 0.006918752713781175, "df": 1.0, "F": 0.013162257333815562, "pvalue": 0.9102907913662671}, "Batch": {"sum_sq": 0.028239310883632195, "df": 1.0, "F": 0.05387865081370333, "pvalue": 0.8198052644875476}, "Quant": {"sum_sq": 0.009106519991224499, "df": 1.0, "F": 0.017329424622653765, "pvalue": 0.8971411540618822}}, "Factor3": {"Mouse_ID": {}, "Treatment": {"sum_sq": 1.370225221574998, "df": 2.0, "F": 2.160723610476289, "pvalue": 0.15482270587106464, "tukey_hsd": {"groups": ["A12", "B1-8", "PBS"], "pvalues": [[1.0, 0.22296082429133834, 0.9793020123657337], [0.22296082429133834, 1.0, 0.18749918955199352], [0.9793020123657337, 0.18749918955199352, 1.0]]}}, "Ig_treated": {"sum_sq": 0.3937613651774878, "df": 1.0, "F": 1.0812430321453226, "pvalue": 0.3160454360854842}, "A12_treated": {"sum_sq": 0.2652290660591246, "df": 1.0, "F": 0.7103926547798858, "pvalue": 0.413481873133682}, "Batch": {"sum_sq": 0.2484594230981671, "df": 1.0, "F": 0.6633484337947165, "pvalue": 0.42901741033249174}, "Quant": {"sum_sq": 0.5712205889807375, "df": 1.0, "F": 1.625098533974517, "pvalue": 0.22313404001822093}}, "Factor4": {"Mouse_ID": {}, "Treatment": {"sum_sq": 1.571305135362613, "df": 2.0, "F": 3.453822045721535, "pvalue": 0.06266176868767777, "tukey_hsd": {"groups": ["A12", "B1-8", "PBS"], "pvalues": [[1.0, 0.06505171723914138, 0.1857211675132514], [0.06505171723914138, 1.0, 0.8254751763831754], [0.1857211675132514, 0.8254751763831754, 1.0]]}}, "Ig_treated": {"sum_sq": 0.15672445689695952, "df": 1.0, "F": 0.5018928643268522, "pvalue": 0.4902982336060484}, "A12_treated": {"sum_sq": 1.4909258459616095, "df": 1.0, "F": 6.871681870637116, "pvalue": 0.02012140315221731}, "Batch": {"sum_sq": 0.002426088326915772, "df": 1.0, "F": 0.007504416532358011, "pvalue": 0.9321939817987402}, "Quant": {"sum_sq": 0.006431262837561551, "df": 1.0, "F": 0.01991090811060347, "pvalue": 0.8897964462086811}}, "Factor5": {"Mouse_ID": {}, "Treatment": {"sum_sq": 0.9598349924639469, "df": 2.0, "F": 5.0185160276015095, "pvalue": 0.02425824438760676, "tukey_hsd": {"groups": ["A12", "B1-8", "PBS"], "pvalues": [[1.0, 0.3386379254383812, 0.018932316345931066], [0.3386379254383812, 1.0, 0.26831530443446694], [0.018932316345931066, 0.26831530443446694, 1.0]]}}, "Ig_treated": {"sum_sq": 0.7545837654078845, "df": 1.0, "F": 7.293518587937811, "pvalue": 0.017234647205878247}, "A12_treated": {"sum_sq": 0.7056107730656012, "df": 1.0, "F": 6.597109360197775, "pvalue": 0.02230283751146096}, "Batch": {"sum_sq": 0.07672052846809772, "df": 1.0, "F": 0.5051447677883996, "pvalue": 0.4889203838236137}, "Quant": {"sum_sq": 0.9359387189631042, "df": 1.0, "F": 10.341227612559017, "pvalue": 0.0062221884156335215}}, "Factor6": {"Mouse_ID": {}, "Treatment": {"sum_sq": 0.05675631405263252, "df": 2.0, "F": 0.38160475544786016, "pvalue": 0.6901660682724993, "tukey_hsd": {"groups": ["A12", "B1-8", "PBS"], "pvalues": [[1.0, 0.7985233514407988, 0.9708101621167019], [0.7985233514407988, 1.0, 0.686082752235644], [0.9708101621167019, 0.686082752235644, 1.0]]}}, "Ig_treated": {"sum_sq": 0.025847269713721897, "df": 1.0, "F": 0.36271120520317457, "pvalue": 0.5566335884522883}, "A12_treated": {"sum_sq": 0.0043521935396180714, "df": 1.0, "F": 0.059785624274487394, "pvalue": 0.810382320438424}, "Batch": {"sum_sq": 0.0368765097534253, "df": 1.0, "F": 0.5232678178162189, "pvalue": 0.4813632141786508}, "Quant": {"sum_sq": 0.022587286733825793, "df": 1.0, "F": 0.3159319588954675, "pvalue": 0.5829505874115983}}, "Factor7": {"Mouse_ID": {}, "Treatment": {"sum_sq": 0.23463218804287764, "df": 2.0, "F": 3.1427482498212056, "pvalue": 0.07702495142773948, "tukey_hsd": {"groups": ["A12", "B1-8", "PBS"], "pvalues": [[1.0, 0.06358353167513886, 0.4817873407130058], [0.06358353167513886, 1.0, 0.4386077432576868], [0.4817873407130058, 0.4386077432576868, 1.0]]}}, "Ig_treated": {"sum_sq": 0.00010137546147175115, "df": 1.0, "F": 0.001971710795035218, "pvalue": 0.9652095471695477}, "A12_treated": {"sum_sq": 0.17493870633775416, "df": 1.0, "F": 4.494066570351581, "pvalue": 0.05236446883690005}, "Batch": {"sum_sq": 0.0027935332212727262, "df": 1.0, "F": 0.05453703950738279, "pvalue": 0.8187287318172826}, "Quant": {"sum_sq": 0.003240502909915473, "df": 1.0, "F": 0.06330250680663985, "pvalue": 0.8050059999005589}}}