{"Factor1": {"protein": {}, "group": {"sum_sq": 20.822864662700518, "df": 3.0, "F": 722.3812082388367, "pvalue": 4.599243325427157e-08, "tukey_hsd": {"groups": ["KO", "SH", "WT", "Y"], "pvalues": [[1.0, 4.806185098793492e-07, 0.09941916333835543, 7.017461600700159e-08], [4.806185098793492e-07, 1.0, 1.542469639015387e-06, 0.002051072833753831], [0.09941916333835543, 1.542469639015387e-06, 1.0, 2.25772319950579e-07], [7.017461600700159e-08, 0.002051072833753831, 2.25772319950579e-07, 1.0]]}}}, "Factor2": {"protein": {}, "group": {"sum_sq": 16.52640689676905, "df": 3.0, "F": 559.4246785318684, "pvalue": 9.876034102798306e-08, "tukey_hsd": {"groups": ["KO", "SH", "WT", "Y"], "pvalues": [[1.0, 3.0632827641152716e-07, 7.188106252442594e-07, 0.9233485915139649], [3.0632827641152716e-07, 1.0, 0.03412322295868653, 3.406640497471969e-07], [7.188106252442594e-07, 0.03412322295868653, 1.0, 8.124924036900794e-07], [0.9233485915139649, 3.406640497471969e-07, 8.124924036900794e-07, 1.0]]}}}, "Factor3": {"protein": {}, "group": {"sum_sq": 4.418228704587404, "df": 3.0, "F": 66.98312724655999, "pvalue": 5.272708837877374e-05, "tukey_hsd": {"groups": ["KO", "SH", "WT", "Y"], "pvalues": [[1.0, 0.23552217242147377, 0.00013755882643240458, 0.0014254617341823428], [0.23552217242147377, 1.0, 8.312784532737982e-05, 0.0005437223985397255], [0.00013755882643240458, 8.312784532737982e-05, 1.0, 0.015298165300371647], [0.0014254617341823428, 0.0005437223985397255, 0.015298165300371647, 1.0]]}}}}