{"Factor1": {"Seqn": {}, "Group": {"sum_sq": 1.2095149803307983, "df": 2.0, "F": 0.4850591296372042, "pvalue": 0.6249905518508457, "tukey_hsd": {"groups": ["A12", "B1-8", "PBS"], "pvalues": [[1.0, 0.6147227051590084, 0.9600927773775069], [0.6147227051590084, 1.0, 0.7763845523636494], [0.9600927773775069, 0.7763845523636494, 1.0]]}}, "Ig-Treated": {"sum_sq": 0.07037412831249787, "df": 1.0, "F": 0.05675132490950546, "pvalue": 0.8147303975803796}, "A12-Treated": {"sum_sq": 0.6267461259140671, "df": 1.0, "F": 0.520004515527355, "pvalue": 0.48124471599281715}, "Quant": {"sum_sq": 1.5796135032669336, "df": 1.0, "F": 1.354381347546724, "pvalue": 0.26269178615327377}}, "Factor2": {"Seqn": {}, "Group": {"sum_sq": 5.293036445925869, "df": 2.0, "F": 3.420377433618523, "pvalue": 0.0597278812366427, "tukey_hsd": {"groups": ["A12", "B1-8", "PBS"], "pvalues": [[1.0, 0.048644705137675937, 0.3546653330605005], [0.048644705137675937, 1.0, 0.4773301936899138], [0.3546653330605005, 0.4773301936899138, 1.0]]}}, "Ig-Treated": {"sum_sq": 0.014093681474121727, "df": 1.0, "F": 0.013354827357049305, "pvalue": 0.9094367699797316}, "A12-Treated": {"sum_sq": 4.198950313751571, "df": 1.0, "F": 5.289873973459749, "pvalue": 0.03524740283196301}, "Quant": {"sum_sq": 3.231845137418681, "df": 1.0, "F": 3.5896494050439665, "pvalue": 0.07758399237120668}}, "Factor3": {"Seqn": {}, "Group": {"sum_sq": 0.5921019010331833, "df": 2.0, "F": 0.542896471430149, "pvalue": 0.5920602263402477, "tukey_hsd": {"groups": ["A12", "B1-8", "PBS"], "pvalues": [[1.0, 0.587868740470366, 0.7366146710744336], [0.587868740470366, 1.0, 0.96684168577883], [0.7366146710744336, 0.96684168577883, 1.0]]}}, "Ig-Treated": {"sum_sq": 0.046384750426215315, "df": 1.0, "F": 0.08505618341193136, "pvalue": 0.7743061522352408}, "A12-Treated": {"sum_sq": 0.5586690837680657, "df": 1.0, "F": 1.0883346707336254, "pvalue": 0.3123475531560016}, "Quant": {"sum_sq": 0.0028598352378165657, "df": 1.0, "F": 0.00585744487795305, "pvalue": 0.9400058010578596}}, "Factor4": {"Seqn": {}, "Group": {"sum_sq": 1.1012086271851158, "df": 2.0, "F": 1.123619057989218, "pvalue": 0.3509843467963456, "tukey_hsd": {"groups": ["A12", "B1-8", "PBS"], "pvalues": [[1.0, 0.5551258726090242, 0.9181804525565967], [0.5551258726090242, 1.0, 0.3418769246090103], [0.9181804525565967, 0.3418769246090103, 1.0]]}}, "Ig-Treated": {"sum_sq": 0.5556928900175032, "df": 1.0, "F": 1.1260341831860476, "pvalue": 0.30437878812183233}, "A12-Treated": {"sum_sq": 0.07124306636696037, "df": 1.0, "F": 0.13601879488322707, "pvalue": 0.7171061325313417}, "Quant": {"sum_sq": 0.001115659103921136, "df": 1.0, "F": 0.001997199092649837, "pvalue": 0.9649438949132649}}, "Factor5": {"Seqn": {}, "Group": {"sum_sq": 1.3829211224508176, "df": 2.0, "F": 10.192156844417468, "pvalue": 0.0016017827756810747, "tukey_hsd": {"groups": ["A12", "B1-8", "PBS"], "pvalues": [[1.0, 0.8968223922952641, 0.0024900047862771446], [0.8968223922952641, 1.0, 0.006081690625711622], [0.0024900047862771446, 0.006081690625711622, 1.0]]}}, "Ig-Treated": {"sum_sq": 1.369416935856494, "df": 1.0, "F": 21.248968508982497, "pvalue": 0.0002899410243712434}, "A12-Treated": {"sum_sq": 0.4702518367193105, "df": 1.0, "F": 3.8978437307995626, "pvalue": 0.06586886112470566}, "Quant": {"sum_sq": 0.00026176600357729745, "df": 1.0, "F": 0.0016361099631513089, "pvalue": 0.9682687561619274}}, "Factor6": {"Seqn": {}, "Group": {"sum_sq": 0.3225879683647747, "df": 2.0, "F": 2.0965832725815816, "pvalue": 0.15742898818409226, "tukey_hsd": {"groups": ["A12", "B1-8", "PBS"], "pvalues": [[1.0, 0.14211904955378196, 0.7636729127390511], [0.14211904955378196, 1.0, 0.41061195828360697], [0.7636729127390511, 0.41061195828360697, 1.0]]}}, "Ig-Treated": {"sum_sq": 0.00940403931758369, "df": 1.0, "F": 0.10255492951428187, "pvalue": 0.7529290639779114}, "A12-Treated": {"sum_sq": 0.19024006847053268, "df": 1.0, "F": 2.3663073722655197, "pvalue": 0.14352039652871748}, "Quant": {"sum_sq": 0.08844295899834678, "df": 1.0, "F": 1.000172168878999, "pvalue": 0.3331298303854547}}, "Factor7": {"Seqn": {}, "Group": {"sum_sq": 0.18948101954216148, "df": 2.0, "F": 1.3700980292316862, "pvalue": 0.2841164168899529, "tukey_hsd": {"groups": ["A12", "B1-8", "PBS"], "pvalues": [[1.0, 0.5827492895619535, 0.2597136113269569], [0.5827492895619535, 1.0, 0.8049911824832906], [0.2597136113269569, 0.8049911824832906, 1.0]]}}, "Ig-Treated": {"sum_sq": 0.11909837367992063, "df": 1.0, "F": 1.7204325866253358, "pvalue": 0.20814746965912626}, "A12-Treated": {"sum_sq": 0.16185119878379622, "df": 1.0, "F": 2.431885953347382, "pvalue": 0.1384486208327116}, "Quant": {"sum_sq": 0.026233789434774987, "df": 1.0, "F": 0.3308498121241539, "pvalue": 0.5736867009309776}}}