{"Factor1": {"Seqn": {}, "Group": {"sum_sq": 0.9226326798389003, "df": 2.0, "F": 0.3229229360891347, "pvalue": 0.7289396691365368, "tukey_hsd": {"groups": ["A12", "B1-8", "PBS"], "pvalues": [[1.0, 0.7277768318330272, 0.8277981055440986], [0.7277768318330272, 1.0, 0.9826303141436307], [0.8277981055440986, 0.9826303141436307, 1.0]]}}, "Ig-Treated": {"sum_sq": 0.08045233732205548, "df": 1.0, "F": 0.05779971670894863, "pvalue": 0.8130613009155634}, "A12-Treated": {"sum_sq": 0.8771735677382223, "df": 1.0, "F": 0.6535727902422015, "pvalue": 0.43069536911843276}, "Quant": {"sum_sq": 0.11902589087818974, "df": 1.0, "F": 0.1039888367886088, "pvalue": 0.7515453046419281}}, "Factor2": {"Seqn": {}, "Group": {"sum_sq": 5.375445436849593, "df": 2.0, "F": 3.5363598064546458, "pvalue": 0.05517795414315756, "tukey_hsd": {"groups": ["A12", "B1-8", "PBS"], "pvalues": [[1.0, 0.04445334294767833, 0.4024676712354093], [0.04445334294767833, 1.0, 0.399897112157823], [0.4024676712354093, 0.399897112157823, 1.0]]}}, "Ig-Treated": {"sum_sq": 6.257309904202706e-06, "df": 1.0, "F": 5.967933103801217e-06, "pvalue": 0.998081021443459}, "A12-Treated": {"sum_sq": 4.026558316045907, "df": 1.0, "F": 5.053226930902508, "pvalue": 0.03903035787001677}, "Quant": {"sum_sq": 2.1103886158219676, "df": 1.0, "F": 2.163476213151385, "pvalue": 0.1619902817529119}}, "Factor3": {"Seqn": {}, "Group": {"sum_sq": 1.9756545306847948, "df": 2.0, "F": 0.9202203275510452, "pvalue": 0.41979142045313667, "tukey_hsd": {"groups": ["A12", "B1-8", "PBS"], "pvalues": [[1.0, 0.44748456213430055, 0.5330410431592713], [0.44748456213430055, 1.0, 0.9876260080177031], [0.5330410431592713, 0.9876260080177031, 1.0]]}}, "Ig-Treated": {"sum_sq": 0.3175989178645692, "df": 1.0, "F": 0.28612388296582825, "pvalue": 0.6000709172442036}, "A12-Treated": {"sum_sq": 1.9513899264637204, "df": 1.0, "F": 1.9361082586100247, "pvalue": 0.18313689107183123}, "Quant": {"sum_sq": 5.601467866695495, "df": 1.0, "F": 6.858753890453437, "pvalue": 0.019355467233423553}}, "Factor4": {"Seqn": {}, "Group": {"sum_sq": 2.6585643035708846, "df": 2.0, "F": 1.2698854388785348, "pvalue": 0.30938914612338586, "tukey_hsd": {"groups": ["A12", "B1-8", "PBS"], "pvalues": [[1.0, 0.7426230867007406, 0.6787613391620589], [0.7426230867007406, 1.0, 0.27909689378316416], [0.6787613391620589, 0.27909689378316416, 1.0]]}}, "Ig-Treated": {"sum_sq": 2.0815096816172836, "df": 1.0, "F": 2.0458789241566544, "pvalue": 0.17185768635319962}, "A12-Treated": {"sum_sq": 0.004032681707284826, "df": 1.0, "F": 0.0035150603199437767, "pvalue": 0.953456959226339}, "Quant": {"sum_sq": 0.1604123897895304, "df": 1.0, "F": 0.13263916626750075, "pvalue": 0.7207940038507954}}, "Factor5": {"Seqn": {}, "Group": {"sum_sq": 2.9404351396647663, "df": 2.0, "F": 1.4875640642245813, "pvalue": 0.2574213017915063, "tukey_hsd": {"groups": ["A12", "B1-8", "PBS"], "pvalues": [[1.0, 0.46593252873451174, 0.2487072380785491], [0.46593252873451174, 1.0, 0.8905984470925656], [0.2487072380785491, 0.8905984470925656, 1.0]]}}, "Ig-Treated": {"sum_sq": 1.494751543712086, "df": 1.0, "F": 1.4698767734412201, "pvalue": 0.24296410155417278}, "A12-Treated": {"sum_sq": 2.7310190571220723, "df": 1.0, "F": 2.9064020789523033, "pvalue": 0.10756513709088342}, "Quant": {"sum_sq": 0.24632336535493402, "df": 1.0, "F": 0.22336877448959944, "pvalue": 0.643288191374187}}}