{"Factor1": {"Seqn": {}, "Group": {"sum_sq": 0.7449076456132605, "df": 2.0, "F": 0.2663884413680681, "pvalue": 0.769690565493439, "tukey_hsd": {"groups": ["A12", "B1-8", "PBS"], "pvalues": [[1.0, 0.7593852842868213, 0.8770931615042558], [0.7593852842868213, 1.0, 0.972881580151288], [0.8770931615042558, 0.972881580151288, 1.0]]}}, "Ig-Treated": {"sum_sq": 0.03309165439735916, "df": 1.0, "F": 0.024417126775820894, "pvalue": 0.8777828490789347}, "A12-Treated": {"sum_sq": 0.6750498293558722, "df": 1.0, "F": 0.5132905770117681, "pvalue": 0.484044959656861}, "Quant": {"sum_sq": 0.06497528453272257, "df": 1.0, "F": 0.05917779677090321, "pvalue": 0.8110955984546353}}, "Factor2": {"Seqn": {}, "Group": {"sum_sq": 5.738576060256327, "df": 2.0, "F": 3.8610831123853875, "pvalue": 0.04439268858805207, "tukey_hsd": {"groups": ["A12", "B1-8", "PBS"], "pvalues": [[1.0, 0.035362100397587026, 0.37713330708465287], [0.035362100397587026, 1.0, 0.3648922991801882], [0.37713330708465287, 0.3648922991801882, 1.0]]}}, "Ig-Treated": {"sum_sq": 0.0001518949219698399, "df": 1.0, "F": 0.00014393036128347299, "pvalue": 0.9905762502161071}, "A12-Treated": {"sum_sq": 4.2782879902902025, "df": 1.0, "F": 5.429625368086108, "pvalue": 0.03321287782390029}, "Quant": {"sum_sq": 2.811099793637703, "df": 1.0, "F": 3.0044315163011888, "pvalue": 0.10353776767668955}}, "Factor3": {"Seqn": {}, "Group": {"sum_sq": 1.8701499012028822, "df": 2.0, "F": 0.8782802956852782, "pvalue": 0.43581064437955574, "tukey_hsd": {"groups": ["A12", "B1-8", "PBS"], "pvalues": [[1.0, 0.48396480257087693, 0.5194434345378309], [0.48396480257087693, 1.0, 0.9979047553538655], [0.5194434345378309, 0.9979047553538655, 1.0]]}}, "Ig-Treated": {"sum_sq": 0.3942661333377282, "df": 1.0, "F": 0.361590343243165, "pvalue": 0.5560488649321621}, "A12-Treated": {"sum_sq": 1.8660989470514948, "df": 1.0, "F": 1.8691319384681593, "pvalue": 0.1904762845513106}, "Quant": {"sum_sq": 5.25537226449092, "df": 1.0, "F": 6.360131601604766, "pvalue": 0.02346668885048399}}, "Factor4": {"Seqn": {}, "Group": {"sum_sq": 1.9218723494187386, "df": 2.0, "F": 0.9884920496185321, "pvalue": 0.395121242398386, "tukey_hsd": {"groups": ["A12", "B1-8", "PBS"], "pvalues": [[1.0, 0.7720509495341177, 0.7587356078161399], [0.7720509495341177, 1.0, 0.3628470886638121], [0.7587356078161399, 0.3628470886638121, 1.0]]}}, "Ig-Treated": {"sum_sq": 1.457245971826297, "df": 1.0, "F": 1.5495944190152324, "pvalue": 0.23112057329772165}, "A12-Treated": {"sum_sq": 0.00017606436592122838, "df": 1.0, "F": 0.00017069239762002177, "pvalue": 0.9897375141846613}, "Quant": {"sum_sq": 0.5114176667791364, "df": 1.0, "F": 0.48211378720791676, "pvalue": 0.4980804106851129}}}