{"Factor1": {"Mouse_ID": {}, "Treatment": {"sum_sq": 1.0883551432846768, "df": 2.0, "F": 1.7519937004832107, "pvalue": 0.2119844710104868, "tukey_hsd": {"groups": ["A12", "B1-8", "PBS"], "pvalues": [[1.0, 0.27224937358521517, 0.9947082230657566], [0.27224937358521517, 1.0, 0.26253157556498685], [0.9947082230657566, 0.26253157556498685, 1.0]]}}, "Ig_treated": {"sum_sq": 0.27275400610495837, "df": 1.0, "F": 0.78676939279054, "pvalue": 0.3900622096389781}, "A12_treated": {"sum_sq": 0.24743767064336517, "df": 1.0, "F": 0.7100397861266952, "pvalue": 0.41359508618595475}, "Batch": {"sum_sq": 0.3649652137422614, "df": 1.0, "F": 1.0731448967846537, "pvalue": 0.3177991447142152}, "Quant": {"sum_sq": 0.28729108736653014, "df": 1.0, "F": 0.8311917449412803, "pvalue": 0.37735971313787386}}, "Factor2": {"Mouse_ID": {}, "Treatment": {"sum_sq": 0.029775960924614073, "df": 2.0, "F": 0.02941418630389118, "pvalue": 0.9710786325274128, "tukey_hsd": {"groups": ["A12", "B1-8", "PBS"], "pvalues": [[1.0, 0.9683665676027062, 0.9952730220581848], [0.9683665676027062, 1.0, 0.9888445286732133], [0.9952730220581848, 0.9888445286732133, 1.0]]}}, "Ig_treated": {"sum_sq": 0.00018822217631177292, "df": 1.0, "F": 0.00039868328515171907, "pvalue": 0.9843514373105877}, "A12_treated": {"sum_sq": 0.019467681501216586, "df": 1.0, "F": 0.0413561519229872, "pvalue": 0.8417781647688142}, "Batch": {"sum_sq": 0.0024547323287204374, "df": 1.0, "F": 0.005201281172269296, "pvalue": 0.9435266767085514}, "Quant": {"sum_sq": 0.009703258614519305, "df": 1.0, "F": 0.02058261268340756, "pvalue": 0.887966366988672}}, "Factor3": {"Mouse_ID": {}, "Treatment": {"sum_sq": 0.21678135331376253, "df": 2.0, "F": 0.21625341962826186, "pvalue": 0.8083712003697849, "tukey_hsd": {"groups": ["A12", "B1-8", "PBS"], "pvalues": [[1.0, 0.8061624218007339, 0.9920206648028198], [0.8061624218007339, 1.0, 0.8780009023071907], [0.9920206648028198, 0.8780009023071907, 1.0]]}}, "Ig_treated": {"sum_sq": 0.017425790599023685, "df": 1.0, "F": 0.03632955121743545, "pvalue": 0.8515728323334567}, "A12_treated": {"sum_sq": 0.0972390710801306, "df": 1.0, "F": 0.20516394323570555, "pvalue": 0.6575248851343207}, "Batch": {"sum_sq": 3.0753755801771424e-05, "df": 1.0, "F": 6.395023826252219e-05, "pvalue": 0.9937323103814919}, "Quant": {"sum_sq": 0.6414179727060614, "df": 1.0, "F": 1.474225924094494, "pvalue": 0.24476480828620029}}, "Factor4": {"Mouse_ID": {}, "Treatment": {"sum_sq": 1.505393338472975, "df": 2.0, "F": 3.106689712565915, "pvalue": 0.07892368503207445, "tukey_hsd": {"groups": ["A12", "B1-8", "PBS"], "pvalues": [[1.0, 0.08724324232468039, 0.19135777022301736], [0.08724324232468039, 1.0, 0.8939815092534663], [0.19135777022301736, 0.8939815092534663, 1.0]]}}, "Ig_treated": {"sum_sq": 0.1935681248472205, "df": 1.0, "F": 0.607408906036963, "pvalue": 0.4487399211429347}, "A12_treated": {"sum_sq": 1.4556925042619668, "df": 1.0, "F": 6.369901152545117, "pvalue": 0.024318046027162237}, "Batch": {"sum_sq": 0.0018724649698798831, "df": 1.0, "F": 0.0056336594398605265, "pvalue": 0.9412307732895794}, "Quant": {"sum_sq": 0.06298392493689334, "df": 1.0, "F": 0.19202071525289863, "pvalue": 0.6679257998748308}}, "Factor5": {"Mouse_ID": {}, "Treatment": {"sum_sq": 0.025365835390471134, "df": 2.0, "F": 0.1539525354081971, "pvalue": 0.8588528819803702, "tukey_hsd": {"groups": ["A12", "B1-8", "PBS"], "pvalues": [[1.0, 0.8536981326796882, 0.9910221956981162], [0.8536981326796882, 1.0, 0.9186549934097121], [0.9910221956981162, 0.9186549934097121, 1.0]]}}, "Ig_treated": {"sum_sq": 0.001423819723215128, "df": 1.0, "F": 0.018205617237053388, "pvalue": 0.8945893352363181}, "A12_treated": {"sum_sq": 0.012600121385218788, "df": 1.0, "F": 0.16277248157313903, "pvalue": 0.6927112032259279}, "Batch": {"sum_sq": 0.16841619413289108, "df": 1.0, "F": 2.5409925530898083, "pvalue": 0.1332450927216918}, "Quant": {"sum_sq": 0.003945875043114021, "df": 1.0, "F": 0.05057026814389335, "pvalue": 0.8253231016165172}}, "Factor6": {"Mouse_ID": {}, "Treatment": {"sum_sq": 0.9835865853055966, "df": 2.0, "F": 5.221907938526706, "pvalue": 0.02164949786686768, "tukey_hsd": {"groups": ["A12", "B1-8", "PBS"], "pvalues": [[1.0, 0.3379478994951476, 0.016812538206496863], [0.3379478994951476, 1.0, 0.24581260621553758], [0.016812538206496863, 0.24581260621553758, 1.0]]}}, "Ig_treated": {"sum_sq": 0.7810337179491585, "df": 1.0, "F": 7.663214744521864, "pvalue": 0.01509400431606717}, "A12_treated": {"sum_sq": 0.7146006858714989, "df": 1.0, "F": 6.69948175849626, "pvalue": 0.02145880393592057}, "Batch": {"sum_sq": 0.054637871402975144, "df": 1.0, "F": 0.35524056681325755, "pvalue": 0.5606749561929829}, "Quant": {"sum_sq": 0.9557855868714535, "df": 1.0, "F": 10.686622177432543, "pvalue": 0.00559663444835245}}, "Factor7": {"Mouse_ID": {}, "Treatment": {"sum_sq": 0.04244186558742938, "df": 2.0, "F": 0.28965891011009615, "pvalue": 0.7532256408994701, "tukey_hsd": {"groups": ["A12", "B1-8", "PBS"], "pvalues": [[1.0, 0.928347393376471, 0.9055790209933142], [0.928347393376471, 1.0, 0.732865518793421], [0.9055790209933142, 0.732865518793421, 1.0]]}}, "Ig_treated": {"sum_sq": 0.03250220705565167, "df": 1.0, "F": 0.4728364818642078, "pvalue": 0.5029189741046574}, "A12_treated": {"sum_sq": 8.33109551238932e-05, "df": 1.0, "F": 0.0011724949718497145, "pvalue": 0.9731678216432924}, "Batch": {"sum_sq": 0.03872526978725327, "df": 1.0, "F": 0.5670352970688161, "pvalue": 0.46391470076688646}, "Quant": {"sum_sq": 0.03354839793966251, "df": 1.0, "F": 0.48858744324562325, "pvalue": 0.49600730969663354}}, "Factor8": {"Mouse_ID": {}, "Treatment": {"sum_sq": 0.26630715532029814, "df": 2.0, "F": 3.4785613820490937, "pvalue": 0.06165882615528175, "tukey_hsd": {"groups": ["A12", "B1-8", "PBS"], "pvalues": [[1.0, 0.05297258083593148, 0.6875326555227533], [0.05297258083593148, 1.0, 0.24363086980225468], [0.6875326555227533, 0.24363086980225468, 1.0]]}}, "Ig_treated": {"sum_sq": 0.00586385280453433, "df": 1.0, "F": 0.10829451979012514, "pvalue": 0.7469654671627397}, "A12_treated": {"sum_sq": 0.1562035826752005, "df": 1.0, "F": 3.5984379093151317, "pvalue": 0.07865645620835546}, "Batch": {"sum_sq": 0.00013059197515541448, "df": 1.0, "F": 0.002393688741027919, "pvalue": 0.9616699310270611}, "Quant": {"sum_sq": 0.0003172710250987277, "df": 1.0, "F": 0.0058168485598782925, "pvalue": 0.9402848719086755}}}