{"Factor1": {"Mouse_ID": {}, "Treatment": {"sum_sq": 1.1384622967329854, "df": 2.0, "F": 1.6596891056972938, "pvalue": 0.22806484213807157, "tukey_hsd": {"groups": ["A12", "B1-8", "PBS"], "pvalues": [[1.0, 0.27526227074668785, 0.9997403160710648], [0.27526227074668785, 1.0, 0.2947916399874554], [0.9997403160710648, 0.2947916399874554, 1.0]]}}, "Ig_treated": {"sum_sq": 0.2462957377021757, "df": 1.0, "F": 0.6444115261958215, "pvalue": 0.4355345245552612}, "A12_treated": {"sum_sq": 0.29848356433531004, "df": 1.0, "F": 0.788648320090282, "pvalue": 0.389511918914348}, "TMT": {"sum_sq": 0.4164472403142057, "df": 1.0, "F": 1.1253843930217007, "pvalue": 0.30672098088579297}, "Quant": {"sum_sq": 0.25532342269685177, "df": 1.0, "F": 0.6691606614894761, "pvalue": 0.42704838319544625}}, "Factor2": {"Mouse_ID": {}, "Treatment": {"sum_sq": 0.023966109412373152, "df": 2.0, "F": 0.02440531846503296, "pvalue": 0.9759346849776772, "tukey_hsd": {"groups": ["A12", "B1-8", "PBS"], "pvalues": [[1.0, 0.9739367491035495, 0.9969630712400894], [0.9739367491035495, 1.0, 0.9894666763926087], [0.9969630712400894, 0.9894666763926087, 1.0]]}}, "Ig_treated": {"sum_sq": 0.00039630176350623176, "df": 1.0, "F": 0.0008660179882346033, "pvalue": 0.9769384943844049}, "A12_treated": {"sum_sq": 0.014527473315126221, "df": 1.0, "F": 0.03181632292184179, "pvalue": 0.8609867542732471}, "TMT": {"sum_sq": 0.0016952291687608637, "df": 1.0, "F": 0.003705248890713335, "pvalue": 0.9523225743149565}, "Quant": {"sum_sq": 0.008160247751089795, "df": 1.0, "F": 0.017853808790943244, "pvalue": 0.8956062543204064}}, "Factor3": {"Mouse_ID": {}, "Treatment": {"sum_sq": 0.22448405568778595, "df": 2.0, "F": 0.23505317997438244, "pvalue": 0.7938165113634098, "tukey_hsd": {"groups": ["A12", "B1-8", "PBS"], "pvalues": [[1.0, 0.798817337737908, 0.9961551561830347], [0.798817337737908, 1.0, 0.8548826584530356], [0.9961551561830347, 0.8548826584530356, 1.0]]}}, "Ig_treated": {"sum_sq": 0.026340299342473388, "df": 1.0, "F": 0.05756658372541243, "pvalue": 0.813861631797553}, "A12_treated": {"sum_sq": 0.08693901941810633, "df": 1.0, "F": 0.19181934934550193, "pvalue": 0.668088444146137}, "TMT": {"sum_sq": 1.22122701258513e-05, "df": 1.0, "F": 2.6580605139542828e-05, "pvalue": 0.9959591593140213}, "Quant": {"sum_sq": 0.6646471076138566, "df": 1.0, "F": 1.6133426368716388, "pvalue": 0.22472728045498178}}, "Factor4": {"Mouse_ID": {}, "Treatment": {"sum_sq": 1.4239863175182845, "df": 2.0, "F": 3.1131771536774746, "pvalue": 0.0785781267677877, "tukey_hsd": {"groups": ["A12", "B1-8", "PBS"], "pvalues": [[1.0, 0.08745007676205319, 0.1886890116104334], [0.08745007676205319, 1.0, 0.8982733197416862], [0.1886890116104334, 0.8982733197416862, 1.0]]}}, "Ig_treated": {"sum_sq": 0.18713599472073203, "df": 1.0, "F": 0.6223064228005126, "pvalue": 0.44334604077635187}, "A12_treated": {"sum_sq": 1.3790935499117087, "df": 1.0, "F": 6.397316440305974, "pvalue": 0.024063962587994654}, "TMT": {"sum_sq": 0.0016810275112887781, "df": 1.0, "F": 0.005354266608812675, "pvalue": 0.9427037335753937}, "Quant": {"sum_sq": 0.06351096901760354, "df": 1.0, "F": 0.20517593855961946, "pvalue": 0.6575155798747949}}, "Factor5": {"Mouse_ID": {}, "Treatment": {"sum_sq": 0.02570289821510328, "df": 2.0, "F": 0.1593679079088423, "pvalue": 0.8543233184942439, "tukey_hsd": {"groups": ["A12", "B1-8", "PBS"], "pvalues": [[1.0, 0.8499290357095656, 0.991710825164212], [0.8499290357095656, 1.0, 0.9138461985133677], [0.991710825164212, 0.9138461985133677, 1.0]]}}, "Ig_treated": {"sum_sq": 0.0016028320652518853, "df": 1.0, "F": 0.02092427562169267, "pvalue": 0.8870472029975258}, "A12_treated": {"sum_sq": 0.012428457131149396, "df": 1.0, "F": 0.1639026281129561, "pvalue": 0.691706652081511}, "TMT": {"sum_sq": 0.16561826252746817, "df": 1.0, "F": 2.5524432714723, "pvalue": 0.13244225786935815}, "Quant": {"sum_sq": 0.004213252688040744, "df": 1.0, "F": 0.0551363911959531, "pvalue": 0.8177546940437165}}, "Factor6": {"Mouse_ID": {}, "Treatment": {"sum_sq": 0.9487938858617925, "df": 2.0, "F": 5.323436104399002, "pvalue": 0.02046928682111389, "tukey_hsd": {"groups": ["A12", "B1-8", "PBS"], "pvalues": [[1.0, 0.29279651636799897, 0.015903151920962588], [0.29279651636799897, 1.0, 0.272537873706993], [0.015903151920962588, 0.272537873706993, 1.0]]}}, "Ig_treated": {"sum_sq": 0.7292060771935726, "df": 1.0, "F": 7.408048552927089, "pvalue": 0.01653590313612126}, "A12_treated": {"sum_sq": 0.7150029126493054, "df": 1.0, "F": 7.1896576402298376, "pvalue": 0.017898076301432385}, "TMT": {"sum_sq": 0.04222043106523044, "df": 1.0, "F": 0.2862310827120808, "pvalue": 0.6010409475114944}, "Quant": {"sum_sq": 0.9048448131388674, "df": 1.0, "F": 10.535088561518899, "pvalue": 0.005861706257651253}}, "Factor7": {"Mouse_ID": {}, "Treatment": {"sum_sq": 0.03716135890995298, "df": 2.0, "F": 0.2600612665260498, "pvalue": 0.7749214997915492, "tukey_hsd": {"groups": ["A12", "B1-8", "PBS"], "pvalues": [[1.0, 0.9814463360070916, 0.8546424589865356], [0.9814463360070916, 1.0, 0.7728201407998635], [0.8546424589865356, 0.7728201407998635, 1.0]]}}, "Ig_treated": {"sum_sq": 0.034730683707042236, "df": 1.0, "F": 0.5221280799901052, "pvalue": 0.4818325098008427}, "A12_treated": {"sum_sq": 0.0030558166286919946, "df": 1.0, "F": 0.0444288248096198, "pvalue": 0.8360949388693254}, "TMT": {"sum_sq": 0.03693303827468666, "df": 1.0, "F": 0.5565536775255746, "pvalue": 0.4679946682178735}, "Quant": {"sum_sq": 0.039766263126740066, "df": 1.0, "F": 0.6010813555260414, "pvalue": 0.45106351188141347}}, "Factor8": {"Mouse_ID": {}, "Treatment": {"sum_sq": 0.2796360886795606, "df": 2.0, "F": 3.5318639221146046, "pvalue": 0.05956020815198187, "tukey_hsd": {"groups": ["A12", "B1-8", "PBS"], "pvalues": [[1.0, 0.05721511877828178, 0.849230395277831], [0.05721511877828178, 1.0, 0.16916329792087836], [0.849230395277831, 0.16916329792087836, 1.0]]}}, "Ig_treated": {"sum_sq": 0.019062564303208632, "df": 1.0, "F": 0.34426163800508514, "pvalue": 0.566721213148996}, "A12_treated": {"sum_sq": 0.13193016226752435, "df": 1.0, "F": 2.7886112915079724, "pvalue": 0.11713377935754124}, "TMT": {"sum_sq": 0.0009045616907803344, "df": 1.0, "F": 0.015962106959403984, "pvalue": 0.9012583464368438}, "Quant": {"sum_sq": 0.0024936150005117103, "df": 1.0, "F": 0.044091223929370385, "pvalue": 0.8367090949106084}}}