{"Factor1": {"sample": {}, "condition": {"sum_sq": 2.222644143323333, "df": 1.0, "F": 2.198125550148909, "pvalue": 0.16033695121715694}}, "Factor2": {"sample": {}, "condition": {"sum_sq": 0.7082845043347329, "df": 1.0, "F": 0.675973069918978, "pvalue": 0.4247587752548022}}, "Factor3": {"sample": {}, "condition": {"sum_sq": 0.7114151654043414, "df": 1.0, "F": 1.0368620810878293, "pvalue": 0.32582743771839107}}, "Factor4": {"sample": {}, "condition": {"sum_sq": 2.2177422126209536, "df": 1.0, "F": 3.453222373908664, "pvalue": 0.08428068621587752}}, "Factor5": {"sample": {}, "condition": {"sum_sq": 0.09632786423316263, "df": 1.0, "F": 0.16907255589979636, "pvalue": 0.6871623880302832}}, "Factor6": {"sample": {}, "condition": {"sum_sq": 0.05253171822890222, "df": 1.0, "F": 0.07644377628670294, "pvalue": 0.786215687325904}}}