{"Factor1": {"Seqn": {}, "Group": {"sum_sq": 0.046053009698183454, "df": 2.0, "F": 0.024174489121118397, "pvalue": 0.976159146453944, "tukey_hsd": {"groups": ["A12", "B1-8", "PBS"], "pvalues": [[1.0, 0.9773450104565461, 0.9997837093338027], [0.9773450104565461, 1.0, 0.9830120501000403], [0.9997837093338027, 0.9830120501000403, 1.0]]}}, "Ig-Treated": {"sum_sq": 0.006388685071661386, "df": 1.0, "F": 0.007200066893551222, "pvalue": 0.9335795807311484}, "A12-Treated": {"sum_sq": 0.01641004896289213, "df": 1.0, "F": 0.018509105217324268, "pvalue": 0.8937201080435291}, "Quant": {"sum_sq": 0.9023548703041673, "df": 1.0, "F": 1.6415171630183762, "pvalue": 0.22250072692693534}}, "Factor2": {"Seqn": {}, "Group": {"sum_sq": 2.0416840189272323, "df": 2.0, "F": 2.5428670018224735, "pvalue": 0.11693563691720606, "tukey_hsd": {"groups": ["A12", "B1-8", "PBS"], "pvalues": [[1.0, 0.1380198706134571, 0.9932645930168755], [0.1380198706134571, 1.0, 0.1886103044545977], [0.9932645930168755, 0.1886103044545977, 1.0]]}}, "Ig-Treated": {"sum_sq": 0.3436347367298973, "df": 1.0, "F": 0.6955222981514338, "pvalue": 0.4182952889976399}, "A12-Treated": {"sum_sq": 0.6482598921747872, "df": 1.0, "F": 1.3725356540854676, "pvalue": 0.26092985718196426}, "Quant": {"sum_sq": 0.16419481453267895, "df": 1.0, "F": 0.30221990685248934, "pvalue": 0.5918137741757757}}, "Factor3": {"Seqn": {}, "Group": {"sum_sq": 1.548020605503051, "df": 2.0, "F": 3.5837005257905687, "pvalue": 0.057597974826389765, "tukey_hsd": {"groups": ["A12", "B1-8", "PBS"], "pvalues": [[1.0, 0.4391464074299797, 0.04682422705864098], [0.4391464074299797, 1.0, 0.392644746710167], [0.04682422705864098, 0.392644746710167, 1.0]]}}, "Ig-Treated": {"sum_sq": 1.2031923759431788, "df": 1.0, "F": 5.3431489558449705, "pvalue": 0.036542410244800316}, "A12-Treated": {"sum_sq": 1.1526632409594202, "df": 1.0, "F": 5.038010046385707, "pvalue": 0.04147773877895214}, "Quant": {"sum_sq": 0.05121835910353929, "df": 1.0, "F": 0.15647938853136595, "pvalue": 0.6988339003028544}}, "Factor4": {"Seqn": {}, "Group": {"sum_sq": 0.11314779680690738, "df": 2.0, "F": 0.304299419022423, "pvalue": 0.7427533388356429, "tukey_hsd": {"groups": ["A12", "B1-8", "PBS"], "pvalues": [[1.0, 0.8783902424663308, 0.7307033308806051], [0.8783902424663308, 1.0, 0.9622008463984668], [0.7307033308806051, 0.9622008463984668, 1.0]]}}, "Ig-Treated": {"sum_sq": 0.06895927139421848, "df": 1.0, "F": 0.3922778663727359, "pvalue": 0.5411826612539987}, "A12-Treated": {"sum_sq": 0.10011348256869905, "df": 1.0, "F": 0.5768015454718719, "pvalue": 0.4601665858481463}, "Quant": {"sum_sq": 0.0040879382470230185, "df": 1.0, "F": 0.021088648452114517, "pvalue": 0.8867651226801563}}, "Factor5": {"Seqn": {}, "Group": {"sum_sq": 0.3700102319785368, "df": 2.0, "F": 2.9453106511656673, "pvalue": 0.08811122066337478, "tukey_hsd": {"groups": ["A12", "B1-8", "PBS"], "pvalues": [[1.0, 0.08560045830490193, 0.8810160035940664], [0.08560045830490193, 1.0, 0.21556429298131097], [0.8810160035940664, 0.21556429298131097, 1.0]]}}, "Ig-Treated": {"sum_sq": 0.02670885450911789, "df": 1.0, "F": 0.3223826514460713, "pvalue": 0.5791718071199513}, "A12-Treated": {"sum_sq": 0.1716659547891999, "df": 1.0, "F": 2.3679950247261567, "pvalue": 0.1461377422859884}, "Quant": {"sum_sq": 0.06387111321409988, "df": 1.0, "F": 0.84328338377187, "pvalue": 0.3751831985676633}}, "Factor6": {"Seqn": {}, "Group": {"sum_sq": 0.19094211252797086, "df": 2.0, "F": 1.486292759914249, "pvalue": 0.26223632279678166, "tukey_hsd": {"groups": ["A12", "B1-8", "PBS"], "pvalues": [[1.0, 0.6011918657762694, 0.23900672471373008], [0.6011918657762694, 1.0, 0.7693885329019454], [0.23900672471373008, 0.7693885329019454, 1.0]]}}, "Ig-Treated": {"sum_sq": 0.1291435700838371, "df": 1.0, "F": 2.0159667197444433, "pvalue": 0.17753572030714862}, "A12-Treated": {"sum_sq": 0.15973886463076356, "df": 1.0, "F": 2.5816386381562735, "pvalue": 0.13042207758024307}, "Quant": {"sum_sq": 0.007832727483451814, "df": 1.0, "F": 0.10620542003181485, "pvalue": 0.74969259869261}}}