{"Factor1": {"Seqn": {}, "ID": {"sum_sq": 0.8119854956327367, "df": 1.0, "F": 0.5465200212106438, "pvalue": 0.47045078042684774}, "Group": {"sum_sq": 1.9481047998955126, "df": 2.0, "F": 0.645475711997108, "pvalue": 0.5383764786749514, "tukey_hsd": {"groups": ["A12", "B1-8", "PBS"], "pvalues": [[1.0, 0.5143405451991514, 0.9074085129898113], [0.5143405451991514, 1.0, 0.7652840051670752], [0.9074085129898113, 0.7652840051670752, 1.0]]}}, "Ig": {"sum_sq": 0.03999360635230147, "df": 1.0, "F": 0.026071666007388267, "pvalue": 0.873746740935908}, "Control": {"sum_sq": 1.2018451232122618, "df": 1.0, "F": 0.8224089495750118, "pvalue": 0.3779324499424068}, "TMT": {"sum_sq": 2.676547171382152, "df": 1.0, "F": 1.7959481327768274, "pvalue": 0.20154861252563402}, "Tag": {"sum_sq": 8.253082405449328, "df": 8.0, "F": 0.47235984387512875, "pvalue": 0.8424838073007381, "tukey_hsd": {}}, "ID_metabo": {}, "Quant": {"sum_sq": 0.06696572311287376, "df": 1.0, "F": 0.0437027035589669, "pvalue": 0.837046061630119}}, "Factor2": {"Seqn": {}, "ID": {"sum_sq": 0.3818720214570488, "df": 1.0, "F": 0.3533163230555054, "pvalue": 0.5605537264735561}, "Group": {"sum_sq": 5.460107484592357, "df": 2.0, "F": 3.3525248486807087, "pvalue": 0.06258619640514068, "tukey_hsd": {"groups": ["A12", "B1-8", "PBS"], "pvalues": [[1.0, 0.05135018106670275, 0.3441568321523327], [0.05135018106670275, 1.0, 0.5062671553317368], [0.3441568321523327, 0.5062671553317368, 1.0]]}}, "Ig": {"sum_sq": 0.025502308751732684, "df": 1.0, "F": 0.02311886869802022, "pvalue": 0.8810491401396493}, "Control": {"sum_sq": 4.404736398127624, "df": 1.0, "F": 5.310795999130965, "pvalue": 0.03493384470006742}, "TMT": {"sum_sq": 0.4910800998043596, "df": 1.0, "F": 0.47250271135541133, "pvalue": 0.5030672859742564}, "Tag": {"sum_sq": 13.429725115010225, "df": 8.0, "F": 7.290644473355562, "pvalue": 0.008328776778481718, "tukey_hsd": {}}, "ID_metabo": {}, "Quant": {"sum_sq": 0.03332067536777081, "df": 1.0, "F": 0.030219919313723333, "pvalue": 0.864172585860804}}, "Factor3": {"Seqn": {}, "ID": {"sum_sq": 0.4695889906370376, "df": 1.0, "F": 0.7834427690544573, "pvalue": 0.3891988191060409}, "Group": {"sum_sq": 1.7839797569717597, "df": 2.0, "F": 1.6167292577200643, "pvalue": 0.23129515911826842, "tukey_hsd": {"groups": ["A12", "B1-8", "PBS"], "pvalues": [[1.0, 0.4544484070191084, 0.8624611733002718], [0.4544484070191084, 1.0, 0.21951581342547577], [0.8624611733002718, 0.21951581342547577, 1.0]]}}, "Ig": {"sum_sq": 0.9490867607682274, "df": 1.0, "F": 1.6667518347655879, "pvalue": 0.21503666330299095}, "Control": {"sum_sq": 0.09253974645528565, "df": 1.0, "F": 0.14854913684315577, "pvalue": 0.705001606588975}, "TMT": {"sum_sq": 1.6040569622217706, "df": 1.0, "F": 2.7375270716996765, "pvalue": 0.1202532721311648}, "Tag": {"sum_sq": 2.9523247278076243, "df": 8.0, "F": 0.3768440929033467, "pvalue": 0.9024821127114505, "tukey_hsd": {}}, "ID_metabo": {}, "Quant": {"sum_sq": 0.31713895319666613, "df": 1.0, "F": 0.5208222940646263, "pvalue": 0.48090553442580175}}, "Factor4": {"Seqn": {}, "ID": {"sum_sq": 0.41619835490463114, "df": 1.0, "F": 2.443757137230016, "pvalue": 0.1375540570950786}, "Group": {"sum_sq": 1.0674086500674766, "df": 2.0, "F": 3.8604043504811596, "pvalue": 0.04441258527259977, "tukey_hsd": {"groups": ["A12", "B1-8", "PBS"], "pvalues": [[1.0, 0.9881007951049668, 0.06270387726063587], [0.9881007951049668, 1.0, 0.08220202299847279], [0.06270387726063587, 0.08220202299847279, 1.0]]}}, "Ig": {"sum_sq": 1.0644043653617936, "df": 1.0, "F": 8.2004697826042, "pvalue": 0.011258379423609246}, "Control": {"sum_sq": 0.317327055626018, "df": 1.0, "F": 1.7979857516979396, "pvalue": 0.19868352219801086}, "TMT": {"sum_sq": 0.3215226560046194, "df": 1.0, "F": 1.9063105811863224, "pvalue": 0.18901911888674636}, "Tag": {"sum_sq": 1.8931078820251503, "df": 8.0, "F": 2.097629246973445, "pvalue": 0.1724608866146996, "tukey_hsd": {}}, "ID_metabo": {}, "Quant": {"sum_sq": 1.3236829659999354, "df": 1.0, "F": 11.652850504466508, "pvalue": 0.003556409115141537}}, "Factor5": {"Seqn": {}, "ID": {"sum_sq": 0.3980813743468522, "df": 1.0, "F": 2.3271734035454794, "pvalue": 0.1466553777606057}, "Group": {"sum_sq": 0.570195034776999, "df": 2.0, "F": 1.6673587648640777, "pvalue": 0.2218849096026693, "tukey_hsd": {"groups": ["A12", "B1-8", "PBS"], "pvalues": [[1.0, 0.21922699425586, 0.4048958122211376], [0.21922699425586, 1.0, 0.9040802910350211], [0.4048958122211376, 0.9040802910350211, 1.0]]}}, "Ig": {"sum_sq": 0.0454883817144437, "df": 1.0, "F": 0.23557519761116105, "pvalue": 0.6339993875667601}, "Control": {"sum_sq": 0.5386968623730803, "df": 1.0, "F": 3.3197681516183155, "pvalue": 0.08719747167953049}, "TMT": {"sum_sq": 0.010085949234227386, "df": 1.0, "F": 0.07503797588348107, "pvalue": 0.7881381175942798}, "Tag": {"sum_sq": 1.3504470335928773, "df": 8.0, "F": 2.1825794797209226, "pvalue": 0.16000681206940923, "tukey_hsd": {}}, "ID_metabo": {}, "Quant": {"sum_sq": 0.010144171067444476, "df": 1.0, "F": 0.051940425306184444, "pvalue": 0.8226074707886615}}, "Factor6": {"Seqn": {}, "ID": {"sum_sq": 0.25621458181529944, "df": 1.0, "F": 3.1913403678149987, "pvalue": 0.09299036293810733}, "Group": {"sum_sq": 0.28974603212988675, "df": 2.0, "F": 1.7370620546738493, "pvalue": 0.20963100491657335, "tukey_hsd": {"groups": ["A12", "B1-8", "PBS"], "pvalues": [[1.0, 0.376868485173654, 0.2110088218762317], [0.376868485173654, 1.0, 0.9166416900989725], [0.2110088218762317, 0.9166416900989725, 1.0]]}}, "Ig": {"sum_sq": 0.13147567256619178, "df": 1.0, "F": 1.4926762936452043, "pvalue": 0.23949758582748418}, "Control": {"sum_sq": 0.27649777187284297, "df": 1.0, "F": 3.499235731907339, "pvalue": 0.07980305218972711}, "TMT": {"sum_sq": 0.0830362889093418, "df": 1.0, "F": 0.8605533916326467, "pvalue": 0.3693015363845243}, "Tag": {"sum_sq": 0.8953719793134932, "df": 8.0, "F": 1.4547442960771453, "pvalue": 0.31723964783895353, "tukey_hsd": {}}, "ID_metabo": {}, "Quant": {"sum_sq": 0.3753794238036339, "df": 1.0, "F": 5.153725805067839, "pvalue": 0.03736916364491262}}, "Factor7": {"Seqn": {}, "ID": {"sum_sq": 0.20956967170711102, "df": 1.0, "F": 3.737204200139943, "pvalue": 0.07110923998694371}, "Group": {"sum_sq": 0.1590926448684184, "df": 2.0, "F": 1.2590394734042383, "pvalue": 0.312274016283763, "tukey_hsd": {"groups": ["A12", "B1-8", "PBS"], "pvalues": [[1.0, 0.8477780737326521, 0.2908628688252466], [0.8477780737326521, 1.0, 0.5798896972389771], [0.2908628688252466, 0.5798896972389771, 1.0]]}}, "Ig": {"sum_sq": 0.13994524614936268, "df": 1.0, "F": 2.3158961677517733, "pvalue": 0.14757432192467007}, "Control": {"sum_sq": 0.09417643307229322, "df": 1.0, "F": 1.4880457325917886, "pvalue": 0.24019637653651318}, "TMT": {"sum_sq": 0.007151202434147566, "df": 1.0, "F": 0.09650062713164145, "pvalue": 0.7606468805992074}, "Tag": {"sum_sq": 0.65487539606873, "df": 8.0, "F": 1.4702171471685042, "pvalue": 0.3123568389714876, "tukey_hsd": {}}, "ID_metabo": {}, "Quant": {"sum_sq": 0.0930694548772681, "df": 1.0, "F": 1.4689489633231996, "pvalue": 0.2431065540418533}}, "Factor8": {"Seqn": {}, "ID": {"sum_sq": 0.005682785821331256, "df": 1.0, "F": 0.09740792706330378, "pvalue": 0.7589931609887128}, "Group": {"sum_sq": 0.15620271324876497, "df": 2.0, "F": 1.4963450067140545, "pvalue": 0.25554283554920604, "tukey_hsd": {"groups": ["A12", "B1-8", "PBS"], "pvalues": [[1.0, 0.770370907840083, 0.5730425680542327], [0.770370907840083, 1.0, 0.23053613636033676], [0.5730425680542327, 0.23053613636033676, 1.0]]}}, "Ig": {"sum_sq": 0.13104226313998277, "df": 1.0, "F": 2.5946338466920538, "pvalue": 0.12677520547315851}, "Control": {"sum_sq": 0.001903529185890031, "df": 1.0, "F": 0.03249658763539672, "pvalue": 0.8592055445833701}, "TMT": {"sum_sq": 0.06971732150962569, "df": 1.0, "F": 1.3022251769791209, "pvalue": 0.27295180261238833}, "Tag": {"sum_sq": 0.40695476443600775, "df": 8.0, "F": 0.8636947742622432, "pvalue": 0.5833263050793506, "tukey_hsd": {}}, "ID_metabo": {},