{"Factor1": {"sample_id": {}, "Group": {"sum_sq": 186.17842622691245, "df": 1.0, "F": 89.02919703669014, "pvalue": 2.7588064570320066e-16}}, "Factor2": {"sample_id": {}, "Group": {"sum_sq": 59.53860722404169, "df": 1.0, "F": 33.77685377672642, "pvalue": 4.836383003350278e-08}}, "Factor3": {"sample_id": {}, "Group": {"sum_sq": 10.767169004030714, "df": 1.0, "F": 8.966484066218841, "pvalue": 0.0033155848903954886}}, "Factor4": {"sample_id": {}, "Group": {"sum_sq": 23.026001042099033, "df": 1.0, "F": 28.734135335086403, "pvalue": 3.861366100317647e-07}}, "Factor5": {"sample_id": {}, "Group": {"sum_sq": 8.174692904841159, "df": 1.0, "F": 9.133733339428177, "pvalue": 0.0030447389091770014}}, "Factor6": {"sample_id": {}, "Group": {"sum_sq": 0.8198573433023605, "df": 1.0, "F": 1.0070866811230923, "pvalue": 0.31754049425542424}}, "Factor7": {"sample_id": {}, "Group": {"sum_sq": 1.2770567998548925, "df": 1.0, "F": 1.4122696422381162, "pvalue": 0.2369329164443833}}, "Factor8": {"sample_id": {}, "Group": {"sum_sq": 0.019777855856355428, "df": 1.0, "F": 0.024776987942937083, "pvalue": 0.875178014767859}}, "Factor9": {"sample_id": {}, "Group": {"sum_sq": 12.845849641114127, "df": 1.0, "F": 20.348860925828173, "pvalue": 1.4680755357995186e-05}}, "Factor10": {"sample_id": {}, "Group": {"sum_sq": 1.0528811550686643, "df": 1.0, "F": 1.2293353830463583, "pvalue": 0.2696650227538778}}, "Factor11": {"sample_id": {}, "Group": {"sum_sq": 2.0002150375802548, "df": 1.0, "F": 2.275040421035305, "pvalue": 0.13399506968883407}}, "Factor12": {"sample_id": {}, "Group": {"sum_sq": 2.0283272241748698, "df": 1.0, "F": 2.338155448279593, "pvalue": 0.12876562943459158}}, "Factor13": {"sample_id": {}, "Group": {"sum_sq": 2.4581201442094707, "df": 1.0, "F": 2.954249090387874, "pvalue": 0.08812767759480743}}, "Factor14": {"sample_id": {}, "Group": {"sum_sq": 0.15567382915313474, "df": 1.0, "F": 0.18164173311367574, "pvalue": 0.6706991540194551}}, "Factor15": {"sample_id": {}, "Group": {"sum_sq": 0.20157888680877226, "df": 1.0, "F": 0.23277682082324577, "pvalue": 0.6303162680517095}}, "Factor16": {"sample_id": {}, "Group": {"sum_sq": 0.12326129569638491, "df": 1.0, "F": 0.1517240815862454, "pvalue": 0.697556011509969}}, "Factor17": {"sample_id": {}, "Group": {"sum_sq": 0.11730352576202453, "df": 1.0, "F": 0.15356999340617186, "pvalue": 0.6958141293269422}}, "Factor18": {"sample_id": {}, "Group": {"sum_sq": 0.027980227819349668, "df": 1.0, "F": 0.025076217516188937, "pvalue": 0.8744328351952363}}, "Factor19": {"sample_id": {}, "Group": {"sum_sq": 0.17431961493916542, "df": 1.0, "F": 0.19189952102049304, "pvalue": 0.6620964136793561}}, "Factor20": {"sample_id": {}, "Group": {"sum_sq": 2.2976397624442098, "df": 1.0, "F": 2.6461338964859653, "pvalue": 0.1063204067004307}}, "Factor21": {"sample_id": {}, "Group": {"sum_sq": 0.3382729094040211, "df": 1.0, "F": 0.42025670836881873, "pvalue": 0.5179980565417889}}, "Factor22": {"sample_id": {}, "Group": {"sum_sq": 0.5271029268729681, "df": 1.0, "F": 0.6616101688646218, "pvalue": 0.41753871023386}}, "Factor23": {"sample_id": {}, "Group": {"sum_sq": 0.009669864929704163, "df": 1.0, "F": 0.008402984750724799, "pvalue": 0.9271087271970985}}, "Factor24": {"sample_id": {}, "Group": {"sum_sq": 1.7295258193001701, "df": 1.0, "F": 2.1336393448018804, "pvalue": 0.1466072905411754}}, "Factor25": {"sample_id": {}, "Group": {"sum_sq": 0.1927072962415444, "df": 1.0, "F": 0.17434809773466212, "pvalue": 0.676992402748862}}, "Factor26": {"sample_id": {}, "Group": {"sum_sq": 2.425431106322681, "df": 1.0, "F": 2.9513347083704753, "pvalue": 0.0882827973637485}}, "Factor27": {"sample_id": {}, "Group": {"sum_sq": 0.1011010129298665, "df": 1.0, "F": 0.1015335190679967, "pvalue": 0.7505288575057968}}, "Factor28": {"sample_id": {}, "Group": {"sum_sq": 0.3614558769456446, "df": 1.0, "F": 0.32486665949507987, "pvalue": 0.5697205274300325}}, "Factor29": {"sample_id": {}, "Group": {"sum_sq": 1.1775931242467643, "df": 1.0, "F": 1.302252982890794, "pvalue": 0.25598362674735364}}, "Factor30": {"sample_id": {}, "Group": {"sum_sq": 0.3357377707926485, "df": 1.0, "F": 0.2289390903026597, "pvalue": 0.633147421017462}}, "Factor31": {"sample_id": {}, "Group": {"sum_sq": 0.2370240669588198, "df": 1.0, "F": 0.23702248860301608, "pvalue": 0.627217536911689}}, "Factor32": {"sample_id": {}, "Group": {"sum_sq": 0.01816927644583144, "df": 1.0, "F": 0.02149112999452004, "pvalue": 0.8836850799875583}}, "Factor33": {"sample_id": {}, "Group": {"sum_sq": 1.3554825186729547, "df": 1.0, "F": 1.6371398446998577, "pvalue": 0.20308820303411917}}, "Factor34": {"sample_id": {}, "Group": {"sum_sq": 0.0026339490171911856, "df": 1.0, "F": 0.0026625789373114226, "pvalue": 0.9589296410859705}}, "Factor35": {"sample_id": {}, "Group": {"sum_sq": 0.008244173514294486, "df": 1.0, "F": 0.009666416946204279, "pvalue": 0.9218373199659853}}, "Factor36": {"sample_id": {}, "Group": {"sum_sq": 0.009355475977069278, "df": 1.0, "F": 0.008932662796913928, "pvalue": 0.9248531783791362}}, "Factor37": {"sample_id": {}, "Group": {"sum_sq": 0.0007730682323309368, "df": 1.0, "F": 0.0007491509343308464, "pvalue": 0.9782077793165956}}, "Factor38": {"sample_id": {}, "Group": {"sum_sq": 1.5405273439685928e-19, "df": 1.0, "F": 8.856201669564805e-05, "pvalue": 0.992506429992587}}, "Factor39": {"sample_id": {}, "Group": {"sum_sq": 9.661541099295448e-30, "df": 1.0, "F": 0.1104309049980608, "pvalue": 0.7402106966869222}}, "Factor40": {"sample_id": {}, "Group": {"sum_sq": 2.4119864930734192e-28, "df": 1.0, "F": 0.16982079438988934, "pvalue": 0.6809769606835616}}, "Factor41": {"sample_id": {}, "Group": {"sum_sq": 2.8088833462244024e-27, "df": 1.0, "F": 0.10561523851905769, "pvalue": 0.7457357224952261}}, "Factor42": {"sample_id": {}, "Group": {"sum_sq": 1.3634568157445885e-28, "df": 1.0, "F": 0.09355546431953747, "pvalue": 0.7602136778728046}}, "Factor43": {"sample_id": {}, "Group": {"sum_sq": 6.492504860120567e-23, "df": 1.0, "F": 0.015860806673110583, "pvalue": 0.8999819998875528}}, "Factor44": {"sample_id": {}, "Group": {"sum_sq": 8.603377572165384e-28, "df": 1.0, "F": 0.12370769815411095, "pvalue": 0.7256396809702619}}, "Factor45": {"sample_id": {}, "Group": {"sum_sq": 8.727759832578768e-28, "df": 1.0, "F": 0.11433660791133052, "pvalue": 0.7358272208239403}}, "Factor46": {"sample_id": {}, "Group": {"sum_sq": 5.881587611323861e-28, "df": 1.0, "F": 0.1431860299026461, "pvalue": 0.7057758673307185}}, "Factor47": {"sample_id": {}, "Group": {"sum_sq": 7.257572129767178e-28, "df": 1.0, "F": 0.12491500162154427, "pvalue": 0.7243590982420641}}, "Factor48": {"sample_id": {}, "Group": {"sum_sq": 5.824221629008364e-29, "df": 1.0, "F": 0.10747345346788094, "pvalue": 0.7435875670363001}}, "Factor49": {"sample_id": {}, "Group": {"sum_sq": 2.9659579690933394e-26, "df": 1.0, "F": 0.1281108424504532, "pvalue": 0.7210025652198118}}}