{"Factor1": {"sample": {}, "condition": {"sum_sq": 2.8865766881325494, "df": 1.0, "F": 1.8443800609995873, "pvalue": 0.20428806781328954}}, "Factor2": {"sample": {}, "condition": {"sum_sq": 0.7155325111385632, "df": 1.0, "F": 0.7567726322357764, "pvalue": 0.4047380705108194}}, "Factor3": {"sample": {}, "condition": {"sum_sq": 0.4068302596348826, "df": 1.0, "F": 7.591161236591975, "pvalue": 0.020296087013397968}}, "Factor4": {"sample": {}, "condition": {"sum_sq": 0.040029923253195716, "df": 1.0, "F": 0.3455474589560637, "pvalue": 0.5696801838192161}}}