{"Factor1": {"Mouse_ID": {}, "Treatment": {"sum_sq": 1.1410129047643118, "df": 2.0, "F": 1.8186727200225947, "pvalue": 0.20118035466514006, "tukey_hsd": {"groups": ["A12", "B1-8", "PBS"], "pvalues": [[1.0, 0.1854875862184423, 0.8559545255098494], [0.1854875862184423, 1.0, 0.4292569516603848], [0.8559545255098494, 0.4292569516603848, 1.0]]}}, "Ig_treated": {"sum_sq": 0.03976724703362764, "df": 1.0, "F": 0.10749428318335305, "pvalue": 0.7478667786247573}, "A12_treated": {"sum_sq": 0.6253507339289969, "df": 1.0, "F": 1.9058589137674982, "pvalue": 0.18906833922598004}, "TMT": {"sum_sq": 0.46556667821296627, "df": 1.0, "F": 1.371195895221551, "pvalue": 0.26115221024384777}, "Quant": {"sum_sq": 0.034477253459770034, "df": 1.0, "F": 0.09309988607554422, "pvalue": 0.7647618556263514}}, "Factor2": {"Mouse_ID": {}, "Treatment": {"sum_sq": 0.07312276274978281, "df": 2.0, "F": 0.07543105900034616, "pvalue": 0.9277465148930291, "tukey_hsd": {"groups": ["A12", "B1-8", "PBS"], "pvalues": [[1.0, 0.9581226798523746, 0.9286615815544246], [0.9581226798523746, 1.0, 0.9960549686276681], [0.9286615815544246, 0.9960549686276681, 1.0]]}}, "Ig_treated": {"sum_sq": 0.035382180709228384, "df": 1.0, "F": 0.07814540155548033, "pvalue": 0.7839141184637414}, "A12_treated": {"sum_sq": 0.0696465222772227, "df": 1.0, "F": 0.15465793184158122, "pvalue": 0.7000468393312478}, "TMT": {"sum_sq": 0.0024076601260334604, "df": 1.0, "F": 0.005290060912205182, "pvalue": 0.9430476514775047}, "Quant": {"sum_sq": 0.10386665852679636, "df": 1.0, "F": 0.23190633998808582, "pvalue": 0.6375543932241161}}, "Factor3": {"Mouse_ID": {}, "Treatment": {"sum_sq": 1.5742079150482353, "df": 2.0, "F": 3.178207535519792, "pvalue": 0.07520899209939642, "tukey_hsd": {"groups": ["A12", "B1-8", "PBS"], "pvalues": [[1.0, 0.08474900007010244, 0.17982444974030698], [0.08474900007010244, 1.0, 0.9033623246313575], [0.17982444974030698, 0.9033623246313575, 1.0]]}}, "Ig_treated": {"sum_sq": 0.21400959078098447, "df": 1.0, "F": 0.6542158336890134, "pvalue": 0.4321407212302353}, "A12_treated": {"sum_sq": 1.5281758356679627, "df": 1.0, "F": 6.551529647054897, "pvalue": 0.022691019261782845}, "TMT": {"sum_sq": 0.002834088459776175, "df": 1.0, "F": 0.008281776409670354, "pvalue": 0.9287784651272154}, "Quant": {"sum_sq": 0.08261028162421832, "df": 1.0, "F": 0.24549167931163487, "pvalue": 0.6279539366884475}}, "Factor4": {"Mouse_ID": {}, "Treatment": {"sum_sq": 0.2588578589866046, "df": 2.0, "F": 0.2616927767847104, "pvalue": 0.7737069445334521, "tukey_hsd": {"groups": ["A12", "B1-8", "PBS"], "pvalues": [[1.0, 0.7768783516679475, 0.9944917950882841], [0.7768783516679475, 1.0, 0.8438680670649124], [0.9944917950882841, 0.8438680670649124, 1.0]]}}, "Ig_treated": {"sum_sq": 0.027664220477791896, "df": 1.0, "F": 0.0581462136124112, "pvalue": 0.8129460337628033}, "A12_treated": {"sum_sq": 0.104451163040425, "df": 1.0, "F": 0.22210176421153965, "pvalue": 0.6447028554793535}, "TMT": {"sum_sq": 0.002907738855981699, "df": 1.0, "F": 0.0060890175879374725, "pvalue": 0.9389067794418055}, "Quant": {"sum_sq": 0.7667564364740006, "df": 1.0, "F": 1.81275880483458, "pvalue": 0.19957289788705182}}, "Factor5": {"Mouse_ID": {}, "Treatment": {"sum_sq": 0.013538032536755392, "df": 2.0, "F": 0.09942540516850516, "pvalue": 0.906039246570942, "tukey_hsd": {"groups": ["A12", "B1-8", "PBS"], "pvalues": [[1.0, 0.9381401340167341, 0.9944351958098562], [0.9381401340167341, 1.0, 0.9067578195184213], [0.9944351958098562, 0.9067578195184213, 1.0]]}}, "Ig_treated": {"sum_sq": 0.0056116387308033705, "df": 1.0, "F": 0.08797799499341004, "pvalue": 0.7711184371468959}, "A12_treated": {"sum_sq": 0.0013545613221997651, "df": 1.0, "F": 0.021135744789429037, "pvalue": 0.8864821346957253}, "TMT": {"sum_sq": 0.12450883156476115, "df": 1.0, "F": 2.2518451636303154, "pvalue": 0.15566777799867457}, "Quant": {"sum_sq": 0.0062084962223220375, "df": 1.0, "F": 0.0974004919889797, "pvalue": 0.7595714405859055}}, "Factor6": {"Mouse_ID": {}, "Treatment": {"sum_sq": 1.0077266102424023, "df": 2.0, "F": 4.605984159266258, "pvalue": 0.03074793789309842, "tukey_hsd": {"groups": ["A12", "B1-8", "PBS"], "pvalues": [[1.0, 0.7236628624809653, 0.027532390485138225], [0.7236628624809653, 1.0, 0.12907690656263715], [0.027532390485138225, 0.12907690656263715, 1.0]]}}, "Ig_treated": {"sum_sq": 0.941837939918701, "df": 1.0, "F": 8.86137754980493, "pvalue": 0.01000071574203619}, "A12_treated": {"sum_sq": 0.5266732427652492, "df": 1.0, "F": 3.874296750594662, "pvalue": 0.0691589923345784}, "TMT": {"sum_sq": 0.014477243704070842, "df": 1.0, "F": 0.08391351206923597, "pvalue": 0.7763082529222357}, "Quant": {"sum_sq": 1.1063272129594677, "df": 1.0, "F": 11.702647257478535, "pvalue": 0.004137165467948775}}, "Factor7": {"Mouse_ID": {}, "Treatment": {"sum_sq": 0.06273126907448137, "df": 2.0, "F": 0.36617315748645196, "pvalue": 0.7003109747598156, "tukey_hsd": {"groups": ["A12", "B1-8", "PBS"], "pvalues": [[1.0, 0.8670105015192724, 0.9245715753679131], [0.8670105015192724, 1.0, 0.678464615274694], [0.9245715753679131, 0.678464615274694, 1.0]]}}, "Ig_treated": {"sum_sq": 0.040300721654547345, "df": 1.0, "F": 0.4966709794970202, "pvalue": 0.4925250244978503}, "A12_treated": {"sum_sq": 0.0005236944228476107, "df": 1.0, "F": 0.006235726516899153, "pvalue": 0.9381767871582837}, "TMT": {"sum_sq": 0.04875534942471018, "df": 1.0, "F": 0.6053723579856446, "pvalue": 0.44948562854594243}, "Quant": {"sum_sq": 0.03985530844972251, "df": 1.0, "F": 0.4909891389035336, "pvalue": 0.4949681780511279}}, "Factor8": {"Mouse_ID": {}, "Treatment": {"sum_sq": 0.2930141738399828, "df": 2.0, "F": 3.099997444039007, "pvalue": 0.07928199227910188, "tukey_hsd": {"groups": ["A12", "B1-8", "PBS"], "pvalues": [[1.0, 0.06794362382323416, 0.687722348326272], [0.06794362382323416, 1.0, 0.2956004985209608], [0.687722348326272, 0.2956004985209608, 1.0]]}}, "Ig_treated": {"sum_sq": 0.004861192140012695, "df": 1.0, "F": 0.07540589589337306, "pvalue": 0.7876331206599456}, "A12_treated": {"sum_sq": 0.17755463300211669, "df": 1.0, "F": 3.4058823528466147, "pvalue": 0.08621755763671042}, "TMT": {"sum_sq": 0.00012501578773968622, "df": 1.0, "F": 0.0019290981542622217, "pvalue": 0.9655872847648013}, "Quant": {"sum_sq": 0.00031735890743553606, "df": 1.0, "F": 0.004898151759262795, "pvalue": 0.9451940406247746}}}