{"Factor1": {"Mouse_ID": {}, "Treatment": {"sum_sq": 0.055423547596818286, "df": 2.0, "F": 0.029393713299035788, "pvalue": 0.9710984240967506, "tukey_hsd": {"groups": ["A12", "B1-8", "PBS"], "pvalues": [[1.0, 0.9728868967193259, 0.9998221926797655], [0.9728868967193259, 1.0, 0.9789042751341522], [0.9998221926797655, 0.9789042751341522, 1.0]]}}, "Ig_treated": {"sum_sq": 0.008314453332402447, "df": 1.0, "F": 0.009461116849854342, "pvalue": 0.9238921469618897}, "A12_treated": {"sum_sq": 0.01890036759397744, "df": 1.0, "F": 0.021525477409779042, "pvalue": 0.8854482499778984}, "Batch": {"sum_sq": 0.03866878154548487, "df": 1.0, "F": 0.04411050213759163, "pvalue": 0.8366739582724811}, "Quant": {"sum_sq": 0.02362460293954139, "df": 1.0, "F": 0.026916215515225342, "pvalue": 0.8720276515231407}}, "Factor2": {"Mouse_ID": {}, "Treatment": {"sum_sq": 2.0860799626817146, "df": 2.0, "F": 2.6153451249204416, "pvalue": 0.11102264267044337, "tukey_hsd": {"groups": ["A12", "B1-8", "PBS"], "pvalues": [[1.0, 0.12128621865808065, 0.9693579309909853], [0.12128621865808065, 1.0, 0.20310965208183263], [0.9693579309909853, 0.20310965208183263, 1.0]]}}, "Ig_treated": {"sum_sq": 0.2695030106151645, "df": 1.0, "F": 0.5389153682688089, "pvalue": 0.47499871989398257}, "A12_treated": {"sum_sq": 0.7714129722081438, "df": 1.0, "F": 1.6616921143215428, "pvalue": 0.2182678062608382}, "Batch": {"sum_sq": 0.26008595619338354, "df": 1.0, "F": 0.5193858182041909, "pvalue": 0.48296489487253424}, "Quant": {"sum_sq": 0.4674074187518452, "df": 1.0, "F": 0.961846419795755, "pvalue": 0.34336729104171954}}, "Factor3": {"Mouse_ID": {}, "Treatment": {"sum_sq": 0.030462831098247045, "df": 2.0, "F": 0.08377512276814972, "pvalue": 0.920130427393403, "tukey_hsd": {"groups": ["A12", "B1-8", "PBS"], "pvalues": [[1.0, 0.9958506316049361, 0.9178152881339138], [0.9958506316049361, 1.0, 0.953094579495068], [0.9178152881339138, 0.953094579495068, 1.0]]}}, "Ig_treated": {"sum_sq": 0.02909117285480924, "df": 1.0, "F": 0.17221412044229803, "pvalue": 0.684440900164117}, "A12_treated": {"sum_sq": 0.014558131874223834, "df": 1.0, "F": 0.08565496002031939, "pvalue": 0.7740682211799083}, "Batch": {"sum_sq": 0.006677415859771346, "df": 1.0, "F": 0.03915789202514589, "pvalue": 0.8459806730390447}, "Quant": {"sum_sq": 0.0023862229509437538, "df": 1.0, "F": 0.013968249041233392, "pvalue": 0.9075981913426592}}, "Factor4": {"Mouse_ID": {}, "Treatment": {"sum_sq": 0.11746919532737111, "df": 2.0, "F": 1.4323033714413917, "pvalue": 0.274057232388274, "tukey_hsd": {"groups": ["A12", "B1-8", "PBS"], "pvalues": [[1.0, 0.24504523782014442, 0.7470203903910666], [0.24504523782014442, 1.0, 0.6405226965531287], [0.7470203903910666, 0.6405226965531287, 1.0]]}}, "Ig_treated": {"sum_sq": 5.664953458418572e-05, "df": 1.0, "F": 0.001219197057598274, "pvalue": 0.9726388863849106}, "A12_treated": {"sum_sq": 0.08310919465229949, "df": 1.0, "F": 2.050443549794819, "pvalue": 0.17410867437142138}, "Batch": {"sum_sq": 8.610056643355977e-07, "df": 1.0, "F": 1.8528758632047803e-05, "pvalue": 0.9966262485613958}, "Quant": {"sum_sq": 0.012421620936111958, "df": 1.0, "F": 0.2725150466521592, "pvalue": 0.6098105441189297}}, "Factor5": {"Mouse_ID": {}, "Treatment": {"sum_sq": 1.654317951713676, "df": 2.0, "F": 3.794812271692668, "pvalue": 0.05034044067602677, "tukey_hsd": {"groups": ["A12", "B1-8", "PBS"], "pvalues": [[1.0, 0.44013438706326147, 0.04061218017877444], [0.44013438706326147, 1.0, 0.3551614317958024], [0.04061218017877444, 0.3551614317958024, 1.0]]}}, "Ig_treated": {"sum_sq": 1.307326679352044, "df": 1.0, "F": 5.754415004674757, "pvalue": 0.030937809368478838}, "A12_treated": {"sum_sq": 1.2088222114916476, "df": 1.0, "F": 5.160993907923412, "pvalue": 0.039399873673249174}, "Batch": {"sum_sq": 0.009811549058167725, "df": 1.0, "F": 0.03067389967954309, "pvalue": 0.8634776445312602}, "Quant": {"sum_sq": 1.6659732430040222, "df": 1.0, "F": 8.265022572921623, "pvalue": 0.012233900705734262}}, "Factor6": {"Mouse_ID": {}, "Treatment": {"sum_sq": 0.1698401870369154, "df": 2.0, "F": 1.315785117271635, "pvalue": 0.30172746852891474, "tukey_hsd": {"groups": ["A12", "B1-8", "PBS"], "pvalues": [[1.0, 0.742626854051369, 0.2715597646130422], [0.742626854051369, 1.0, 0.6850552418297546], [0.2715597646130422, 0.6850552418297546, 1.0]]}}, "Ig_treated": {"sum_sq": 0.13415194232310096, "df": 1.0, "F": 2.147163452432289, "pvalue": 0.16492941502893854}, "A12_treated": {"sum_sq": 0.12417366067524803, "df": 1.0, "F": 1.9650399998474704, "pvalue": 0.1827554920149686}, "Batch": {"sum_sq": 0.03455043897616412, "df": 1.0, "F": 0.4964637498783101, "pvalue": 0.49261375961745657}, "Quant": {"sum_sq": 0.20674376778460382, "df": 1.0, "F": 3.6084997761670254, "pvalue": 0.07828367536212126}}, "Factor7": {"Mouse_ID": {}, "Treatment": {"sum_sq": 0.3982497012378666, "df": 2.0, "F": 3.243183760390322, "pvalue": 0.07200804329260577, "tukey_hsd": {"groups": ["A12", "B1-8", "PBS"], "pvalues": [[1.0, 0.066835989940077, 0.8201097397508578], [0.066835989940077, 1.0, 0.20997089045967443], [0.8201097397508578, 0.20997089045967443, 1.0]]}}, "Ig_treated": {"sum_sq": 0.02108437094527033, "df": 1.0, "F": 0.25114563301345366, "pvalue": 0.6240567563570911}, "A12_treated": {"sum_sq": 0.20062150456785025, "df": 1.0, "F": 2.820542797442799, "pvalue": 0.1152339731270522}, "Batch": {"sum_sq": 0.00919164721533122, "df": 1.0, "F": 0.10838919313892627, "pvalue": 0.746859081908587}, "Quant": {"sum_sq": 0.0001501652191503592, "df": 1.0, "F": 0.0017573857755628405, "pvalue": 0.9671535344874814}}}