{"Factor1": {"Mouse_ID": {}, "Treatment": {"sum_sq": 1.3116407339561114, "df": 2.0, "F": 0.5452986334218574, "pvalue": 0.590735683937639, "tukey_hsd": {"groups": ["A12", "B1-8", "PBS"], "pvalues": [[1.0, 0.5726803672305081, 0.93757597130363], [0.5726803672305081, 1.0, 0.7767903181156377], [0.93757597130363, 0.7767903181156377, 1.0]]}}, "Ig_treated": {"sum_sq": 0.04641295544106548, "df": 1.0, "F": 0.03846621032119797, "pvalue": 0.8469793019852482}, "A12_treated": {"sum_sq": 0.7506616883603457, "df": 1.0, "F": 0.6456889754865671, "pvalue": 0.433434517580235}, "Batch": {"sum_sq": 2.7477454245914616, "df": 1.0, "F": 2.422055894517929, "pvalue": 0.14194943598469206}, "Quant": {"sum_sq": 0.0852803139565116, "df": 1.0, "F": 0.0708213511879218, "pvalue": 0.7935435408328544}}, "Factor2": {"Mouse_ID": {}, "Treatment": {"sum_sq": 5.114490082133056, "df": 2.0, "F": 3.2228212727191576, "pvalue": 0.06849225596213834, "tukey_hsd": {"groups": ["A12", "B1-8", "PBS"], "pvalues": [[1.0, 0.05595502627193216, 0.3986401268941212], [0.05595502627193216, 1.0, 0.46950861722858195], [0.3986401268941212, 0.46950861722858195, 1.0]]}}, "Ig_treated": {"sum_sq": 0.004581377604107923, "df": 1.0, "F": 0.004308814770847806, "pvalue": 0.9484763913530987}, "A12_treated": {"sum_sq": 3.966082781999834, "df": 1.0, "F": 4.862402534201729, "pvalue": 0.04242576140766809}, "Batch": {"sum_sq": 0.4289878284201957, "df": 1.0, "F": 0.4248223991782757, "pvalue": 0.5250969094656515}, "Quant": {"sum_sq": 0.008936254048688114, "df": 1.0, "F": 0.008406755779389517, "pvalue": 0.92808379244246}}, "Factor3": {"Mouse_ID": {}, "Treatment": {"sum_sq": 0.5655882159443661, "df": 2.0, "F": 0.5187065538394426, "pvalue": 0.6055877344280076, "tukey_hsd": {"groups": ["A12", "B1-8", "PBS"], "pvalues": [[1.0, 0.6020548845350102, 0.7450847793142306], [0.6020548845350102, 1.0, 0.9691734817542161], [0.7450847793142306, 0.9691734817542161, 1.0]]}}, "Ig_treated": {"sum_sq": 0.045372663065546145, "df": 1.0, "F": 0.08346240225164112, "pvalue": 0.7763685116255458}, "A12_treated": {"sum_sq": 0.5345562255766636, "df": 1.0, "F": 1.0419062059993958, "pvalue": 0.32256538471568685}, "Batch": {"sum_sq": 0.005674408543424831, "df": 1.0, "F": 0.00942851129417998, "pvalue": 0.9240229626277207}, "Quant": {"sum_sq": 0.396469233109507, "df": 1.0, "F": 0.7599761245544986, "pvalue": 0.3962293351020918}}, "Factor4": {"Mouse_ID": {}, "Treatment": {"sum_sq": 1.3487673016518658, "df": 2.0, "F": 1.3331439078127627, "pvalue": 0.2931532281627286, "tukey_hsd": {"groups": ["A12", "B1-8", "PBS"], "pvalues": [[1.0, 0.4646128244975678, 0.9378536642615289], [0.4646128244975678, 1.0, 0.29528634025755174], [0.9378536642615289, 0.29528634025755174, 1.0]]}}, "Ig_treated": {"sum_sq": 0.6059269547861348, "df": 1.0, "F": 1.163742688563115, "pvalue": 0.2966858100337601}, "A12_treated": {"sum_sq": 0.12759543974319168, "df": 1.0, "F": 0.23175295201112917, "pvalue": 0.636744971154025}, "Batch": {"sum_sq": 1.5462490509506845, "df": 1.0, "F": 2.9898846523928424, "pvalue": 0.10576325210247299}, "Quant": {"sum_sq": 0.1474739108963066, "df": 1.0, "F": 0.2684642446068088, "pvalue": 0.6114544908363493}}, "Factor5": {"Mouse_ID": {}, "Treatment": {"sum_sq": 1.1289951775142737, "df": 2.0, "F": 6.838886696901435, "pvalue": 0.007746289568471204, "tukey_hsd": {"groups": ["A12", "B1-8", "PBS"], "pvalues": [[1.0, 0.8187289233900139, 0.030445771437859648], [0.8187289233900139, 1.0, 0.009171054449190974], [0.030445771437859648, 0.009171054449190974, 1.0]]}}, "Ig_treated": {"sum_sq": 1.09862306242486, "df": 1.0, "F": 13.85721145594916, "pvalue": 0.001852129967578389}, "A12_treated": {"sum_sq": 0.13923994186328453, "df": 1.0, "F": 0.999977109367673, "pvalue": 0.33220035491397715}, "Batch": {"sum_sq": 0.11324232114108145, "df": 1.0, "F": 0.9293095230049757, "pvalue": 0.3513995080296206}, "Quant": {"sum_sq": 1.300193918541199, "df": 1.0, "F": 19.497983874735915, "pvalue": 0.0004329449785507623}}, "Factor6": {"Mouse_ID": {}, "Treatment": {"sum_sq": 0.5749025583192753, "df": 2.0, "F": 2.7946069258817676, "pvalue": 0.09297928653765633, "tukey_hsd": {"groups": ["A12", "B1-8", "PBS"], "pvalues": [[1.0, 0.17353930915372573, 0.1092848951661467], [0.17353930915372573, 1.0, 0.9601305155427053], [0.1092848951661467, 0.9601305155427053, 1.0]]}}, "Ig_treated": {"sum_sq": 0.20444341452086418, "df": 1.0, "F": 1.7096178189285691, "pvalue": 0.20951245189456633}, "A12_treated": {"sum_sq": 0.5672899534365645, "df": 1.0, "F": 5.854000625778275, "pvalue": 0.027817041289387594}, "Batch": {"sum_sq": 0.013350679223355132, "df": 1.0, "F": 0.13213907162070826, "pvalue": 0.7216548489936131}, "Quant": {"sum_sq": 0.0484510492748967, "df": 1.0, "F": 0.3746201575230914, "pvalue": 0.5490964373356577}}, "Factor7": {"Mouse_ID": {}, "Treatment": {"sum_sq": 0.187301623316496, "df": 2.0, "F": 1.3099764588095013, "pvalue": 0.2989846320388214, "tukey_hsd": {"groups": ["A12", "B1-8", "PBS"], "pvalues": [[1.0, 0.9276582452604, 0.2970172997522237], [0.9276582452604, 1.0, 0.482694341832933], [0.2970172997522237, 0.482694341832933, 1.0]]}}, "Ig_treated": {"sum_sq": 0.17751242819791457, "df": 1.0, "F": 2.624598567179476, "pvalue": 0.12475818291417354}, "A12_treated": {"sum_sq": 0.08782094308119712, "df": 1.0, "F": 1.199086991615151, "pvalue": 0.28971483349435173}, "Batch": {"sum_sq": 0.04390066334505061, "df": 1.0, "F": 0.5076543807492027, "pvalue": 0.4878616545338397}, "Quant": {"sum_sq": 0.3059322343334218, "df": 1.0, "F": 5.132411965927222, "pvalue": 0.03771452451343205}}, "Factor8": {"Mouse_ID": {}, "Treatment": {"sum_sq": 0.16181033856387156, "df": 2.0, "F": 1.346297726546273, "pvalue": 0.2898997480191984, "tukey_hsd": {"groups": ["A12", "B1-8", "PBS"], "pvalues": [[1.0, 0.25978258925493414, 0.6875389475748432], [0.25978258925493414, 1.0, 0.7054684699371336], [0.6875389475748432, 0.7054684699371336, 1.0]]}}, "Ig_treated": {"sum_sq": 1.797117357144439e-05, "df": 1.0, "F": 0.0002704438166323593, "pvalue": 0.987082563437169}, "A12_treated": {"sum_sq": 0.12282548734719603, "df": 1.0, "F": 2.089750115415758, "pvalue": 0.16759290324107962}, "Batch": {"sum_sq": 0.00939500488499079, "df": 1.0, "F": 0.14218120992671723, "pvalue": 0.7117761906789986}, "Quant": {"sum_sq": 0.03773717928146714, "df": 1.0, "F": 0.5887858018007838, "pvalue": 0.4540640788647423}}}