{"Factor1": {"Mouse_ID": {}, "Treatment": {"sum_sq": 0.05315331184852476, "df": 2.0, "F": 0.028662075664830883, "pvalue": 0.9718060150887331, "tukey_hsd": {"groups": ["A12", "B1-8", "PBS"], "pvalues": [[1.0, 0.9740082802515394, 0.9999090786885445], [0.9740082802515394, 1.0, 0.9788286535789965], [0.9999090786885445, 0.9788286535789965, 1.0]]}}, "Ig_treated": {"sum_sq": 0.008766533069571616, "df": 1.0, "F": 0.010144335488063861, "pvalue": 0.921201639688785}, "A12_treated": {"sum_sq": 0.017101683987625085, "df": 1.0, "F": 0.01980313330755645, "pvalue": 0.8900930012726304}, "Batch": {"sum_sq": 0.03714685820240358, "df": 1.0, "F": 0.04308615772911673, "pvalue": 0.8385522041276862}, "Quant": {"sum_sq": 0.02197652343305964, "df": 1.0, "F": 0.025458286522236043, "pvalue": 0.8755094904704347}}, "Factor2": {"Mouse_ID": {}, "Treatment": {"sum_sq": 2.1990294461768314, "df": 2.0, "F": 2.628692062121576, "pvalue": 0.1099717651234165, "tukey_hsd": {"groups": ["A12", "B1-8", "PBS"], "pvalues": [[1.0, 0.12086310859751614, 0.9715068273106218], [0.12086310859751614, 1.0, 0.19989870904339513], [0.9715068273106218, 0.19989870904339513, 1.0]]}}, "Ig_treated": {"sum_sq": 0.29010168226259114, "df": 1.0, "F": 0.5528382203509693, "pvalue": 0.4694554447340802}, "A12_treated": {"sum_sq": 0.8045834938114182, "df": 1.0, "F": 1.6487333408640887, "pvalue": 0.21997514156506123}, "Batch": {"sum_sq": 0.27201558469664, "df": 1.0, "F": 0.5170990483477533, "pvalue": 0.48391270786845986}, "Quant": {"sum_sq": 0.49841651529532305, "df": 1.0, "F": 0.9775363562284771, "pvalue": 0.33958863976946896}}, "Factor3": {"Mouse_ID": {}, "Treatment": {"sum_sq": 0.031118713975296055, "df": 2.0, "F": 0.08216678157814208, "pvalue": 0.9215928196796376, "tukey_hsd": {"groups": ["A12", "B1-8", "PBS"], "pvalues": [[1.0, 0.9963912271805808, 0.9198431140281634], [0.9963912271805808, 1.0, 0.9528854872080057], [0.9198431140281634, 0.9528854872080057, 1.0]]}}, "Ig_treated": {"sum_sq": 0.029876613585551926, "df": 1.0, "F": 0.16982499464948678, "pvalue": 0.6865078623327235}, "A12_treated": {"sum_sq": 0.014477602736134786, "df": 1.0, "F": 0.08178243527152572, "pvalue": 0.7790841965167594}, "Batch": {"sum_sq": 0.006618201879398063, "df": 1.0, "F": 0.0372673347628177, "pvalue": 0.8496943457900134}, "Quant": {"sum_sq": 0.002222906565794157, "df": 1.0, "F": 0.012495177726648233, "pvalue": 0.9125832479284829}}, "Factor4": {"Mouse_ID": {}, "Treatment": {"sum_sq": 0.11583960736501805, "df": 2.0, "F": 1.4162921326777016, "pvalue": 0.2776802790405093, "tukey_hsd": {"groups": ["A12", "B1-8", "PBS"], "pvalues": [[1.0, 0.24878499216511163, 0.7620279379077803], [0.24878499216511163, 1.0, 0.6313534000442], [0.7620279379077803, 0.6313534000442, 1.0]]}}, "Ig_treated": {"sum_sq": 0.00015360956850625555, "df": 1.0, "F": 0.0033221811028739624, "pvalue": 0.9548512796908785}, "A12_treated": {"sum_sq": 0.08042231575015744, "df": 1.0, "F": 1.9855358171185233, "pvalue": 0.18063170172578083}, "Batch": {"sum_sq": 4.851405890265259e-06, "df": 1.0, "F": 0.00010489936381240163, "pvalue": 0.9919726971201521}, "Quant": {"sum_sq": 0.01386566682496407, "df": 1.0, "F": 0.3063685078484864, "pvalue": 0.5886484014669137}}, "Factor5": {"Mouse_ID": {}, "Treatment": {"sum_sq": 1.6657931183677095, "df": 2.0, "F": 3.8313697122241046, "pvalue": 0.04919380861525918, "tukey_hsd": {"groups": ["A12", "B1-8", "PBS"], "pvalues": [[1.0, 0.43740527444120336, 0.039641822160665696], [0.43740527444120336, 1.0, 0.35147833514627524], [0.039641822160665696, 0.35147833514627524, 1.0]]}}, "Ig_treated": {"sum_sq": 1.3169273818348182, "df": 1.0, "F": 5.807071850857752, "pvalue": 0.03029545061792248}, "A12_treated": {"sum_sq": 1.216626794028079, "df": 1.0, "F": 5.200498509965746, "pvalue": 0.03875853159676541}, "Batch": {"sum_sq": 0.01058635145821406, "df": 1.0, "F": 0.03307304553597331, "pvalue": 0.85829949180076}, "Quant": {"sum_sq": 1.679849581639745, "df": 1.0, "F": 8.363413958604268, "pvalue": 0.011828544495457904}}, "Factor6": {"Mouse_ID": {}, "Treatment": {"sum_sq": 0.1613995401639427, "df": 2.0, "F": 1.2632415747571881, "pvalue": 0.315251138716431, "tukey_hsd": {"groups": ["A12", "B1-8", "PBS"], "pvalues": [[1.0, 0.7686020813979708, 0.28475923790781665], [0.7686020813979708, 1.0, 0.6779971777883357], [0.28475923790781665, 0.6779971777883357, 1.0]]}}, "Ig_treated": {"sum_sq": 0.13024326733341954, "df": 1.0, "F": 2.1162125506184704, "pvalue": 0.167799173863271}, "A12_treated": {"sum_sq": 0.1149205199337157, "df": 1.0, "F": 1.834620577388562, "pvalue": 0.19704051279950946}, "Batch": {"sum_sq": 0.03510805498689425, "df": 1.0, "F": 0.5137200650516522, "pvalue": 0.4853191199493776}, "Quant": {"sum_sq": 0.19446191628811202, "df": 1.0, "F": 3.414103659564007, "pvalue": 0.08587738705535629}}, "Factor7": {"Mouse_ID": {}, "Treatment": {"sum_sq": 0.3899659092869898, "df": 2.0, "F": 3.2623288861374156, "pvalue": 0.07109507111347585, "tukey_hsd": {"groups": ["A12", "B1-8", "PBS"], "pvalues": [[1.0, 0.06437463560262902, 0.7858305464507707], [0.06437463560262902, 1.0, 0.22328655104823059], [0.7858305464507707, 0.22328655104823059, 1.0]]}}, "Ig_treated": {"sum_sq": 0.016533925256816278, "df": 1.0, "F": 0.20120972868968115, "pvalue": 0.6606105342592018}, "A12_treated": {"sum_sq": 0.20610604041197175, "df": 1.0, "F": 3.0030722790908917, "pvalue": 0.10506615704688321}, "Batch": {"sum_sq": 0.007964505541095755, "df": 1.0, "F": 0.09620746375555853, "pvalue": 0.7609984374048641}, "Quant": {"sum_sq": 0.0009354830157910845, "df": 1.0, "F": 0.011232072490517168, "pvalue": 0.9171006475860725}}}