{"q": {"Factor1": {"Explained_Variance": 16.261681808215332}, "Factor2": {"Explained_Variance": 22.27708741272242}, "Factor3": {"Explained_Variance": 7.921821867624812}, "Factor4": {"Explained_Variance": 4.867909768490907}, "Factor5": {"Explained_Variance": 0.12357882221204486}, "Factor6": {"Explained_Variance": 12.683829728224193}, "Factor7": {"Explained_Variance": 6.023556016999565}, "Factor8": {"Explained_Variance": 5.790122355388072}}, "m": {"Factor1": {"Explained_Variance": 10.587881463402816}, "Factor2": {"Explained_Variance": 0.8970456185809383}, "Factor3": {"Explained_Variance": 13.473349168682791}, "Factor4": {"Explained_Variance": 15.496898152498485}, "Factor5": {"Explained_Variance": 18.978149053426296}, "Factor6": {"Explained_Variance": 4.527603171879713}, "Factor7": {"Explained_Variance": 2.3474348604175854}, "Factor8": {"Explained_Variance": 1.7944037189044804}}}