{"m": {"Factor1": {"Explained_Variance": 10.617363808320878}, "Factor2": {"Explained_Variance": 0.869785728276995}, "Factor3": {"Explained_Variance": 13.46367964392179}, "Factor4": {"Explained_Variance": 15.496966737137875}, "Factor5": {"Explained_Variance": 18.975354264712372}, "Factor6": {"Explained_Variance": 4.483016077970891}, "Factor7": {"Explained_Variance": 2.343616146668581}, "Factor8": {"Explained_Variance": 1.7851223541845984}}, "q": {"Factor1": {"Explained_Variance": 16.30231392004796}, "Factor2": {"Explained_Variance": 22.24503787680088}, "Factor3": {"Explained_Variance": 7.912186372817509}, "Factor4": {"Explained_Variance": 4.866456206821146}, "Factor5": {"Explained_Variance": 0.1215017765374915}, "Factor6": {"Explained_Variance": 12.674267178253174}, "Factor7": {"Explained_Variance": 6.014761820950798}, "Factor8": {"Explained_Variance": 5.8006307291297965}}}