{"q": {"Factor1": {"Explained_Variance": 16.32667067310287}, "Factor2": {"Explained_Variance": 22.19353040531399}, "Factor3": {"Explained_Variance": 7.99497129057678}, "Factor4": {"Explained_Variance": 4.843149661632939}, "Factor5": {"Explained_Variance": 0.12192171686955522}, "Factor6": {"Explained_Variance": 12.701442554868237}, "Factor7": {"Explained_Variance": 5.956728402663014}, "Factor8": {"Explained_Variance": 5.82652400804885}}, "m": {"Factor1": {"Explained_Variance": 10.614005608069633}, "Factor2": {"Explained_Variance": 0.8297775996276013}, "Factor3": {"Explained_Variance": 13.236026441184501}, "Factor4": {"Explained_Variance": 15.512881453541638}, "Factor5": {"Explained_Variance": 19.015869969445742}, "Factor6": {"Explained_Variance": 4.406601889987883}, "Factor7": {"Explained_Variance": 2.439260456170711}, "Factor8": {"Explained_Variance": 1.790109368185866}}}