{"m": {"Factor1": {"Explained_Variance": 30.22118475680673}, "Factor2": {"Explained_Variance": 17.369138761636705}, "Factor3": {"Explained_Variance": 16.460298952556972}, "Factor4": {"Explained_Variance": 10.001866794614555}}}