{"t": {"Factor1": {"Explained_Variance": 23.219306093611657}, "Factor2": {"Explained_Variance": 16.515874672352705}, "Factor3": {"Explained_Variance": 13.150298174351327}, "Factor4": {"Explained_Variance": 7.12446313606293}, "Factor5": {"Explained_Variance": 3.127409453374519}, "Factor6": {"Explained_Variance": 0.12349828012602204}, "Factor7": {"Explained_Variance": 5.837206881718393}, "Factor8": {"Explained_Variance": 5.528990311089355}}, "m": {"Factor1": {"Explained_Variance": 2.707287746825382}, "Factor2": {"Explained_Variance": 12.109474335263915}, "Factor3": {"Explained_Variance": 4.055853100343921}, "Factor4": {"Explained_Variance": 14.293481618815807}, "Factor5": {"Explained_Variance": 16.724297354262696}, "Factor6": {"Explained_Variance": 16.823410200287647}, "Factor7": {"Explained_Variance": 2.3067133108514715}, "Factor8": {"Explained_Variance": 1.9942704962750746}}, "q": {"Factor1": {"Explained_Variance": 23.219306093611657}, "Factor2": {"Explained_Variance": 16.515874672352705}, "Factor3": {"Explained_Variance": 13.150298174351327}, "Factor4": {"Explained_Variance": 7.12446313606293}, "Factor5": {"Explained_Variance": 3.127409453374519}, "Factor6": {"Explained_Variance": 0.12349828012602204}, "Factor7": {"Explained_Variance": 5.837206881718393}, "Factor8": {"Explained_Variance": 5.528990311089355}}}