{"q": {"Factor1": {"Explained_Variance": 16.241895217886672}, "Factor2": {"Explained_Variance": 22.226948685855774}, "Factor3": {"Explained_Variance": 7.9467082057846135}, "Factor4": {"Explained_Variance": 4.872227385903704}, "Factor5": {"Explained_Variance": 0.12804972547469928}, "Factor6": {"Explained_Variance": 12.742265469555337}, "Factor7": {"Explained_Variance": 5.986829228426005}, "Factor8": {"Explained_Variance": 5.872504773015952}}, "m": {"Factor1": {"Explained_Variance": 10.754231479303911}, "Factor2": {"Explained_Variance": 0.8669402171211149}, "Factor3": {"Explained_Variance": 13.271211570774478}, "Factor4": {"Explained_Variance": 15.518800160468981}, "Factor5": {"Explained_Variance": 19.017670708033265}, "Factor6": {"Explained_Variance": 4.192364101104196}, "Factor7": {"Explained_Variance": 2.4520272304951685}, "Factor8": {"Explained_Variance": 1.7791161543384892}}}