{"q": {"Factor1": {"Explained_Variance": 21.60033355437615}, "Factor2": {"Explained_Variance": 13.3667191052659}, "Factor3": {"Explained_Variance": 9.334311346268919}, "Factor4": {"Explained_Variance": 5.109960121324608}}}