{"q": {"Factor1": {"Explained_Variance": 24.31928172093557}, "Factor2": {"Explained_Variance": 16.71157432968865}, "Factor3": {"Explained_Variance": 12.65907251470817}, "Factor4": {"Explained_Variance": 8.569031283731377}, "Factor5": {"Explained_Variance": 5.128722612508119}, "Factor6": {"Explained_Variance": 4.884003668050796}}}