{"m": {"Factor1": {"Explained_Variance": 10.625943085714951}, "Factor2": {"Explained_Variance": 0.9244084106250883}, "Factor3": {"Explained_Variance": 13.476565233555826}, "Factor4": {"Explained_Variance": 15.500660361967977}, "Factor5": {"Explained_Variance": 18.973025320578817}, "Factor6": {"Explained_Variance": 4.490456159788048}, "Factor7": {"Explained_Variance": 2.3449201394019403}, "Factor8": {"Explained_Variance": 1.8026563756851188}}, "q": {"Factor1": {"Explained_Variance": 16.24503434361427}, "Factor2": {"Explained_Variance": 22.28503274538266}, "Factor3": {"Explained_Variance": 7.980284147810157}, "Factor4": {"Explained_Variance": 4.827534641826404}, "Factor5": {"Explained_Variance": 0.1310497549862233}, "Factor6": {"Explained_Variance": 12.676652717732374}, "Factor7": {"Explained_Variance": 6.044818705230826}, "Factor8": {"Explained_Variance": 5.772817152450827}}}