{"m": {"Factor1": {"Explained_Variance": 18.244531688138387}, "Factor2": {"Explained_Variance": 15.346506646175861}, "Factor3": {"Explained_Variance": 12.628913643850604}, "Factor4": {"Explained_Variance": 11.421467919969386}, "Factor5": {"Explained_Variance": 4.747394843646879}, "Factor6": {"Explained_Variance": 4.59846244263592}, "Factor7": {"Explained_Variance": 3.0783584962181587}, "Factor8": {"Explained_Variance": 2.6470884278448903}}}