{"m": {"Factor1": {"Explained_Variance": 21.662990926645985}, "Factor2": {"Explained_Variance": 16.259130273979384}, "Factor3": {"Explained_Variance": 12.04709535414331}, "Factor4": {"Explained_Variance": 5.794931777168921}, "Factor5": {"Explained_Variance": 5.514892157933893}, "Factor6": {"Explained_Variance": 3.4031543904069483}, "Factor7": {"Explained_Variance": 2.569466722329483}, "Factor8": {"Explained_Variance": 2.363795828620441}}}