{"m": {"Factor1": {"Explained_Variance": 30.22572172787684}, "Factor2": {"Explained_Variance": 17.34098928235325}, "Factor3": {"Explained_Variance": 16.473850108077826}, "Factor4": {"Explained_Variance": 9.976207354169087}}}