{"m": {"Factor1": {"Explained_Variance": 0.13923499392544114}, "Factor2": {"Explained_Variance": 0.8885121920119476}, "Factor3": {"Explained_Variance": 12.405067375344192}, "Factor4": {"Explained_Variance": 9.361087769171771}, "Factor5": {"Explained_Variance": 5.296048300756661}, "Factor6": {"Explained_Variance": 3.590133843549226}, "Factor7": {"Explained_Variance": 3.354626533632532}, "Factor8": {"Explained_Variance": 2.5340749905830573}, "Factor9": {"Explained_Variance": 2.7027048070670356}, "Factor10": {"Explained_Variance": 1.2233978128336043}, "Factor11": {"Explained_Variance": 1.1104241007434679}, "Factor12": {"Explained_Variance": 1.042250373032072}, "Factor13": {"Explained_Variance": 0.6690406946824323}, "Factor14": {"Explained_Variance": 0.41687328652875166}, "Factor15": {"Explained_Variance": 0.32579957404074156}}, "q": {"Factor1": {"Explained_Variance": 53.46583943321572}, "Factor2": {"Explained_Variance": 13.1846322600376}, "Factor3": {"Explained_Variance": 0.11692458129757277}, "Factor4": {"Explained_Variance": 0.021325941814831495}, "Factor5": {"Explained_Variance": 0.005055501737261103}, "Factor6": {"Explained_Variance": 0.0024761369567194436}, "Factor7": {"Explained_Variance": 0.006298398328985488}, "Factor8": {"Explained_Variance": 0.24978337746532908}, "Factor9": {"Explained_Variance": 0.006869126604658327}, "Factor10": {"Explained_Variance": 0.01066813722243598}, "Factor11": {"Explained_Variance": 0.00013024893308344332}, "Factor12": {"Explained_Variance": 0.00021735654623933343}, "Factor13": {"Explained_Variance": 0.0010072050184772863}, "Factor14": {"Explained_Variance": 0.00713242940365566}, "Factor15": {"Explained_Variance": 0.06439446649737501}}}