{"m": {"Factor1": {"Explained_Variance": 12.829431806256753}, "Factor2": {"Explained_Variance": 9.962579014444051}, "Factor3": {"Explained_Variance": 5.674886201610397}, "Factor4": {"Explained_Variance": 0.8674616215086361}}, "q": {"Factor1": {"Explained_Variance": 34.13983501388802}, "Factor2": {"Explained_Variance": 21.004313049134428}, "Factor3": {"Explained_Variance": 5.796730587071686}, "Factor4": {"Explained_Variance": 4.940753104054407}}}