{"m": {"Factor1": {"Explained_Variance": 8.484646170162124}, "Factor2": {"Explained_Variance": 13.879984852245563}, "Factor3": {"Explained_Variance": 16.01265307106695}, "Factor4": {"Explained_Variance": 17.75006052456036}, "Factor5": {"Explained_Variance": 4.4465855151954}, "Factor6": {"Explained_Variance": 7.574718956432369}, "Factor7": {"Explained_Variance": 0.8506003594491718}}, "q": {"Factor1": {"Explained_Variance": 23.235132809787906}, "Factor2": {"Explained_Variance": 17.240772377453595}, "Factor3": {"Explained_Variance": 8.029641737597803}, "Factor4": {"Explained_Variance": 3.116725259123032}, "Factor5": {"Explained_Variance": 12.805246817583772}, "Factor6": {"Explained_Variance": 4.982280480893264}, "Factor7": {"Explained_Variance": 5.218636472482119}}}