{"m": {"Factor1": {"Explained_Variance": 8.453684701344667}, "Factor2": {"Explained_Variance": 13.835427190607453}, "Factor3": {"Explained_Variance": 16.17152509537473}, "Factor4": {"Explained_Variance": 18.068276336947665}, "Factor5": {"Explained_Variance": 4.486317346796442}, "Factor6": {"Explained_Variance": 7.10587354141301}, "Factor7": {"Explained_Variance": 0.9617192853689227}}, "q": {"Factor1": {"Explained_Variance": 23.23431254224879}, "Factor2": {"Explained_Variance": 17.236615548703828}, "Factor3": {"Explained_Variance": 8.05069783432285}, "Factor4": {"Explained_Variance": 3.1215374552366892}, "Factor5": {"Explained_Variance": 12.813433201372904}, "Factor6": {"Explained_Variance": 4.989289993092861}, "Factor7": {"Explained_Variance": 5.205161478061637}}}