{"m": {"Factor1": {"Explained_Variance": 21.767477704677297}, "Factor2": {"Explained_Variance": 3.5905772104465217}, "Factor3": {"Explained_Variance": 10.235990594302935}, "Factor4": {"Explained_Variance": 15.80060882619354}, "Factor5": {"Explained_Variance": 5.039143890677622}, "Factor6": {"Explained_Variance": 1.715481810246633}, "Factor7": {"Explained_Variance": 1.0778771075117377}}, "q": {"Factor1": {"Explained_Variance": 5.960113661398592}, "Factor2": {"Explained_Variance": 23.1225485158008}, "Factor3": {"Explained_Variance": 16.31005427193496}, "Factor4": {"Explained_Variance": 4.12968423111394}, "Factor5": {"Explained_Variance": 12.521717867270787}, "Factor6": {"Explained_Variance": 6.075130065634083}, "Factor7": {"Explained_Variance": 6.034363632175843}}}