{"q": {"Factor1": {"Explained_Variance": 6.124423299777115}, "Factor2": {"Explained_Variance": 23.06222391520796}, "Factor3": {"Explained_Variance": 16.35858025382153}, "Factor4": {"Explained_Variance": 3.987392412355495}, "Factor5": {"Explained_Variance": 12.540031299802724}, "Factor6": {"Explained_Variance": 6.0270234288784525}, "Factor7": {"Explained_Variance": 6.0507115163611624}}, "m": {"Factor1": {"Explained_Variance": 21.566469639217157}, "Factor2": {"Explained_Variance": 3.5162095805564064}, "Factor3": {"Explained_Variance": 10.21692390568436}, "Factor4": {"Explained_Variance": 15.929915499490043}, "Factor5": {"Explained_Variance": 4.965540187410689}, "Factor6": {"Explained_Variance": 1.7690411727963151}, "Factor7": {"Explained_Variance": 1.1432030247683356}}}