{"m": {"Factor1": {"Explained_Variance": 30.22832588622858}, "Factor2": {"Explained_Variance": 17.26548701523042}, "Factor3": {"Explained_Variance": 15.996761806884885}, "Factor4": {"Explained_Variance": 10.047828620613085}, "Factor5": {"Explained_Variance": 5.708075160407433}}}