{"m": {"Factor1": {"Explained_Variance": 12.840926170078559}, "Factor2": {"Explained_Variance": 9.956068516888106}, "Factor3": {"Explained_Variance": 5.651377717951278}, "Factor4": {"Explained_Variance": 0.8640878551711029}}, "q": {"Factor1": {"Explained_Variance": 34.13857893245789}, "Factor2": {"Explained_Variance": 21.004602146696893}, "Factor3": {"Explained_Variance": 5.771294097570068}, "Factor4": {"Explained_Variance": 4.941015542886829}}}