{"q": {"Factor1": {"Explained_Variance": 37.040660899186484}, "Factor2": {"Explained_Variance": 25.412162495849245}, "Factor3": {"Explained_Variance": 11.273563232149709}}}