{"m": {"Factor1": {"Explained_Variance": 7.765953950029136}, "Factor2": {"Explained_Variance": 4.650666186386266}, "Factor3": {"Explained_Variance": 5.81753299964427}, "Factor4": {"Explained_Variance": 7.216591267406103}, "Factor5": {"Explained_Variance": 3.0424414934024924}, "Factor6": {"Explained_Variance": 3.5327312624287344}, "Factor7": {"Explained_Variance": 1.9308694073846944}, "Factor8": {"Explained_Variance": 0.06868036057104954}, "Factor9": {"Explained_Variance": 3.296698961341238}, "Factor10": {"Explained_Variance": 2.5902320275287827}, "Factor11": {"Explained_Variance": 2.915855214363583}, "Factor12": {"Explained_Variance": 1.7897006710023478}, "Factor13": {"Explained_Variance": 2.4025840478407168}, "Factor14": {"Explained_Variance": 0.7928555733222487}, "Factor15": {"Explained_Variance": 2.0109504261855093}, "Factor16": {"Explained_Variance": 0.20608146372896874}, "Factor17": {"Explained_Variance": 2.0554158913358433}, "Factor18": {"Explained_Variance": 1.596052358383715}, "Factor19": {"Explained_Variance": 1.2627972710587354}, "Factor20": {"Explained_Variance": 1.359271448859345}, "Factor21": {"Explained_Variance": 0.09128850220858631}, "Factor22": {"Explained_Variance": 1.606990330296365}, "Factor23": {"Explained_Variance": 1.1741399801772356}, "Factor24": {"Explained_Variance": 1.231839289211012}, "Factor25": {"Explained_Variance": 1.118192570836285}, "Factor26": {"Explained_Variance": 1.2556177347804787}, "Factor27": {"Explained_Variance": 1.215607947284758}, "Factor28": {"Explained_Variance": 0.053979788608538026}, "Factor29": {"Explained_Variance": 0.6967331154281164}, "Factor30": {"Explained_Variance": 0.5024561302025665}, "Factor31": {"Explained_Variance": 0.9782650572020102}, "Factor32": {"Explained_Variance": 0.042845373711786205}, "Factor33": {"Explained_Variance": 0.03368477647273105}, "Factor34": {"Explained_Variance": 0.7701189773923645}, "Factor35": {"Explained_Variance": 0.02949738867882301}, "Factor36": {"Explained_Variance": 0.04720231955667176}, "Factor37": {"Explained_Variance": 0.08986916967929082}, "Factor38": {"Explained_Variance": 0.0}, "Factor39": {"Explained_Variance": 0.0}, "Factor40": {"Explained_Variance": 0.0}, "Factor41": {"Explained_Variance": 0.0}, "Factor42": {"Explained_Variance": 0.0}, "Factor43": {"Explained_Variance": 0.0}, "Factor44": {"Explained_Variance": 0.0}, "Factor45": {"Explained_Variance": 0.0}, "Factor46": {"Explained_Variance": 0.0}, "Factor47": {"Explained_Variance": 0.0}, "Factor48": {"Explained_Variance": 0.0}, "Factor49": {"Explained_Variance": 0.0}}, "q": {"Factor1": {"Explained_Variance": 24.42997941459829}, "Factor2": {"Explained_Variance": 15.1725091377217}, "Factor3": {"Explained_Variance": 7.1267586524062505}, "Factor4": {"Explained_Variance": 1.0481994716645238}, "Factor5": {"Explained_Variance": 3.259781476601975}, "Factor6": {"Explained_Variance": 0.03813919227764195}, "Factor7": {"Explained_Variance": 1.5469107884138689}, "Factor8": {"Explained_Variance": 3.305735955224287}, "Factor9": {"Explained_Variance": 0.011014864824265835}, "Factor10": {"Explained_Variance": 0.44529995058414373}, "Factor11": {"Explained_Variance": 0.09161024771082715}, "Factor12": {"Explained_Variance": 0.738928182802101}, "Factor13": {"Explained_Variance": 0.11274981682507512}, "Factor14": {"Explained_Variance": 1.6609939527208795}, "Factor15": {"Explained_Variance": 0.4291182607715216}, "Factor16": {"Explained_Variance": 2.0143933363319544}, "Factor17": {"Explained_Variance": 0.018429106912409843}, "Factor18": {"Explained_Variance": 0.38995019037717515}, "Factor19": {"Explained_Variance": 0.606150216529755}, "Factor20": {"Explained_Variance": 0.4393042584775464}, "Factor21": {"Explained_Variance": 1.5919000066309308}, "Factor22": {"Explained_Variance": 0.03155553200371308}, "Factor23": {"Explained_Variance": 0.2342236321366431}, "Factor24": {"Explained_Variance": 0.06403052622725447}, "Factor25": {"Explained_Variance": 0.1729450428348378}, "Factor26": {"Explained_Variance": 0.010904201652084389}, "Factor27": {"Explained_Variance": 0.02660817718354025}, "Factor28": {"Explained_Variance": 1.1221842170990648}, "Factor29": {"Explained_Variance": 0.40115541468963567}, "Factor30": {"Explained_Variance": 0.5062933662437374}, "Factor31": {"Explained_Variance": 0.008750598779339036}, "Factor32": {"Explained_Variance": 0.8479724907343389}, "Factor33": {"Explained_Variance": 0.8382577838776717}, "Factor34": {"Explained_Variance": 0.09118384405164548}, "Factor35": {"Explained_Variance": 0.6252315049724455}, "Factor36": {"Explained_Variance": 0.41948794486418306}, "Factor37": {"Explained_Variance": 0.22484224934206098}, "Factor38": {"Explained_Variance": 0.0}, "Factor39": {"Explained_Variance": 0.0}, "Factor40": {"Explained_Variance": 0.0}, "Factor41": {"Explained_Variance": 0.0}, "Factor42": {"Explained_Variance": 0.0}, "Factor43": {"Explained_Variance": 0.0}, "Factor44": {"Explained_Variance": 0.0}, "Factor45": {"Explained_Variance": 0.0}, "Factor46": {"Explained_Variance": 0.0}, "Factor47": {"Explained_Variance": 0.0}, "Factor48": {"Explained_Variance": 0.0}, "Factor49": {"Explained_Variance": 0.0}}}