{"m": {"Factor1": {"Explained_Variance": 27.159315625305812}, "Factor2": {"Explained_Variance": 14.38695677859232}, "Factor3": {"Explained_Variance": 9.34092007640741}, "Factor4": {"Explained_Variance": 6.681014048418776}, "Factor5": {"Explained_Variance": 3.6565583313998173}}}