{"m": {"Factor1": {"Explained_Variance": 18.641385697887703}, "Factor2": {"Explained_Variance": 15.441970289375373}, "Factor3": {"Explained_Variance": 12.508660847767105}, "Factor4": {"Explained_Variance": 11.435179937694674}, "Factor5": {"Explained_Variance": 4.672959928261045}, "Factor6": {"Explained_Variance": 4.466129297801724}, "Factor7": {"Explained_Variance": 2.96570795870017}}}