{"q": {"Factor1": {"Explained_Variance": 23.1369267287725}, "Factor2": {"Explained_Variance": 17.19733579327354}, "Factor3": {"Explained_Variance": 12.440272693214672}, "Factor4": {"Explained_Variance": 8.359427900885786}, "Factor5": {"Explained_Variance": 5.039727465657162}, "Factor6": {"Explained_Variance": 4.77313438272724}}}