{"q": {"Factor1": {"Explained_Variance": 21.558766525544748}, "Factor2": {"Explained_Variance": 13.32415719541904}, "Factor3": {"Explained_Variance": 9.364094177882398}, "Factor4": {"Explained_Variance": 5.023641868723317}}}