{"q": {"Factor1": {"Explained_Variance": 16.22947644035517}, "Factor2": {"Explained_Variance": 22.236876218164692}, "Factor3": {"Explained_Variance": 7.935825393874996}, "Factor4": {"Explained_Variance": 4.885749084271406}, "Factor5": {"Explained_Variance": 0.12773486386019606}, "Factor6": {"Explained_Variance": 12.75695802377701}, "Factor7": {"Explained_Variance": 5.989336536916112}, "Factor8": {"Explained_Variance": 5.876136732614601}}, "m": {"Factor1": {"Explained_Variance": 10.760968763812473}, "Factor2": {"Explained_Variance": 0.8689651678852051}, "Factor3": {"Explained_Variance": 13.278683427180294}, "Factor4": {"Explained_Variance": 15.51899267334912}, "Factor5": {"Explained_Variance": 19.019820453074722}, "Factor6": {"Explained_Variance": 4.184493842259096}, "Factor7": {"Explained_Variance": 2.4543671927589883}, "Factor8": {"Explained_Variance": 1.780862550333906}}}