{"m": {"Factor1": {"Explained_Variance": 25.755839926078117}, "Factor2": {"Explained_Variance": 15.527025309018438}, "Factor3": {"Explained_Variance": 9.968634057021852}, "Factor4": {"Explained_Variance": 7.885254593889024}, "Factor5": {"Explained_Variance": 6.394024337708826}, "Factor6": {"Explained_Variance": 5.876943458272777}}}