{"m": {"Factor1": {"Explained_Variance": -0.11988604394730373}, "Factor2": {"Explained_Variance": 1.2383355576954802}, "Factor3": {"Explained_Variance": 0.0007233498320324827}, "Factor4": {"Explained_Variance": -0.021698442072670687}, "Factor5": {"Explained_Variance": 0.0008513752510208583}, "Factor6": {"Explained_Variance": 1.261015926772302}, "Factor7": {"Explained_Variance": 12.181502185042781}, "Factor8": {"Explained_Variance": 3.6167560718278313}, "Factor9": {"Explained_Variance": 0.0024122295495754287}, "Factor10": {"Explained_Variance": 1.8220816072893165}, "Factor11": {"Explained_Variance": 0.0017618961438814473}, "Factor12": {"Explained_Variance": 5.5412637123459785}, "Factor13": {"Explained_Variance": 2.985983610233467}, "Factor14": {"Explained_Variance": 3.7195218374237116}, "Factor15": {"Explained_Variance": 2.6068096550066144}, "Factor16": {"Explained_Variance": 2.596085518024549}, "Factor17": {"Explained_Variance": 2.2024833120794507}, "Factor18": {"Explained_Variance": 2.136864710143549}, "Factor19": {"Explained_Variance": 1.7689027893258213}, "Factor20": {"Explained_Variance": 1.7634066405538107}, "Factor21": {"Explained_Variance": 1.7427210647985802}, "Factor22": {"Explained_Variance": 1.6568176001017898}, "Factor23": {"Explained_Variance": 0.006544465698854474}, "Factor24": {"Explained_Variance": 1.468504407629756}, "Factor25": {"Explained_Variance": 1.4486679737289565}, "Factor26": {"Explained_Variance": 1.4167423896511044}, "Factor27": {"Explained_Variance": 1.352624851334372}, "Factor28": {"Explained_Variance": 1.2706684179985883}, "Factor29": {"Explained_Variance": 1.2527927549348616}, "Factor30": {"Explained_Variance": 1.142474686166417}, "Factor31": {"Explained_Variance": 1.0570140032101882}, "Factor32": {"Explained_Variance": 1.0354347167487177}, "Factor33": {"Explained_Variance": 1.0132174224774748}, "Factor34": {"Explained_Variance": 0.9255602086702619}, "Factor35": {"Explained_Variance": 0.8483456156200497}, "Factor36": {"Explained_Variance": 0.017890013235888347}, "Factor37": {"Explained_Variance": 0.72822609321892}, "Factor38": {"Explained_Variance": 0.6500281553471932}, "Factor39": {"Explained_Variance": 0.028307207290378944}, "Factor40": {"Explained_Variance": 0.1114532783843325}, "Factor41": {"Explained_Variance": 0.06417698064963284}, "Factor42": {"Explained_Variance": 0.02501784850387212}, "Factor43": {"Explained_Variance": 0.0}, "Factor44": {"Explained_Variance": 0.0}, "Factor45": {"Explained_Variance": 0.0}, "Factor46": {"Explained_Variance": 0.0}, "Factor47": {"Explained_Variance": 0.0}, "Factor48": {"Explained_Variance": 0.0}, "Factor49": {"Explained_Variance": 0.0}, "Factor50": {"Explained_Variance": 0.0}}, "q": {"Factor1": {"Explained_Variance": 33.96273237466436}, "Factor2": {"Explained_Variance": 29.307582316623616}, "Factor3": {"Explained_Variance": 25.95064521250906}, "Factor4": {"Explained_Variance": 23.068357602413016}, "Factor5": {"Explained_Variance": 18.83988480678369}, "Factor6": {"Explained_Variance": 12.442948751997873}, "Factor7": {"Explained_Variance": 0.6286617312881382}, "Factor8": {"Explained_Variance": 5.9603400851856}, "Factor9": {"Explained_Variance": 8.520340250976755}, "Factor10": {"Explained_Variance": 6.024667368836867}, "Factor11": {"Explained_Variance": 7.531639869299855}, "Factor12": {"Explained_Variance": -3.0399863826247042e-05}, "Factor13": {"Explained_Variance": 2.3832935449585535}, "Factor14": {"Explained_Variance": 0.007760333940243225}, "Factor15": {"Explained_Variance": 0.0013096324064321152}, "Factor16": {"Explained_Variance": 0.0024235336277822483}, "Factor17": {"Explained_Variance": 0.003086581738198646}, "Factor18": {"Explained_Variance": 0.009147977088197479}, "Factor19": {"Explained_Variance": -9.809521552828215e-05}, "Factor20": {"Explained_Variance": 0.003226032116976363}, "Factor21": {"Explained_Variance": 0.0012812297850994803}, "Factor22": {"Explained_Variance": 0.00033469937321672916}, "Factor23": {"Explained_Variance": 1.5066961858763217}, "Factor24": {"Explained_Variance": 0.0004538121600172751}, "Factor25": {"Explained_Variance": 0.0010441024246188313}, "Factor26": {"Explained_Variance": 0.0004860003671502966}, "Factor27": {"Explained_Variance": 0.001055636719671238}, "Factor28": {"Explained_Variance": 0.0017661820712611132}, "Factor29": {"Explained_Variance": 0.0006979280533503385}, "Factor30": {"Explained_Variance": 0.003640513594482808}, "Factor31": {"Explained_Variance": 0.0005271206209855883}, "Factor32": {"Explained_Variance": 0.0003479762190616853}, "Factor33": {"Explained_Variance": 0.01901977204544769}, "Factor34": {"Explained_Variance": 0.0011204105238360462}, "Factor35": {"Explained_Variance": 0.0005025134517833152}, "Factor36": {"Explained_Variance": 0.7729297735127205}, "Factor37": {"Explained_Variance": 0.0002438057353337797}, "Factor38": {"Explained_Variance": 0.00024234832156633246}, "Factor39": {"Explained_Variance": 0.5523195007260062}, "Factor40": {"Explained_Variance": 0.06408500278211049}, "Factor41": {"Explained_Variance": 0.09045427711880105}, "Factor42": {"Explained_Variance": 0.013324791680424664}, "Factor43": {"Explained_Variance": 0.0}, "Factor44": {"Explained_Variance": 0.0}, "Factor45": {"Explained_Variance": 0.0}, "Factor46": {"Explained_Variance": 0.0}, "Factor47": {"Explained_Variance": 0.0}, "Factor48": {"Explained_Variance": 0.0}, "Factor49": {"Explained_Variance": 0.0}, "Factor50": {"Explained_Variance": 0.0}}}