{"m": {"Factor1": {"Explained_Variance": 10.629348913298465}, "Factor2": {"Explained_Variance": 0.9041975546974723}, "Factor3": {"Explained_Variance": 13.46812265304057}, "Factor4": {"Explained_Variance": 15.50050781204353}, "Factor5": {"Explained_Variance": 18.99036987810816}, "Factor6": {"Explained_Variance": 4.488763422208331}, "Factor7": {"Explained_Variance": 2.334331834844594}, "Factor8": {"Explained_Variance": 1.805497326367711}}, "q": {"Factor1": {"Explained_Variance": 16.259080254758295}, "Factor2": {"Explained_Variance": 22.272884981508202}, "Factor3": {"Explained_Variance": 7.976243400116112}, "Factor4": {"Explained_Variance": 4.840629061804503}, "Factor5": {"Explained_Variance": 0.12633739005457612}, "Factor6": {"Explained_Variance": 12.671137951931112}, "Factor7": {"Explained_Variance": 6.052331216375473}, "Factor8": {"Explained_Variance": 5.775773798442851}}}