{"q": {"Factor1": {"Explained_Variance": 16.75211524112448}, "Factor2": {"Explained_Variance": 21.734572522306372}, "Factor3": {"Explained_Variance": 5.218728690725505}, "Factor4": {"Explained_Variance": 7.4352189039101795}, "Factor5": {"Explained_Variance": 0.006330939730170293}, "Factor6": {"Explained_Variance": 13.064593252191925}, "Factor7": {"Explained_Variance": 6.070054286789905}, "Factor8": {"Explained_Variance": 5.8359329057880664}}, "m": {"Factor1": {"Explained_Variance": 11.258130175574}, "Factor2": {"Explained_Variance": 0.24288975040520633}, "Factor3": {"Explained_Variance": 15.622300179181249}, "Factor4": {"Explained_Variance": 13.214455190992025}, "Factor5": {"Explained_Variance": 19.328993165023554}, "Factor6": {"Explained_Variance": 3.5936351144957968}, "Factor7": {"Explained_Variance": 2.141982274923182}, "Factor8": {"Explained_Variance": 1.9129367644513118}}}