{"q": {"Factor1": {"Explained_Variance": 23.095543275601926}, "Factor2": {"Explained_Variance": 17.221684346611244}, "Factor3": {"Explained_Variance": 12.565143907424803}, "Factor4": {"Explained_Variance": 8.256005829785519}, "Factor5": {"Explained_Variance": 5.040907698909591}, "Factor6": {"Explained_Variance": 4.769071308582252}}}