{"m": {"Factor1": {"P1": 0.04115738560768097, "P2": 0.00853492214888263, "P3": 0.019986094391363673, "P4": 0.09151526187434228, "P6": 0.049372979097506424, "P7": -0.01349558560413985, "P8": -0.013830074616975776, "P9": -0.014567336969644126, "P10": 0.027210938303689376, "P11": 0.0003340023817298629, "P12": 0.0015934455265000386, "P13": -0.004574937381526881, "P14": -0.018220134326000278, "P15": 0.0032479344406666126, "P16": 0.01399763228579548, "P17": 0.01064146576861088, "P18": 0.02787666628711272, "P19": -0.0005165759436108472, "P20": -0.017333157881378364, "P21": 0.00046942453757804346, "P22": 0.02262238313771362, "P23": 0.15234330902642007, "P24": -0.006843887254193555, "P25": 0.0005910094937327512, "N1": 0.8725446914575358, "N2": 0.029772915343624945, "N3": 0.7671295719631389, "N4": 0.046536147237481854, "N5": 0.8552917975018792, "N6": 0.7688287726766982, "N7": 0.12728151476411445, "N8": 0.7618280057888289, "N9": 0.8544595808183039, "N10": 0.7407644661707081, "N11": 0.8268015938736599, "N12": 0.625333886187334, "N13": 0.7466803998454048, "N14": 0.036806972412094, "N15": -0.027690665771799985, "N16": 0.720960702406698, "N17": 0.33646966437186304, "N18": 0.7376395525086291, "N19": 0.6707464148188039, "N20": 0.7439902716712824, "N21": 0.7050720809144739, "N22": 0.6974078805354038, "N23": 0.6704876136338975, "N24": 0.8397876637332545, "N25": 0.8208656221430606}, "Factor2": {"P1": -0.759432610692393, "P2": 0.0018427261439112781, "P3": 0.6160264163312094, "P4": 0.047273101231913264, "P6": 0.22570516037290245, "P7": 0.22168999951210425, "P8": -0.0041988789725774436, "P9": -0.8620957369535975, "P10": 0.2001349258218714, "P11": 0.0035977297354419452, "P12": -0.9203032581580884, "P13": 0.12067683604911698, "P14": 0.059390562932223424, "P15": 0.4231367463834064, "P16": -0.12662942812543737, "P17": -0.4340920364693152, "P18": 0.7145268509949332, "P19": 0.7313524470953655, "P20": 0.3449292015932097, "P21": -0.8663907125564048, "P22": 0.23196268458200356, "P23": 0.08883411619323847, "P24": -0.3664910761411464, "P25": -0.40105956080684985, "N1": -0.0013331065970502987, "N2": 0.020508389523037084, "N3": 0.01725348718050689, "N4": 0.0016350182107533362, "N5": 0.32957019798452614, "N6": 0.454746426780559, "N7": 0.04939388218681737, "N8": 0.030706961288214367, "N9": 0.16387985169130412, "N10": -0.0818469467709323, "N11": 0.30573359292697994, "N12": -0.4367249169550111, "N13": -0.23818060327160118, "N14": -0.437677421000675, "N15": 0.012113254815237864, "N16": -0.2879929143726124, "N17": -0.020231116015318084, "N18": -0.33797164266814933, "N19": -0.4350433546017559, "N20": 0.41329371225430933, "N21": 0.10736126073290406, "N22": -0.5897639245790215, "N23": -0.01284847872615149, "N24": -0.10985717984067248, "N25": 0.0025885003919361555}, "Factor3": {"P1": -0.21192272457224906, "P2": 0.8051231851381748, "P3": -0.09171877531062911, "P4": -0.21240596058602132, "P6": -0.4068941089600525, "P7": 0.8259442858061706, "P8": 0.8656273423513705, "P9": 0.0028981233315673823, "P10": 0.005849298928727584, "P11": 0.6786967243349842, "P12": 0.0042779618446278905, "P13": -0.41910976545127676, "P14": 0.39078853082094556, "P15": 0.755838930573621, "P16": 0.4691008883756592, "P17": 0.015922278496346393, "P18": -0.31213942479398576, "P19": 0.5021371022190001, "P20": 0.7646664291871095, "P21": -0.041877400909284566, "P22": 0.7640890246747372, "P23": -0.22524929418425485, "P24": 0.7277339236209414, "P25": -0.0073989955615626464, "N1": -0.003068007797940098, "N2": 0.07675237063413612, "N3": 0.0011823967214987414, "N4": 0.011481633306101923, "N5": -0.0017050783586503504, "N6": 0.08684628233569537, "N7": -0.14321197490377308, "N8": -0.04365040640817565, "N9": 0.006793440764155089, "N10": -0.0699043268668274, "N11": -0.13559776887091024, "N12": -0.0024745559695911667, "N13": -0.00773230862787363, "N14": 0.00731067307543888, "N15": 0.002863862262696587, "N16": 0.03581061518182153, "N17": -0.22019214018291677, "N18": 0.0189242650836078, "N19": -0.0530380719436855, "N20": 0.011478430782333862, "N21": 0.033659006191013884, "N22": 0.005263975392897024, "N23": -0.13234023257592417, "N24": -0.008826851181102583, "N25": -0.03116297982732657}, "Factor4": {"P1": -0.006618046548490797, "P2": -0.4212636424816287, "P3": -0.3208310414638699, "P4": 0.2537976708245411, "P6": -0.025967187832348426, "P7": 0.0019418670639138771, "P8": -0.021503851503190754, "P9": 0.078123575954179, "P10": -0.5167571464494032, "P11": -0.025042737267459505, "P12": -0.04570624017166427, "P13": -0.3705381657771554, "P14": -0.6319888636782809, "P15": 0.286822026712631, "P16": -0.6311936008130844, "P17": -0.013910341091413737, "P18": -0.02822966982964563, "P19": 0.2905091852203377, "P20": -0.010411308710886087, "P21": 0.48857611060488615, "P22": 0.36756452718937294, "P23": -0.047461359152389145, "P24": -0.4349864848068347, "P25": -0.008627957610986182, "N1": 0.15699591057151052, "N2": -0.015418701688665954, "N3": 0.4167577436191334, "N4": 0.08936687951276875, "N5": 0.004851955090104467, "N6": -0.006556814550781588, "N7": -0.4578995523974401, "N8": -0.005422302856406561, "N9": 0.0036837195849830535, "N10": 0.005968740860558499, "N11": -0.2792327017955417, "N12": 0.11533583950001365, "N13": -0.07408319042969468, "N14": 0.2530727259744841, "N15": -0.7683603645527436, "N16": 0.11758365674154052, "N17": -0.024208360934911705, "N18": 0.10802089158564811, "N19": -0.009845999203856608, "N20": -0.007458376892989756, "N21": 0.34267833931696867, "N22": -0.0038920124260106207, "N23": 0.00043574798695552, "N24": -0.010788163529773132, "N25": 0.006651676824432833}}}