{"m": {"Factor1": {"P1": 0.03562876570487509, "P2": 0.00907125959317267, "P3": 0.01969107001999263, "P4": 0.08406959173229778, "P6": 0.04479271622002737, "P7": -0.011762182118959283, "P8": -0.011913325342721123, "P9": -0.007735726321527883, "P10": 0.023922781311229834, "P11": 0.0006411766780304848, "P12": 0.003238254561795468, "P13": -0.004642167360311272, "P14": -0.014208978330468507, "P15": 0.0037483084929797175, "P16": 0.014830608569050715, "P17": 0.01325985918603536, "P18": 0.030237692441096743, "P19": -0.0005576552145397867, "P20": -0.013844803457047153, "P21": -0.000397328262948981, "P22": 0.023455473037437072, "P23": 0.15180878790910288, "P24": -0.0040586519064214795, "P25": 0.0037307509083991906, "N1": 0.8623301118153591, "N2": 0.033918005228517005, "N3": 0.7645674162189565, "N4": 0.05528771725408033, "N5": 0.8425910169912149, "N6": 0.777578818007696, "N7": 0.15454910637898492, "N8": 0.7382126562068205, "N9": 0.8456509966041541, "N10": 0.723580099420222, "N11": 0.821372414385021, "N12": 0.6375907605729717, "N13": 0.7260880149724367, "N14": 0.04113061041269194, "N15": -0.03642442253808745, "N16": 0.7181850431718303, "N17": 0.387093053485351, "N18": 0.7369227081523176, "N19": 0.6520883969763434, "N20": 0.7743514773600401, "N21": 0.7045888717758394, "N22": 0.6977605097300398, "N23": 0.6622415448117595, "N24": 0.830573749414594, "N25": 0.7973979120558748}, "Factor2": {"P1": -0.7458965697554413, "P2": -0.00040643161833812746, "P3": 0.6288172702545043, "P4": 0.07127971561677114, "P6": 0.24347366242085744, "P7": 0.24250678013906843, "P8": -0.0020030230392793728, "P9": -0.8606424309794758, "P10": 0.18035880582163052, "P11": -0.0013678030279212286, "P12": -0.9278559297581842, "P13": 0.0856870047009329, "P14": 0.03457511616787142, "P15": 0.4742689584871296, "P16": -0.16643467405259707, "P17": -0.4451019492604521, "P18": 0.6937585682017265, "P19": 0.767665451026083, "P20": 0.35678567739589956, "P21": -0.8026383719400736, "P22": 0.31803789331789506, "P23": 0.08632368575592161, "P24": -0.3804183390420269, "P25": -0.4241333174460512, "N1": -0.0006718125640257629, "N2": 0.028321311435693965, "N3": 0.03208339111197612, "N4": 0.008189705006804247, "N5": 0.3337454189494275, "N6": 0.45729356755477873, "N7": 0.03308621755355535, "N8": 0.032135981172022675, "N9": 0.18741692242431884, "N10": -0.12653537337919923, "N11": 0.2637731728594806, "N12": -0.43781397003247313, "N13": -0.2919963531700285, "N14": -0.39938939406660706, "N15": -0.001058784205645174, "N16": -0.2958377480690669, "N17": -0.02642546569432849, "N18": -0.32936155125373595, "N19": -0.4796525916018609, "N20": 0.45204829792261797, "N21": 0.15807881853147496, "N22": -0.5968639337981537, "N23": -0.01746934002643017, "N24": -0.13641655894470534, "N25": 3.851770323617474e-05}, "Factor3": {"P1": -0.2868329504911282, "P2": 0.864830035553394, "P3": -0.04773289938201501, "P4": -0.3309768265224115, "P6": -0.4430893274811078, "P7": 0.8443383829713684, "P8": 0.8925481986905349, "P9": -0.027153303130580272, "P10": 0.019047365133777094, "P11": 0.7299313827045678, "P12": -0.0033690198866245824, "P13": -0.18537403404597877, "P14": 0.4993802258928971, "P15": 0.7132911631644071, "P16": 0.5537552334921949, "P17": -0.0006696690993904064, "P18": -0.22453042315531888, "P19": 0.4884308357973532, "P20": 0.7863506436920599, "P21": -0.24175309541647663, "P22": 0.696735744356814, "P23": -0.14520641616866015, "P24": 0.7258994934840786, "P25": -0.01696514880581564, "N1": -0.00322490858827061, "N2": 0.05270052576533183, "N3": -0.0034320568329591966, "N4": -0.012805241646976837, "N5": 0.0005513726608117474, "N6": 0.1715254472914923, "N7": -0.026651240362852296, "N8": -0.000731192214754661, "N9": 0.008552573271894374, "N10": -0.01640042162670646, "N11": -0.005717748859659509, "N12": -0.012651904090874164, "N13": 0.00881145410611794, "N14": -0.01373557790853948, "N15": 0.03865193561988085, "N16": 0.018980787274765338, "N17": -0.08285426310380636, "N18": 0.009007403284151859, "N19": -0.0017582995715699078, "N20": -0.0003808969723171797, "N21": 0.01253048417000849, "N22": 0.0023886041089842625, "N23": -0.01973571984598965, "N24": -0.001728610725934731, "N25": -0.005862018334085935}, "Factor4": {"P1": 0.008540483149314987, "P2": 0.3397317534632537, "P3": 0.41416577142464434, "P4": -0.17670240095650858, "P6": 0.05023131616058883, "P7": -0.01167425603120639, "P8": 0.004727589346446708, "P9": -0.08406788620110942, "P10": 0.5222074375012682, "P11": 0.0030079751506870804, "P12": 0.029388233254602228, "P13": 0.4537884332277306, "P14": 0.596082954009092, "P15": -0.29321448902573266, "P16": 0.5489788394487173, "P17": 0.011024936109407206, "P18": 0.04805106649430568, "P19": -0.28678193183814393, "P20": 0.0018820668921989186, "P21": -0.4417321537112693, "P22": -0.36843753799521156, "P23": 0.06877831647766894, "P24": 0.3737309597395117, "P25": 0.005837798271535513, "N1": -0.15488171204454382, "N2": 0.01413188474212073, "N3": -0.39135778528343107, "N4": -0.08042030773312404, "N5": -0.005446243986882323, "N6": 0.003208835371037726, "N7": 0.5280495532376521, "N8": 0.0023391150935272395, "N9": -0.005556882102081096, "N10": -0.009616869980593684, "N11": 0.2502620379623065, "N12": -0.1277944959101904, "N13": 0.05989705625572484, "N14": -0.25182834021619477, "N15": 0.7014978744378003, "N16": -0.18670548132217285, "N17": 0.02625319265868586, "N18": -0.15421725344730927, "N19": 0.0013600097714347862, "N20": 0.012194058312462902, "N21": -0.33008231949453143, "N22": 0.0007904246969596803, "N23": -0.004900749391267955, "N24": 0.00802494394443845, "N25": -0.00871474537736757}, "Factor5": {"P1": -0.005590989862477455, "P2": -0.00715792884680592, "P3": -0.01239705119820242, "P4": -0.048625875076230424, "P6": -0.050882446084294264, "P7": 0.0007294946698679748, "P8": 0.05564718388478753, "P9": -0.17173162761128682, "P10": -0.07658743584854191, "P11": 0.04302626853499103, "P12": -0.02662354153900873, "P13": 0.43754322867894335, "P14": -0.027228245770316212, "P15": -0.004425920026587944, "P16": -0.0038565862127153605, "P17": -0.13557601396671481, "P18": -0.01597743599453124, "P19": -0.0013037918870584082, "P20": -0.015156795789525654, "P21": 0.00041710892880686206, "P22": 0.003304273485924026, "P23": 0.18643057158710855, "P24": -0.1603577292936481, "P25": -0.09940699460989096, "N1": 0.0033702810861596278, "N2": -0.10931206712905507, "N3": 0.0077825448868150985, "N4": -0.19040212986030441, "N5": -0.022021743415380705, "N6": -0.014850379026342106, "N7": 0.2913189326370844, "N8": 0.36714886781973666, "N9": -0.017794191080183975, "N10": 0.21000669943396144, "N11": 0.01919061193545584, "N12": -0.0925986306818331, "N13": 0.22522351944597813, "N14": -0.030155190969589706, "N15": -0.006224926062963732, "N16": -0.04889635290885416, "N17": 0.36486106389330203, "N18": -0.01786878523974882, "N19": 0.3622911573777347, "N20": -0.3237561161203476, "N21": -0.034359738767635935, "N22": -0.002818252379558551, "N23": 0.42274587115905193, "N24": 0.03874355462628111, "N25": 0.15579400482750572}}}