{"LD2157":{"Factor1":0.3078360239,"Factor2":0.021358024,"Factor3":0.1455132884,"Factor4":-0.6480847973,"Factor5":-0.1813276302,"Factor6":0.427780541,"Factor7":0.1160370177,"Factor8":0.3778410831},"LD2158":{"Factor1":0.5730761664,"Factor2":0.1779528738,"Factor3":-0.3376648061,"Factor4":-0.8871198307,"Factor5":0.2263052604,"Factor6":0.2618985583,"Factor7":0.1784125873,"Factor8":0.2080729756},"LD2162":{"Factor1":-0.7343701493,"Factor2":-0.6444899931,"Factor3":0.4893142264,"Factor4":-0.0460101246,"Factor5":0.2685741838,"Factor6":0.2498454,"Factor7":-0.00568135,"Factor8":-0.2439072307},"LD2163":{"Factor1":-0.3405786635,"Factor2":-0.3152023836,"Factor3":-0.9466386319,"Factor4":-0.4249697996,"Factor5":-0.3286445618,"Factor6":-0.148093708,"Factor7":-0.2228370765,"Factor8":0.0118634908},"LD2164":{"Factor1":-0.6529881141,"Factor2":-0.7596721257,"Factor3":0.1299523289,"Factor4":-0.3045161808,"Factor5":-0.1382196437,"Factor6":0.1062162796,"Factor7":-0.1001899771,"Factor8":-0.012307368},"LD2166":{"Factor1":-0.2538645805,"Factor2":-0.4652711135,"Factor3":-0.601532229,"Factor4":-0.7288156536,"Factor5":0.1361251679,"Factor6":0.0121574178,"Factor7":-0.1609311884,"Factor8":-0.0700590157},"LD2169":{"Factor1":-0.1154006663,"Factor2":-0.6523100591,"Factor3":-0.1597271632,"Factor4":0.2247055117,"Factor5":0.4568978141,"Factor6":0.1695345316,"Factor7":-0.2322272221,"Factor8":0.2084065917},"LD2170":{"Factor1":-0.4714579717,"Factor2":-0.4104792096,"Factor3":-0.5581616307,"Factor4":0.5246083238,"Factor5":-0.0671564572,"Factor6":-0.7331637542,"Factor7":0.7502245078,"Factor8":0.1446082513},"LD2171":{"Factor1":0.3075085391,"Factor2":1.3966147805,"Factor3":0.9616116817,"Factor4":0.2107090399,"Factor5":0.2197908315,"Factor6":-0.1790259135,"Factor7":-0.1180154512,"Factor8":0.2970980964},"LD2214":{"Factor1":-0.8663950235,"Factor2":0.715068157,"Factor3":1.0831956235,"Factor4":-0.0616527871,"Factor5":0.2921387228,"Factor6":0.0618058945,"Factor7":0.0497697907,"Factor8":-0.3471341846},"LD2215":{"Factor1":0.5670494847,"Factor2":0.7280721645,"Factor3":0.0968734054,"Factor4":-0.6937220165,"Factor5":-0.3878069516,"Factor6":-0.2077413004,"Factor7":0.0623928167,"Factor8":-0.3663291297},"LD2223":{"Factor1":0.7976757766,"Factor2":0.2623738362,"Factor3":-0.4550559003,"Factor4":0.7623075729,"Factor5":0.0042219842,"Factor6":0.5609573875,"Factor7":0.24447951,"Factor8":-0.3162554226},"LD2225":{"Factor1":-0.5537671932,"Factor2":0.0345858321,"Factor3":0.9286406399,"Factor4":0.6408624535,"Factor5":-0.114941969,"Factor6":0.3282611371,"Factor7":-0.010544217,"Factor8":0.0579292275},"LD2243":{"Factor1":0.2968376427,"Factor2":-0.1035765029,"Factor3":-0.6345111479,"Factor4":0.5377770061,"Factor5":-0.1077375529,"Factor6":0.2277007443,"Factor7":-0.0145132315,"Factor8":0.1358948809},"LD2244":{"Factor1":1.2371713059,"Factor2":-0.838589263,"Factor3":0.5487024813,"Factor4":0.3369958255,"Factor5":0.1770854842,"Factor6":-0.6586881162,"Factor7":-0.1115777292,"Factor8":-0.1149290824},"LD2245":{"Factor1":-0.2556929,"Factor2":0.8346538659,"Factor3":-0.7519278848,"Factor4":0.3687562205,"Factor5":-0.4676079702,"Factor6":-0.4544339269,"Factor7":-0.3546232103,"Factor8":0.0341518714}}