{"LD2169":{"Factor1":0.2704740445,"Factor2":-0.1264134749,"Factor3":1.46108518,"Factor4":-0.0168834193},"LD2170":{"Factor1":1.2744407818,"Factor2":-0.6150736655,"Factor3":-1.2682428586,"Factor4":-1.5187828299},"LD2171":{"Factor1":-2.2077258465,"Factor2":-0.1937051033,"Factor3":-0.4257563754,"Factor4":0.2759455792},"LD2243":{"Factor1":1.3398984796,"Factor2":-1.2202253804,"Factor3":-0.9223711919,"Factor4":0.2083577818},"LD2244":{"Factor1":-0.3870515168,"Factor2":-1.1040928451,"Factor3":1.0419905698,"Factor4":0.420837836},"LD2245":{"Factor1":1.3538777055,"Factor2":-0.8841076419,"Factor3":-2.6402763105,"Factor4":0.5786146618},"LD2162":{"Factor1":-0.8859496729,"Factor2":1.0302840049,"Factor3":-0.4605944621,"Factor4":-1.4138695399},"LD2163":{"Factor1":1.373953634,"Factor2":0.7637300665,"Factor3":0.0420010483,"Factor4":-0.2608574036},"LD2164":{"Factor1":-0.1867038553,"Factor2":0.5607678668,"Factor3":0.5444240409,"Factor4":-1.1606433596},"LD2213":{"Factor1":0.8333915035,"Factor2":0.8138828547,"Factor3":1.7310992509,"Factor4":-0.4836422885},"LD2214":{"Factor1":-1.8422102709,"Factor2":0.4671585481,"Factor3":0.3569856347,"Factor4":-1.1629131521},"LD2215":{"Factor1":-0.5721344939,"Factor2":0.5363298231,"Factor3":-0.7164156226,"Factor4":2.1107564791},"LD2166":{"Factor1":0.5419656272,"Factor2":1.3477226065,"Factor3":0.3402444351,"Factor4":0.2086305598},"LD2157":{"Factor1":-0.2265342266,"Factor2":1.0561449649,"Factor3":-0.2221170888,"Factor4":0.5105780046},"LD2158":{"Factor1":0.2750058157,"Factor2":1.397781206,"Factor3":0.2037143471,"Factor4":1.8427931017},"LD2223":{"Factor1":1.0249626068,"Factor2":-1.1820660358,"Factor3":-0.158536159,"Factor4":0.2727435033},"LD2224":{"Factor1":-0.384589815,"Factor2":-1.5765258324,"Factor3":0.3731905983,"Factor4":0.2112295755},"LD2225":{"Factor1":-1.5950705007,"Factor2":-1.071591962,"Factor3":0.7195749639,"Factor4":-0.6228950901}}