{"LD2157":{"Factor1":-0.229158349,"Factor2":1.0875887245,"Factor3":-0.2595540509,"Factor4":-0.3548045571,"Factor5":0.7577089951},"LD2158":{"Factor1":0.2544382669,"Factor2":1.3965123892,"Factor3":0.0839610244,"Factor4":-1.8391012066,"Factor5":-0.4362511706},"LD2162":{"Factor1":-0.8404178453,"Factor2":1.1025685215,"Factor3":-0.4416371719,"Factor4":1.6171309261,"Factor5":-0.3739079855},"LD2163":{"Factor1":1.3394653503,"Factor2":0.7394570017,"Factor3":0.0762986033,"Factor4":0.3289231579,"Factor5":0.4022115752},"LD2164":{"Factor1":-0.1594341719,"Factor2":0.5290991654,"Factor3":0.5957037249,"Factor4":1.112573028,"Factor5":0.1102526104},"LD2166":{"Factor1":0.5348438619,"Factor2":1.3594604902,"Factor3":0.3156559146,"Factor4":-0.2422450732,"Factor5":0.4884403642},"LD2169":{"Factor1":0.3587533662,"Factor2":-0.1052604875,"Factor3":1.3412979991,"Factor4":-0.2025036024,"Factor5":-1.7179727501},"LD2170":{"Factor1":1.3329611719,"Factor2":-0.5897747024,"Factor3":-1.2227241812,"Factor4":1.7232640026,"Factor5":-0.4518414057},"LD2171":{"Factor1":-2.1787752001,"Factor2":-0.1714464474,"Factor3":-0.4743757049,"Factor4":-0.2182129765,"Factor5":-1.00752966},"LD2213":{"Factor1":0.763361605,"Factor2":0.6744522398,"Factor3":1.7796967514,"Factor4":0.2883914744,"Factor5":-0.4181874157},"LD2214":{"Factor1":-1.8172039469,"Factor2":0.4108062582,"Factor3":0.4924280556,"Factor4":1.2705743291,"Factor5":0.8140189357},"LD2215":{"Factor1":-0.5969206169,"Factor2":0.5770177952,"Factor3":-0.8198877382,"Factor4":-2.0068604858,"Factor5":0.2888151075},"LD2223":{"Factor1":0.9974666946,"Factor2":-1.2041444561,"Factor3":-0.0901431705,"Factor4":-0.4128564086,"Factor5":1.7095841127},"LD2224":{"Factor1":-0.361073866,"Factor2":-1.4660806827,"Factor3":0.2663418502,"Factor4":-0.2953596574,"Factor5":-1.4016471778},"LD2225":{"Factor1":-1.755388342,"Factor2":-1.2037023632,"Factor3":0.8694135193,"Factor4":0.3289818555,"Factor5":1.4251324844},"LD2243":{"Factor1":1.3919337908,"Factor2":-1.1670782223,"Factor3":-0.9078190546,"Factor4":-0.0584312517,"Factor5":0.5171793528},"LD2244":{"Factor1":-0.4479750329,"Factor2":-1.2349133723,"Factor3":1.0462609654,"Factor4":-0.7767153776,"Factor5":-1.6475680558},"LD2245":{"Factor1":1.4131232634,"Factor2":-0.734561852,"Factor3":-2.650917336,"Factor4":-0.2627481765,"Factor5":0.9415620833}}