{"C1KO2":{"Factor1":-0.2131612359,"Factor2":0.9343415001,"Factor3":-0.3627350649,"Factor4":-0.1041159375},"C1KO4":{"Factor1":-0.0296308592,"Factor2":-1.0392675824,"Factor3":-0.1977256066,"Factor4":-0.4516608249},"C1KO6":{"Factor1":-1.1103843417,"Factor2":-0.0998757432,"Factor3":-0.2682907516,"Factor4":0.483157594},"C1WT1":{"Factor1":3.479367254,"Factor2":0.338651477,"Factor3":-0.0277320251,"Factor4":-0.1255088006},"C1WT3":{"Factor1":-0.8146469523,"Factor2":-1.3864908649,"Factor3":-0.1376577376,"Factor4":0.0870667592},"C1WT4":{"Factor1":1.6835748429,"Factor2":-0.6224966246,"Factor3":0.0097314994,"Factor4":0.4915040284},"C2KO3":{"Factor1":-0.6043858066,"Factor2":1.5205156804,"Factor3":-0.129006852,"Factor4":-0.4813664664},"C2KO5":{"Factor1":-0.384572257,"Factor2":-0.6489599821,"Factor3":-0.1885420026,"Factor4":-0.2189418122},"C2KO9":{"Factor1":-0.5966287371,"Factor2":0.8071066954,"Factor3":0.0370045732,"Factor4":0.4310124387},"C2WT2":{"Factor1":-0.246877809,"Factor2":1.3269950257,"Factor3":0.363664521,"Factor4":0.0654858724},"C2WT3":{"Factor1":-0.6642333811,"Factor2":-0.4342648522,"Factor3":0.6650397086,"Factor4":-0.0769107954},"C2WT6":{"Factor1":-0.4928155096,"Factor2":-0.6859239244,"Factor3":0.2369901459,"Factor4":-0.0994472665}}