{"LD2169":{"Factor1":-2.0233742344,"Factor2":0.069408508,"Factor3":-0.3151367316,"Factor4":0.308614197,"Factor5":-0.1424577957,"Factor6":0.2806234282,"Factor7":-0.3636125885},"LD2170":{"Factor1":0.0057409134,"Factor2":-0.8778495167,"Factor3":-0.8306676126,"Factor4":-1.0426644561,"Factor5":0.4334170935,"Factor6":-0.3482300198,"Factor7":0.2459370246},"LD2171":{"Factor1":-0.8912385995,"Factor2":-0.3935771295,"Factor3":1.1654910239,"Factor4":0.258197287,"Factor5":0.0182138999,"Factor6":-0.242049174,"Factor7":-0.1032664787},"LD2243":{"Factor1":0.2455550204,"Factor2":-1.0780773926,"Factor3":-0.9463100412,"Factor4":-0.1034180697,"Factor5":-0.0298350107,"Factor6":-0.2196386938,"Factor7":0.0765346198},"LD2244":{"Factor1":-0.7980379051,"Factor2":-0.6842803433,"Factor3":0.2811294796,"Factor4":1.4331920932,"Factor5":0.8722844347,"Factor6":-0.0563956022,"Factor7":-0.1024951989},"LD2245":{"Factor1":1.8651096693,"Factor2":-1.1441258985,"Factor3":-0.8667269992,"Factor4":-0.32820533,"Factor5":0.2122656486,"Factor6":-0.2904816522,"Factor7":-0.5630990487},"LD2162":{"Factor1":-1.1363265325,"Factor2":0.533243091,"Factor3":0.6032940745,"Factor4":-1.0627260246,"Factor5":0.2948371487,"Factor6":-0.133819811,"Factor7":0.0484805112},"LD2163":{"Factor1":1.5006850543,"Factor2":0.6310401715,"Factor3":-0.889426547,"Factor4":-0.4712701958,"Factor5":-0.1777315193,"Factor6":0.1506642302,"Factor7":-0.4330062458},"LD2164":{"Factor1":0.5156721614,"Factor2":0.6522025804,"Factor3":0.2106717472,"Factor4":-0.5876840872,"Factor5":-0.0336974486,"Factor6":0.175200713,"Factor7":0.0631022582},"LD2213":{"Factor1":0.4563903054,"Factor2":0.8240135639,"Factor3":-0.4480304187,"Factor4":-0.0921509696,"Factor5":0.3906951744,"Factor6":0.7693481216,"Factor7":0.1049232941},"LD2214":{"Factor1":-1.1965921189,"Factor2":0.6156302813,"Factor3":1.1265730303,"Factor4":-0.8115303844,"Factor5":0.0714623594,"Factor6":0.0607508217,"Factor7":0.050688861},"LD2215":{"Factor1":1.9611804115,"Factor2":0.5944710749,"Factor3":0.4437216182,"Factor4":0.9925252835,"Factor5":0.4157679145,"Factor6":0.0402938023,"Factor7":0.274826381},"LD2166":{"Factor1":-0.1963091942,"Factor2":1.3522486732,"Factor3":-0.3438614511,"Factor4":0.0338996668,"Factor5":-0.3755921927,"Factor6":-0.2025213421,"Factor7":0.0340864662},"LD2157":{"Factor1":0.8654956657,"Factor2":1.0824864647,"Factor3":0.3714192573,"Factor4":-0.1065940335,"Factor5":-0.3599051313,"Factor6":-0.2340911305,"Factor7":0.3506696284},"LD2158":{"Factor1":-0.4176628672,"Factor2":1.6173311031,"Factor3":-0.1507922968,"Factor4":1.1418616938,"Factor5":-0.3678347618,"Factor6":-0.356340924,"Factor7":-0.2043136071},"LD2223":{"Factor1":-0.2710433909,"Factor2":-1.3602654014,"Factor3":-0.8115346694,"Factor4":0.406745301,"Factor5":-0.4426059677,"Factor6":0.0168010001,"Factor7":0.4900556751},"LD2224":{"Factor1":-0.6970746544,"Factor2":-1.2897554504,"Factor3":0.3690835779,"Factor4":0.3190970273,"Factor5":-0.3251598662,"Factor6":0.181175363,"Factor7":0.0278146496},"LD2225":{"Factor1":0.1731328387,"Factor2":-1.1748454579,"Factor3":0.9790904703,"Factor4":-0.3122256431,"Factor5":-0.4769538064,"Factor6":0.3971868373,"Factor7":-0.0134871507}}