{"LD2157":{"Factor1":0.1642689458,"Factor2":-0.0885150904,"Factor3":-0.6952841695,"Factor4":0.2227065762,"Factor5":0.1287525521,"Factor6":0.5363613478,"Factor7":0.1753356883,"Factor8":0.3473858857},"LD2158":{"Factor1":0.4575626074,"Factor2":0.0638483164,"Factor3":-0.8790051374,"Factor4":-0.2763267939,"Factor5":-0.2614809848,"Factor6":0.3999773825,"Factor7":0.2464494288,"Factor8":0.1726796846},"LD2162":{"Factor1":-0.8034700173,"Factor2":-0.652845304,"Factor3":0.0268802173,"Factor4":0.4413354626,"Factor5":-0.2350554544,"Factor6":0.070744025,"Factor7":-0.0768196773,"Factor8":-0.250035375},"LD2163":{"Factor1":-0.2555506848,"Factor2":-0.2414505432,"Factor3":-0.5241061531,"Factor4":-0.9475767488,"Factor5":0.2810205057,"Factor6":-0.2528970461,"Factor7":-0.2127673522,"Factor8":0.0744014679},"LD2164":{"Factor1":-0.6599742307,"Factor2":-0.717465601,"Factor3":-0.339662888,"Factor4":0.1361747369,"Factor5":0.1109327232,"Factor6":-0.0754376347,"Factor7":-0.1429707724,"Factor8":0.0152320213},"LD2166":{"Factor1":-0.2536600276,"Factor2":-0.4333115111,"Factor3":-0.7444022632,"Factor4":-0.5970807733,"Factor5":-0.1612869624,"Factor6":-0.0981045932,"Factor7":-0.1804212978,"Factor8":-0.0247041338},"LD2169":{"Factor1":-0.183241793,"Factor2":-0.6397813461,"Factor3":0.3015115111,"Factor4":-0.2459304297,"Factor5":-0.4115161909,"Factor6":0.1191154091,"Factor7":-0.2313176034,"Factor8":0.2571037968},"LD2170":{"Factor1":-0.2190858478,"Factor2":-0.2866136468,"Factor3":0.5505845697,"Factor4":-0.5488156287,"Factor5":0.1057653999,"Factor6":-0.8465188348,"Factor7":0.8631780927,"Factor8":0.095744154},"LD2171":{"Factor1":0.3719799253,"Factor2":1.4156042331,"Factor3":0.295134969,"Factor4":1.0181092403,"Factor5":-0.1799469289,"Factor6":0.0415106901,"Factor7":-0.0444068374,"Factor8":0.3086099631},"LD2214":{"Factor1":-0.8431195157,"Factor2":0.745724795,"Factor3":0.0366937122,"Factor4":1.0828971529,"Factor5":-0.2507332028,"Factor6":-0.0295277965,"Factor7":0.0056388318,"Factor8":-0.3787042385},"LD2215":{"Factor1":0.6115592599,"Factor2":0.6965862558,"Factor3":-0.7932199739,"Factor4":0.2037199594,"Factor5":0.3056582543,"Factor6":-0.1056431413,"Factor7":0.0370797749,"Factor8":-0.407545402},"LD2223":{"Factor1":0.5788962161,"Factor2":0.0709565415,"Factor3":0.7555917929,"Factor4":-0.5644669085,"Factor5":0.025812625,"Factor6":0.7002448029,"Factor7":0.1877480574,"Factor8":-0.4101330632},"LD2225":{"Factor1":-0.6268033186,"Factor2":0.0311245584,"Factor3":0.6481541412,"Factor4":0.8891135538,"Factor5":0.1309773012,"Factor6":0.2620523503,"Factor7":-0.0302332854,"Factor8":0.042641114},"LD2243":{"Factor1":0.2284980134,"Factor2":-0.1622317496,"Factor3":0.5112759862,"Factor4":-0.6970472684,"Factor5":0.1310694683,"Factor6":0.2884709178,"Factor7":-0.0098497436,"Factor8":0.1375566907},"LD2244":{"Factor1":1.2991597206,"Factor2":-0.8041173371,"Factor3":0.3985092277,"Factor4":0.5738063509,"Factor5":-0.1705203806,"Factor6":-0.5513172219,"Factor7":-0.1578093553,"Factor8":-0.0896274838},"LD2245":{"Factor1":-0.0253075361,"Factor2":0.979614985,"Factor3":0.2681746115,"Factor4":-0.7471891855,"Factor5":0.4558728907,"Factor6":-0.455168272,"Factor7":-0.343466286,"Factor8":0.1049180415}}