{"LD2157":{"Factor1":0.0857942806,"Factor2":-0.4427288452,"Factor3":-0.0330212067,"Factor4":-0.2316335087,"Factor5":-0.7095487762,"Factor6":0.0284115436,"Factor7":-0.3964122497},"LD2158":{"Factor1":0.2248882138,"Factor2":-0.6919438842,"Factor3":-0.2223242045,"Factor4":-0.3218333452,"Factor5":-0.5004267156,"Factor6":0.2485069005,"Factor7":-0.18780012},"LD2162":{"Factor1":-0.8500859556,"Factor2":0.9111025107,"Factor3":0.3164514105,"Factor4":-0.0813157341,"Factor5":-0.2833668553,"Factor6":0.0161310653,"Factor7":0.2454912589},"LD2163":{"Factor1":-0.6061934073,"Factor2":0.1832580659,"Factor3":-0.6036352467,"Factor4":0.0712299633,"Factor5":0.0169677197,"Factor6":-0.1014835664,"Factor7":0.1223468694},"LD2164":{"Factor1":-1.0425927219,"Factor2":0.7525107235,"Factor3":-0.0433589928,"Factor4":-0.136303953,"Factor5":-0.2054505826,"Factor6":-0.0864538541,"Factor7":0.0325358662},"LD2166":{"Factor1":-0.7540664709,"Factor2":0.2299596612,"Factor3":-0.562839242,"Factor4":0.0110618531,"Factor5":-0.1888268952,"Factor6":0.0467309062,"Factor7":0.2555506222},"LD2169":{"Factor1":-0.842917332,"Factor2":0.1323488935,"Factor3":-0.0045710047,"Factor4":0.1669811874,"Factor5":-0.3860548784,"Factor6":-0.2191077378,"Factor7":-0.2528601069},"LD2170":{"Factor1":-0.952371038,"Factor2":-0.1901525058,"Factor3":0.0132629899,"Factor4":0.0066720271,"Factor5":1.4257492607,"Factor6":0.52947742,"Factor7":-0.3250390265},"LD2171":{"Factor1":2.0110639803,"Factor2":-0.1385943801,"Factor3":-0.0084188393,"Factor4":-0.055853174,"Factor5":0.2261488823,"Factor6":-0.2393788963,"Factor7":-0.3681280608},"LD2214":{"Factor1":1.0357505142,"Factor2":1.2714957624,"Factor3":0.4743241147,"Factor4":-0.2362904229,"Factor5":0.2483673312,"Factor6":0.0077378804,"Factor7":0.186894371},"LD2215":{"Factor1":1.0044883398,"Factor2":-0.414232118,"Factor3":-0.2179785958,"Factor4":-0.1886235213,"Factor5":0.2149531183,"Factor6":0.1863178239,"Factor7":0.5366222121},"LD2223":{"Factor1":0.44079594,"Factor2":-0.8712646616,"Factor3":0.5856809192,"Factor4":0.3489548251,"Factor5":-0.5447570164,"Factor6":0.3344147456,"Factor7":0.3190614927},"LD2225":{"Factor1":0.1482989128,"Factor2":0.8542789903,"Factor3":0.557113385,"Factor4":0.2083205491,"Factor5":-0.1756468663,"Factor6":0.0399553795,"Factor7":-0.2723121292},"LD2243":{"Factor1":-0.1727991027,"Factor2":-0.4752398347,"Factor3":-0.0325884705,"Factor4":0.1557101916,"Factor5":-0.3697079294,"Factor6":0.0417048262,"Factor7":-0.1337630389},"LD2244":{"Factor1":-0.76822044,"Factor2":-1.2173544575,"Factor3":0.458821938,"Factor4":-0.0918249308,"Factor5":0.6852921212,"Factor6":-0.6011632985,"Factor7":0.2016164825},"LD2245":{"Factor1":0.9634524064,"Factor2":0.2371373165,"Factor3":-0.6501015098,"Factor4":0.3776782486,"Factor5":0.548497414,"Factor6":-0.1711892924,"Factor7":-0.0044312642}}