{"LD2157":{"Factor1":0.3081814981,"Factor2":0.0215321505,"Factor3":0.1462695808,"Factor4":-0.6541242598,"Factor5":-0.1828535306,"Factor6":0.4211611403,"Factor7":0.1141174034,"Factor8":0.3807961851},"LD2158":{"Factor1":0.5751251123,"Factor2":0.1775731289,"Factor3":-0.3353072225,"Factor4":-0.8941509319,"Factor5":0.2295623729,"Factor6":0.2574293429,"Factor7":0.1773192982,"Factor8":0.2110010592},"LD2162":{"Factor1":-0.7362461353,"Factor2":-0.6439376368,"Factor3":0.4878103601,"Factor4":-0.0467480784,"Factor5":0.2716638291,"Factor6":0.250166789,"Factor7":-0.0036524449,"Factor8":-0.242949819},"LD2163":{"Factor1":-0.3399618581,"Factor2":-0.3152929666,"Factor3":-0.943819111,"Factor4":-0.430040265,"Factor5":-0.3323872323,"Factor6":-0.1477990812,"Factor7":-0.2236288668,"Factor8":0.0099813405},"LD2164":{"Factor1":-0.6537957318,"Factor2":-0.7594620609,"Factor3":0.1301179841,"Factor4":-0.307954309,"Factor5":-0.1397741243,"Factor6":0.1054078257,"Factor7":-0.0998419633,"Factor8":-0.0129627379},"LD2166":{"Factor1":-0.2527405757,"Factor2":-0.4655566899,"Factor3":-0.5990078517,"Factor4":-0.7354825762,"Factor5":0.138037392,"Factor6":0.0119658608,"Factor7":-0.1604487656,"Factor8":-0.0713596108},"LD2169":{"Factor1":-0.1154888566,"Factor2":-0.6516922234,"Factor3":-0.1599967697,"Factor4":0.2272616437,"Factor5":0.4622328248,"Factor6":0.1669613145,"Factor7":-0.2338006907,"Factor8":0.2080121307},"LD2170":{"Factor1":-0.4743202693,"Factor2":-0.4092561511,"Factor3":-0.5581065767,"Factor4":0.5288182464,"Factor5":-0.0680790534,"Factor6":-0.7308392016,"Factor7":0.7475917235,"Factor8":0.1459123703},"LD2171":{"Factor1":0.3068252623,"Factor2":1.3952600344,"Factor3":0.9597997695,"Factor4":0.2139636231,"Factor5":0.222343155,"Factor6":-0.1791392985,"Factor7":-0.1204818196,"Factor8":0.2951414282},"LD2214":{"Factor1":-0.8695607028,"Factor2":0.7139821064,"Factor3":1.0801817853,"Factor4":-0.0620902008,"Factor5":0.2954415231,"Factor6":0.0646609108,"Factor7":0.0519287843,"Factor8":-0.3469157182},"LD2215":{"Factor1":0.5703614242,"Factor2":0.7274201757,"Factor3":0.099427583,"Factor4":-0.6990570544,"Factor5":-0.3921137413,"Factor6":-0.2034078852,"Factor7":0.0651416052,"Factor8":-0.3664674047},"LD2223":{"Factor1":0.7990390758,"Factor2":0.2624328288,"Factor3":-0.4564538269,"Factor4":0.76841747,"Factor5":0.0040408154,"Factor6":0.5595339766,"Factor7":0.2477373809,"Factor8":-0.3116404739},"LD2225":{"Factor1":-0.5563564461,"Factor2":0.0344145855,"Factor3":0.925029434,"Factor4":0.6461857338,"Factor5":-0.1166147842,"Factor6":0.3261766156,"Factor7":-0.0108225633,"Factor8":0.0589224373},"LD2243":{"Factor1":0.2967702777,"Factor2":-0.1032833448,"Factor3":-0.6348707478,"Factor4":0.5415031496,"Factor5":-0.1091476517,"Factor6":0.2250162506,"Factor7":-0.0150280969,"Factor8":0.137285149},"LD2244":{"Factor1":1.2407227666,"Factor2":-0.836414548,"Factor3":0.548983618,"Factor4":0.3430081489,"Factor5":0.17887686,"Factor6":-0.6520675019,"Factor7":-0.1107455396,"Factor8":-0.1185714052},"LD2245":{"Factor1":-0.2557400613,"Factor2":0.8335452558,"Factor3":-0.7510249837,"Factor4":0.3706622045,"Factor5":-0.4734391719,"Factor6":-0.4507834504,"Factor7":-0.3554845471,"Factor8":0.0294465207}}