{"C1KO2":{"Factor1":-0.2126552813,"Factor2":0.9327528517,"Factor3":-0.3642480896,"Factor4":-0.1053551028},"C1KO4":{"Factor1":-0.0299650931,"Factor2":-1.038357064,"Factor3":-0.1975986888,"Factor4":-0.4519816492},"C1KO6":{"Factor1":-1.1112683846,"Factor2":-0.1004484278,"Factor3":-0.2690054362,"Factor4":0.4818041522},"C1WT1":{"Factor1":3.4831356763,"Factor2":0.3373678308,"Factor3":-0.0263019941,"Factor4":-0.1261913301},"C1WT3":{"Factor1":-0.8158218468,"Factor2":-1.385136753,"Factor3":-0.1400250528,"Factor4":0.0865959137},"C1WT4":{"Factor1":1.6852906788,"Factor2":-0.6222783876,"Factor3":0.009240145,"Factor4":0.4916372663},"C2KO3":{"Factor1":-0.6043399676,"Factor2":1.5187803647,"Factor3":-0.1267467963,"Factor4":-0.4818238204},"C2KO5":{"Factor1":-0.3849471081,"Factor2":-0.6488709677,"Factor3":-0.1843692737,"Factor4":-0.2198974864},"C2KO9":{"Factor1":-0.5967568178,"Factor2":0.8064282459,"Factor3":0.0376009809,"Factor4":0.4308491695},"C2WT2":{"Factor1":-0.2470300124,"Factor2":1.3264171628,"Factor3":0.3593760203,"Factor4":0.067094285},"C2WT3":{"Factor1":-0.6660868904,"Factor2":-0.4314873266,"Factor3":0.6636641591,"Factor4":-0.0737125748},"C2WT6":{"Factor1":-0.4939363987,"Factor2":-0.6848518013,"Factor3":0.2391959079,"Factor4":-0.0987488796}}