{"WT1":{"Factor1":1.7081499086,"Factor2":-0.3885537043,"Factor3":0.0259557641,"Factor4":-0.4967025077},"WT2":{"Factor1":1.8739649072,"Factor2":0.0630766653,"Factor3":-0.5577821472,"Factor4":-0.4543676214},"WT3":{"Factor1":1.7972132927,"Factor2":-0.1134546559,"Factor3":-0.3702065487,"Factor4":-0.5349308644},"KO1":{"Factor1":-1.1618037866,"Factor2":0.7982042299,"Factor3":1.6095774828,"Factor4":-0.5626296801},"KO2":{"Factor1":-1.1842378464,"Factor2":1.4475874142,"Factor3":-0.7726287944,"Factor4":-0.4236455745},"KO3":{"Factor1":-1.0010288476,"Factor2":1.2907531527,"Factor3":-1.2657436679,"Factor4":-0.278084879},"KI1":{"Factor1":-1.0425679357,"Factor2":-1.2638560179,"Factor3":-0.0570525676,"Factor4":-0.5882827243},"KI2":{"Factor1":-1.0205745259,"Factor2":-1.632015438,"Factor3":-0.2162927142,"Factor4":-0.1386170069},"KI3":{"Factor1":-0.9838118381,"Factor2":-1.3977626694,"Factor3":-0.6143185043,"Factor4":-0.26540886}}