{"LD2157":{"Factor1":-12.8210131823,"Factor2":-0.4308079537,"Factor3":-3.179370318,"Factor4":0.3539664725,"Factor5":-0.245129354,"Factor6":-0.1535459296,"Factor7":0.1886425592,"Factor8":-3.5161083912,"Factor9":-0.1608767011,"Factor10":-0.2018296759,"Factor11":-0.1603953108,"Factor12":-0.1191791389,"Factor13":-0.0678769632,"Factor14":-0.0651680838,"Factor15":-0.1556482319},"LD2158":{"Factor1":-4.7953959866,"Factor2":0.7979267312,"Factor3":-3.008876975,"Factor4":1.0843173865,"Factor5":-0.0092806033,"Factor6":0.4633332511,"Factor7":-0.6261448551,"Factor8":-3.0881441487,"Factor9":-0.1056363793,"Factor10":0.1670545841,"Factor11":-0.0923494425,"Factor12":-0.0563692156,"Factor13":-0.1390565761,"Factor14":-0.0514656449,"Factor15":-0.1824647182},"LD2162":{"Factor1":-4.960987454,"Factor2":0.7904734877,"Factor3":-1.6498337532,"Factor4":-0.8993461496,"Factor5":-0.218221604,"Factor6":-0.2172159223,"Factor7":-0.1048119318,"Factor8":-0.5415788561,"Factor9":0.0706747779,"Factor10":-0.1910519056,"Factor11":0.1720160425,"Factor12":-0.0279848488,"Factor13":-0.0161809001,"Factor14":-0.196363584,"Factor15":0.1057728409},"LD2163":{"Factor1":-8.8957852711,"Factor2":0.5523813724,"Factor3":-1.7442406294,"Factor4":-0.0886663819,"Factor5":0.1213751375,"Factor6":-0.3203675912,"Factor7":-0.1045750238,"Factor8":-1.8242311353,"Factor9":-0.0082020323,"Factor10":0.1618657491,"Factor11":-0.1454610719,"Factor12":0.1062706119,"Factor13":-0.0253050672,"Factor14":-0.010425649,"Factor15":-0.0290312499},"LD2164":{"Factor1":-6.8056568726,"Factor2":0.8267884104,"Factor3":-1.9601488651,"Factor4":-0.2369761552,"Factor5":-0.2674380322,"Factor6":0.0420069874,"Factor7":-0.006622538,"Factor8":-0.7649347953,"Factor9":0.0181134989,"Factor10":-0.1453890154,"Factor11":-0.0879071796,"Factor12":0.1347904513,"Factor13":0.1583146901,"Factor14":-0.0682046385,"Factor15":-0.1488036888},"LD2166":{"Factor1":-6.1109101846,"Factor2":0.7157841668,"Factor3":-3.030283316,"Factor4":0.4095774772,"Factor5":-0.3386563854,"Factor6":-0.131192831,"Factor7":-0.4080527238,"Factor8":-2.156865881,"Factor9":-0.1090816242,"Factor10":0.0799026969,"Factor11":-0.105749853,"Factor12":-0.0274634405,"Factor13":-0.0049692625,"Factor14":0.1762199859,"Factor15":-0.0447428113},"LD2169":{"Factor1":-3.9091619794,"Factor2":0.981666419,"Factor3":-0.6846008797,"Factor4":0.0910311884,"Factor5":-0.324766399,"Factor6":0.5272101032,"Factor7":-0.1921570259,"Factor8":0.0881761481,"Factor9":-0.2040379691,"Factor10":0.4529375867,"Factor11":0.1357157169,"Factor12":-0.1079257885,"Factor13":0.0013788395,"Factor14":-0.1381939124,"Factor15":-0.0162779579},"LD2170":{"Factor1":-5.710991829,"Factor2":0.8675185275,"Factor3":1.4691374326,"Factor4":-0.7927219208,"Factor5":-0.2389663232,"Factor6":-0.2042068627,"Factor7":0.5027776406,"Factor8":-0.9722865408,"Factor9":0.2951992853,"Factor10":0.0736381677,"Factor11":0.1928904798,"Factor12":0.074266984,"Factor13":-0.1268439141,"Factor14":0.0134341815,"Factor15":-0.3207621576},"LD2171":{"Factor1":-5.4169026186,"Factor2":0.6838998973,"Factor3":0.5314585236,"Factor4":0.1012398387,"Factor5":-0.0764174038,"Factor6":0.1494662144,"Factor7":0.050013412,"Factor8":-1.1829177526,"Factor9":-0.0422172541,"Factor10":0.0958906426,"Factor11":-0.1565135852,"Factor12":-0.1248647392,"Factor13":0.079461888,"Factor14":0.0500955999,"Factor15":-0.0133372463},"LD2213":{"Factor1":-7.7875842816,"Factor2":0.6746520702,"Factor3":-3.5012279787,"Factor4":0.0771390161,"Factor5":0.5327488474,"Factor6":0.0942123787,"Factor7":0.2006070936,"Factor8":0.0843321284,"Factor9":-0.0468276689,"Factor10":-0.1025375943,"Factor11":0.0480486207,"Factor12":-0.0571635041,"Factor13":-0.116899884,"Factor14":0.0308640055,"Factor15":-0.119116797},"LD2214":{"Factor1":-3.371063083,"Factor2":1.0743577873,"Factor3":-2.2293305627,"Factor4":-0.6147010844,"Factor5":-0.2180024959,"Factor6":-0.2623877231,"Factor7":-0.3097566685,"Factor8":0.2888834114,"Factor9":-0.161875673,"Factor10":0.0302869517,"Factor11":0.0824706355,"Factor12":-0.0840984303,"Factor13":0.1689424895,"Factor14":-0.0370839962,"Factor15":-0.1717888916},"LD2215":{"Factor1":-9.2214237401,"Factor2":0.5152208505,"Factor3":-0.77935861,"Factor4":1.2258660436,"Factor5":0.867692614,"Factor6":-0.4028891844,"Factor7":-0.065397911,"Factor8":-2.6677705923,"Factor9":0.038654257,"Factor10":-0.0890658438,"Factor11":0.2366156951,"Factor12":0.1190273916,"Factor13":0.2475871699,"Factor14":-0.1251762269,"Factor15":-0.0370793523},"LD2223":{"Factor1":-5.4319590928,"Factor2":0.8680170534,"Factor3":2.6096148715,"Factor4":0.3177055945,"Factor5":-0.2365119885,"Factor6":0.0304631287,"Factor7":-0.0467912598,"Factor8":-0.0993422094,"Factor9":-0.3023946317,"Factor10":-0.3197085171,"Factor11":0.0764533563,"Factor12":-0.2648571919,"Factor13":0.095332049,"Factor14":-0.1055013712,"Factor15":-0.0866221981},"LD2224":{"Factor1":-5.8965813539,"Factor2":0.7107244688,"Factor3":2.5395956974,"Factor4":-0.0607815495,"Factor5":-0.0942618809,"Factor6":0.4902105154,"Factor7":0.0364782989,"Factor8":-0.3645292557,"Factor9":-0.2312931586,"Factor10":-0.216740079,"Factor11":0.1950149802,"Factor12":-0.1445782267,"Factor13":0.0541256322,"Factor14":0.2016896358,"Factor15":0.0524861153},"LD2225":{"Factor1":-6.1693283414,"Factor2":0.8575336161,"Factor3":1.8509168184,"Factor4":-0.2035604528,"Factor5":-0.1495386095,"Factor6":-0.126774002,"Factor7":0.1887549398,"Factor8":0.4427074226,"Factor9":-0.4438429861,"Factor10":-0.0402312651,"Factor11":-0.128758733,"Factor12":0.0101470927,"Factor13":-0.0233259878,"Factor14":-0.0922477843,"Factor15":0.0181997157},"LD2243":{"Factor1":-5.2114774485,"Factor2":0.8971603028,"Factor3":2.0453121412,"Factor4":-0.0828047993,"Factor5":-0.0501467413,"Factor6":-0.1361134674,"Factor7":0.1862960274,"Factor8":-0.9906714891,"Factor9":-0.0243491204,"Factor10":-0.2506079996,"Factor11":-0.0789455487,"Factor12":0.0955859232,"Factor13":-0.2456655402,"Factor14":0.0874929986,"Factor15":-0.1736465295},"LD2244":{"Factor1":-5.3686777543,"Factor2":0.82765697,"Factor3":1.5293820333,"Factor4":1.2164825072,"Factor5":0.120295368,"Factor6":0.0703414369,"Factor7":-0.0476425595,"Factor8":-0.1158795832,"Factor9":0.4587363088,"Factor10":-0.0926772276,"Factor11":0.0176126248,"Factor12":-0.2277089761,"Factor13":-0.135306996,"Factor14":0.0362105364,"Factor15":-0.0792931703},"LD2245":{"Factor1":-7.4841220969,"Factor2":0.6458329626,"Factor3":2.9522185579,"Factor4":-0.3279256731,"Factor5":0.5009716934,"Factor6":-0.1056872663,"Factor7":0.2573901034,"Factor8":-1.764399114,"Factor9":0.3963268249,"Factor10":0.0229118623,"Factor11":-0.2911860998,"Factor12":0.1300890438,"Factor13":-0.1144549391,"Factor14":-0.2124247493,"Factor15":-0.1737814649}}