{"LD2157":{"Factor1":0.0144124591,"Factor2":-0.61136452,"Factor3":-0.6497531538,"Factor4":0.0046513021,"Factor5":0.0958463476,"Factor6":0.3572315166},"LD2158":{"Factor1":0.1453830564,"Factor2":-0.7738119874,"Factor3":-0.4018398173,"Factor4":-0.1519485721,"Factor5":-0.2016040036,"Factor6":0.293801268},"LD2162":{"Factor1":-0.7977858157,"Factor2":0.7797568201,"Factor3":-0.2825161032,"Factor4":0.5432736636,"Factor5":-0.0458470599,"Factor6":-0.1247055078},"LD2163":{"Factor1":-0.5438914488,"Factor2":0.2939101624,"Factor3":-0.1394539956,"Factor4":-0.5454840328,"Factor5":-0.0251113091,"Factor6":-0.2163404429},"LD2164":{"Factor1":-0.9605704239,"Factor2":0.7276092105,"Factor3":-0.3146607828,"Factor4":0.1308863141,"Factor5":0.0815694494,"Factor6":-0.0163380346},"LD2166":{"Factor1":-0.7134080771,"Factor2":0.2720776752,"Factor3":-0.2883338183,"Factor4":-0.4340956496,"Factor5":-0.2356232282,"Factor6":-0.2731728602},"LD2169":{"Factor1":-0.8284182425,"Factor2":0.0889955781,"Factor3":-0.4344669883,"Factor4":-0.0233590582,"Factor5":0.2950365314,"Factor6":0.0708369848},"LD2170":{"Factor1":-0.7824824473,"Factor2":0.3136711947,"Factor3":1.3083860704,"Factor4":-0.3408628456,"Factor5":-0.3497381549,"Factor6":0.5558785757},"LD2171":{"Factor1":1.9789536285,"Factor2":-0.2029063319,"Factor3":0.0826413194,"Factor4":-0.1463794774,"Factor5":0.3464990026,"Factor6":0.217015484},"LD2214":{"Factor1":1.1183873461,"Factor2":1.1259737531,"Factor3":0.1100167822,"Factor4":0.7153344196,"Factor5":0.0323248276,"Factor6":-0.0052841741},"LD2215":{"Factor1":0.9320383894,"Factor2":-0.3694737303,"Factor3":0.339078022,"Factor4":-0.0820244252,"Factor5":-0.4008815667,"Factor6":-0.3530280928},"LD2223":{"Factor1":0.2498097132,"Factor2":-1.0704642944,"Factor3":-0.0972387844,"Factor4":0.5667665164,"Factor5":-0.3882607629,"Factor6":-0.1937772616},"LD2243":{"Factor1":-0.241791538,"Factor2":-0.5188114586,"Factor3":-0.2935543668,"Factor4":-0.0553751992,"Factor5":0.012053557,"Factor6":0.0950839342},"LD2244":{"Factor1":-0.8328190945,"Factor2":-0.9483293796,"Factor3":1.0320941703,"Factor4":0.0891140233,"Factor5":0.5737566514,"Factor6":-0.2788985025},"LD2245":{"Factor1":1.0384255439,"Factor2":0.3865004704,"Factor3":0.2442440216,"Factor4":-0.7333129196,"Factor5":0.1055695465,"Factor6":-0.2181388058}}