{"LD2157":{"Factor1":-1.180373994,"Factor2":1.0042837824,"Factor3":-0.0961481935,"Factor4":-0.3820526139,"Factor5":-0.2996661541,"Factor6":-0.3932844493,"Factor7":-0.120594434,"Factor8":0.3996631569},"LD2158":{"Factor1":0.4368858563,"Factor2":1.6983364956,"Factor3":1.1877914094,"Factor4":-0.3390521317,"Factor5":-0.5102788335,"Factor6":0.3551186847,"Factor7":0.3762807738,"Factor8":0.1182566592},"LD2162":{"Factor1":1.2124723075,"Factor2":0.4147869351,"Factor3":-1.2409280437,"Factor4":0.2299155525,"Factor5":-0.167666168,"Factor6":-0.1035982268,"Factor7":0.115883687,"Factor8":-0.1189108874},"LD2163":{"Factor1":-1.9143992939,"Factor2":0.6520574078,"Factor3":-0.4295963093,"Factor4":-0.3393343461,"Factor5":0.0461719098,"Factor6":0.0921771249,"Factor7":-0.3109313043,"Factor8":-0.2167854292},"LD2164":{"Factor1":-0.6902505454,"Factor2":0.5312152562,"Factor3":-0.6454636084,"Factor4":-0.2969011885,"Factor5":0.131186355,"Factor6":0.0584844153,"Factor7":-0.3220686952,"Factor8":0.0841595586},"LD2166":{"Factor1":-0.0015342184,"Factor2":1.3327325755,"Factor3":0.0568936433,"Factor4":-0.4089812139,"Factor5":-0.2049834686,"Factor6":-0.1725059005,"Factor7":0.0273570837,"Factor8":0.1228932045},"LD2169":{"Factor1":2.0013617095,"Factor2":0.2203981289,"Factor3":0.3096099323,"Factor4":-0.3538411616,"Factor5":0.4332730907,"Factor6":0.4751150276,"Factor7":-0.1694785739,"Factor8":0.1390981808},"LD2170":{"Factor1":0.0029101515,"Factor2":-1.2026830547,"Factor3":-1.1579446471,"Factor4":0.3540246919,"Factor5":-0.4641154528,"Factor6":0.0403589834,"Factor7":-0.1127539827,"Factor8":0.361977156},"LD2171":{"Factor1":1.0722083776,"Factor2":-0.3066629671,"Factor3":0.3055094966,"Factor4":-0.0347243548,"Factor5":-0.3274616205,"Factor6":0.0571889038,"Factor7":0.0544098567,"Factor8":-0.0105511346},"LD2213":{"Factor1":-0.6258807417,"Factor2":0.9369350564,"Factor3":-0.3293444321,"Factor4":0.6405553978,"Factor5":0.9604663164,"Factor6":0.2262509219,"Factor7":0.0140823004,"Factor8":0.0671963882},"LD2214":{"Factor1":1.4277397935,"Factor2":0.7647544075,"Factor3":-0.9022905786,"Factor4":-0.1007874148,"Factor5":0.0985595499,"Factor6":-0.2985682979,"Factor7":0.0510849674,"Factor8":-0.4347238214},"LD2215":{"Factor1":-2.0039613874,"Factor2":0.566315895,"Factor3":0.9902584134,"Factor4":0.7959349299,"Factor5":-0.0273159414,"Factor6":-0.3116774742,"Factor7":0.3134928161,"Factor8":-0.0076830698},"LD2223":{"Factor1":0.5220153219,"Factor2":-1.2927433548,"Factor3":0.6127450166,"Factor4":-0.3588052944,"Factor5":0.2950864868,"Factor6":-0.5292841463,"Factor7":0.147542563,"Factor8":0.0762373013},"LD2224":{"Factor1":0.8054985893,"Factor2":-1.3221619541,"Factor3":0.3792733942,"Factor4":-0.1837260946,"Factor5":0.4442557485,"Factor6":0.2056537414,"Factor7":0.2399062753,"Factor8":0.3272883271},"LD2225":{"Factor1":-0.1842614192,"Factor2":-1.1130976689,"Factor3":-0.1926695443,"Factor4":-0.3981629051,"Factor5":0.7021890322,"Factor6":-0.2013513287,"Factor7":0.0736581838,"Factor8":-0.3103544125},"LD2243":{"Factor1":-0.1139648889,"Factor2":-1.084512451,"Factor3":-0.034964506,"Factor4":0.0032360785,"Factor5":-0.3399578789,"Factor6":-0.1328734367,"Factor7":0.0521975497,"Factor8":-0.0748096793},"LD2244":{"Factor1":1.1176645134,"Factor2":-0.5759358227,"Factor3":1.5419518794,"Factor4":0.8652752144,"Factor5":-0.2076035695,"Factor6":0.0023428721,"Factor7":-0.6712942791,"Factor8":-0.2170974062},"LD2245":{"Factor1":-1.8893438153,"Factor2":-1.2601355783,"Factor3":-0.356291185,"Factor4":0.285284568,"Factor5":-0.5620112958,"Factor6":0.599066845,"Factor7":0.2291211676,"Factor8":-0.2758869885}}