{"LD2157":{"Factor1":-0.0703097408,"Factor2":0.0963986979,"Factor3":0.3691685086,"Factor4":-0.6577536979,"Factor5":0.469761672,"Factor6":0.1062984735,"Factor7":0.2104665767},"LD2158":{"Factor1":-0.0747046821,"Factor2":0.1469262613,"Factor3":0.6812096704,"Factor4":-0.8208704958,"Factor5":0.3358413087,"Factor6":0.2324648925,"Factor7":0.1851838923},"LD2162":{"Factor1":0.6281202873,"Factor2":-0.6517855003,"Factor3":-0.6915018668,"Factor4":-0.0686957912,"Factor5":0.2607324693,"Factor6":-0.0708442559,"Factor7":-0.247108107},"LD2163":{"Factor1":-1.0448920296,"Factor2":-0.4957136187,"Factor3":-0.2159416576,"Factor4":-0.2830019784,"Factor5":-0.0826808788,"Factor6":-0.1991749921,"Factor7":0.0976588616},"LD2164":{"Factor1":-0.053118247,"Factor2":-0.8152871895,"Factor3":-0.5994244126,"Factor4":-0.3097496053,"Factor5":0.1583085002,"Factor6":-0.1240088763,"Factor7":-0.0456746163},"LD2166":{"Factor1":-0.3914398954,"Factor2":-0.6328953051,"Factor3":-0.1076597746,"Factor4":-0.6414218058,"Factor5":0.0790961416,"Factor6":-0.1565276379,"Factor7":0.0275426523},"LD2169":{"Factor1":0.497616142,"Factor2":-0.7355602992,"Factor3":0.0613196197,"Factor4":0.3278086842,"Factor5":0.2351217497,"Factor6":-0.1849817692,"Factor7":0.2213914728},"LD2170":{"Factor1":-0.4730132562,"Factor2":-0.6052754458,"Factor3":-0.3665039738,"Factor4":0.6171038546,"Factor5":-0.6292341213,"Factor6":0.8398948133,"Factor7":0.1097065229},"LD2171":{"Factor1":0.8643826162,"Factor2":1.502220328,"Factor3":0.0878079305,"Factor4":0.066704036,"Factor5":-0.1982421598,"Factor6":-0.0583184542,"Factor7":0.3507054574},"LD2214":{"Factor1":0.9088116638,"Factor2":0.7635210449,"Factor3":-1.0444759244,"Factor4":-0.195451208,"Factor5":0.0200335184,"Factor6":0.0034194694,"Factor7":-0.2752930013},"LD2215":{"Factor1":-0.4755127861,"Factor2":0.8456686825,"Factor3":0.3483795355,"Factor4":-0.8172192185,"Factor5":-0.3254553677,"Factor6":-0.0142745456,"Factor7":-0.3188912738},"LD2223":{"Factor1":-0.2238119108,"Factor2":0.4045267469,"Factor3":0.8426605128,"Factor4":0.8539956267,"Factor5":0.4217229792,"Factor6":0.138990969,"Factor7":-0.386636755},"LD2225":{"Factor1":0.6543971841,"Factor2":0.1541110204,"Factor3":-0.6641949981,"Factor4":0.4884775474,"Factor5":0.3189571687,"Factor6":-0.002202994,"Factor7":-0.0532489343},"LD2243":{"Factor1":-0.4761119238,"Factor2":-0.1235124871,"Factor3":0.4148118575,"Factor4":0.6670302747,"Factor5":0.2335452957,"Factor6":-0.0088485843,"Factor7":0.0975515843},"LD2244":{"Factor1":0.8230755025,"Factor2":-0.6268440475,"Factor3":1.0940620228,"Factor4":0.2200953405,"Factor5":-0.7851228037,"Factor6":-0.1261381106,"Factor7":-0.1317986845},"LD2245":{"Factor1":-1.1806473527,"Factor2":0.7359752854,"Factor3":-0.3448843309,"Factor4":0.4134812168,"Factor5":-0.4649421307,"Factor6":-0.30871944,"Factor7":0.1647643564}}