{"LD2157":{"Factor1":0.3189058466,"Factor2":0.0064923165,"Factor3":0.1574447128,"Factor4":-0.648846834,"Factor5":0.1677627179,"Factor6":0.4660003645,"Factor7":0.137361203,"Factor8":0.3416303232},"LD2158":{"Factor1":0.5553657364,"Factor2":0.1652164153,"Factor3":-0.341045244,"Factor4":-0.8938902518,"Factor5":-0.2043364253,"Factor6":0.2815709374,"Factor7":0.1925471861,"Factor8":0.1761198783},"LD2162":{"Factor1":-0.6842540301,"Factor2":-0.6425185087,"Factor3":0.5010735235,"Factor4":-0.0464592276,"Factor5":-0.245524346,"Factor6":0.2392674869,"Factor7":-0.0265531716,"Factor8":-0.2523201962},"LD2163":{"Factor1":-0.33026639,"Factor2":-0.3046084484,"Factor3":-0.977844076,"Factor4":-0.4297320367,"Factor5":0.2990046787,"Factor6":-0.1376792229,"Factor7":-0.2172555219,"Factor8":0.0367750137},"LD2164":{"Factor1":-0.6123391912,"Factor2":-0.7538581759,"Factor3":0.1299893132,"Factor4":-0.3077710757,"Factor5":0.1252704044,"Factor6":0.1163467433,"Factor7":-0.1036755178,"Factor8":-0.0075050445},"LD2166":{"Factor1":-0.2447622188,"Factor2":-0.4584457987,"Factor3":-0.6211906766,"Factor4":-0.7369592715,"Factor5":-0.1238812252,"Factor6":0.0158413457,"Factor7":-0.1653140487,"Factor8":-0.0539246835},"LD2169":{"Factor1":-0.1044480095,"Factor2":-0.6522340799,"Factor3":-0.1612387678,"Factor4":0.2280690503,"Factor5":-0.4154469745,"Factor6":0.18875622,"Factor7":-0.2202801059,"Factor8":0.2138779952},"LD2170":{"Factor1":-0.4542350296,"Factor2":-0.405050413,"Factor3":-0.5738354666,"Factor4":0.5280166456,"Factor5":0.0623936635,"Factor6":-0.7153904051,"Factor7":0.7822001974,"Factor8":0.1349766664},"LD2171":{"Factor1":0.292591129,"Factor2":1.3953626974,"Factor3":0.9875257486,"Factor4":0.2121179238,"Factor5":-0.1991100934,"Factor6":-0.1560083097,"Factor7":-0.0915468086,"Factor8":0.3100375456},"LD2214":{"Factor1":-0.8105352175,"Factor2":0.7206500396,"Factor3":1.109119776,"Factor4":-0.0650332903,"Factor5":-0.2675910858,"Factor6":0.0515508765,"Factor7":0.0300734249,"Factor8":-0.3462370306},"LD2215":{"Factor1":0.5148309715,"Factor2":0.7293076959,"Factor3":0.0906177065,"Factor4":-0.7049794995,"Factor5":0.3523632315,"Factor6":-0.2549039777,"Factor7":0.035560017,"Factor8":-0.3572061383},"LD2223":{"Factor1":0.7694709473,"Factor2":0.2425668626,"Factor3":-0.4550613038,"Factor4":0.7770258434,"Factor5":-0.0035323864,"Factor6":0.5252110373,"Factor7":0.2110233734,"Factor8":-0.3656627645},"LD2225":{"Factor1":-0.5024049308,"Factor2":0.0313322614,"Factor3":0.9580384979,"Factor4":0.6491468666,"Factor5":0.1040059834,"Factor6":0.3500908999,"Factor7":-0.0051987008,"Factor8":0.044028599},"LD2243":{"Factor1":0.2919103423,"Factor2":-0.1113721339,"Factor3":-0.6434294043,"Factor4":0.548364388,"Factor5":0.0990717455,"Factor6":0.2365325624,"Factor7":-0.0114135706,"Factor8":0.1194594743},"LD2244":{"Factor1":1.1139824036,"Factor2":-0.8331632313,"Factor3":0.5516882689,"Factor4":0.3299241203,"Factor5":-0.163320711,"Factor6":-0.7273472823,"Factor7":-0.1290247243,"Factor8":-0.0784207193},"LD2245":{"Factor1":-0.2583759052,"Factor2":0.8507623075,"Factor3":-0.7753642285,"Factor4":0.3722947159,"Factor5":0.4255348892,"Factor6":-0.4475745921,"Factor7":-0.3446518906,"Factor8":0.084166429}}