{"LD2157":{"Factor1":0.3433994863,"Factor2":0.0233692306,"Factor3":0.1633692839,"Factor4":-0.6565307332,"Factor5":0.1868835618,"Factor6":0.4622417691,"Factor7":0.1320147335,"Factor8":0.3373491714},"LD2158":{"Factor1":0.591222613,"Factor2":0.1863160496,"Factor3":-0.3332719232,"Factor4":-0.9087816846,"Factor5":-0.225194317,"Factor6":0.2809024559,"Factor7":0.1877976709,"Factor8":0.1695068136},"LD2162":{"Factor1":-0.7231768617,"Factor2":-0.6629641188,"Factor3":0.4933656252,"Factor4":-0.0530855496,"Factor5":-0.2732107174,"Factor6":0.2378505146,"Factor7":-0.0283571922,"Factor8":-0.2434191659},"LD2163":{"Factor1":-0.3389348347,"Factor2":-0.3197899426,"Factor3":-0.9683138826,"Factor4":-0.4282351277,"Factor5":0.332599208,"Factor6":-0.1354066712,"Factor7":-0.2165062471,"Factor8":0.035941282},"LD2164":{"Factor1":-0.6387479568,"Factor2":-0.7768599876,"Factor3":0.1190833274,"Factor4":-0.3112631529,"Factor5":0.1393057638,"Factor6":0.1157107695,"Factor7":-0.103565604,"Factor8":-0.0037170674},"LD2166":{"Factor1":-0.2455206434,"Factor2":-0.4742785368,"Factor3":-0.6066709434,"Factor4":-0.7476874292,"Factor5":-0.1373566815,"Factor6":0.0175097725,"Factor7":-0.1673405041,"Factor8":-0.0521599013},"LD2169":{"Factor1":-0.0964431656,"Factor2":-0.6621943803,"Factor3":-0.1541150655,"Factor4":0.2367188126,"Factor5":-0.460845063,"Factor6":0.1862051801,"Factor7":-0.2164904683,"Factor8":0.2146607994},"LD2170":{"Factor1":-0.4798412852,"Factor2":-0.4148677398,"Factor3":-0.5856715272,"Factor4":0.5230851826,"Factor5":0.0685400472,"Factor6":-0.7000206732,"Factor7":0.7858995351,"Factor8":0.131892466},"LD2171":{"Factor1":0.2889473534,"Factor2":1.4197777673,"Factor3":0.9652061022,"Factor4":0.2111744683,"Factor5":-0.2225741701,"Factor6":-0.1656314534,"Factor7":-0.092111765,"Factor8":0.3014015248},"LD2214":{"Factor1":-0.8816966352,"Factor2":0.712465092,"Factor3":1.0749671489,"Factor4":-0.0719629814,"Factor5":-0.2973130202,"Factor6":0.0453778505,"Factor7":0.0256423976,"Factor8":-0.3393988664},"LD2215":{"Factor1":0.5331580053,"Factor2":0.7425394138,"Factor3":0.0901871917,"Factor4":-0.7038840357,"Factor5":0.393896001,"Factor6":-0.2541480515,"Factor7":0.0313872368,"Factor8":-0.3563247646},"LD2223":{"Factor1":0.8045042583,"Factor2":0.2692885553,"Factor3":-0.432076777,"Factor4":0.7901889209,"Factor5":-0.0034537177,"Factor6":0.5288696446,"Factor7":0.2085838684,"Factor8":-0.3628893852},"LD2225":{"Factor1":-0.5400704416,"Factor2":0.0251577053,"Factor3":0.9445148625,"Factor4":0.6542301422,"Factor5":0.1162864651,"Factor6":0.3455222205,"Factor7":-0.0036236464,"Factor8":0.0502512144},"LD2243":{"Factor1":0.3127129381,"Factor2":-0.1014673989,"Factor3":-0.6301386197,"Factor4":0.5564339388,"Factor5":0.1087193752,"Factor6":0.2355252492,"Factor7":-0.01147512,"Factor8":0.1161509403},"LD2244":{"Factor1":1.1914094117,"Factor2":-0.8303370418,"Factor3":0.55325583,"Factor4":0.3425673801,"Factor5":-0.1805393944,"Factor6":-0.7174779306,"Factor7":-0.1140634942,"Factor8":-0.0805247868},"LD2245":{"Factor1":-0.2792138422,"Factor2":0.8448246935,"Factor3":-0.7653521903,"Factor4":0.3792051621,"Factor5":0.4708352187,"Factor6":-0.4518836765,"Factor7":-0.3446345556,"Factor8":0.0826429932}}