{"WT1":{"Factor1":-1.1810225238,"Factor2":1.3336824745,"Factor3":1.156023261},"WT2":{"Factor1":-1.3042774344,"Factor2":1.341513059,"Factor3":0.9708338162},"KO1":{"Factor1":-1.6379702871,"Factor2":-1.1790708512,"Factor3":-0.293257065},"KO2":{"Factor1":-1.3309761817,"Factor2":-0.9654497264,"Factor3":-0.6728162796},"KO3":{"Factor1":-1.5319458235,"Factor2":-1.1897273106,"Factor3":-0.3284605528},"Y1":{"Factor1":1.6801335782,"Factor2":-1.0925651371,"Factor3":0.5795770905},"Y2":{"Factor1":1.7175482067,"Factor2":-0.9386406736,"Factor3":0.3692072439},"Y3":{"Factor1":1.688161739,"Factor2":-1.1533453925,"Factor3":0.3948503124},"SH2":{"Factor1":1.0699227502,"Factor2":1.678856559,"Factor3":-0.708967006},"SH3":{"Factor1":1.1060796818,"Factor2":1.750157295,"Factor3":-0.7394833465}}