{"LD2169":{"Factor1":-0.8323231565,"Factor2":0.1456606288,"Factor3":-0.3940898295,"Factor4":-0.0011676618,"Factor5":-0.2255486364,"Factor6":0.2536694765},"LD2170":{"Factor1":-0.9536717399,"Factor2":-0.0778374179,"Factor3":1.4022311034,"Factor4":-0.1623766048,"Factor5":-0.3472651811,"Factor6":-0.5208598982},"LD2171":{"Factor1":2.0220635607,"Factor2":-0.1688426765,"Factor3":0.2152729645,"Factor4":-0.0733863803,"Factor5":-0.3625399826,"Factor6":0.2322239574},"LD2243":{"Factor1":-0.1961902779,"Factor2":-0.4788515602,"Factor3":-0.3675142724,"Factor4":-0.0218866074,"Factor5":-0.1263980055,"Factor6":-0.0190294528},"LD2244":{"Factor1":-0.8215962158,"Factor2":-1.1863628927,"Factor3":0.7918477544,"Factor4":0.3793458486,"Factor5":0.172360993,"Factor6":0.582167482},"LD2245":{"Factor1":1.0036151772,"Factor2":0.2578770919,"Factor3":0.4313197166,"Factor4":-0.7247958441,"Factor5":0.0705708456,"Factor6":0.2232865153},"LD2162":{"Factor1":-0.8388802874,"Factor2":0.890612663,"Factor3":-0.2545027141,"Factor4":0.3897848732,"Factor5":0.2249098003,"Factor6":-0.0240642908},"LD2163":{"Factor1":-0.5924853416,"Factor2":0.2121434333,"Factor3":-0.0647611763,"Factor4":-0.6074505436,"Factor5":0.1561704866,"Factor6":0.1045276265},"LD2164":{"Factor1":-1.0330836879,"Factor2":0.7679803024,"Factor3":-0.2239379086,"Factor4":0.0050969215,"Factor5":0.0224271413,"Factor6":0.0764681058},"LD2214":{"Factor1":1.0623007642,"Factor2":1.2433029151,"Factor3":0.2758367172,"Factor4":0.5148479061,"Factor5":0.1529486778,"Factor6":-0.047711795},"LD2215":{"Factor1":0.9840790606,"Factor2":-0.4256957747,"Factor3":0.2220221152,"Factor4":-0.169390792,"Factor5":0.5351525719,"Factor6":-0.2356576467},"LD2166":{"Factor1":-0.7442450696,"Factor2":0.2456424453,"Factor3":-0.2719212873,"Factor4":-0.5387248511,"Factor5":0.2791654278,"Factor6":-0.066912588},"LD2157":{"Factor1":0.0811509715,"Factor2":-0.4699797146,"Factor3":-0.6858917881,"Factor4":0.0179075154,"Factor5":-0.4002131909,"Factor6":-0.0494001822},"LD2158":{"Factor1":0.1953421129,"Factor2":-0.7201416969,"Factor3":-0.4868171643,"Factor4":-0.162969718,"Factor5":-0.2157994908,"Factor6":-0.2866066665},"LD2223":{"Factor1":0.4048057375,"Factor2":-0.9283251575,"Factor3":-0.4366036514,"Factor4":0.6294556491,"Factor5":0.2955419524,"Factor6":-0.2885122214},"LD2225":{"Factor1":0.1893302497,"Factor2":0.8282879993,"Factor3":-0.1524686116,"Factor4":0.5482504367,"Factor5":-0.2754335529,"Factor6":0.0063949836}}