{"LD2157":{"Factor1":0.3318347071,"Factor2":0.0205515861,"Factor3":0.1682138325,"Factor4":-0.6615980052,"Factor5":0.1853240886,"Factor6":0.4656999563,"Factor7":0.1322443289,"Factor8":0.337335243},"LD2158":{"Factor1":0.5711573422,"Factor2":0.1835781797,"Factor3":-0.3363513401,"Factor4":-0.913133541,"Factor5":-0.2264844455,"Factor6":0.2836379599,"Factor7":0.1890972548,"Factor8":0.1697321191},"LD2162":{"Factor1":-0.6999947132,"Factor2":-0.6646075106,"Factor3":0.5002274442,"Factor4":-0.0514035119,"Factor5":-0.2728453209,"Factor6":0.2388485306,"Factor7":-0.0298144561,"Factor8":-0.243230265},"LD2163":{"Factor1":-0.3277078699,"Factor2":-0.318306725,"Factor3":-0.982220727,"Factor4":-0.4339330713,"Factor5":0.3317132958,"Factor6":-0.1378123361,"Factor7":-0.2167653666,"Factor8":0.036548211},"LD2164":{"Factor1":-0.618407121,"Factor2":-0.7774751144,"Factor3":0.1216506757,"Factor4":-0.3143682019,"Factor5":0.1384703462,"Factor6":0.1148327582,"Factor7":-0.104993284,"Factor8":-0.0033300002},"LD2166":{"Factor1":-0.2380610609,"Factor2":-0.4746288768,"Factor3":-0.6151192141,"Factor4":-0.7522489538,"Factor5":-0.1383329704,"Factor6":0.0162240292,"Factor7":-0.168021885,"Factor8":-0.0514611208},"LD2169":{"Factor1":-0.094759092,"Factor2":-0.6633881086,"Factor3":-0.1588819698,"Factor4":0.240416402,"Factor5":-0.4600272743,"Factor6":0.1863371005,"Factor7":-0.2175527026,"Factor8":0.215014865},"LD2170":{"Factor1":-0.4652589619,"Factor2":-0.412780886,"Factor3":-0.5950635209,"Factor4":0.526359047,"Factor5":0.0697775114,"Factor6":-0.705115455,"Factor7":0.7887647991,"Factor8":0.1314911666},"LD2171":{"Factor1":0.2821144966,"Factor2":1.4240596143,"Factor3":0.9809165586,"Factor4":0.2153507372,"Factor5":-0.2218178595,"Factor6":-0.1643695607,"Factor7":-0.0909754439,"Factor8":0.3008107231},"LD2214":{"Factor1":-0.8502658897,"Factor2":0.7155951929,"Factor3":1.0921010996,"Factor4":-0.0694022516,"Factor5":-0.2968350559,"Factor6":0.047535178,"Factor7":0.0255195688,"Factor8":-0.3400364313},"LD2215":{"Factor1":0.5170006506,"Factor2":0.7432000508,"Factor3":0.09432688,"Factor4":-0.7105854871,"Factor5":0.3919402557,"Factor6":-0.2550907967,"Factor7":0.0324427033,"Factor8":-0.356875257},"LD2223":{"Factor1":0.7772690142,"Factor2":0.264454536,"Factor3":-0.4417163092,"Factor4":0.7944130225,"Factor5":-0.0020881851,"Factor6":0.5342203593,"Factor7":0.2084327745,"Factor8":-0.3630701202},"LD2225":{"Factor1":-0.5217172378,"Factor2":0.0255155621,"Factor3":0.9577044706,"Factor4":0.6578631396,"Factor5":0.1167336395,"Factor6":0.3486099891,"Factor7":-0.0045288078,"Factor8":0.0498426315},"LD2243":{"Factor1":0.3018561944,"Factor2":-0.103233503,"Factor3":-0.6413404862,"Factor4":0.5585905984,"Factor5":0.1098592856,"Factor6":0.2372668878,"Factor7":-0.0118098766,"Factor8":0.1165450552},"LD2244":{"Factor1":1.1492159941,"Factor2":-0.8330127242,"Factor3":0.5600228027,"Factor4":0.3467192103,"Factor5":-0.1804457796,"Factor6":-0.724408722,"Factor7":-0.1139167797,"Factor8":-0.0805101799},"LD2245":{"Factor1":-0.2672701344,"Factor2":0.8513891987,"Factor3":-0.7765387897,"Factor4":0.3781939417,"Factor5":0.4714167879,"Factor6":-0.4548788456,"Factor7":-0.3446227712,"Factor8":0.0824843159}}