{"LD2169":{"Factor1":-0.8401278055,"Factor2":0.1456187573,"Factor3":-0.3830151378,"Factor4":0.0083591331,"Factor5":-0.2445678199,"Factor6":0.2259356505},"LD2170":{"Factor1":-0.9678555222,"Factor2":-0.055942035,"Factor3":1.3736480925,"Factor4":-0.1505150091,"Factor5":-0.3102255468,"Factor6":-0.5193440812},"LD2171":{"Factor1":2.0187516744,"Factor2":-0.1942763385,"Factor3":0.2448743726,"Factor4":-0.0428347374,"Factor5":-0.3855822538,"Factor6":0.1878640236},"LD2243":{"Factor1":-0.2005564642,"Factor2":-0.4998242595,"Factor3":-0.364814529,"Factor4":-0.0274267861,"Factor5":-0.1253816753,"Factor6":-0.0154841246},"LD2244":{"Factor1":-0.8570157317,"Factor2":-1.2119770643,"Factor3":0.8247388257,"Factor4":0.4266953877,"Factor5":0.1495965706,"Factor6":0.4973827376},"LD2245":{"Factor1":1.0072390638,"Factor2":0.2586220879,"Factor3":0.4724718591,"Factor4":-0.7081001962,"Factor5":0.0338769289,"Factor6":0.2231461829},"LD2162":{"Factor1":-0.8279726762,"Factor2":0.9292578123,"Factor3":-0.2804492944,"Factor4":0.3767767925,"Factor5":0.2352788044,"Factor6":-0.0132274395},"LD2163":{"Factor1":-0.5896813207,"Factor2":0.2215186104,"Factor3":-0.0444013944,"Factor4":-0.6169704792,"Factor5":0.138049244,"Factor6":0.1184811153},"LD2164":{"Factor1":-1.0293036633,"Factor2":0.7993226257,"Factor3":-0.2312850679,"Factor4":-0.0025706922,"Factor5":0.0195940626,"Factor6":0.0702234951},"LD2214":{"Factor1":1.0798481365,"Factor2":1.2858730161,"Factor3":0.2520901001,"Factor4":0.5174740037,"Factor5":0.1620618228,"Factor6":-0.0530023663},"LD2215":{"Factor1":0.9960674772,"Factor2":-0.4354768733,"Factor3":0.2195979214,"Factor4":-0.19447454,"Factor5":0.5522494338,"Factor6":-0.1847395011},"LD2166":{"Factor1":-0.735311013,"Factor2":0.2576350238,"Factor3":-0.266510319,"Factor4":-0.5635717049,"Factor5":0.2737547947,"Factor6":-0.0239235617},"LD2157":{"Factor1":0.0785794404,"Factor2":-0.4990959633,"Factor3":-0.6893905695,"Factor4":0.0102350187,"Factor5":-0.3937672697,"Factor6":-0.0569379287},"LD2158":{"Factor1":0.1958723262,"Factor2":-0.7508673622,"Factor3":-0.4966017852,"Factor4":-0.1859019551,"Factor5":-0.1943359607,"Factor6":-0.2623448522},"LD2223":{"Factor1":0.4091451075,"Factor2":-0.9605268296,"Factor3":-0.4637205436,"Factor4":0.6114625935,"Factor5":0.3250271074,"Factor6":-0.2399159212},"LD2225":{"Factor1":0.1942750513,"Factor2":0.8506356039,"Factor3":-0.1731706188,"Factor4":0.5622842041,"Factor5":-0.2754224462,"Factor6":-0.0105539881}}