{"LD2169":{"Factor1":0.2720708172,"Factor2":-0.1227660924,"Factor3":1.461989242,"Factor4":-0.0184080815},"LD2170":{"Factor1":1.2755502449,"Factor2":-0.6167638624,"Factor3":-1.2679181039,"Factor4":-1.5098999644},"LD2171":{"Factor1":-2.2124414197,"Factor2":-0.1935476389,"Factor3":-0.4239146839,"Factor4":0.2758568279},"LD2243":{"Factor1":1.3413708372,"Factor2":-1.2181214273,"Factor3":-0.916084928,"Factor4":0.2155061993},"LD2244":{"Factor1":-0.3879816547,"Factor2":-1.0985349097,"Factor3":1.0494113751,"Factor4":0.4231408579},"LD2245":{"Factor1":1.3546594969,"Factor2":-0.8870706286,"Factor3":-2.6355875457,"Factor4":0.5872663111},"LD2162":{"Factor1":-0.8875268783,"Factor2":1.0252078724,"Factor3":-0.4663923082,"Factor4":-1.4138221652},"LD2163":{"Factor1":1.3771891328,"Factor2":0.7616498441,"Factor3":0.0377304804,"Factor4":-0.265117939},"LD2164":{"Factor1":-0.1864194685,"Factor2":0.5587416857,"Factor3":0.541341575,"Factor4":-1.1588380562},"LD2213":{"Factor1":0.8363861117,"Factor2":0.8153758243,"Factor3":1.7262389007,"Factor4":-0.4905558773},"LD2214":{"Factor1":-1.8457678492,"Factor2":0.465456504,"Factor3":0.3550005248,"Factor4":-1.1630467255},"LD2215":{"Factor1":-0.5732671367,"Factor2":0.5350219602,"Factor3":-0.7176268286,"Factor4":2.1035897439},"LD2166":{"Factor1":0.5443399058,"Factor2":1.344438893,"Factor3":0.3335921578,"Factor4":0.2011701686},"LD2157":{"Factor1":-0.2264069005,"Factor2":1.0529353692,"Factor3":-0.2280433864,"Factor4":0.5035173751},"LD2158":{"Factor1":0.2767529766,"Factor2":1.3959971165,"Factor3":0.1979847397,"Factor4":1.8293372081},"LD2223":{"Factor1":1.0263159079,"Factor2":-1.1787665935,"Factor3":-0.1528921308,"Factor4":0.2782930546},"LD2224":{"Factor1":-0.3861642351,"Factor2":-1.5713215394,"Factor3":0.3806366395,"Factor4":0.2190356314},"LD2225":{"Factor1":-1.5986598882,"Factor2":-1.0679323773,"Factor3":0.7245342804,"Factor4":-0.6170245688}}