{"C1KO2":{"Factor1":-1.4547698022,"Factor2":-0.7598966335,"Factor3":-0.6532439091,"Factor4":-1.337911066,"Factor5":1.0637104478,"Factor6":0.1687966848},"C1KO3":{"Factor1":-1.5654594539,"Factor2":0.1768194872,"Factor3":0.1940578704,"Factor4":1.0127977917,"Factor5":-0.1901663504,"Factor6":-1.1337993703},"C1KO4":{"Factor1":-0.2575544222,"Factor2":0.19000708,"Factor3":1.1722530562,"Factor4":-0.2545863836,"Factor5":-0.0200083202,"Factor6":-0.3764360247},"C1KO6":{"Factor1":0.887507404,"Factor2":-0.1776603781,"Factor3":0.6841375637,"Factor4":0.5201925538,"Factor5":0.6188957281,"Factor6":-0.9891914429},"C1KO9":{"Factor1":-0.5427317657,"Factor2":0.0468666298,"Factor3":2.0230611208,"Factor4":-1.6405334048,"Factor5":0.2092194001,"Factor6":1.3705358274},"C1WT1":{"Factor1":-1.5904560235,"Factor2":-0.2901369477,"Factor3":-1.0506876998,"Factor4":0.2845230016,"Factor5":1.0197144654,"Factor6":-0.2661987121},"C1WT2":{"Factor1":1.1462970882,"Factor2":3.4571128678,"Factor3":-0.3256207556,"Factor4":0.0611789661,"Factor5":0.1897461492,"Factor6":-0.1277968933},"C1WT3":{"Factor1":1.4585697163,"Factor2":-0.0733396021,"Factor3":0.3062756027,"Factor4":0.4742556029,"Factor5":1.3075045191,"Factor6":0.1772169888},"C1WT4":{"Factor1":-0.6244410596,"Factor2":0.4471763638,"Factor3":0.1712080768,"Factor4":0.282487745,"Factor5":-0.1263958934,"Factor6":-1.1590953874},"C2KO3":{"Factor1":-0.1668949368,"Factor2":0.0877621102,"Factor3":-0.1267116629,"Factor4":0.1407823219,"Factor5":-1.3872308767,"Factor6":0.3877844064},"C2KO5":{"Factor1":0.181373425,"Factor2":-0.5097486069,"Factor3":-0.1072840311,"Factor4":-0.5610170611,"Factor5":-0.6284679702,"Factor6":-0.3113465412},"C2KO9":{"Factor1":-0.063177438,"Factor2":-0.7373424935,"Factor3":-1.499361397,"Factor4":-0.8581419239,"Factor5":-0.2866866694,"Factor6":0.425260482},"C2WT2":{"Factor1":-0.5819850618,"Factor2":-0.2582154792,"Factor3":-0.456081803,"Factor4":1.4473708887,"Factor5":-0.3567391474,"Factor6":1.1973732013},"C2WT3":{"Factor1":0.5763751332,"Factor2":0.1294793674,"Factor3":0.0859131567,"Factor4":1.162353413,"Factor5":0.04111214,"Factor6":1.3331722336},"C2WT4":{"Factor1":1.6097702788,"Factor2":-0.6792679256,"Factor3":-0.1528431962,"Factor4":-0.0579890178,"Factor5":-0.5165931864,"Factor6":-0.2560169876},"C2WT6":{"Factor1":0.9875769182,"Factor2":-1.0496158399,"Factor3":-0.2650719924,"Factor4":-0.6757634276,"Factor5":-0.9376144359,"Factor6":-0.440258465}}