{"WT1":{"Factor1":1.6552907448,"Factor2":-0.3746421426,"Factor3":0.0883962205,"Factor4":0.5140317556},"WT2":{"Factor1":1.8316029668,"Factor2":0.0647886809,"Factor3":-0.5332216661,"Factor4":0.4483378866},"WT3":{"Factor1":1.7565095649,"Factor2":-0.1071972353,"Factor3":-0.3031496292,"Factor4":0.5812831563},"KO1":{"Factor1":-1.1170308816,"Factor2":0.8199609882,"Factor3":1.6852255482,"Factor4":0.5264669689},"KO2":{"Factor1":-1.1242654228,"Factor2":1.4580316755,"Factor3":-0.7480041767,"Factor4":0.4623163799},"KO3":{"Factor1":-0.9573967522,"Factor2":1.2980971413,"Factor3":-1.2604727473,"Factor4":0.3323907982},"KI1":{"Factor1":-0.9872835109,"Factor2":-1.2517623237,"Factor3":-0.0468935715,"Factor4":0.5812657344},"KI2":{"Factor1":-0.9929632164,"Factor2":-1.6112566946,"Factor3":-0.1766652916,"Factor4":0.2161385807},"KI3":{"Factor1":-0.9456937891,"Factor2":-1.38995033,"Factor3":-0.5998501086,"Factor4":0.3127239868}}