{"LD2157":{"Factor1":0.3363216126,"Factor2":0.0141611569,"Factor3":0.1756295018,"Factor4":-0.6587082987,"Factor5":0.1570060382,"Factor6":0.4602859511,"Factor7":0.1338532087,"Factor8":0.342765677},"LD2158":{"Factor1":0.5720247876,"Factor2":0.1771055781,"Factor3":-0.3323129594,"Factor4":-0.9088813651,"Factor5":-0.1931837306,"Factor6":0.2770462351,"Factor7":0.1900105324,"Factor8":0.1744800553},"LD2162":{"Factor1":-0.6908177548,"Factor2":-0.6600956052,"Factor3":0.5069292018,"Factor4":-0.050861682,"Factor5":-0.2324281814,"Factor6":0.2434931207,"Factor7":-0.0292203234,"Factor8":-0.2487177206},"LD2163":{"Factor1":-0.3272837371,"Factor2":-0.3177760172,"Factor3":-0.9911023693,"Factor4":-0.4366962524,"Factor5":0.2818230738,"Factor6":-0.1363877952,"Factor7":-0.2178579874,"Factor8":0.0384199801},"LD2164":{"Factor1":-0.6125729981,"Factor2":-0.7743632091,"Factor3":0.125044286,"Factor4":-0.3145196028,"Factor5":0.1171897379,"Factor6":0.1180572366,"Factor7":-0.1044044732,"Factor8":-0.0052602311},"LD2166":{"Factor1":-0.2355487019,"Factor2":-0.4740391874,"Factor3":-0.6157989275,"Factor4":-0.7510172392,"Factor5":-0.1182703268,"Factor6":0.0165645579,"Factor7":-0.1686880835,"Factor8":-0.0506586073},"LD2169":{"Factor1":-0.0937912947,"Factor2":-0.6633076268,"Factor3":-0.1597797719,"Factor4":0.2409010523,"Factor5":-0.3911858882,"Factor6":0.1856875047,"Factor7":-0.2184879578,"Factor8":0.2179925981},"LD2170":{"Factor1":-0.4683093723,"Factor2":-0.4111398054,"Factor3":-0.6047861856,"Factor4":0.5237388234,"Factor5":0.0599835734,"Factor6":-0.7027372251,"Factor7":0.7913689725,"Factor8":0.1307797324},"LD2171":{"Factor1":0.278012191,"Factor2":1.4196775359,"Factor3":0.9935366984,"Factor4":0.2194682026,"Factor5":-0.1882179264,"Factor6":-0.1636415891,"Factor7":-0.0903174224,"Factor8":0.3069706165},"LD2214":{"Factor1":-0.8403108727,"Factor2":0.7193183766,"Factor3":1.1034654434,"Factor4":-0.0673784527,"Factor5":-0.2529781694,"Factor6":0.0570551789,"Factor7":0.0272009632,"Factor8":-0.3463773707},"LD2215":{"Factor1":0.5112753667,"Factor2":0.7436921147,"Factor3":0.0972966476,"Factor4":-0.7087161458,"Factor5":0.3326978192,"Factor6":-0.2572723659,"Factor7":0.0316843411,"Factor8":-0.3608804201},"LD2223":{"Factor1":0.7785286071,"Factor2":0.2621493754,"Factor3":-0.4558854315,"Factor4":0.7893798022,"Factor5":-0.0010008641,"Factor6":0.5287947921,"Factor7":0.2077264492,"Factor8":-0.3671333845},"LD2225":{"Factor1":-0.5136714155,"Factor2":0.0267148161,"Factor3":0.9634505294,"Factor4":0.6565847815,"Factor5":0.0995929362,"Factor6":0.3536954975,"Factor7":-0.0030302984,"Factor8":0.0487886021},"LD2243":{"Factor1":0.3013378317,"Factor2":-0.1061617631,"Factor3":-0.652798259,"Factor4":0.5542626711,"Factor5":0.0941498666,"Factor6":0.2341883221,"Factor7":-0.0119609158,"Factor8":0.1194638489},"LD2244":{"Factor1":1.1264049403,"Factor2":-0.826720006,"Factor3":0.5645543146,"Factor4":0.3515976903,"Factor5":-0.1532611617,"Factor6":-0.7327940173,"Factor7":-0.1185290283,"Factor8":-0.0854264972},"LD2245":{"Factor1":-0.2721536149,"Factor2":0.8513656181,"Factor3":-0.789137108,"Factor4":0.372776543,"Factor5":0.4017390092,"Factor6":-0.4496890097,"Factor7":-0.3452997271,"Factor8":0.0860441083}}