{"LD2157":{"Factor1":0.3323703969,"Factor2":0.0105085899,"Factor3":0.1756697676,"Factor4":-0.6557165935,"Factor5":-0.1588773811,"Factor6":0.4608132037,"Factor7":0.1345871676,"Factor8":0.3411814589},"LD2158":{"Factor1":0.5721889522,"Factor2":0.1727558905,"Factor3":-0.3341305478,"Factor4":-0.9055230323,"Factor5":0.1954796552,"Factor6":0.2790388998,"Factor7":0.1910487105,"Factor8":0.1744503362},"LD2162":{"Factor1":-0.7002411385,"Factor2":-0.6555732286,"Factor3":0.5093789173,"Factor4":-0.0503479211,"Factor5":0.2348664304,"Factor6":0.2410912456,"Factor7":-0.0296489022,"Factor8":-0.2468752222},"LD2163":{"Factor1":-0.3290985328,"Factor2":-0.3152515196,"Factor3":-0.9965106684,"Factor4":-0.4340836381,"Factor5":-0.2856111651,"Factor6":-0.1389157372,"Factor7":-0.2187283208,"Factor8":0.0374235196},"LD2164":{"Factor1":-0.6214741438,"Factor2":-0.7695989645,"Factor3":0.1246707082,"Factor4":-0.3126318562,"Factor5":-0.1186578205,"Factor6":0.1144857538,"Factor7":-0.105589941,"Factor8":-0.0057491238},"LD2166":{"Factor1":-0.2395575246,"Factor2":-0.4713425428,"Factor3":-0.6191107428,"Factor4":-0.7474935039,"Factor5":0.1193262032,"Factor6":0.0147181799,"Factor7":-0.1695239698,"Factor8":-0.0502683666},"LD2169":{"Factor1":-0.0991662251,"Factor2":-0.6623555043,"Factor3":-0.1608391044,"Factor4":0.2387712713,"Factor5":0.3961926362,"Factor6":0.184627863,"Factor7":-0.2192615835,"Factor8":0.215634703},"LD2170":{"Factor1":-0.4669646291,"Factor2":-0.4107377453,"Factor3":-0.6068927195,"Factor4":0.5221109493,"Factor5":-0.060899315,"Factor6":-0.7088215421,"Factor7":0.7899442174,"Factor8":0.1279884165},"LD2171":{"Factor1":0.2871613187,"Factor2":1.4170589008,"Factor3":1.0014675685,"Factor4":0.2187231669,"Factor5":0.1902607741,"Factor6":-0.1622671089,"Factor7":-0.08925814,"Factor8":0.3050938845},"LD2214":{"Factor1":-0.8428664378,"Factor2":0.7249119833,"Factor3":1.1108454155,"Factor4":-0.0660341339,"Factor5":0.2553529403,"Factor6":0.0543278084,"Factor7":0.0279695792,"Factor8":-0.3437177921},"LD2215":{"Factor1":0.5204274428,"Factor2":0.7413187712,"Factor3":0.0971747168,"Factor4":-0.705301843,"Factor5":-0.3366378176,"Factor6":-0.2526377576,"Factor7":0.0327554166,"Factor8":-0.3582763089},"LD2223":{"Factor1":0.7798124813,"Factor2":0.2570749639,"Factor3":-0.4598632104,"Factor4":0.7842253973,"Factor5":0.00160798,"Factor6":0.5349342708,"Factor7":0.2099618988,"Factor8":-0.3616418827},"LD2225":{"Factor1":-0.5206607386,"Factor2":0.0299795343,"Factor3":0.9676924125,"Factor4":0.6534648379,"Factor5":-0.1004047788,"Factor6":0.3507668097,"Factor7":-0.0033437457,"Factor8":0.0483665796},"LD2243":{"Factor1":0.3007962425,"Factor2":-0.1085774738,"Factor3":-0.6567377644,"Factor4":0.5513135057,"Factor5":-0.0950228109,"Factor6":0.2358299031,"Factor7":-0.0112109972,"Factor8":0.1195356518},"LD2244":{"Factor1":1.1394725459,"Factor2":-0.8330067689,"Factor3":0.5672615869,"Factor4":0.3492350547,"Factor5":0.1559285534,"Factor6":-0.7253160868,"Factor7":-0.1195942319,"Factor8":-0.0867012439},"LD2245":{"Factor1":-0.2648046665,"Factor2":0.8537448296,"Factor3":-0.7918865509,"Factor4":0.3721014763,"Factor5":-0.4068337361,"Factor6":-0.4514217518,"Factor7":-0.3459918723,"Factor8":0.0845757348}}