{"LD2157":{"Factor1":0.0354116748,"Factor2":-0.0692421592,"Factor3":-0.7729397774,"Factor4":-0.348197442,"Factor5":-0.306516275,"Factor6":0.1174134147,"Factor7":0.1214403692,"Factor8":-0.3446318073},"LD2158":{"Factor1":0.269462587,"Factor2":-0.4527988902,"Factor3":-0.6432191993,"Factor4":-0.6476301057,"Factor5":-0.2781658498,"Factor6":-0.1410009947,"Factor7":0.2116956589,"Factor8":-0.1413615164},"LD2162":{"Factor1":-0.9008474195,"Factor2":0.9329402642,"Factor3":0.0369427157,"Factor4":0.0180116295,"Factor5":-0.1048568728,"Factor6":-0.1337821064,"Factor7":-0.0356735918,"Factor8":0.2258362749},"LD2163":{"Factor1":-0.4588583989,"Factor2":-0.2223363737,"Factor3":0.3969114249,"Factor4":-0.6422245088,"Factor5":0.2300635735,"Factor6":0.1410512826,"Factor7":-0.2228719581,"Factor8":-0.0417445254},"LD2164":{"Factor1":-1.0151230726,"Factor2":0.5603421917,"Factor3":0.1850278598,"Factor4":-0.2270442161,"Factor5":-0.0942516882,"Factor6":0.0921170207,"Factor7":-0.0778154269,"Factor8":-0.0293187746},"LD2166":{"Factor1":-0.6101024336,"Factor2":-0.0854517686,"Factor3":0.1990481368,"Factor4":-0.7503063963,"Factor5":-0.0430970603,"Factor6":-0.1059586256,"Factor7":-0.1788141001,"Factor8":0.0745420256},"LD2169":{"Factor1":-0.7962394456,"Factor2":0.0287885996,"Factor3":-0.1743513095,"Factor4":0.1243857239,"Factor5":0.107451301,"Factor6":-0.2562131934,"Factor7":-0.2211351532,"Factor8":-0.2744981329},"LD2170":{"Factor1":-0.4972701794,"Factor2":-0.4944521103,"Factor3":0.9531633888,"Factor4":0.2088444415,"Factor5":0.4027582387,"Factor6":0.0030537246,"Factor7":0.8518492451,"Factor8":-0.0634762297},"LD2171":{"Factor1":1.6895014267,"Factor2":0.0789274306,"Factor3":0.0581468345,"Factor4":0.4748241338,"Factor5":-0.3051641416,"Factor6":-0.0953035549,"Factor7":-0.0771963672,"Factor8":-0.3532065736},"LD2214":{"Factor1":0.6328779481,"Factor2":1.4087679533,"Factor3":0.4173393643,"Factor4":0.2121214723,"Factor5":-0.2885500934,"Factor6":-0.1223107157,"Factor7":0.0687577287,"Factor8":0.2656889269},"LD2215":{"Factor1":0.9802830882,"Factor2":-0.3880820886,"Factor3":0.0755545081,"Factor4":-0.3820301552,"Factor5":-0.3370154761,"Factor6":0.2334067947,"Factor7":0.0275347853,"Factor8":0.4365858214},"LD2223":{"Factor1":0.4078986688,"Factor2":-0.2815924422,"Factor3":-1.0522718651,"Factor4":0.333935381,"Factor5":0.4882978454,"Factor6":-0.0332038976,"Factor7":0.0760096752,"Factor8":0.4301237635},"LD2225":{"Factor1":-0.1067214432,"Factor2":1.0842597568,"Factor3":-0.1312300345,"Factor4":0.6089076381,"Factor5":0.0237473011,"Factor6":0.1082621607,"Factor7":0.0226155521,"Factor8":-0.1494472751},"LD2243":{"Factor1":-0.1054410283,"Factor2":-0.3444737839,"Factor3":-0.4562972843,"Factor4":0.0652560088,"Factor5":0.4420446471,"Factor6":0.019494759,"Factor7":-0.0506032006,"Factor8":-0.1234258313},"LD2244":{"Factor1":-0.4885910904,"Factor2":-1.426176685,"Factor3":0.144930085,"Factor4":0.9492446145,"Factor5":-0.4441816907,"Factor6":-0.0282464017,"Factor7":-0.1224125804,"Factor8":0.223205083},"LD2245":{"Factor1":0.8944529727,"Factor2":-0.2056542127,"Factor3":0.7986257679,"Factor4":-0.1271638035,"Factor5":0.4871355465,"Factor6":0.2086941213,"Factor7":-0.3195090612,"Factor8":-0.1458871516}}