{"LD2169":{"Factor1":0.3512696128,"Factor2":-0.1110871685,"Factor3":1.336899942,"Factor4":-0.2384178736,"Factor5":-1.8058680791},"LD2170":{"Factor1":1.3391034927,"Factor2":-0.5967608991,"Factor3":-1.2160337607,"Factor4":1.7728548509,"Factor5":-0.4608794768},"LD2171":{"Factor1":-2.1867235989,"Factor2":-0.1778917298,"Factor3":-0.4618746784,"Factor4":-0.2358784992,"Factor5":-0.9609357632},"LD2243":{"Factor1":1.3965271537,"Factor2":-1.1605785125,"Factor3":-0.8978678957,"Factor4":-0.0710927096,"Factor5":0.499273017},"LD2244":{"Factor1":-0.4525761948,"Factor2":-1.2363933149,"Factor3":1.0863021636,"Factor4":-0.8515811344,"Factor5":-1.5433953146},"LD2245":{"Factor1":1.4255504282,"Factor2":-0.730545564,"Factor3":-2.6412689493,"Factor4":-0.2488778358,"Factor5":0.9666465843},"LD2162":{"Factor1":-0.8476243476,"Factor2":1.0859095731,"Factor3":-0.4409173681,"Factor4":1.6830557263,"Factor5":-0.4396076886},"LD2163":{"Factor1":1.3448790309,"Factor2":0.7398987973,"Factor3":0.0699771929,"Factor4":0.3559606066,"Factor5":0.3739326358},"LD2164":{"Factor1":-0.1559543945,"Factor2":0.525244507,"Factor3":0.5913202668,"Factor4":1.147997502,"Factor5":0.128749492},"LD2213":{"Factor1":0.7696599694,"Factor2":0.6769139339,"Factor3":1.7729213746,"Factor4":0.3044066932,"Factor5":-0.4172608118},"LD2214":{"Factor1":-1.8224217171,"Factor2":0.4043179676,"Factor3":0.4974879096,"Factor4":1.3083728596,"Factor5":0.8481916278},"LD2215":{"Factor1":-0.5944070102,"Factor2":0.585975333,"Factor3":-0.8240645014,"Factor4":-2.0413125797,"Factor5":0.3659531359},"LD2166":{"Factor1":0.5359793483,"Factor2":1.3598937363,"Factor3":0.2957874574,"Factor4":-0.2312869869,"Factor5":0.4236981469},"LD2157":{"Factor1":-0.2287086822,"Factor2":1.0901483964,"Factor3":-0.2776941123,"Factor4":-0.3373407159,"Factor5":0.7138156723},"LD2158":{"Factor1":0.2509179975,"Factor2":1.3995439267,"Factor3":0.0651858858,"Factor4":-1.8706978132,"Factor5":-0.4682270712},"LD2223":{"Factor1":1.0044560936,"Factor2":-1.190603422,"Factor3":-0.0975282471,"Factor4":-0.4357836617,"Factor5":1.7469899184},"LD2224":{"Factor1":-0.369523096,"Factor2":-1.4669353362,"Factor3":0.2646829615,"Factor4":-0.326884652,"Factor5":-1.4796947886},"LD2225":{"Factor1":-1.7604040857,"Factor2":-1.1970502244,"Factor3":0.8766843588,"Factor4":0.3165062234,"Factor5":1.5086187631}}