{"C1KO2":{"Factor1":-2.0106734992,"Factor2":-0.5562069368,"Factor3":-0.398973288,"Factor4":-1.2913466274,"Factor5":0.8270773375},"C1KO3":{"Factor1":-1.328339656,"Factor2":0.1606413347,"Factor3":-0.1052968867,"Factor4":1.3242146891,"Factor5":-0.6127121673},"C1KO4":{"Factor1":-0.2943628692,"Factor2":0.1944603464,"Factor3":1.2073688587,"Factor4":0.0202040346,"Factor5":0.3531607526},"C1KO6":{"Factor1":0.9371196423,"Factor2":-0.2169361513,"Factor3":0.5036534591,"Factor4":0.3411775526,"Factor5":0.0246828236},"C1KO9":{"Factor1":-0.6367469868,"Factor2":0.1294053486,"Factor3":1.9180017319,"Factor4":-0.9083398244,"Factor5":0.2413064918},"C1WT1":{"Factor1":-1.8933662039,"Factor2":-0.1361587971,"Factor3":-0.8386126589,"Factor4":0.2847513289,"Factor5":0.9425211985},"C1WT2":{"Factor1":1.4050571177,"Factor2":3.3964246992,"Factor3":-0.4266438347,"Factor4":0.0968931637,"Factor5":0.8676496644},"C1WT3":{"Factor1":1.2642819493,"Factor2":-0.0886641861,"Factor3":0.2528904578,"Factor4":-0.3471843514,"Factor5":1.1180114088},"C1WT4":{"Factor1":-0.5846142903,"Factor2":0.4914684855,"Factor3":0.1433019407,"Factor4":0.5636769988,"Factor5":-0.8519971428},"C2KO3":{"Factor1":0.0969782112,"Factor2":0.0692736592,"Factor3":-0.0646230703,"Factor4":0.4990842978,"Factor5":-0.5033951367},"C2KO5":{"Factor1":0.2933385997,"Factor2":-0.5441097654,"Factor3":-0.1940462757,"Factor4":-0.5190746764,"Factor5":-0.569922347},"C2KO9":{"Factor1":-0.3556049796,"Factor2":-0.6081210547,"Factor3":-1.3183598794,"Factor4":-1.2117927908,"Factor5":-0.888286487},"C2WT2":{"Factor1":-0.1611941914,"Factor2":-0.457220026,"Factor3":-0.6038714816,"Factor4":1.4964622814,"Factor5":0.5425269245},"C2WT3":{"Factor1":0.5509053228,"Factor2":0.1646553589,"Factor3":0.1563397778,"Factor4":0.1451464031,"Factor5":-1.0044842804},"C2WT4":{"Factor1":1.6973234641,"Factor2":-0.8481750441,"Factor3":-0.1425854152,"Factor4":-0.1788429793,"Factor5":-0.6773976472},"C2WT6":{"Factor1":1.0198983694,"Factor2":-1.1507372712,"Factor3":-0.0885434357,"Factor4":-0.3150295004,"Factor5":0.1912586068}}