{"LD2157":{"Factor1":0.9207015538,"Factor2":1.0519815998,"Factor3":0.3647175199,"Factor4":-0.0959569446,"Factor5":-0.4439830668,"Factor6":0.0623705621,"Factor7":0.4203498714,"Factor8":-0.1626594296},"LD2158":{"Factor1":-0.5012128576,"Factor2":1.648609532,"Factor3":-0.1067936386,"Factor4":1.2270380425,"Factor5":-0.5165202568,"Factor6":0.1851889729,"Factor7":-0.0584195826,"Factor8":-0.1158670892},"LD2162":{"Factor1":-1.1340660833,"Factor2":0.517059373,"Factor3":0.6239634939,"Factor4":-1.09057077,"Factor5":0.1912174805,"Factor6":0.2708695878,"Factor7":0.0777184562,"Factor8":0.1068540712},"LD2163":{"Factor1":1.4619287812,"Factor2":0.6456361871,"Factor3":-0.9191813464,"Factor4":-0.4548573118,"Factor5":-0.1610738133,"Factor6":-0.0958614931,"Factor7":-0.4802668954,"Factor8":0.0666691097},"LD2164":{"Factor1":0.5610156243,"Factor2":0.6261226605,"Factor3":0.2129309687,"Factor4":-0.6353147551,"Factor5":0.0227618686,"Factor6":-0.190251642,"Factor7":0.0327473429,"Factor8":-0.1864088533},"LD2166":{"Factor1":-0.2043088998,"Factor2":1.3573217343,"Factor3":-0.3051842945,"Factor4":0.0594444064,"Factor5":-0.4254018835,"Factor6":0.0483144209,"Factor7":0.1198312604,"Factor8":0.0354253129},"LD2169":{"Factor1":-1.9770323615,"Factor2":0.0681952033,"Factor3":-0.2387833665,"Factor4":0.2654729342,"Factor5":-0.0312701421,"Factor6":-0.3936688386,"Factor7":-0.405738878,"Factor8":-0.0842221514},"LD2170":{"Factor1":0.0385746176,"Factor2":-0.8858779293,"Factor3":-0.8152152729,"Factor4":-1.0466427219,"Factor5":0.20433613,"Factor6":0.4933095694,"Factor7":0.3178526837,"Factor8":-0.4157737421},"LD2171":{"Factor1":-0.9001125234,"Factor2":-0.3910742493,"Factor3":1.1569594581,"Factor4":0.2891336553,"Factor5":-0.1325418663,"Factor6":0.244533895,"Factor7":-0.0190085592,"Factor8":-0.1083223408},"LD2213":{"Factor1":0.5682548929,"Factor2":0.8350904235,"Factor3":-0.4216555994,"Factor4":-0.2643611872,"Factor5":0.7012932105,"Factor6":-0.6757942717,"Factor7":-0.0684323228,"Factor8":-0.1724753866},"LD2214":{"Factor1":-1.2224614908,"Factor2":0.5848162368,"Factor3":1.1199122457,"Factor4":-0.8447272003,"Factor5":0.1136313144,"Factor6":0.0150737975,"Factor7":-0.0310055725,"Factor8":0.6224399272},"LD2215":{"Factor1":1.9161451501,"Factor2":0.6262615587,"Factor3":0.3994563059,"Factor4":1.0132382526,"Factor5":0.4742266146,"Factor6":0.0746904855,"Factor7":0.2148183268,"Factor8":0.2653999947},"LD2223":{"Factor1":-0.2586769352,"Factor2":-1.3973342457,"Factor3":-0.8419694653,"Factor4":0.4315886328,"Factor5":-0.2799613914,"Factor6":-0.2673892148,"Factor7":0.4370293796,"Factor8":0.4088007363},"LD2224":{"Factor1":-0.631417882,"Factor2":-1.3193515187,"Factor3":0.3667517791,"Factor4":0.283235055,"Factor5":-0.1966180243,"Factor6":-0.4006413016,"Factor7":0.0176967173,"Factor8":-0.2896651228},"LD2225":{"Factor1":0.2311705551,"Factor2":-1.2185024525,"Factor3":0.9276715201,"Factor4":-0.353879685,"Factor5":-0.2417701835,"Factor6":-0.5313606829,"Factor7":-0.0983113299,"Factor8":0.1424720767},"LD2243":{"Factor1":0.2057295725,"Factor2":-1.0871444176,"Factor3":-0.9601991259,"Factor4":-0.0555696457,"Factor5":-0.1083922774,"Factor6":0.2377116707,"Factor7":0.1248412781,"Factor8":0.0084102987},"LD2244":{"Factor1":-0.8427036706,"Factor2":-0.6316456599,"Factor3":0.3006740156,"Factor4":1.4573060039,"Factor5":0.8256652602,"Factor6":0.3230748889,"Factor7":-0.0796390485,"Factor8":-0.1368362708},"LD2245":{"Factor1":1.7298585331,"Factor2":-1.0681053356,"Factor3":-0.926526527,"Factor4":-0.2006468419,"Factor5":-0.0194501118,"Factor6":0.6022030237,"Factor7":-0.5354676068,"Factor8":0.0458428595}}