{"LD2157":{"Factor1":-0.1179569079,"Factor2":0.0812147986,"Factor3":0.3607514599,"Factor4":-0.6485279088,"Factor5":0.4730161735,"Factor6":0.1073996059,"Factor7":0.2132111706},"LD2158":{"Factor1":-0.1180603392,"Factor2":0.1241857656,"Factor3":0.6732770874,"Factor4":-0.8154885128,"Factor5":0.3395133799,"Factor6":0.2335089305,"Factor7":0.1903992113},"LD2162":{"Factor1":0.6378639582,"Factor2":-0.6233871369,"Factor3":-0.6946074114,"Factor4":-0.0878679579,"Factor5":0.2582667834,"Factor6":-0.0696186894,"Factor7":-0.2505289994},"LD2163":{"Factor1":-1.0533503393,"Factor2":-0.4790418434,"Factor3":-0.2421018106,"Factor4":-0.2477285663,"Factor5":-0.0797311214,"Factor6":-0.1979293177,"Factor7":0.0939246394},"LD2164":{"Factor1":-0.0618480543,"Factor2":-0.7844354921,"Factor3":-0.6193139037,"Factor4":-0.3027000813,"Factor5":0.1598280672,"Factor6":-0.1230994594,"Factor7":-0.0496209444},"LD2166":{"Factor1":-0.4239883236,"Factor2":-0.6169896366,"Factor3":-0.1333368339,"Factor4":-0.6243520004,"Factor5":0.0832034003,"Factor6":-0.1529845234,"Factor7":0.023921104},"LD2169":{"Factor1":0.5181438366,"Factor2":-0.7251749767,"Factor3":0.0455250286,"Factor4":0.2937497887,"Factor5":0.2334125237,"Factor6":-0.1929146497,"Factor7":0.2229904957},"LD2170":{"Factor1":-0.4116364553,"Factor2":-0.5937405932,"Factor3":-0.3776666059,"Factor4":0.6384319404,"Factor5":-0.6373728797,"Factor6":0.8304416853,"Factor7":0.117702709},"LD2171":{"Factor1":0.8606845304,"Factor2":1.4842464289,"Factor3":0.1294670263,"Factor4":0.0294967443,"Factor5":-0.1976494121,"Factor6":-0.0633935643,"Factor7":0.3532835727},"LD2214":{"Factor1":0.9240842656,"Factor2":0.7880120213,"Factor3":-1.0099676277,"Factor4":-0.2259125097,"Factor5":0.0171625656,"Factor6":0.0072292824,"Factor7":-0.2804507061},"LD2215":{"Factor1":-0.5356218661,"Factor2":0.8257115146,"Factor3":0.3631869591,"Factor4":-0.7983973559,"Factor5":-0.3166272814,"Factor6":-0.0030848413,"Factor7":-0.3232118804},"LD2223":{"Factor1":-0.1870373796,"Factor2":0.363198298,"Factor3":0.8588459867,"Factor4":0.8622755482,"Factor5":0.4175725173,"Factor6":0.1454724057,"Factor7":-0.3831686523},"LD2225":{"Factor1":0.6817822187,"Factor2":0.1696754302,"Factor3":-0.647645842,"Factor4":0.470933252,"Factor5":0.3138369303,"Factor6":-0.0034808505,"Factor7":-0.0562376158},"LD2243":{"Factor1":-0.4448155553,"Factor2":-0.1384448127,"Factor3":0.4076385071,"Factor4":0.6862307552,"Factor5":0.233007488,"Factor6":-0.0088495567,"Factor7":0.1009844872},"LD2244":{"Factor1":0.8105427097,"Factor2":-0.6517172757,"Factor3":1.0923011628,"Factor4":0.1657973574,"Factor5":-0.7870916256,"Factor6":-0.1387923459,"Factor7":-0.1264257266},"LD2245":{"Factor1":-1.1668545808,"Factor2":0.7423219028,"Factor3":-0.3395790369,"Factor4":0.4615753521,"Factor5":-0.4613571839,"Factor6":-0.3034015335,"Factor7":0.1589433006}}