{"LD2157":{"Factor1":0.0861395709,"Factor2":-0.4584306286,"Factor3":-0.0327773621,"Factor4":-0.2297207221,"Factor5":-0.710907262,"Factor6":0.0396081898,"Factor7":-0.3894138339},"LD2158":{"Factor1":0.2241584064,"Factor2":-0.7122048997,"Factor3":-0.2320541756,"Factor4":-0.3157867044,"Factor5":-0.5038887881,"Factor6":0.2526533761,"Factor7":-0.1766860101},"LD2162":{"Factor1":-0.8413222662,"Factor2":0.933916394,"Factor3":0.3230487504,"Factor4":-0.0822817143,"Factor5":-0.2830567662,"Factor6":0.0136738793,"Factor7":0.2424599023},"LD2163":{"Factor1":-0.5996289923,"Factor2":0.1918164007,"Factor3":-0.6144759329,"Factor4":0.0706009308,"Factor5":0.0141815635,"Factor6":-0.1092422958,"Factor7":0.1164078275},"LD2164":{"Factor1":-1.0329433326,"Factor2":0.7721123155,"Factor3":-0.0427331229,"Factor4":-0.1373934351,"Factor5":-0.2067756769,"Factor6":-0.082658593,"Factor7":0.028927054},"LD2166":{"Factor1":-0.7452357051,"Factor2":0.2394572901,"Factor3":-0.5753314783,"Factor4":0.0122494596,"Factor5":-0.1931842427,"Factor6":0.0340877995,"Factor7":0.2531164728},"LD2169":{"Factor1":-0.8359014857,"Factor2":0.1345850711,"Factor3":0.002424424,"Factor4":0.1643894825,"Factor5":-0.3862621794,"Factor6":-0.214540005,"Factor7":-0.2561189742},"LD2170":{"Factor1":-0.9445031572,"Factor2":-0.192356672,"Factor3":-0.0008981557,"Factor4":0.0184408252,"Factor5":1.4174084725,"Factor6":0.5408448806,"Factor7":-0.3072571928},"LD2171":{"Factor1":1.991824864,"Factor2":-0.1448805822,"Factor3":-0.0038636768,"Factor4":-0.0601141628,"Factor5":0.2298011465,"Factor6":-0.226721118,"Factor7":-0.370786937},"LD2214":{"Factor1":1.0275683573,"Factor2":1.3023437462,"Factor3":0.4830896153,"Factor4":-0.2378521339,"Factor5":0.2511661061,"Factor6":0.0128548934,"Factor7":0.1826710982},"LD2215":{"Factor1":0.9966736989,"Factor2":-0.4232331563,"Factor3":-0.227854026,"Factor4":-0.1839873911,"Factor5":0.2164962345,"Factor6":0.1717996394,"Factor7":0.5349817632},"LD2223":{"Factor1":0.4375417135,"Factor2":-0.8971200541,"Factor3":0.5955856367,"Factor4":0.350875503,"Factor5":-0.5427418709,"Factor6":0.315564322,"Factor7":0.3300533582},"LD2225":{"Factor1":0.1481735575,"Factor2":0.8710258896,"Factor3":0.5735878448,"Factor4":0.2065930065,"Factor5":-0.1766208155,"Factor6":0.0462690722,"Factor7":-0.26757171},"LD2243":{"Factor1":-0.1709704543,"Factor2":-0.4880388815,"Factor3":-0.0324906418,"Factor4":0.1565543553,"Factor5":-0.3706442675,"Factor6":0.0404219591,"Factor7":-0.1288305907},"LD2244":{"Factor1":-0.7712881052,"Factor2":-1.2426892071,"Factor3":0.4697005506,"Factor4":-0.1048103106,"Factor5":0.6994846178,"Factor6":-0.5922148975,"Factor7":0.1806231411},"LD2245":{"Factor1":0.9566999254,"Factor2":0.2459814526,"Factor3":-0.6576279529,"Factor4":0.3761840558,"Factor5":0.546558796,"Factor6":-0.1813755391,"Factor7":-0.0112954587}}