{"R2pv": 0.1, "R2H0": [0.5018251177627427, 0.5280501867006142, 0.5928366972342584, 0.5007552934664186, 0.5093383636857491, 0.5717070500802022, 0.6397893189729857, 0.5178108684639441, 0.44333558522658234, 0.5038954825808135]}