{"R2pv": 0.1, "R2H0": [0.7450144482065961, 0.7422003270529551, 0.6605373835767901, 0.768457648105234, 0.749463307959919, 0.6443977282111215, 0.7262029613501595, 0.7630693683589158, 0.8056382828770952, 0.711739818765043]}