{"R2pv": 0.1, "R2H0": [0.6934330266050616, 0.7370053945483104, 0.773793852387451, 0.6887687774165745, 0.7507664966036083, 0.6377909449015389, 0.7251159487429498, 0.7955303784086909, 0.7626464716872585, 0.6951780455004453]}