{"1": {"Mouse_ID": {}, "Treatment": {"sum_sq": 116.9012777736898, "df": 2.0, "F": 0.07647894831858305, "pvalue": 0.9267312735502773, "tukey_hsd": {"groups": ["A12", "B1-8", "PBS"], "pvalues": [[1.0, 0.9967949128249594, 0.9536060285310998], [0.9967949128249594, 1.0, 0.9275431080307117], [0.9536060285310998, 0.9275431080307117, 1.0]]}}, "Ig_treated": {"sum_sq": 112.45012645882835, "df": 1.0, "F": 0.1568818585546657, "pvalue": 0.6972756582405064}, "A12_treated": {"sum_sq": 12.075668749073609, "df": 1.0, "F": 0.01670088496200116, "pvalue": 0.8987847701737324}, "TMT": {"sum_sq": 866.8444592793385, "df": 1.0, "F": 1.1777366866901973, "pvalue": 0.29615166532200626}, "Quant": {"sum_sq": 6.173048239467506, "df": 1.0, "F": 0.008533092177332752, "pvalue": 0.9275470490226114}}, "2": {"Mouse_ID": {}, "Treatment": {"sum_sq": 3229.194108976733, "df": 2.0, "F": 4.531959726257921, "pvalue": 0.02886932992077363, "tukey_hsd": {"groups": ["A12", "B1-8", "PBS"], "pvalues": [[1.0, 0.0234137686596656, 0.20483810616699671], [0.0234137686596656, 1.0, 0.47357973801431963], [0.20483810616699671, 0.47357973801431963, 1.0]]}}, "Ig_treated": {"sum_sq": 42.62891454435176, "df": 1.0, "F": 0.07995481433378644, "pvalue": 0.7809840890853954}, "A12_treated": {"sum_sq": 2719.7673734163664, "df": 1.0, "F": 7.434279523351303, "pvalue": 0.01493529688555826}, "TMT": {"sum_sq": 7.532480561525022, "df": 1.0, "F": 0.013993508049537216, "pvalue": 0.9075150993193605}, "Quant": {"sum_sq": 1.0439384485650076, "df": 1.0, "F": 0.0019485128871687331, "pvalue": 0.9653374569423092}}, "3": {"Mouse_ID": {}, "Treatment": {"sum_sq": 995.2879110938899, "df": 2.0, "F": 1.4405983855181255, "pvalue": 0.26773803729272666, "tukey_hsd": {"groups": ["A12", "B1-8", "PBS"], "pvalues": [[1.0, 0.3117827898971415, 0.9949118844692504], [0.3117827898971415, 1.0, 0.3562775614842031], [0.9949118844692504, 0.3562775614842031, 1.0]]}}, "Ig_treated": {"sum_sq": 201.64538138397845, "df": 1.0, "F": 0.5399455452470989, "pvalue": 0.4730886076274635}, "A12_treated": {"sum_sq": 299.1958975102622, "df": 1.0, "F": 0.8144529182738511, "pvalue": 0.38019282080169114}, "TMT": {"sum_sq": 1218.4483785656125, "df": 1.0, "F": 3.4889499530636034, "pvalue": 0.08285342866449366}, "Quant": {"sum_sq": 18.55902376516747, "df": 1.0, "F": 0.04821803991337022, "pvalue": 0.8289704819365892}}, "4": {"Mouse_ID": {}, "Treatment": {"sum_sq": 356.24818518892135, "df": 2.0, "F": 0.623402186775109, "pvalue": 0.5494457379850054, "tukey_hsd": {"groups": ["A12", "B1-8", "PBS"], "pvalues": [[1.0, 0.5883914566863431, 0.9974064731889717], [0.5883914566863431, 1.0, 0.6298564869238992], [0.9974064731889717, 0.6298564869238992, 1.0]]}}, "Ig_treated": {"sum_sq": 70.80625730430535, "df": 1.0, "F": 0.2478246882861363, "pvalue": 0.625383456877846}, "A12_treated": {"sum_sq": 108.66393802314154, "df": 1.0, "F": 0.38350403493817375, "pvalue": 0.5444518307685218}, "TMT": {"sum_sq": 574.4677495825324, "df": 1.0, "F": 2.002534117381539, "pvalue": 0.17889398511996568}, "Quant": {"sum_sq": 682.0392136088107, "df": 1.0, "F": 2.755613656494675, "pvalue": 0.11638208831379239}}, "5": {"Mouse_ID": {}, "Treatment": {"sum_sq": 1317.5172921988462, "df": 2.0, "F": 6.5958253460971985, "pvalue": 0.008806039932765223, "tukey_hsd": {"groups": ["A12", "B1-8", "PBS"], "pvalues": [[1.0, 0.43439717671210687, 0.08444133176318414], [0.43439717671210687, 1.0, 0.007232991274853773], [0.08444133176318414, 0.007232991274853773, 1.0]]}}, "Ig_treated": {"sum_sq": 1157.2174228883457, "df": 1.0, "F": 11.164487543266036, "pvalue": 0.004142320850561596}, "A12_treated": {"sum_sq": 36.532808338983344, "df": 1.0, "F": 0.21032804024914242, "pvalue": 0.6526785168784233}, "TMT": {"sum_sq": 16.002352108695103, "df": 1.0, "F": 0.12725595727166086, "pvalue": 0.7266136577225786}, "Quant": {"sum_sq": 1359.704844655768, "df": 1.0, "F": 14.942439672592274, "pvalue": 0.001369694657882176}}, "6": {"Mouse_ID": {}, "Treatment": {"sum_sq": 984.5011189485957, "df": 2.0, "F": 4.139406106930456, "pvalue": 0.03702357191565307, "tukey_hsd": {"groups": ["A12", "B1-8", "PBS"], "pvalues": [[1.0, 0.29814277078289153, 0.029381462753570786], [0.29814277078289153, 1.0, 0.40235808193252476], [0.029381462753570786, 0.40235808193252476, 1.0]]}}, "Ig_treated": {"sum_sq": 699.8892867410625, "df": 1.0, "F": 5.413998221047904, "pvalue": 0.03343351539239863}, "A12_treated": {"sum_sq": 774.9510260972024, "df": 1.0, "F": 6.220376493357342, "pvalue": 0.023958355476359654}, "TMT": {"sum_sq": 3.9895385200859073, "df": 1.0, "F": 0.022860917323771227, "pvalue": 0.881976356503997}, "Quant": {"sum_sq": 538.2117046212752, "df": 1.0, "F": 3.861501593450288, "pvalue": 0.06701356103537505}}, "7": {"Mouse_ID": {}, "Treatment": {"sum_sq": 130.21210368446293, "df": 2.0, "F": 0.47768603255679715, "pvalue": 0.6293357788349522, "tukey_hsd": {"groups": ["A12", "B1-8", "PBS"], "pvalues": [[1.0, 0.6968643379625228, 0.6661919572424104], [0.6968643379625228, 1.0, 0.998567978450816], [0.6661919572424104, 0.998567978450816, 1.0]]}}, "Ig_treated": {"sum_sq": 38.60440918410499, "df": 1.0, "F": 0.28916788378002345, "pvalue": 0.5981550283741781}, "A12_treated": {"sum_sq": 129.85780221318885, "df": 1.0, "F": 1.0161146141447859, "pvalue": 0.32844466889219603}, "TMT": {"sum_sq": 7.218588806859665, "df": 1.0, "F": 0.05253652644877919, "pvalue": 0.8220215240034596}, "Quant": {"sum_sq": 171.29469637593482, "df": 1.0, "F": 1.3680748042786643, "pvalue": 0.2592724217186784}}, "8": {"Mouse_ID": {}, "Treatment": {"sum_sq": 109.38424598174446, "df": 2.0, "F": 0.43969598974753443, "pvalue": 0.6522745338170866, "tukey_hsd": {"groups": ["A12", "B1-8", "PBS"], "pvalues": [[1.0, 0.7088321498888448, 0.9996790746584473], [0.7088321498888448, 1.0, 0.6944189015599632], [0.9996790746584473, 0.6944189015599632, 1.0]]}}, "Ig_treated": {"sum_sq": 29.81888460788001, "df": 1.0, "F": 0.24525150855804526, "pvalue": 0.627170813653644}, "A12_treated": {"sum_sq": 24.945656150243384, "df": 1.0, "F": 0.20465796624585844, "pvalue": 0.6570604181092288}, "TMT": {"sum_sq": 76.67405746128539, "df": 1.0, "F": 0.6962076385712871, "pvalue": 0.41807151899614525}, "Quant": {"sum_sq": 80.91317680208964, "df": 1.0, "F": 0.6834372379322791, "pvalue": 0.4205638822484782}}, "9": {"Mouse_ID": {}, "Treatment": {"sum_sq": 53.11050118250118, "df": 2.0, "F": 0.23651068236632802, "pvalue": 0.7922659731611237, "tukey_hsd": {"groups": ["A12", "B1-8", "PBS"], "pvalues": [[1.0, 0.7849928352545432, 0.8841450603208953], [0.7849928352545432, 1.0, 0.979556204611143], [0.8841450603208953, 0.979556204611143, 1.0]]}}, "Ig_treated": {"sum_sq": 2.9543832700574155, "df": 1.0, "F": 0.027255316057328404, "pvalue": 0.8709395365250652}, "A12_treated": {"sum_sq": 48.89775694836485, "df": 1.0, "F": 0.4633754840516478, "pvalue": 0.5057831241747366}, "TMT": {"sum_sq": 0.11785467205604945, "df": 1.0, "F": 0.0012489600724765381, "pvalue": 0.9723070777565826}, "Quant": {"sum_sq": 0.20743090646321496, "df": 1.0, "F": 0.001910603358809451, "pvalue": 0.9656760734668104}}, "10": {"Mouse_ID": {}, "Treatment": {"sum_sq": 77.01109286829433, "df": 2.0, "F": 0.40101191661835234, "pvalue": 0.6766110705136609, "tukey_hsd": {"groups": ["A12", "B1-8", "PBS"], "pvalues": [[1.0, 0.7383121587335054, 0.7093264943996596], [0.7383121587335054, 1.0, 0.9986718404009565], [0.7093264943996596, 0.9986718404009565, 1.0]]}}, "Ig_treated": {"sum_sq": 23.01959685071405, "df": 1.0, "F": 0.2464780311316459, "pvalue": 0.6263173949141092}, "A12_treated": {"sum_sq": 76.77960135364047, "df": 1.0, "F": 0.8527834602738066, "pvalue": 0.3694837029159255}, "TMT": {"sum_sq": 26.793646309978154, "df": 1.0, "F": 0.37935731318376326, "pvalue": 0.5478311485334754}, "Quant": {"sum_sq": 0.14682978218867893, "df": 1.0, "F": 0.0015484509060632356, "pvalue": 0.9690978811331362}}}