{"1": {"Mouse_ID": {}, "Treatment": {"sum_sq": 122.59489212471235, "df": 2.0, "F": 0.0794474482722857, "pvalue": 0.924012570158743, "tukey_hsd": {"groups": ["A12", "B1-8", "PBS"], "pvalues": [[1.0, 0.998366591869341, 0.9470463697322554], [0.998366591869341, 1.0, 0.9279715799920357], [0.9470463697322554, 0.9279715799920357, 1.0]]}}, "Ig_treated": {"sum_sq": 120.30691471221458, "df": 1.0, "F": 0.16629187720109517, "pvalue": 0.6888331078377162}, "A12_treated": {"sum_sq": 17.424530656592214, "df": 1.0, "F": 0.023872538450698588, "pvalue": 0.8791418676522841}, "Batch": {"sum_sq": 854.5478972678904, "df": 1.0, "F": 1.1472603788340532, "pvalue": 0.302241817246289}, "Quant": {"sum_sq": 5.903176656967928, "df": 1.0, "F": 0.008079696521715219, "pvalue": 0.9294925185571803}}, "2": {"Mouse_ID": {}, "Treatment": {"sum_sq": 3280.2933431623615, "df": 2.0, "F": 4.616392312378199, "pvalue": 0.027394256935615657, "tukey_hsd": {"groups": ["A12", "B1-8", "PBS"], "pvalues": [[1.0, 0.02219551589941071, 0.19833871123234348], [0.02219551589941071, 1.0, 0.4696904530501569], [0.19833871123234348, 0.4696904530501569, 1.0]]}}, "Ig_treated": {"sum_sq": 44.42570015094022, "df": 1.0, "F": 0.0829884649102069, "pvalue": 0.7769859165043438}, "A12_treated": {"sum_sq": 2766.3617891007193, "df": 1.0, "F": 7.57486485099752, "pvalue": 0.014168456845634992}, "Batch": {"sum_sq": 8.173367621488087, "df": 1.0, "F": 0.015132262839441663, "pvalue": 0.9038451052891947}, "Quant": {"sum_sq": 1.4985539766678808, "df": 1.0, "F": 0.002785381399258664, "pvalue": 0.9585631452365235}}, "3": {"Mouse_ID": {}, "Treatment": {"sum_sq": 975.6924711168347, "df": 2.0, "F": 1.4030278846373805, "pvalue": 0.27632900510583575, "tukey_hsd": {"groups": ["A12", "B1-8", "PBS"], "pvalues": [[1.0, 0.32702885007943927, 0.9977176038725245], [0.32702885007943927, 1.0, 0.3572876348337124], [0.9977176038725245, 0.3572876348337124, 1.0]]}}, "Ig_treated": {"sum_sq": 212.19130717244764, "df": 1.0, "F": 0.5678171373503846, "pvalue": 0.4620730927182013}, "A12_treated": {"sum_sq": 277.0962585653961, "df": 1.0, "F": 0.7496381969808107, "pvalue": 0.39938785167169333}, "Batch": {"sum_sq": 1216.0869734206294, "df": 1.0, "F": 3.4688128664778275, "pvalue": 0.08365427478738692}, "Quant": {"sum_sq": 21.26772159685298, "df": 1.0, "F": 0.05515069223076109, "pvalue": 0.8173105267785026}}, "4": {"Mouse_ID": {}, "Treatment": {"sum_sq": 359.20495249236075, "df": 2.0, "F": 0.621961466550991, "pvalue": 0.5501771383653826, "tukey_hsd": {"groups": ["A12", "B1-8", "PBS"], "pvalues": [[1.0, 0.5850452127393307, 0.99613627012248], [0.5850452127393307, 1.0, 0.6356734021180555], [0.99613627012248, 0.6356734021180555, 1.0]]}}, "Ig_treated": {"sum_sq": 67.50627580614622, "df": 1.0, "F": 0.23362531815294313, "pvalue": 0.6353965262012932}, "A12_treated": {"sum_sq": 114.12437151228377, "df": 1.0, "F": 0.3989840935901491, "pvalue": 0.5365354952578354}, "Batch": {"sum_sq": 584.274259371168, "df": 1.0, "F": 2.018045086088646, "pvalue": 0.17732672805750133}, "Quant": {"sum_sq": 675.8424296696646, "df": 1.0, "F": 2.6933502595494563, "pvalue": 0.12027514607627675}}, "5": {"Mouse_ID": {}, "Treatment": {"sum_sq": 1797.6614971064894, "df": 2.0, "F": 12.777086242183818, "pvalue": 0.0005759938722498066, "tukey_hsd": {"groups": ["A12", "B1-8", "PBS"], "pvalues": [[1.0, 0.8451834673840342, 0.002699297567848813], [0.8451834673840342, 1.0, 0.0008991406399672108], [0.002699297567848813, 0.0008991406399672108, 1.0]]}}, "Ig_treated": {"sum_sq": 1775.9416361232354, "df": 1.0, "F": 26.385344317212326, "pvalue": 9.944657670986798e-05}, "A12_treated": {"sum_sq": 290.1873743080689, "df": 1.0, "F": 1.8117741262790306, "pvalue": 0.19705850472046504}, "Batch": {"sum_sq": 19.307006162587175, "df": 1.0, "F": 0.12476717048411137, "pvalue": 0.7291826526278302}, "Quant": {"sum_sq": 1909.4127435134128, "df": 1.0, "F": 32.38162271549248, "pvalue": 3.346077641311516e-05}}, "6": {"Mouse_ID": {}, "Treatment": {"sum_sq": 550.4572769197683, "df": 2.0, "F": 1.8322235485622564, "pvalue": 0.19412030895512664, "tukey_hsd": {"groups": ["A12", "B1-8", "PBS"], "pvalues": [[1.0, 0.2362516543807045, 0.2727609946701255], [0.2362516543807045, 1.0, 0.9949963502002985], [0.2727609946701255, 0.9949963502002985, 1.0]]}}, "Ig_treated": {"sum_sq": 114.56944824832753, "df": 1.0, "F": 0.6816763423609841, "pvalue": 0.4211508045569793}, "A12_treated": {"sum_sq": 549.0900682125401, "df": 1.0, "F": 3.8966707479559948, "pvalue": 0.06590544740627134}, "Batch": {"sum_sq": 0.6274106091232591, "df": 1.0, "F": 0.004169988166139932, "pvalue": 0.9494250454931034}, "Quant": {"sum_sq": 43.46204390566544, "df": 1.0, "F": 0.25193289444634215, "pvalue": 0.6225539267225049}}, "7": {"Mouse_ID": {}, "Treatment": {"sum_sq": 120.4663030821347, "df": 2.0, "F": 0.4401282843407215, "pvalue": 0.6520082362944821, "tukey_hsd": {"groups": ["A12", "B1-8", "PBS"], "pvalues": [[1.0, 0.7264191577346384, 0.6792586249843855], [0.7264191577346384, 1.0, 0.9965621200868828], [0.6792586249843855, 0.9965621200868828, 1.0]]}}, "Ig_treated": {"sum_sq": 39.30223539898405, "df": 1.0, "F": 0.29467903561748754, "pvalue": 0.59471947057216}, "A12_treated": {"sum_sq": 119.61125593713092, "df": 1.0, "F": 0.9318877623020863, "pvalue": 0.3487381672111807}, "Batch": {"sum_sq": 3.692841316181069, "df": 1.0, "F": 0.026905638296357035, "pvalue": 0.8720525580689311}, "Quant": {"sum_sq": 164.55665595947622, "df": 1.0, "F": 1.3107423207553381, "pvalue": 0.26909813128355575}}, "8": {"Mouse_ID": {}, "Treatment": {"sum_sq": 131.41312097304137, "df": 2.0, "F": 0.531231927664781, "pvalue": 0.5985400525069455, "tukey_hsd": {"groups": ["A12", "B1-8", "PBS"], "pvalues": [[1.0, 0.6490810122333317, 0.9999061741076061], [0.6490810122333317, 1.0, 0.6569752914817117], [0.9999061741076061, 0.6569752914817117, 1.0]]}}, "Ig_treated": {"sum_sq": 31.42353149366599, "df": 1.0, "F": 0.25713564962676205, "pvalue": 0.6190120614381711}, "A12_treated": {"sum_sq": 34.30407936523115, "df": 1.0, "F": 0.2811210360832128, "pvalue": 0.603248646201302}, "Batch": {"sum_sq": 72.34321072055783, "df": 1.0, "F": 0.6270046302722592, "pvalue": 0.4416668795323073}, "Quant": {"sum_sq": 77.52950223184692, "df": 1.0, "F": 0.6497370715353382, "pvalue": 0.4320245962803433}}, "9": {"Mouse_ID": {}, "Treatment": {"sum_sq": 50.43419655519022, "df": 2.0, "F": 0.2250390671634864, "pvalue": 0.801132485071726, "tukey_hsd": {"groups": ["A12", "B1-8", "PBS"], "pvalues": [[1.0, 0.7999669712583359, 0.8765184857614582], [0.7999669712583359, 1.0, 0.9876678469310454], [0.8765184857614582, 0.9876678469310454, 1.0]]}}, "Ig_treated": {"sum_sq": 4.346831823629766, "df": 1.0, "F": 0.0402732546515134, "pvalue": 0.8434760335782945}, "A12_treated": {"sum_sq": 47.909903296634575, "df": 1.0, "F": 0.4553707098676394, "pvalue": 0.5094298874914602}, "Batch": {"sum_sq": 0.6305101013870658, "df": 1.0, "F": 0.00694186012803342, "pvalue": 0.9347784261098194}, "Quant": {"sum_sq": 0.9643833442107207, "df": 1.0, "F": 0.008917513918317512, "pvalue": 0.9259380333954594}}, "10": {"Mouse_ID": {}, "Treatment": {"sum_sq": 77.34373397854765, "df": 2.0, "F": 0.40703615648529257, "pvalue": 0.6727543896850202, "tukey_hsd": {"groups": ["A12", "B1-8", "PBS"], "pvalues": [[1.0, 0.7393604426336251, 0.7022071651682185], [0.7393604426336251, 1.0, 0.9978260242610536], [0.7022071651682185, 0.9978260242610536, 1.0]]}}, "Ig_treated": {"sum_sq": 24.176775688446323, "df": 1.0, "F": 0.261672277675496, "pvalue": 0.6159605916859674}, "A12_treated": {"sum_sq": 76.96863514947961, "df": 1.0, "F": 0.8639051551137039, "pvalue": 0.3664598122283075}, "Batch": {"sum_sq": 14.85041170549228, "df": 1.0, "F": 0.2115658891682823, "pvalue": 0.6526049940335326}, "Quant": {"sum_sq": 0.45908627098429045, "df": 1.0, "F": 0.004890363460879829, "pvalue": 0.9451150539770181}}}