{"1": {"Mouse_ID": {}, "Treatment": {"sum_sq": 116.90127777369004, "df": 2.0, "F": 0.07647894831858316, "pvalue": 0.9267312735502773, "tukey_hsd": {"groups": ["A12", "B1-8", "PBS"], "pvalues": [[1.0, 0.9967949128249597, 0.9536060285310991], [0.9967949128249597, 1.0, 0.9275431080307122], [0.9536060285310991, 0.9275431080307122, 1.0]]}}, "Ig_treated": {"sum_sq": 112.45012645882858, "df": 1.0, "F": 0.1568818585546659, "pvalue": 0.6972756582405064}, "A12_treated": {"sum_sq": 12.07566874907417, "df": 1.0, "F": 0.016700884962001922, "pvalue": 0.8987847701737324}, "TMT": {"sum_sq": 866.8444592793392, "df": 1.0, "F": 1.1777366866901968, "pvalue": 0.29615166532200626}, "Quant": {"sum_sq": 6.17304823946756, "df": 1.0, "F": 0.008533092177332818, "pvalue": 0.9275470490226114}}, "2": {"Mouse_ID": {}, "Treatment": {"sum_sq": 3229.194108976745, "df": 2.0, "F": 4.531959726257936, "pvalue": 0.02886932992077336, "tukey_hsd": {"groups": ["A12", "B1-8", "PBS"], "pvalues": [[1.0, 0.02341376865966538, 0.2048381061669966], [0.02341376865966538, 1.0, 0.4735797380143171], [0.2048381061669966, 0.4735797380143171, 1.0]]}}, "Ig_treated": {"sum_sq": 42.62891454435109, "df": 1.0, "F": 0.07995481433378503, "pvalue": 0.7809840890853954}, "A12_treated": {"sum_sq": 2719.7673734163754, "df": 1.0, "F": 7.434279523351319, "pvalue": 0.014935296885558176}, "TMT": {"sum_sq": 7.532480561524819, "df": 1.0, "F": 0.013993508049536816, "pvalue": 0.9075150993193605}, "Quant": {"sum_sq": 1.0439384485649386, "df": 1.0, "F": 0.0019485128871686009, "pvalue": 0.9653374569423092}}, "3": {"Mouse_ID": {}, "Treatment": {"sum_sq": 995.2879110938796, "df": 2.0, "F": 1.4405983855181104, "pvalue": 0.2677380372927298, "tukey_hsd": {"groups": ["A12", "B1-8", "PBS"], "pvalues": [[1.0, 0.3117827898971457, 0.9949118844692507], [0.3117827898971457, 1.0, 0.3562775614842062], [0.9949118844692507, 0.3562775614842062, 1.0]]}}, "Ig_treated": {"sum_sq": 201.64538138397768, "df": 1.0, "F": 0.5399455452470974, "pvalue": 0.4730886076274651}, "A12_treated": {"sum_sq": 299.19589751025796, "df": 1.0, "F": 0.8144529182738398, "pvalue": 0.3801928208016945}, "TMT": {"sum_sq": 1218.4483785656191, "df": 1.0, "F": 3.488949953063634, "pvalue": 0.08285342866449233}, "Quant": {"sum_sq": 18.55902376516649, "df": 1.0, "F": 0.048218039913367726, "pvalue": 0.8289704819365892}}, "4": {"Mouse_ID": {}, "Treatment": {"sum_sq": 356.24818518892386, "df": 2.0, "F": 0.6234021867751145, "pvalue": 0.549445737985003, "tukey_hsd": {"groups": ["A12", "B1-8", "PBS"], "pvalues": [[1.0, 0.5883914566863415, 0.9974064731889719], [0.5883914566863415, 1.0, 0.6298564869238955], [0.9974064731889719, 0.6298564869238955, 1.0]]}}, "Ig_treated": {"sum_sq": 70.80625730430677, "df": 1.0, "F": 0.24782468828614163, "pvalue": 0.6253834568778435}, "A12_treated": {"sum_sq": 108.66393802314131, "df": 1.0, "F": 0.3835040349381733, "pvalue": 0.5444518307685218}, "TMT": {"sum_sq": 574.4677495825227, "df": 1.0, "F": 2.002534117381503, "pvalue": 0.1788939851199694}, "Quant": {"sum_sq": 682.0392136088113, "df": 1.0, "F": 2.755613656494681, "pvalue": 0.11638208831379193}}, "5": {"Mouse_ID": {}, "Treatment": {"sum_sq": 1317.5172921989627, "df": 2.0, "F": 6.595825346098275, "pvalue": 0.00880603993276018, "tukey_hsd": {"groups": ["A12", "B1-8", "PBS"], "pvalues": [[1.0, 0.4343971767121574, 0.08444133176313051], [0.4343971767121574, 1.0, 0.007232991274849887], [0.08444133176313051, 0.007232991274849887, 1.0]]}}, "Ig_treated": {"sum_sq": 1157.2174228884983, "df": 1.0, "F": 11.164487543268503, "pvalue": 0.004142320850558371}, "A12_treated": {"sum_sq": 36.53280833901159, "df": 1.0, "F": 0.21032804024930682, "pvalue": 0.6526785168782947}, "TMT": {"sum_sq": 16.002352108696652, "df": 1.0, "F": 0.1272559572716692, "pvalue": 0.7266136577225706}, "Quant": {"sum_sq": 1359.7048446559127, "df": 1.0, "F": 14.942439672595304, "pvalue": 0.0013696946578810423}}, "6": {"Mouse_ID": {}, "Treatment": {"sum_sq": 984.5011189484885, "df": 2.0, "F": 4.139406106929728, "pvalue": 0.03702357191567039, "tukey_hsd": {"groups": ["A12", "B1-8", "PBS"], "pvalues": [[1.0, 0.29814277078286944, 0.029381462753585885], [0.29814277078286944, 1.0, 0.4023580819326872], [0.029381462753585885, 0.4023580819326872, 1.0]]}}, "Ig_treated": {"sum_sq": 699.8892867409173, "df": 1.0, "F": 5.413998221046369, "pvalue": 0.03343351539242037}, "A12_treated": {"sum_sq": 774.9510260971805, "df": 1.0, "F": 6.22037649335706, "pvalue": 0.023958355476362398}, "TMT": {"sum_sq": 3.9895385200846287, "df": 1.0, "F": 0.02286091732376433, "pvalue": 0.881976356504009}, "Quant": {"sum_sq": 538.2117046211379, "df": 1.0, "F": 3.8615015934490438, "pvalue": 0.06701356103541459}}, "7": {"Mouse_ID": {}, "Treatment": {"sum_sq": 130.2121036844627, "df": 2.0, "F": 0.4776860325567954, "pvalue": 0.6293357788349533, "tukey_hsd": {"groups": ["A12", "B1-8", "PBS"], "pvalues": [[1.0, 0.6968643379625242, 0.6661919572424112], [0.6968643379625242, 1.0, 0.998567978450816], [0.6661919572424112, 0.998567978450816, 1.0]]}}, "Ig_treated": {"sum_sq": 38.604409184104995, "df": 1.0, "F": 0.289167883780023, "pvalue": 0.5981550283741781}, "A12_treated": {"sum_sq": 129.85780221318848, "df": 1.0, "F": 1.016114614144781, "pvalue": 0.3284446688921979}, "TMT": {"sum_sq": 7.218588806859743, "df": 1.0, "F": 0.05253652644877961, "pvalue": 0.8220215240034596}, "Quant": {"sum_sq": 171.29469637593598, "df": 1.0, "F": 1.3680748042786715, "pvalue": 0.25927242171867737}}, "8": {"Mouse_ID": {}, "Treatment": {"sum_sq": 109.38424598174561, "df": 2.0, "F": 0.43969598974753765, "pvalue": 0.6522745338170842, "tukey_hsd": {"groups": ["A12", "B1-8", "PBS"], "pvalues": [[1.0, 0.708832149888844, 0.9996790746584473], [0.708832149888844, 1.0, 0.6944189015599607], [0.9996790746584473, 0.6944189015599607, 1.0]]}}, "Ig_treated": {"sum_sq": 29.81888460788059, "df": 1.0, "F": 0.2452515085580493, "pvalue": 0.6271708136536414}, "A12_treated": {"sum_sq": 24.945656150243376, "df": 1.0, "F": 0.2046579662458577, "pvalue": 0.6570604181092288}, "TMT": {"sum_sq": 76.67405746128676, "df": 1.0, "F": 0.6962076385712986, "pvalue": 0.4180715189961418}, "Quant": {"sum_sq": 80.91317680208904, "df": 1.0, "F": 0.6834372379322714, "pvalue": 0.4205638822484806}}, "9": {"Mouse_ID": {}, "Treatment": {"sum_sq": 53.11050118250113, "df": 2.0, "F": 0.2365106823663278, "pvalue": 0.7922659731611237, "tukey_hsd": {"groups": ["A12", "B1-8", "PBS"], "pvalues": [[1.0, 0.7849928352545428, 0.884145060320897], [0.7849928352545428, 1.0, 0.979556204611142], [0.884145060320897, 0.979556204611142, 1.0]]}}, "Ig_treated": {"sum_sq": 2.954383270057243, "df": 1.0, "F": 0.027255316057326808, "pvalue": 0.8709395365250652}, "A12_treated": {"sum_sq": 48.89775694836461, "df": 1.0, "F": 0.4633754840516455, "pvalue": 0.5057831241747384}, "TMT": {"sum_sq": 0.11785467205601981, "df": 1.0, "F": 0.0012489600724762213, "pvalue": 0.9723070777565826}, "Quant": {"sum_sq": 0.20743090646324935, "df": 1.0, "F": 0.001910603358809768, "pvalue": 0.9656760734668104}}, "10": {"Mouse_ID": {}, "Treatment": {"sum_sq": 77.01109286829387, "df": 2.0, "F": 0.401011916618349, "pvalue": 0.6766110705136626, "tukey_hsd": {"groups": ["A12", "B1-8", "PBS"], "pvalues": [[1.0, 0.738312158733508, 0.7093264943996611], [0.738312158733508, 1.0, 0.9986718404009564], [0.7093264943996611, 0.9986718404009564, 1.0]]}}, "Ig_treated": {"sum_sq": 23.019596850714038, "df": 1.0, "F": 0.24647803113164535, "pvalue": 0.6263173949141092}, "A12_treated": {"sum_sq": 76.77960135363998, "df": 1.0, "F": 0.8527834602737989, "pvalue": 0.36948370291592775}, "TMT": {"sum_sq": 26.793646309978094, "df": 1.0, "F": 0.37935731318376237, "pvalue": 0.5478311485334764}, "Quant": {"sum_sq": 0.1468297821886596, "df": 1.0, "F": 0.0015484509060630287, "pvalue": 0.9690978811331362}}}