{"1": {"Mouse_ID": {}, "Treatment": {"sum_sq": 116.90127777369048, "df": 2.0, "F": 0.07647894831858351, "pvalue": 0.9267312735502773, "tukey_hsd": {"groups": ["A12", "B1-8", "PBS"], "pvalues": [[1.0, 0.9967949128249595, 0.9536060285310992], [0.9967949128249595, 1.0, 0.9275431080307115], [0.9536060285310992, 0.9275431080307115, 1.0]]}}, "Ig_treated": {"sum_sq": 112.45012645882898, "df": 1.0, "F": 0.15688185855466655, "pvalue": 0.6972756582405064}, "A12_treated": {"sum_sq": 12.075668749073849, "df": 1.0, "F": 0.01670088496200149, "pvalue": 0.8987847701737324}, "TMT": {"sum_sq": 866.8444592793369, "df": 1.0, "F": 1.177736686690195, "pvalue": 0.29615166532200665}, "Quant": {"sum_sq": 6.173048239467413, "df": 1.0, "F": 0.008533092177332622, "pvalue": 0.9275470490226114}}, "2": {"Mouse_ID": {}, "Treatment": {"sum_sq": 3229.194108976755, "df": 2.0, "F": 4.531959726257936, "pvalue": 0.02886932992077336, "tukey_hsd": {"groups": ["A12", "B1-8", "PBS"], "pvalues": [[1.0, 0.02341376865966538, 0.20483810616699705], [0.02341376865966538, 1.0, 0.4735797380143165], [0.20483810616699705, 0.4735797380143165, 1.0]]}}, "Ig_treated": {"sum_sq": 42.62891454435101, "df": 1.0, "F": 0.07995481433378465, "pvalue": 0.7809840890853954}, "A12_treated": {"sum_sq": 2719.767373416382, "df": 1.0, "F": 7.4342795233513135, "pvalue": 0.014935296885558195}, "TMT": {"sum_sq": 7.532480561525136, "df": 1.0, "F": 0.013993508049537366, "pvalue": 0.9075150993193605}, "Quant": {"sum_sq": 1.0439384485648526, "df": 1.0, "F": 0.001948512887168435, "pvalue": 0.9653374569423092}}, "3": {"Mouse_ID": {}, "Treatment": {"sum_sq": 995.28791109388, "df": 2.0, "F": 1.4405983855181088, "pvalue": 0.2677380372927301, "tukey_hsd": {"groups": ["A12", "B1-8", "PBS"], "pvalues": [[1.0, 0.31178278989714614, 0.9949118844692508], [0.31178278989714614, 1.0, 0.3562775614842064], [0.9949118844692508, 0.3562775614842064, 1.0]]}}, "Ig_treated": {"sum_sq": 201.6453813839778, "df": 1.0, "F": 0.5399455452470971, "pvalue": 0.4730886076274651}, "A12_treated": {"sum_sq": 299.195897510258, "df": 1.0, "F": 0.8144529182738391, "pvalue": 0.3801928208016945}, "TMT": {"sum_sq": 1218.448378565619, "df": 1.0, "F": 3.4889499530636265, "pvalue": 0.0828534286644926}, "Quant": {"sum_sq": 18.55902376516672, "df": 1.0, "F": 0.04821803991336827, "pvalue": 0.8289704819365892}}, "4": {"Mouse_ID": {}, "Treatment": {"sum_sq": 356.2481851889243, "df": 2.0, "F": 0.6234021867751165, "pvalue": 0.549445737985002, "tukey_hsd": {"groups": ["A12", "B1-8", "PBS"], "pvalues": [[1.0, 0.5883914566863397, 0.9974064731889717], [0.5883914566863397, 1.0, 0.6298564869238956], [0.9974064731889717, 0.6298564869238956, 1.0]]}}, "Ig_treated": {"sum_sq": 70.80625730430606, "df": 1.0, "F": 0.24782468828613954, "pvalue": 0.6253834568778435}, "A12_treated": {"sum_sq": 108.66393802314238, "df": 1.0, "F": 0.3835040349381779, "pvalue": 0.5444518307685198}, "TMT": {"sum_sq": 574.4677495825247, "df": 1.0, "F": 2.0025341173815154, "pvalue": 0.1788939851199684}, "Quant": {"sum_sq": 682.0392136088102, "df": 1.0, "F": 2.7556136564946825, "pvalue": 0.11638208831379193}}, "5": {"Mouse_ID": {}, "Treatment": {"sum_sq": 1317.5172921989276, "df": 2.0, "F": 6.595825346097996, "pvalue": 0.00880603993276149, "tukey_hsd": {"groups": ["A12", "B1-8", "PBS"], "pvalues": [[1.0, 0.4343971767121443, 0.08444133176314428], [0.4343971767121443, 1.0, 0.007232991274851219], [0.08444133176314428, 0.007232991274851219, 1.0]]}}, "Ig_treated": {"sum_sq": 1157.2174228884542, "df": 1.0, "F": 11.164487543267866, "pvalue": 0.0041423208505592}, "A12_treated": {"sum_sq": 36.53280833900418, "df": 1.0, "F": 0.2103280402492645, "pvalue": 0.6526785168783268}, "TMT": {"sum_sq": 16.00235210869597, "df": 1.0, "F": 0.12725595727166514, "pvalue": 0.7266136577225754}, "Quant": {"sum_sq": 1359.7048446558701, "df": 1.0, "F": 14.942439672594526, "pvalue": 0.001369694657881335}}, "6": {"Mouse_ID": {}, "Treatment": {"sum_sq": 984.501118948516, "df": 2.0, "F": 4.139406106929922, "pvalue": 0.037023571915665805, "tukey_hsd": {"groups": ["A12", "B1-8", "PBS"], "pvalues": [[1.0, 0.298142770782876, 0.029381462753582], [0.298142770782876, 1.0, 0.4023580819326429], [0.029381462753582, 0.4023580819326429, 1.0]]}}, "Ig_treated": {"sum_sq": 699.8892867409558, "df": 1.0, "F": 5.413998221046783, "pvalue": 0.033433515392414556}, "A12_treated": {"sum_sq": 774.9510260971849, "df": 1.0, "F": 6.2203764933571275, "pvalue": 0.023958355476361704}, "TMT": {"sum_sq": 3.9895385200850852, "df": 1.0, "F": 0.02286091732376685, "pvalue": 0.881976356504005}, "Quant": {"sum_sq": 538.2117046211746, "df": 1.0, "F": 3.8615015934493813, "pvalue": 0.06701356103540387}}, "7": {"Mouse_ID": {}, "Treatment": {"sum_sq": 130.21210368446296, "df": 2.0, "F": 0.4776860325567963, "pvalue": 0.6293357788349527, "tukey_hsd": {"groups": ["A12", "B1-8", "PBS"], "pvalues": [[1.0, 0.6968643379625209, 0.6661919572424129], [0.6968643379625209, 1.0, 0.9985679784508165], [0.6661919572424129, 0.9985679784508165, 1.0]]}}, "Ig_treated": {"sum_sq": 38.6044091841041, "df": 1.0, "F": 0.2891678837800161, "pvalue": 0.5981550283741817}, "A12_treated": {"sum_sq": 129.85780221318902, "df": 1.0, "F": 1.0161146141447854, "pvalue": 0.32844466889219603}, "TMT": {"sum_sq": 7.218588806859649, "df": 1.0, "F": 0.05253652644877901, "pvalue": 0.8220215240034596}, "Quant": {"sum_sq": 171.29469637593425, "df": 1.0, "F": 1.3680748042786564, "pvalue": 0.2592724217186795}}, "8": {"Mouse_ID": {}, "Treatment": {"sum_sq": 109.38424598174453, "df": 2.0, "F": 0.4396959897475329, "pvalue": 0.6522745338170871, "tukey_hsd": {"groups": ["A12", "B1-8", "PBS"], "pvalues": [[1.0, 0.7088321498888461, 0.9996790746584473], [0.7088321498888461, 1.0, 0.6944189015599637], [0.9996790746584473, 0.6944189015599637, 1.0]]}}, "Ig_treated": {"sum_sq": 29.818884607880207, "df": 1.0, "F": 0.24525150855804598, "pvalue": 0.627170813653644}, "A12_treated": {"sum_sq": 24.94565615024325, "df": 1.0, "F": 0.20465796624585653, "pvalue": 0.6570604181092288}, "TMT": {"sum_sq": 76.67405746128603, "df": 1.0, "F": 0.6962076385712921, "pvalue": 0.41807151899614403}, "Quant": {"sum_sq": 80.91317680208938, "df": 1.0, "F": 0.6834372379322741, "pvalue": 0.4205638822484794}}, "9": {"Mouse_ID": {}, "Treatment": {"sum_sq": 53.110501182501494, "df": 2.0, "F": 0.23651068236632997, "pvalue": 0.7922659731611223, "tukey_hsd": {"groups": ["A12", "B1-8", "PBS"], "pvalues": [[1.0, 0.7849928352545412, 0.8841450603208958], [0.7849928352545412, 1.0, 0.979556204611142], [0.8841450603208958, 0.979556204611142, 1.0]]}}, "Ig_treated": {"sum_sq": 2.9543832700572943, "df": 1.0, "F": 0.027255316057327332, "pvalue": 0.8709395365250652}, "A12_treated": {"sum_sq": 48.897756948364965, "df": 1.0, "F": 0.4633754840516499, "pvalue": 0.5057831241747366}, "TMT": {"sum_sq": 0.11785467205602347, "df": 1.0, "F": 0.0012489600724762617, "pvalue": 0.9723070777565826}, "Quant": {"sum_sq": 0.20743090646317208, "df": 1.0, "F": 0.0019106033588090602, "pvalue": 0.9656760734668104}}, "10": {"Mouse_ID": {}, "Treatment": {"sum_sq": 77.01109286829303, "df": 2.0, "F": 0.4010119166183457, "pvalue": 0.6766110705136644, "tukey_hsd": {"groups": ["A12", "B1-8", "PBS"], "pvalues": [[1.0, 0.7383121587335097, 0.7093264943996629], [0.7383121587335097, 1.0, 0.9986718404009564], [0.7093264943996629, 0.9986718404009564, 1.0]]}}, "Ig_treated": {"sum_sq": 23.019596850713825, "df": 1.0, "F": 0.2464780311316438, "pvalue": 0.6263173949141092}, "A12_treated": {"sum_sq": 76.77960135363921, "df": 1.0, "F": 0.8527834602737928, "pvalue": 0.36948370291592986}, "TMT": {"sum_sq": 26.793646309978907, "df": 1.0, "F": 0.37935731318377397, "pvalue": 0.5478311485334695}, "Quant": {"sum_sq": 0.14682978218866397, "df": 1.0, "F": 0.0015484509060630794, "pvalue": 0.9690978811331362}}}