{"1": {"ID": {}, "Treatment": {"sum_sq": 123.35658961130792, "df": 2.0, "F": 0.07924377721442269, "pvalue": 0.9241988133974204, "tukey_hsd": {"groups": ["A12", "B1-8", "PBS"], "pvalues": [[1.0, 0.9987958410201846, 0.9456484340820073], [0.9987958410201846, 1.0, 0.9292541142897996], [0.9456484340820073, 0.9292541142897996, 1.0]]}}, "Ig_treated": {"sum_sq": 121.65545361790403, "df": 1.0, "F": 0.1666977894446111, "pvalue": 0.688475303624764}, "A12_treated": {"sum_sq": 19.231210143781073, "df": 1.0, "F": 0.026122335652404835, "pvalue": 0.8736252440746161}, "Batch": {"sum_sq": 856.2828679265198, "df": 1.0, "F": 1.1382821537236507, "pvalue": 0.30406905105371396}, "Quant": {"sum_sq": 6.252529622683402, "df": 1.0, "F": 0.008483652933355389, "pvalue": 0.9277566122720564}}, "2": {"ID": {}, "Treatment": {"sum_sq": 3318.3053979120846, "df": 2.0, "F": 4.624632767483545, "pvalue": 0.027254927063814348, "tukey_hsd": {"groups": ["A12", "B1-8", "PBS"], "pvalues": [[1.0, 0.02205825623510116, 0.1988429189661166], [0.02205825623510116, 1.0, 0.46703584707899104], [0.1988429189661166, 0.46703584707899104, 1.0]]}}, "Ig_treated": {"sum_sq": 43.936734037945165, "df": 1.0, "F": 0.0812155048326733, "pvalue": 0.7793127398090164}, "A12_treated": {"sum_sq": 2795.2402071775264, "df": 1.0, "F": 7.574498975112129, "pvalue": 0.014170393313959894}, "Batch": {"sum_sq": 7.337649649735565, "df": 1.0, "F": 0.013447419954194365, "pvalue": 0.909328821554542}, "Quant": {"sum_sq": 1.2567469335436137, "df": 1.0, "F": 0.002311654173127054, "pvalue": 0.962247797368973}}, "3": {"ID": {}, "Treatment": {"sum_sq": 988.3358923020825, "df": 2.0, "F": 1.4101903277378325, "pvalue": 0.2746674010892187, "tukey_hsd": {"groups": ["A12", "B1-8", "PBS"], "pvalues": [[1.0, 0.3254460237974408, 0.9977522371648101], [0.3254460237974408, 1.0, 0.35537624640245513], [0.9977522371648101, 0.35537624640245513, 1.0]]}}, "Ig_treated": {"sum_sq": 215.2593763138387, "df": 1.0, "F": 0.5712190995429626, "pvalue": 0.46075789531121425}, "A12_treated": {"sum_sq": 280.33909178065994, "df": 1.0, "F": 0.7520338462317456, "pvalue": 0.39865250988775336}, "Batch": {"sum_sq": 1224.2447589484611, "df": 1.0, "F": 3.4608705864511964, "pvalue": 0.08397268769825293}, "Quant": {"sum_sq": 22.084000049048893, "df": 1.0, "F": 0.05678354151250257, "pvalue": 0.8146788646794982}}, "4": {"ID": {}, "Treatment": {"sum_sq": 363.24152927602955, "df": 2.0, "F": 0.6203954442211407, "pvalue": 0.550973401824272, "tukey_hsd": {"groups": ["A12", "B1-8", "PBS"], "pvalues": [[1.0, 0.5890457582651174, 0.9971900899083953], [0.5890457582651174, 1.0, 0.6322170518871723], [0.9971900899083953, 0.6322170518871723, 1.0]]}}, "Ig_treated": {"sum_sq": 71.42168788274967, "df": 1.0, "F": 0.24401665031849296, "pvalue": 0.6280327457876889}, "A12_treated": {"sum_sq": 111.69350899737191, "df": 1.0, "F": 0.38491792052553186, "pvalue": 0.5437195779173414}, "Batch": {"sum_sq": 596.4720536736093, "df": 1.0, "F": 2.035020312206042, "pvalue": 0.17563134813560596}, "Quant": {"sum_sq": 694.4596755775694, "df": 1.0, "F": 2.7367654538992525, "pvalue": 0.1175443282461335}}, "5": {"ID": {}, "Treatment": {"sum_sq": 1815.2779569247655, "df": 2.0, "F": 12.617578085487168, "pvalue": 0.0006111414745462816, "tukey_hsd": {"groups": ["A12", "B1-8", "PBS"], "pvalues": [[1.0, 0.8480217998936096, 0.0028330576104937943], [0.8480217998936096, 1.0, 0.0009532705532332431], [0.0028330576104937943, 0.0009532705532332431, 1.0]]}}, "Ig_treated": {"sum_sq": 1793.515864047704, "df": 1.0, "F": 26.069033229680493, "pvalue": 0.00010579186596168133}, "A12_treated": {"sum_sq": 293.6070112235397, "df": 1.0, "F": 1.8063342421301603, "pvalue": 0.19769759977736975}, "Batch": {"sum_sq": 19.908960012226835, "df": 1.0, "F": 0.12758538321259988, "pvalue": 0.7262757578701908}, "Quant": {"sum_sq": 1929.1315776793772, "df": 1.0, "F": 31.980177893776688, "pvalue": 3.5830283576954556e-05}}, "6": {"ID": {}, "Treatment": {"sum_sq": 562.8610117912273, "df": 2.0, "F": 1.854672292868743, "pvalue": 0.1906536566237984, "tukey_hsd": {"groups": ["A12", "B1-8", "PBS"], "pvalues": [[1.0, 0.23559228153771494, 0.26484280871165633], [0.23559228153771494, 1.0, 0.9967061495628554], [0.26484280871165633, 0.9967061495628554, 1.0]]}}, "Ig_treated": {"sum_sq": 121.60401762782882, "df": 1.0, "F": 0.7160081000710997, "pvalue": 0.4099338401870892}, "A12_treated": {"sum_sq": 561.9527415340905, "df": 1.0, "F": 3.948673843389884, "pvalue": 0.06430607432327291}, "Batch": {"sum_sq": 0.8191696002681682, "df": 1.0, "F": 0.005363118213206937, "pvalue": 0.9426564829590846}, "Quant": {"sum_sq": 48.05563046236395, "df": 1.0, "F": 0.27549642153092724, "pvalue": 0.6068652898650007}}, "7": {"ID": {}, "Treatment": {"sum_sq": 121.39402275608073, "df": 2.0, "F": 0.4377489989360472, "pvalue": 0.6534754271947467, "tukey_hsd": {"groups": ["A12", "B1-8", "PBS"], "pvalues": [[1.0, 0.7347384609521994, 0.6754425956426233], [0.7347384609521994, 1.0, 0.9945556979730807], [0.6754425956426233, 0.9945556979730807, 1.0]]}}, "Ig_treated": {"sum_sq": 42.15440913661856, "df": 1.0, "F": 0.31238558213062734, "pvalue": 0.583958708876298}, "A12_treated": {"sum_sq": 120.02052842628812, "df": 1.0, "F": 0.9226891370923771, "pvalue": 0.35106236831688803}, "Batch": {"sum_sq": 3.2241652400659224, "df": 1.0, "F": 0.023184425978984145, "pvalue": 0.8811510407651045}, "Quant": {"sum_sq": 165.90221892919325, "df": 1.0, "F": 1.3041675912325883, "pvalue": 0.27025645927327324}}, "8": {"ID": {}, "Treatment": {"sum_sq": 136.12372149632586, "df": 2.0, "F": 0.5431325974219374, "pvalue": 0.5919298783677448, "tukey_hsd": {"groups": ["A12", "B1-8", "PBS"], "pvalues": [[1.0, 0.6436480036810273, 0.9999325103714675], [0.6436480036810273, 1.0, 0.650346731348042], [0.9999325103714675, 0.650346731348042, 1.0]]}}, "Ig_treated": {"sum_sq": 32.787208142270764, "df": 1.0, "F": 0.2645410526226014, "pvalue": 0.6140483132166079}, "A12_treated": {"sum_sq": 35.2899931572669, "df": 1.0, "F": 0.28509439625364624, "pvalue": 0.6007218697665448}, "Batch": {"sum_sq": 73.03903906795391, "df": 1.0, "F": 0.6247494032609984, "pvalue": 0.4424716152758479}, "Quant": {"sum_sq": 79.36216200214534, "df": 1.0, "F": 0.655728327233133, "pvalue": 0.42995124145762853}}, "9": {"ID": {}, "Treatment": {"sum_sq": 50.8020267123166, "df": 2.0, "F": 0.2232518903017718, "pvalue": 0.8025239093255523, "tukey_hsd": {"groups": ["A12", "B1-8", "PBS"], "pvalues": [[1.0, 0.7995231331459152, 0.8811717109236692], [0.7995231331459152, 1.0, 0.9858322184883928], [0.8811717109236692, 0.9858322184883928, 1.0]]}}, "Ig_treated": {"sum_sq": 3.8886905131010354, "df": 1.0, "F": 0.0354812806429014, "pvalue": 0.8529590951259486}, "A12_treated": {"sum_sq": 47.85433614538021, "df": 1.0, "F": 0.44786246767860993, "pvalue": 0.5128935382142541}, "Batch": {"sum_sq": 0.6111364629968702, "df": 1.0, "F": 0.006603838013472174, "pvalue": 0.936382333837044}, "Quant": {"sum_sq": 1.07209582101702, "df": 1.0, "F": 0.009766354942520924, "pvalue": 0.9225048680839959}}, "10": {"ID": {}, "Treatment": {"sum_sq": 78.27099637752302, "df": 2.0, "F": 0.4046675245269403, "pvalue": 0.674267793238882, "tukey_hsd": {"groups": ["A12", "B1-8", "PBS"], "pvalues": [[1.0, 0.7352457043602769, 0.7080682066050409], [0.7352457043602769, 1.0, 0.998835392336133], [0.7080682066050409, 0.998835392336133, 1.0]]}}, "Ig_treated": {"sum_sq": 23.12958047642605, "df": 1.0, "F": 0.24576601745015997, "pvalue": 0.6268124906175572}, "A12_treated": {"sum_sq": 78.0665730965315, "df": 1.0, "F": 0.8609147120062968, "pvalue": 0.36726930033444083}, "Batch": {"sum_sq": 14.941055247689732, "df": 1.0, "F": 0.20975675401100977, "pvalue": 0.6539859958193761}, "Quant": {"sum_sq": 0.3860116666061229, "df": 1.0, "F": 0.004040582300518376, "pvalue": 0.9501035150163923}}}