{"1": {"Mouse_ID": {}, "Treatment": {"sum_sq": 116.90127777369023, "df": 2.0, "F": 0.0764789483185833, "pvalue": 0.9267312735502773, "tukey_hsd": {"groups": ["A12", "B1-8", "PBS"], "pvalues": [[1.0, 0.9967949128249597, 0.9536060285310989], [0.9967949128249597, 1.0, 0.9275431080307119], [0.9536060285310989, 0.9275431080307119, 1.0]]}}, "Ig_treated": {"sum_sq": 112.45012645882896, "df": 1.0, "F": 0.15688185855466652, "pvalue": 0.6972756582405064}, "A12_treated": {"sum_sq": 12.075668749074255, "df": 1.0, "F": 0.016700884962002047, "pvalue": 0.8987847701737324}, "TMT": {"sum_sq": 866.8444592793385, "df": 1.0, "F": 1.1777366866901964, "pvalue": 0.29615166532200665}, "Quant": {"sum_sq": 6.173048239467369, "df": 1.0, "F": 0.008533092177332557, "pvalue": 0.9275470490226114}}, "2": {"Mouse_ID": {}, "Treatment": {"sum_sq": 3229.1941089767565, "df": 2.0, "F": 4.531959726257942, "pvalue": 0.028869329920773245, "tukey_hsd": {"groups": ["A12", "B1-8", "PBS"], "pvalues": [[1.0, 0.02341376865966527, 0.2048381061669966], [0.02341376865966527, 1.0, 0.47357973801431585], [0.2048381061669966, 0.47357973801431585, 1.0]]}}, "Ig_treated": {"sum_sq": 42.628914544350856, "df": 1.0, "F": 0.07995481433378439, "pvalue": 0.7809840890853954}, "A12_treated": {"sum_sq": 2719.7673734163827, "df": 1.0, "F": 7.434279523351321, "pvalue": 0.014935296885558154}, "TMT": {"sum_sq": 7.532480561525184, "df": 1.0, "F": 0.013993508049537461, "pvalue": 0.9075150993193605}, "Quant": {"sum_sq": 1.0439384485649044, "df": 1.0, "F": 0.001948512887168532, "pvalue": 0.9653374569423092}}, "3": {"Mouse_ID": {}, "Treatment": {"sum_sq": 995.28791109388, "df": 2.0, "F": 1.4405983855181106, "pvalue": 0.2677380372927298, "tukey_hsd": {"groups": ["A12", "B1-8", "PBS"], "pvalues": [[1.0, 0.3117827898971458, 0.9949118844692507], [0.3117827898971458, 1.0, 0.3562775614842062], [0.9949118844692507, 0.3562775614842062, 1.0]]}}, "Ig_treated": {"sum_sq": 201.6453813839778, "df": 1.0, "F": 0.5399455452470977, "pvalue": 0.4730886076274651}, "A12_treated": {"sum_sq": 299.1958975102577, "df": 1.0, "F": 0.814452918273839, "pvalue": 0.3801928208016945}, "TMT": {"sum_sq": 1218.448378565616, "df": 1.0, "F": 3.48894995306362, "pvalue": 0.08285342866449288}, "Quant": {"sum_sq": 18.559023765166998, "df": 1.0, "F": 0.04821803991336904, "pvalue": 0.8289704819365892}}, "4": {"Mouse_ID": {}, "Treatment": {"sum_sq": 356.2481851889215, "df": 2.0, "F": 0.6234021867751122, "pvalue": 0.5494457379850044, "tukey_hsd": {"groups": ["A12", "B1-8", "PBS"], "pvalues": [[1.0, 0.5883914566863413, 0.9974064731889717], [0.5883914566863413, 1.0, 0.6298564869238976], [0.9974064731889717, 0.6298564869238976, 1.0]]}}, "Ig_treated": {"sum_sq": 70.80625730430535, "df": 1.0, "F": 0.24782468828613735, "pvalue": 0.625383456877846}, "A12_treated": {"sum_sq": 108.66393802314168, "df": 1.0, "F": 0.3835040349381759, "pvalue": 0.5444518307685198}, "TMT": {"sum_sq": 574.4677495825256, "df": 1.0, "F": 2.002534117381522, "pvalue": 0.17889398511996757}, "Quant": {"sum_sq": 682.0392136088074, "df": 1.0, "F": 2.7556136564946736, "pvalue": 0.11638208831379239}}, "5": {"Mouse_ID": {}, "Treatment": {"sum_sq": 1317.517292198852, "df": 2.0, "F": 6.595825346097264, "pvalue": 0.008806039932764907, "tukey_hsd": {"groups": ["A12", "B1-8", "PBS"], "pvalues": [[1.0, 0.4343971767121104, 0.0844413317631807], [0.4343971767121104, 1.0, 0.00723299127485344], [0.0844413317631807, 0.00723299127485344, 1.0]]}}, "Ig_treated": {"sum_sq": 1157.2174228883541, "df": 1.0, "F": 11.164487543266196, "pvalue": 0.004142320850561388}, "A12_treated": {"sum_sq": 36.53280833898516, "df": 1.0, "F": 0.2103280402491532, "pvalue": 0.6526785168784148}, "TMT": {"sum_sq": 16.002352108695295, "df": 1.0, "F": 0.1272559572716622, "pvalue": 0.726613657722577}, "Quant": {"sum_sq": 1359.7048446557765, "df": 1.0, "F": 14.942439672592487, "pvalue": 0.0013696946578820965}}, "6": {"Mouse_ID": {}, "Treatment": {"sum_sq": 984.5011189485919, "df": 2.0, "F": 4.13940610693043, "pvalue": 0.03702357191565365, "tukey_hsd": {"groups": ["A12", "B1-8", "PBS"], "pvalues": [[1.0, 0.29814277078288953, 0.029381462753571452], [0.29814277078288953, 1.0, 0.40235808193253164], [0.029381462753571452, 0.40235808193253164, 1.0]]}}, "Ig_treated": {"sum_sq": 699.8892867410564, "df": 1.0, "F": 5.413998221047839, "pvalue": 0.03343351539239954}, "A12_treated": {"sum_sq": 774.9510260972029, "df": 1.0, "F": 6.220376493357344, "pvalue": 0.023958355476359654}, "TMT": {"sum_sq": 3.989538520085792, "df": 1.0, "F": 0.022860917323770606, "pvalue": 0.881976356503997}, "Quant": {"sum_sq": 538.2117046212688, "df": 1.0, "F": 3.8615015934502304, "pvalue": 0.06701356103537687}}, "7": {"Mouse_ID": {}, "Treatment": {"sum_sq": 130.2121036844615, "df": 2.0, "F": 0.47768603255679165, "pvalue": 0.6293357788349555, "tukey_hsd": {"groups": ["A12", "B1-8", "PBS"], "pvalues": [[1.0, 0.6968643379625232, 0.666191957242416], [0.6968643379625232, 1.0, 0.9985679784508165], [0.666191957242416, 0.9985679784508165, 1.0]]}}, "Ig_treated": {"sum_sq": 38.604409184103545, "df": 1.0, "F": 0.28916788378001246, "pvalue": 0.598155028374184}, "A12_treated": {"sum_sq": 129.85780221318743, "df": 1.0, "F": 1.016114614144774, "pvalue": 0.32844466889219887}, "TMT": {"sum_sq": 7.218588806859699, "df": 1.0, "F": 0.05253652644877948, "pvalue": 0.8220215240034596}, "Quant": {"sum_sq": 171.29469637593226, "df": 1.0, "F": 1.368074804278642, "pvalue": 0.25927242171868187}}, "8": {"Mouse_ID": {}, "Treatment": {"sum_sq": 109.3842459817443, "df": 2.0, "F": 0.43969598974753427, "pvalue": 0.6522745338170866, "tukey_hsd": {"groups": ["A12", "B1-8", "PBS"], "pvalues": [[1.0, 0.7088321498888446, 0.9996790746584473], [0.7088321498888446, 1.0, 0.6944189015599636], [0.9996790746584473, 0.6944189015599636, 1.0]]}}, "Ig_treated": {"sum_sq": 29.818884607879866, "df": 1.0, "F": 0.2452515085580444, "pvalue": 0.627170813653644}, "A12_treated": {"sum_sq": 24.945656150243416, "df": 1.0, "F": 0.20465796624585897, "pvalue": 0.6570604181092288}, "TMT": {"sum_sq": 76.67405746128573, "df": 1.0, "F": 0.696207638571292, "pvalue": 0.41807151899614403}, "Quant": {"sum_sq": 80.91317680208992, "df": 1.0, "F": 0.6834372379322824, "pvalue": 0.4205638822484774}}, "9": {"Mouse_ID": {}, "Treatment": {"sum_sq": 53.1105011825013, "df": 2.0, "F": 0.23651068236632855, "pvalue": 0.792265973161123, "tukey_hsd": {"groups": ["A12", "B1-8", "PBS"], "pvalues": [[1.0, 0.7849928352545424, 0.8841450603208959], [0.7849928352545424, 1.0, 0.9795562046111425], [0.8841450603208959, 0.9795562046111425, 1.0]]}}, "Ig_treated": {"sum_sq": 2.9543832700573436, "df": 1.0, "F": 0.027255316057327738, "pvalue": 0.8709395365250652}, "A12_treated": {"sum_sq": 48.89775694836485, "df": 1.0, "F": 0.4633754840516478, "pvalue": 0.5057831241747366}, "TMT": {"sum_sq": 0.11785467205606882, "df": 1.0, "F": 0.0012489600724767413, "pvalue": 0.9723070777565826}, "Quant": {"sum_sq": 0.20743090646321438, "df": 1.0, "F": 0.001910603358809446, "pvalue": 0.9656760734668104}}, "10": {"Mouse_ID": {}, "Treatment": {"sum_sq": 77.01109286829391, "df": 2.0, "F": 0.4010119166183498, "pvalue": 0.676611070513662, "tukey_hsd": {"groups": ["A12", "B1-8", "PBS"], "pvalues": [[1.0, 0.7383121587335058, 0.7093264943996619], [0.7383121587335058, 1.0, 0.9986718404009567], [0.7093264943996619, 0.9986718404009567, 1.0]]}}, "Ig_treated": {"sum_sq": 23.01959685071367, "df": 1.0, "F": 0.2464780311316416, "pvalue": 0.6263173949141116}, "A12_treated": {"sum_sq": 76.77960135364012, "df": 1.0, "F": 0.8527834602738018, "pvalue": 0.36948370291592675}, "TMT": {"sum_sq": 26.79364630997862, "df": 1.0, "F": 0.37935731318376986, "pvalue": 0.5478311485334728}, "Quant": {"sum_sq": 0.14682978218864748, "df": 1.0, "F": 0.0015484509060629025, "pvalue": 0.9690978811331362}}}