{"1": {"Mouse_ID": {}, "Treatment": {"sum_sq": 116.90127777369102, "df": 2.0, "F": 0.0764789483185838, "pvalue": 0.9267312735502773, "tukey_hsd": {"groups": ["A12", "B1-8", "PBS"], "pvalues": [[1.0, 0.9967949128249595, 0.9536060285310992], [0.9967949128249595, 1.0, 0.9275431080307112], [0.9536060285310992, 0.9275431080307112, 1.0]]}}, "Ig_treated": {"sum_sq": 112.45012645882944, "df": 1.0, "F": 0.15688185855466713, "pvalue": 0.6972756582405064}, "A12_treated": {"sum_sq": 12.075668749073861, "df": 1.0, "F": 0.01670088496200149, "pvalue": 0.8987847701737324}, "TMT": {"sum_sq": 866.8444592793381, "df": 1.0, "F": 1.1777366866901955, "pvalue": 0.29615166532200665}, "Quant": {"sum_sq": 6.173048239467326, "df": 1.0, "F": 0.008533092177332495, "pvalue": 0.9275470490226114}}, "2": {"Mouse_ID": {}, "Treatment": {"sum_sq": 3229.1941089767456, "df": 2.0, "F": 4.531959726257934, "pvalue": 0.028869329920773398, "tukey_hsd": {"groups": ["A12", "B1-8", "PBS"], "pvalues": [[1.0, 0.02341376865966527, 0.20483810616699638], [0.02341376865966527, 1.0, 0.4735797380143175], [0.20483810616699638, 0.4735797380143175, 1.0]]}}, "Ig_treated": {"sum_sq": 42.62891454435153, "df": 1.0, "F": 0.07995481433378579, "pvalue": 0.7809840890853954}, "A12_treated": {"sum_sq": 2719.7673734163773, "df": 1.0, "F": 7.434279523351322, "pvalue": 0.014935296885558154}, "TMT": {"sum_sq": 7.532480561525304, "df": 1.0, "F": 0.013993508049537704, "pvalue": 0.9075150993193605}, "Quant": {"sum_sq": 1.0439384485649594, "df": 1.0, "F": 0.0019485128871686386, "pvalue": 0.9653374569423092}}, "3": {"Mouse_ID": {}, "Treatment": {"sum_sq": 995.2879110938841, "df": 2.0, "F": 1.4405983855181108, "pvalue": 0.2677380372927298, "tukey_hsd": {"groups": ["A12", "B1-8", "PBS"], "pvalues": [[1.0, 0.3117827898971455, 0.9949118844692506], [0.3117827898971455, 1.0, 0.35627756148420664], [0.9949118844692506, 0.35627756148420664, 1.0]]}}, "Ig_treated": {"sum_sq": 201.6453813839779, "df": 1.0, "F": 0.5399455452470957, "pvalue": 0.4730886076274651}, "A12_treated": {"sum_sq": 299.19589751026007, "df": 1.0, "F": 0.8144529182738424, "pvalue": 0.38019282080169337}, "TMT": {"sum_sq": 1218.4483785656262, "df": 1.0, "F": 3.4889499530636394, "pvalue": 0.08285342866449223}, "Quant": {"sum_sq": 18.559023765166266, "df": 1.0, "F": 0.04821803991336694, "pvalue": 0.8289704819365954}}, "4": {"Mouse_ID": {}, "Treatment": {"sum_sq": 356.24818518892636, "df": 2.0, "F": 0.6234021867751182, "pvalue": 0.549445737985001, "tukey_hsd": {"groups": ["A12", "B1-8", "PBS"], "pvalues": [[1.0, 0.588391456686339, 0.9974064731889717], [0.588391456686339, 1.0, 0.6298564869238946], [0.9974064731889717, 0.6298564869238946, 1.0]]}}, "Ig_treated": {"sum_sq": 70.8062573043066, "df": 1.0, "F": 0.2478246882861406, "pvalue": 0.6253834568778435}, "A12_treated": {"sum_sq": 108.6639380231428, "df": 1.0, "F": 0.38350403493817814, "pvalue": 0.5444518307685198}, "TMT": {"sum_sq": 574.4677495825252, "df": 1.0, "F": 2.002534117381509, "pvalue": 0.17889398511996904}, "Quant": {"sum_sq": 682.0392136088127, "df": 1.0, "F": 2.7556136564946834, "pvalue": 0.11638208831379178}}, "5": {"Mouse_ID": {}, "Treatment": {"sum_sq": 1317.5172921989854, "df": 2.0, "F": 6.595825346098538, "pvalue": 0.00880603993275894, "tukey_hsd": {"groups": ["A12", "B1-8", "PBS"], "pvalues": [[1.0, 0.4343971767121717, 0.08444133176311686], [0.4343971767121717, 1.0, 0.00723299127484911], [0.08444133176311686, 0.00723299127484911, 1.0]]}}, "Ig_treated": {"sum_sq": 1157.217422888531, "df": 1.0, "F": 11.164487543269122, "pvalue": 0.00414232085055756}, "A12_treated": {"sum_sq": 36.53280833901881, "df": 1.0, "F": 0.2103280402493498, "pvalue": 0.6526785168782625}, "TMT": {"sum_sq": 16.002352108696634, "df": 1.0, "F": 0.12725595727166805, "pvalue": 0.7266136577225721}, "Quant": {"sum_sq": 1359.7048446559472, "df": 1.0, "F": 14.94243967259616, "pvalue": 0.0013696946578807248}}, "6": {"Mouse_ID": {}, "Treatment": {"sum_sq": 984.5011189484627, "df": 2.0, "F": 4.139406106929561, "pvalue": 0.03702357191567437, "tukey_hsd": {"groups": ["A12", "B1-8", "PBS"], "pvalues": [[1.0, 0.2981427707828651, 0.029381462753589327], [0.2981427707828651, 1.0, 0.4023580819327238], [0.029381462753589327, 0.4023580819327238, 1.0]]}}, "Ig_treated": {"sum_sq": 699.8892867408834, "df": 1.0, "F": 5.413998221046022, "pvalue": 0.03343351539242534}, "A12_treated": {"sum_sq": 774.9510260971736, "df": 1.0, "F": 6.220376493356985, "pvalue": 0.02395835547636306}, "TMT": {"sum_sq": 3.9895385200844267, "df": 1.0, "F": 0.022860917323763257, "pvalue": 0.881976356504013}, "Quant": {"sum_sq": 538.2117046211076, "df": 1.0, "F": 3.861501593448777, "pvalue": 0.06701356103542314}}, "7": {"Mouse_ID": {}, "Treatment": {"sum_sq": 130.2121036844611, "df": 2.0, "F": 0.47768603255678777, "pvalue": 0.6293357788349577, "tukey_hsd": {"groups": ["A12", "B1-8", "PBS"], "pvalues": [[1.0, 0.6968643379625225, 0.6661919572424201], [0.6968643379625225, 1.0, 0.9985679784508169], [0.6661919572424201, 0.9985679784508169, 1.0]]}}, "Ig_treated": {"sum_sq": 38.60440918410244, "df": 1.0, "F": 0.2891678837800027, "pvalue": 0.5981550283741908}, "A12_treated": {"sum_sq": 129.85780221318728, "df": 1.0, "F": 1.0161146141447677, "pvalue": 0.32844466889220025}, "TMT": {"sum_sq": 7.2185888068595085, "df": 1.0, "F": 0.0525365264487779, "pvalue": 0.8220215240034622}, "Quant": {"sum_sq": 171.29469637592982, "df": 1.0, "F": 1.3680748042786142, "pvalue": 0.2592724217186869}}, "8": {"Mouse_ID": {}, "Treatment": {"sum_sq": 109.38424598174576, "df": 2.0, "F": 0.43969598974753765, "pvalue": 0.6522745338170842, "tukey_hsd": {"groups": ["A12", "B1-8", "PBS"], "pvalues": [[1.0, 0.7088321498888448, 0.9996790746584472], [0.7088321498888448, 1.0, 0.6944189015599599], [0.9996790746584472, 0.6944189015599599, 1.0]]}}, "Ig_treated": {"sum_sq": 29.818884607880936, "df": 1.0, "F": 0.2452515085580518, "pvalue": 0.6271708136536389}, "A12_treated": {"sum_sq": 24.945656150243114, "df": 1.0, "F": 0.20465796624585525, "pvalue": 0.6570604181092317}, "TMT": {"sum_sq": 76.67405746128574, "df": 1.0, "F": 0.6962076385712868, "pvalue": 0.41807151899614525}, "Quant": {"sum_sq": 80.91317680208917, "df": 1.0, "F": 0.6834372379322715, "pvalue": 0.4205638822484806}}, "9": {"Mouse_ID": {}, "Treatment": {"sum_sq": 53.1105011825018, "df": 2.0, "F": 0.23651068236633083, "pvalue": 0.7922659731611217, "tukey_hsd": {"groups": ["A12", "B1-8", "PBS"], "pvalues": [[1.0, 0.7849928352545419, 0.8841450603208919], [0.7849928352545419, 1.0, 0.979556204611144], [0.8841450603208919, 0.979556204611144, 1.0]]}}, "Ig_treated": {"sum_sq": 2.9543832700576833, "df": 1.0, "F": 0.027255316057330878, "pvalue": 0.8709395365250568}, "A12_treated": {"sum_sq": 48.89775694836567, "df": 1.0, "F": 0.46337548405165585, "pvalue": 0.505783124174733}, "TMT": {"sum_sq": 0.11785467205605127, "df": 1.0, "F": 0.0012489600724765585, "pvalue": 0.9723070777565826}, "Quant": {"sum_sq": 0.2074309064631939, "df": 1.0, "F": 0.0019106033588092573, "pvalue": 0.9656760734668104}}, "10": {"Mouse_ID": {}, "Treatment": {"sum_sq": 77.01109286829384, "df": 2.0, "F": 0.40101191661834956, "pvalue": 0.676611070513662, "tukey_hsd": {"groups": ["A12", "B1-8", "PBS"], "pvalues": [[1.0, 0.7383121587335069, 0.7093264943996613], [0.7383121587335069, 1.0, 0.9986718404009566], [0.7093264943996613, 0.9986718404009566, 1.0]]}}, "Ig_treated": {"sum_sq": 23.019596850713867, "df": 1.0, "F": 0.2464780311316439, "pvalue": 0.6263173949141092}, "A12_treated": {"sum_sq": 76.77960135363996, "df": 1.0, "F": 0.8527834602738005, "pvalue": 0.36948370291592675}, "TMT": {"sum_sq": 26.7936463099776, "df": 1.0, "F": 0.3793573131837553, "pvalue": 0.5478311485334797}, "Quant": {"sum_sq": 0.14682978218866913, "df": 1.0, "F": 0.001548450906063132, "pvalue": 0.9690978811331362}}}