{"1": {"Mouse_ID": {}, "Treatment": {"sum_sq": 122.5948921247121, "df": 2.0, "F": 0.07944744827228555, "pvalue": 0.9240125701587438, "tukey_hsd": {"groups": ["A12", "B1-8", "PBS"], "pvalues": [[1.0, 0.998366591869341, 0.9470463697322554], [0.998366591869341, 1.0, 0.9279715799920357], [0.9470463697322554, 0.9279715799920357, 1.0]]}}, "Ig_treated": {"sum_sq": 120.3069147122146, "df": 1.0, "F": 0.1662918772010952, "pvalue": 0.6888331078377162}, "A12_treated": {"sum_sq": 17.424530656592196, "df": 1.0, "F": 0.023872538450698564, "pvalue": 0.8791418676522841}, "Batch": {"sum_sq": 854.5478972678895, "df": 1.0, "F": 1.1472603788340519, "pvalue": 0.30224181724628935}, "Quant": {"sum_sq": 5.90317665696787, "df": 1.0, "F": 0.008079696521715137, "pvalue": 0.9294925185571803}}, "2": {"Mouse_ID": {}, "Treatment": {"sum_sq": 3280.2933431623533, "df": 2.0, "F": 4.616392312378185, "pvalue": 0.027394256935615875, "tukey_hsd": {"groups": ["A12", "B1-8", "PBS"], "pvalues": [[1.0, 0.022195515899410934, 0.19833871123234437], [0.022195515899410934, 1.0, 0.469690453050158], [0.19833871123234437, 0.469690453050158, 1.0]]}}, "Ig_treated": {"sum_sq": 44.42570015094031, "df": 1.0, "F": 0.08298846491020709, "pvalue": 0.7769859165043438}, "A12_treated": {"sum_sq": 2766.3617891007148, "df": 1.0, "F": 7.574864850997504, "pvalue": 0.014168456845635072}, "Batch": {"sum_sq": 8.173367621488007, "df": 1.0, "F": 0.015132262839441527, "pvalue": 0.9038451052891947}, "Quant": {"sum_sq": 1.4985539766679246, "df": 1.0, "F": 0.0027853813992587463, "pvalue": 0.9585631452365235}}, "3": {"Mouse_ID": {}, "Treatment": {"sum_sq": 975.6924711168416, "df": 2.0, "F": 1.4030278846373905, "pvalue": 0.2763290051058333, "tukey_hsd": {"groups": ["A12", "B1-8", "PBS"], "pvalues": [[1.0, 0.3270288500794364, 0.9977176038725243], [0.3270288500794364, 1.0, 0.3572876348337106], [0.9977176038725243, 0.3572876348337106, 1.0]]}}, "Ig_treated": {"sum_sq": 212.19130717244803, "df": 1.0, "F": 0.5678171373503849, "pvalue": 0.4620730927182013}, "A12_treated": {"sum_sq": 277.0962585653993, "df": 1.0, "F": 0.7496381969808188, "pvalue": 0.3993878516716909}, "Batch": {"sum_sq": 1216.0869734206256, "df": 1.0, "F": 3.4688128664778084, "pvalue": 0.08365427478738759}, "Quant": {"sum_sq": 21.267721596853736, "df": 1.0, "F": 0.05515069223076298, "pvalue": 0.8173105267784967}}, "4": {"Mouse_ID": {}, "Treatment": {"sum_sq": 359.20495249235967, "df": 2.0, "F": 0.6219614665509873, "pvalue": 0.5501771383653842, "tukey_hsd": {"groups": ["A12", "B1-8", "PBS"], "pvalues": [[1.0, 0.5850452127393327, 0.9961362701224801], [0.5850452127393327, 1.0, 0.6356734021180569], [0.9961362701224801, 0.6356734021180569, 1.0]]}}, "Ig_treated": {"sum_sq": 67.50627580614622, "df": 1.0, "F": 0.2336253181529425, "pvalue": 0.6353965262012932}, "A12_treated": {"sum_sq": 114.12437151228329, "df": 1.0, "F": 0.39898409359014636, "pvalue": 0.5365354952578354}, "Batch": {"sum_sq": 584.2742593711735, "df": 1.0, "F": 2.0180450860886614, "pvalue": 0.17732672805749952}, "Quant": {"sum_sq": 675.8424296696675, "df": 1.0, "F": 2.693350259549461, "pvalue": 0.12027514607627626}}, "5": {"Mouse_ID": {}, "Treatment": {"sum_sq": 1797.6614971065128, "df": 2.0, "F": 12.777086242184183, "pvalue": 0.0005759938722497295, "tukey_hsd": {"groups": ["A12", "B1-8", "PBS"], "pvalues": [[1.0, 0.8451834673840641, 0.002699297567848369], [0.8451834673840641, 1.0, 0.0008991406399670998], [0.002699297567848369, 0.0008991406399670998, 1.0]]}}, "Ig_treated": {"sum_sq": 1775.9416361232636, "df": 1.0, "F": 26.385344317213267, "pvalue": 9.944657670984986e-05}, "A12_treated": {"sum_sq": 290.1873743080903, "df": 1.0, "F": 1.8117741262791738, "pvalue": 0.19705850472044797}, "Batch": {"sum_sq": 19.307006162587374, "df": 1.0, "F": 0.12476717048411085, "pvalue": 0.7291826526278302}, "Quant": {"sum_sq": 1909.4127435134326, "df": 1.0, "F": 32.381622715493236, "pvalue": 3.346077641311086e-05}}, "6": {"Mouse_ID": {}, "Treatment": {"sum_sq": 550.457276919749, "df": 2.0, "F": 1.8322235485621694, "pvalue": 0.1941203089551401, "tukey_hsd": {"groups": ["A12", "B1-8", "PBS"], "pvalues": [[1.0, 0.23625165438070583, 0.272760994670159], [0.23625165438070583, 1.0, 0.9949963502002903], [0.272760994670159, 0.9949963502002903, 1.0]]}}, "Ig_treated": {"sum_sq": 114.56944824830455, "df": 1.0, "F": 0.6816763423608394, "pvalue": 0.4211508045570276}, "A12_treated": {"sum_sq": 549.0900682125186, "df": 1.0, "F": 3.8966707479557905, "pvalue": 0.06590544740627768}, "Batch": {"sum_sq": 0.6274106091230811, "df": 1.0, "F": 0.00416998816613878, "pvalue": 0.9494250454931128}, "Quant": {"sum_sq": 43.46204390565032, "df": 1.0, "F": 0.25193289444625233, "pvalue": 0.6225539267225665}}, "7": {"Mouse_ID": {}, "Treatment": {"sum_sq": 120.46630308213581, "df": 2.0, "F": 0.44012828434072604, "pvalue": 0.6520082362944792, "tukey_hsd": {"groups": ["A12", "B1-8", "PBS"], "pvalues": [[1.0, 0.7264191577346364, 0.6792586249843819], [0.7264191577346364, 1.0, 0.9965621200868826], [0.6792586249843819, 0.9965621200868826, 1.0]]}}, "Ig_treated": {"sum_sq": 39.302235398984664, "df": 1.0, "F": 0.2946790356174925, "pvalue": 0.5947194705721578}, "A12_treated": {"sum_sq": 119.61125593713204, "df": 1.0, "F": 0.9318877623020965, "pvalue": 0.34873816721117834}, "Batch": {"sum_sq": 3.692841316180981, "df": 1.0, "F": 0.026905638296356466, "pvalue": 0.8720525580689311}, "Quant": {"sum_sq": 164.55665595947497, "df": 1.0, "F": 1.3107423207553286, "pvalue": 0.26909813128355753}}, "8": {"Mouse_ID": {}, "Treatment": {"sum_sq": 131.41312097304228, "df": 2.0, "F": 0.5312319276647847, "pvalue": 0.5985400525069434, "tukey_hsd": {"groups": ["A12", "B1-8", "PBS"], "pvalues": [[1.0, 0.6490810122333279, 0.999906174107606], [0.6490810122333279, 1.0, 0.6569752914817121], [0.999906174107606, 0.6569752914817121, 1.0]]}}, "Ig_treated": {"sum_sq": 31.42353149366543, "df": 1.0, "F": 0.2571356496267573, "pvalue": 0.6190120614381734}, "A12_treated": {"sum_sq": 34.304079365232155, "df": 1.0, "F": 0.2811210360832209, "pvalue": 0.6032486462012974}, "Batch": {"sum_sq": 72.3432107205582, "df": 1.0, "F": 0.627004630272262, "pvalue": 0.441666879532306}, "Quant": {"sum_sq": 77.52950223184843, "df": 1.0, "F": 0.6497370715353511, "pvalue": 0.4320245962803385}}, "9": {"Mouse_ID": {}, "Treatment": {"sum_sq": 50.4341965551902, "df": 2.0, "F": 0.2250390671634861, "pvalue": 0.801132485071726, "tukey_hsd": {"groups": ["A12", "B1-8", "PBS"], "pvalues": [[1.0, 0.7999669712583366, 0.8765184857614576], [0.7999669712583366, 1.0, 0.9876678469310458], [0.8765184857614576, 0.9876678469310458, 1.0]]}}, "Ig_treated": {"sum_sq": 4.346831823629872, "df": 1.0, "F": 0.04027325465151435, "pvalue": 0.8434760335782945}, "A12_treated": {"sum_sq": 47.90990329663461, "df": 1.0, "F": 0.4553707098676393, "pvalue": 0.5094298874914602}, "Batch": {"sum_sq": 0.6305101013870377, "df": 1.0, "F": 0.006941860128033103, "pvalue": 0.9347784261098268}, "Quant": {"sum_sq": 0.9643833442106748, "df": 1.0, "F": 0.00891751391831708, "pvalue": 0.9259380333954594}}, "10": {"Mouse_ID": {}, "Treatment": {"sum_sq": 77.34373397854742, "df": 2.0, "F": 0.40703615648529134, "pvalue": 0.6727543896850214, "tukey_hsd": {"groups": ["A12", "B1-8", "PBS"], "pvalues": [[1.0, 0.7393604426336258, 0.7022071651682195], [0.7393604426336258, 1.0, 0.9978260242610536], [0.7022071651682195, 0.9978260242610536, 1.0]]}}, "Ig_treated": {"sum_sq": 24.176775688446185, "df": 1.0, "F": 0.2616722776754945, "pvalue": 0.6159605916859698}, "A12_treated": {"sum_sq": 76.96863514947935, "df": 1.0, "F": 0.8639051551137009, "pvalue": 0.3664598122283075}, "Batch": {"sum_sq": 14.850411705492675, "df": 1.0, "F": 0.21156588916828786, "pvalue": 0.6526049940335288}, "Quant": {"sum_sq": 0.4590862709843182, "df": 1.0, "F": 0.004890363460880126, "pvalue": 0.9451150539770181}}}