{"1": {"Mouse_ID": {}, "Treatment": {"sum_sq": 35.97169982346092, "df": 2.0, "F": 0.9817162740742447, "pvalue": 0.3974947720878502, "tukey_hsd": {"groups": ["A12", "B1-8", "PBS"], "pvalues": [[1.0, 0.3652091406621736, 0.7598380661335635], [0.3652091406621736, 1.0, 0.7737031944006809], [0.7598380661335635, 0.7737031944006809, 1.0]]}}, "Ig_treated": {"sum_sq": 0.0036078548859555903, "df": 1.0, "F": 0.00018574424842929843, "pvalue": 0.9892946219078373}, "A12_treated": {"sum_sq": 27.288941679582713, "df": 1.0, "F": 1.5401432557725665, "pvalue": 0.23248488401819029}, "Batch": {"sum_sq": 5.348344870622465, "df": 1.0, "F": 0.24607037695995398, "pvalue": 0.627552467449189}, "Quant": {"sum_sq": 18.32319854259308, "df": 1.0, "F": 1.0024288146404539, "pvalue": 0.3316258697911624}}, "2": {"Mouse_ID": {}, "Treatment": {"sum_sq": 57.871507335913385, "df": 2.0, "F": 3.9587066286989603, "pvalue": 0.04163345677182177, "tukey_hsd": {"groups": ["A12", "B1-8", "PBS"], "pvalues": [[1.0, 0.03306094253256786, 0.37311494198965056], [0.03306094253256786, 1.0, 0.3519385852772554], [0.37311494198965056, 0.3519385852772554, 1.0]]}}, "Ig_treated": {"sum_sq": 0.004599533023340291, "df": 1.0, "F": 0.000439337801496074, "pvalue": 0.9835364264836592}, "A12_treated": {"sum_sq": 42.95454156249225, "df": 1.0, "F": 5.517696174918183, "pvalue": 0.03200038830167594}, "Batch": {"sum_sq": 12.503831690903619, "df": 1.0, "F": 1.4491747540131381, "pvalue": 0.24862049611525355}, "Quant": {"sum_sq": 2.4028746317557625, "df": 1.0, "F": 0.23285139753951478, "pvalue": 0.6359530723232253}}, "3": {"Mouse_ID": {}, "Treatment": {"sum_sq": 3.5048800461637275, "df": 2.0, "F": 0.2349139327005705, "pvalue": 0.7934934265264645, "tukey_hsd": {"groups": ["A12", "B1-8", "PBS"], "pvalues": [[1.0, 0.8209332284655201, 0.999819594261354], [0.8209332284655201, 1.0, 0.8304447735701244], [0.999819594261354, 0.8304447735701244, 1.0]]}}, "Ig_treated": {"sum_sq": 0.7973604327236227, "df": 1.0, "F": 0.11131812559719956, "pvalue": 0.7429810498447327}, "A12_treated": {"sum_sq": 0.9575208767091473, "df": 1.0, "F": 0.13386492505740358, "pvalue": 0.7192503826421692}, "Batch": {"sum_sq": 1.1673871475490623, "df": 1.0, "F": 0.16474031818253973, "pvalue": 0.6909646759709069}, "Quant": {"sum_sq": 0.06822734950766562, "df": 1.0, "F": 0.009464887298892822, "pvalue": 0.9237062365828267}}, "4": {"Mouse_ID": {}, "Treatment": {"sum_sq": 3.5359875515160915, "df": 2.0, "F": 0.29643258756146124, "pvalue": 0.7477217518468804, "tukey_hsd": {"groups": ["A12", "B1-8", "PBS"], "pvalues": [[1.0, 0.944452528108914, 0.897687224120947], [0.944452528108914, 1.0, 0.7283863226221434], [0.897687224120947, 0.7283863226221434, 1.0]]}}, "Ig_treated": {"sum_sq": 2.9152298007249664, "df": 1.0, "F": 0.5177781422672074, "pvalue": 0.4821702044004279}, "A12_treated": {"sum_sq": 0.029369917536904207, "df": 1.0, "F": 0.005054511328826186, "pvalue": 0.9442031544664236}, "Batch": {"sum_sq": 9.105010225269755, "df": 1.0, "F": 1.672708426481369, "pvalue": 0.21682990088101056}, "Quant": {"sum_sq": 0.7141752621817887, "df": 1.0, "F": 0.12382035452499701, "pvalue": 0.7295190328335026}}, "5": {"Mouse_ID": {}, "Treatment": {"sum_sq": 16.437719795521065, "df": 2.0, "F": 3.785573269763592, "pvalue": 0.04666940781824781, "tukey_hsd": {"groups": ["A12", "B1-8", "PBS"], "pvalues": [[1.0, 0.22454983409520313, 0.03984648265009405], [0.22454983409520313, 1.0, 0.5999146217413818], [0.03984648265009405, 0.5999146217413818, 1.0]]}}, "Ig_treated": {"sum_sq": 9.891964743905175, "df": 1.0, "F": 4.046593766697049, "pvalue": 0.061416316456490365}, "A12_treated": {"sum_sq": 14.351007758429624, "df": 1.0, "F": 6.626112389536041, "pvalue": 0.020383271847665665}, "Batch": {"sum_sq": 1.0412374026560054, "df": 1.0, "F": 0.31735185009896355, "pvalue": 0.5821144375326357}, "Quant": {"sum_sq": 12.79000446139476, "df": 1.0, "F": 5.6508205361510875, "pvalue": 0.03026321337419914}}, "6": {"Mouse_ID": {}, "Treatment": {"sum_sq": 9.445226349629081, "df": 2.0, "F": 2.7302964679566513, "pvalue": 0.09745358706838038, "tukey_hsd": {"groups": ["A12", "B1-8", "PBS"], "pvalues": [[1.0, 0.8204744970915772, 0.2549022470405813], [0.8204744970915772, 1.0, 0.09367293812106281], [0.2549022470405813, 0.09367293812106281, 1.0]]}}, "Ig_treated": {"sum_sq": 8.815639582535463, "df": 1.0, "F": 5.3075901357035855, "pvalue": 0.03498168123769588}, "A12_treated": {"sum_sq": 0.6358407917140234, "df": 1.0, "F": 0.29271917737816583, "pvalue": 0.5959363713758563}, "Batch": {"sum_sq": 5.899385008485651, "df": 1.0, "F": 3.783782920326924, "pvalue": 0.07211622551000665}, "Quant": {"sum_sq": 15.293654752375401, "df": 1.0, "F": 12.17576296453167, "pvalue": 0.003030779049390301}}, "7": {"Mouse_ID": {}, "Treatment": {"sum_sq": 7.307889286637703, "df": 2.0, "F": 2.5159247976094914, "pvalue": 0.11422904932772453, "tukey_hsd": {"groups": ["A12", "B1-8", "PBS"], "pvalues": [[1.0, 0.8724234516158661, 0.2586245783912604], [0.8724234516158661, 1.0, 0.11439301693244441], [0.2586245783912604, 0.11439301693244441, 1.0]]}}, "Ig_treated": {"sum_sq": 6.944865038909223, "df": 1.0, "F": 5.017077010207098, "pvalue": 0.039648685105274466}, "A12_treated": {"sum_sq": 0.6333968829501494, "df": 1.0, "F": 0.3560986141408316, "pvalue": 0.5590308898562145}, "Batch": {"sum_sq": 0.00871875920220649, "df": 1.0, "F": 0.005314160654913253, "pvalue": 0.9429183164061558}, "Quant": {"sum_sq": 2.4487251693582572, "df": 1.0, "F": 1.470481485636533, "pvalue": 0.24287131511076737}}, "8": {"Mouse_ID": {}, "Treatment": {"sum_sq": 3.183316123488497, "df": 2.0, "F": 1.1970917022071934, "pvalue": 0.32934729865799334, "tukey_hsd": {"groups": ["A12", "B1-8", "PBS"], "pvalues": [[1.0, 0.29819357587012285, 0.706587232483627], [0.29819357587012285, 1.0, 0.7421037274329221], [0.706587232483627, 0.7421037274329221, 1.0]]}}, "Ig_treated": {"sum_sq": 0.0016057471468447, "df": 1.0, "F": 0.0011109663331108153, "pvalue": 0.9738227738543876}, "A12_treated": {"sum_sq": 2.448585485339955, "df": 1.0, "F": 1.8945674813431481, "pvalue": 0.1876461983972189}, "Batch": {"sum_sq": 2.7398546422278183, "df": 1.0, "F": 3.016575588766497, "pvalue": 0.10435813927716839}, "Quant": {"sum_sq": 1.0306854820986344, "df": 1.0, "F": 0.7463093281587181, "pvalue": 0.40041308594481984}}, "9": {"Mouse_ID": {}, "Treatment": {"sum_sq": 0.00902367146808811, "df": 2.0, "F": 0.004669628285523394, "pvalue": 0.9953427038014667, "tukey_hsd": {"groups": ["A12", "B1-8", "PBS"], "pvalues": [[1.0, 0.9949171260233104, 0.9991304844892397], [0.9949171260233104, 1.0, 0.9982458837203941], [0.9991304844892397, 0.9982458837203941, 1.0]]}}, "Ig_treated": {"sum_sq": 8.99421327579534e-05, "df": 1.0, "F": 9.923235884721628e-05, "pvalue": 0.9921751209450073}, "A12_treated": {"sum_sq": 0.005946484265703853, "df": 1.0, "F": 0.006563354005947066, "pvalue": 0.9364351457471505}, "Batch": {"sum_sq": 2.484336774836702, "df": 1.0, "F": 3.3023559530525195, "pvalue": 0.09064286214235225}, "Quant": {"sum_sq": 0.0227880534384001, "df": 1.0, "F": 0.025181270444293184, "pvalue": 0.875901884105255}}, "10": {"Mouse_ID": {}, "Treatment": {"sum_sq": 1.1318545929432997, "df": 2.0, "F": 0.7983798492610997, "pvalue": 0.46828435453414874, "tukey_hsd": {"groups": ["A12", "B1-8", "PBS"], "pvalues": [[1.0, 0.797700193668937, 0.8125813206879526], [0.797700193668937, 1.0, 0.4362101064967745], [0.8125813206879526, 0.4362101064967745, 1.0]]}}, "Ig_treated": {"sum_sq": 0.8365498924585312, "df": 1.0, "F": 1.2248196655086077, "pvalue": 0.2847791381844614}, "A12_treated": {"sum_sq": 0.00017687784118587376, "df": 1.0, "F": 0.00024056118834399695, "pvalue": 0.9878170380570785}, "Batch": {"sum_sq": 0.33010086360631063, "df": 1.0, "F": 0.5154096301272734, "pvalue": 0.4846150001446019}, "Quant": {"sum_sq": 0.37012785221851086, "df": 1.0, "F": 0.5197331448407372, "pvalue": 0.481357360095381}}}