{"1": {"Seqn": {}, "ID": {}, "Group": {"sum_sq": 116.90127777369035, "df": 2.0, "F": 0.07647894831858346, "pvalue": 0.9267312735502773, "tukey_hsd": {"groups": ["A12", "B1-8", "PBS"], "pvalues": [[1.0, 0.9967949128249596, 0.9536060285310991], [0.9967949128249596, 1.0, 0.9275431080307116], [0.9536060285310991, 0.9275431080307116, 1.0]]}}, "Ig": {"sum_sq": 112.45012645882899, "df": 1.0, "F": 0.1568818585546666, "pvalue": 0.6972756582405064}, "Control": {"sum_sq": 12.07566874907406, "df": 1.0, "F": 0.016700884962001783, "pvalue": 0.8987847701737324}, "TMT": {"sum_sq": 866.8444592793364, "df": 1.0, "F": 1.1777366866901942, "pvalue": 0.296151665322007}, "Tag": {"sum_sq": 2615.4636590621167, "df": 8.0, "F": 0.2674848198743393, "pvalue": 0.9578518813232492, "tukey_hsd": {}}, "ID_metabo": {}, "Quant": {"sum_sq": 789.5116643667745, "df": 1.0, "F": 1.2257392210134586, "pvalue": 0.285676246081326}}, "2": {"Seqn": {}, "ID": {}, "Group": {"sum_sq": 3229.1941089767506, "df": 2.0, "F": 4.531959726257934, "pvalue": 0.028869329920773398, "tukey_hsd": {"groups": ["A12", "B1-8", "PBS"], "pvalues": [[1.0, 0.02341376865966538, 0.2048381061669966], [0.02341376865966538, 1.0, 0.47357973801431685], [0.2048381061669966, 0.47357973801431685, 1.0]]}}, "Ig": {"sum_sq": 42.628914544351176, "df": 1.0, "F": 0.07995481433378503, "pvalue": 0.7809840890853954}, "Control": {"sum_sq": 2719.767373416381, "df": 1.0, "F": 7.434279523351319, "pvalue": 0.014935296885558176}, "TMT": {"sum_sq": 7.53248056152533, "df": 1.0, "F": 0.013993508049537737, "pvalue": 0.9075150993193605}, "Tag": {"sum_sq": 6850.7492815570995, "df": 8.0, "F": 8.652954217338513, "pvalue": 0.005043325816589034, "tukey_hsd": {}}, "ID_metabo": {}, "Quant": {"sum_sq": 951.8637402299973, "df": 1.0, "F": 1.8797280431971666, "pvalue": 0.19053054584953782}}, "3": {"Seqn": {}, "ID": {}, "Group": {"sum_sq": 995.2879110938849, "df": 2.0, "F": 1.4405983855181155, "pvalue": 0.26773803729272905, "tukey_hsd": {"groups": ["A12", "B1-8", "PBS"], "pvalues": [[1.0, 0.3117827898971439, 0.9949118844692505], [0.3117827898971439, 1.0, 0.3562775614842052], [0.9949118844692505, 0.3562775614842052, 1.0]]}}, "Ig": {"sum_sq": 201.64538138397796, "df": 1.0, "F": 0.5399455452470969, "pvalue": 0.4730886076274651}, "Control": {"sum_sq": 299.1958975102604, "df": 1.0, "F": 0.8144529182738449, "pvalue": 0.38019282080169337}, "TMT": {"sum_sq": 1218.4483785656162, "df": 1.0, "F": 3.488949953063611, "pvalue": 0.08285342866449336}, "Tag": {"sum_sq": 1885.2629123536567, "df": 8.0, "F": 0.3906780910436214, "pvalue": 0.8942984623738257, "tukey_hsd": {}}, "ID_metabo": {}, "Quant": {"sum_sq": 8.337280315615303, "df": 1.0, "F": 0.020421182397374338, "pvalue": 0.8882689582923622}}, "4": {"Seqn": {}, "ID": {}, "Group": {"sum_sq": 356.24818518892187, "df": 2.0, "F": 0.6234021867751104, "pvalue": 0.5494457379850054, "tukey_hsd": {"groups": ["A12", "B1-8", "PBS"], "pvalues": [[1.0, 0.5883914566863422, 0.9974064731889716], [0.5883914566863422, 1.0, 0.629856486923899], [0.9974064731889716, 0.629856486923899, 1.0]]}}, "Ig": {"sum_sq": 70.8062573043051, "df": 1.0, "F": 0.24782468828613555, "pvalue": 0.625383456877846}, "Control": {"sum_sq": 108.66393802314198, "df": 1.0, "F": 0.3835040349381756, "pvalue": 0.5444518307685198}, "TMT": {"sum_sq": 574.4677495825287, "df": 1.0, "F": 2.002534117381525, "pvalue": 0.17889398511996712}, "Tag": {"sum_sq": 3199.652756567145, "df": 8.0, "F": 2.0127211797104336, "pvalue": 0.18611948768225867, "tukey_hsd": {}}, "ID_metabo": {}, "Quant": {"sum_sq": 506.2276719764896, "df": 1.0, "F": 1.9393743508345505, "pvalue": 0.18403652171698615}}, "5": {"Seqn": {}, "ID": {}, "Group": {"sum_sq": 1317.5172921989624, "df": 2.0, "F": 6.59582534609832, "pvalue": 0.008806039932759973, "tukey_hsd": {"groups": ["A12", "B1-8", "PBS"], "pvalues": [[1.0, 0.43439717671215816, 0.08444133176312874], [0.43439717671215816, 1.0, 0.007232991274849776], [0.08444133176312874, 0.007232991274849776, 1.0]]}}, "Ig": {"sum_sq": 1157.2174228884992, "df": 1.0, "F": 11.164487543268596, "pvalue": 0.00414232085055825}, "Control": {"sum_sq": 36.53280833901229, "df": 1.0, "F": 0.21032804024931176, "pvalue": 0.6526785168782918}, "TMT": {"sum_sq": 16.002352108696478, "df": 1.0, "F": 0.12725595727166805, "pvalue": 0.7266136577225721}, "Tag": {"sum_sq": 1226.0723210896688, "df": 8.0, "F": 1.9490786175791421, "pvalue": 0.19723164449101227, "tukey_hsd": {}}, "ID_metabo": {}, "Quant": {"sum_sq": 246.29770478643596, "df": 1.0, "F": 1.5497645645688118, "pvalue": 0.23226915816869126}}, "6": {"Seqn": {}, "ID": {}, "Group": {"sum_sq": 984.501118948487, "df": 2.0, "F": 4.1394061069297345, "pvalue": 0.0370235719156703, "tukey_hsd": {"groups": ["A12", "B1-8", "PBS"], "pvalues": [[1.0, 0.29814277078286655, 0.029381462753585885], [0.29814277078286655, 1.0, 0.40235808193268996], [0.029381462753585885, 0.40235808193268996, 1.0]]}}, "Ig": {"sum_sq": 699.8892867409136, "df": 1.0, "F": 5.413998221046349, "pvalue": 0.03343351539242069}, "Control": {"sum_sq": 774.9510260971806, "df": 1.0, "F": 6.220376493357083, "pvalue": 0.023958355476362134}, "TMT": {"sum_sq": 3.989538520084539, "df": 1.0, "F": 0.02286091732376389, "pvalue": 0.881976356504013}, "Tag": {"sum_sq": 2111.492576900752, "df": 8.0, "F": 5.503824427800134, "pvalue": 0.018312720523895515, "tukey_hsd": {}}, "ID_metabo": {}, "Quant": {"sum_sq": 5.333045679064866, "df": 1.0, "F": 0.030150042328772775, "pvalue": 0.8644717987043541}}, "7": {"Seqn": {}, "ID": {}, "Group": {"sum_sq": 130.21210368445998, "df": 2.0, "F": 0.47768603255678505, "pvalue": 0.6293357788349594, "tukey_hsd": {"groups": ["A12", "B1-8", "PBS"], "pvalues": [[1.0, 0.6968643379625279, 0.6661919572424183], [0.6968643379625279, 1.0, 0.9985679784508162], [0.6661919572424183, 0.9985679784508162, 1.0]]}}, "Ig": {"sum_sq": 38.60440918410357, "df": 1.0, "F": 0.2891678837800123, "pvalue": 0.598155028374184}, "Control": {"sum_sq": 129.85780221318586, "df": 1.0, "F": 1.0161146141447601, "pvalue": 0.3284446688922021}, "TMT": {"sum_sq": 7.218588806859825, "df": 1.0, "F": 0.052536526448780235, "pvalue": 0.8220215240034596}, "Tag": {"sum_sq": 1248.2872354502756, "df": 8.0, "F": 1.6002509540715857, "pvalue": 0.2746009493721262, "tukey_hsd": {}}, "ID_metabo": {}, "Quant": {"sum_sq": 33.68746079195613, "df": 1.0, "F": 0.2536597229768704, "pvalue": 0.621825563785093}}, "8": {"Seqn": {}, "ID": {}, "Group": {"sum_sq": 109.38424598174514, "df": 2.0, "F": 0.439695989747537, "pvalue": 0.6522745338170848, "tukey_hsd": {"groups": ["A12", "B1-8", "PBS"], "pvalues": [[1.0, 0.7088321498888445, 0.9996790746584473], [0.7088321498888445, 1.0, 0.6944189015599612], [0.9996790746584473, 0.6944189015599612, 1.0]]}}, "Ig": {"sum_sq": 29.818884607880495, "df": 1.0, "F": 0.24525150855804917, "pvalue": 0.6271708136536414}, "Control": {"sum_sq": 24.945656150243238, "df": 1.0, "F": 0.20465796624585708, "pvalue": 0.6570604181092288}, "TMT": {"sum_sq": 76.67405746128652, "df": 1.0, "F": 0.6962076385712979, "pvalue": 0.4180715189961418}, "Tag": {"sum_sq": 838.9231393995261, "df": 8.0, "F": 0.9416004139465858, "pvalue": 0.5382800600213287, "tukey_hsd": {}}, "ID_metabo": {}, "Quant": {"sum_sq": 4.944692580703011, "df": 1.0, "F": 0.0378896378276065, "pvalue": 0.8482767733852086}}, "9": {"Seqn": {}, "ID": {}, "Group": {"sum_sq": 53.11050118250084, "df": 2.0, "F": 0.23651068236632633, "pvalue": 0.7922659731611251, "tukey_hsd": {"groups": ["A12", "B1-8", "PBS"], "pvalues": [[1.0, 0.7849928352545439, 0.884145060320898], [0.7849928352545439, 1.0, 0.979556204611142], [0.884145060320898, 0.979556204611142, 1.0]]}}, "Ig": {"sum_sq": 2.9543832700571997, "df": 1.0, "F": 0.027255316057326395, "pvalue": 0.8709395365250652}, "Control": {"sum_sq": 48.89775694836432, "df": 1.0, "F": 0.46337548405164236, "pvalue": 0.5057831241747399}, "TMT": {"sum_sq": 0.11785467205605792, "df": 1.0, "F": 0.0012489600724766257, "pvalue": 0.9723070777565826}, "Tag": {"sum_sq": 559.003408823886, "df": 8.0, "F": 0.641743738816664, "pvalue": 0.7268267191863967,