{"1": {"Seqn": {}, "Group": {"sum_sq": 35.97169982346088, "df": 2.0, "F": 0.9817162740742449, "pvalue": 0.3974947720878502, "tukey_hsd": {"groups": ["A12", "B1-8", "PBS"], "pvalues": [[1.0, 0.3652091406621737, 0.7598380661335637], [0.3652091406621737, 1.0, 0.7737031944006809], [0.7598380661335637, 0.7737031944006809, 1.0]]}}, "Ig-Treated": {"sum_sq": 0.003607854885955484, "df": 1.0, "F": 0.00018574424842929325, "pvalue": 0.9892946219078373}, "A12-Treated": {"sum_sq": 27.288941679582685, "df": 1.0, "F": 1.540143255772567, "pvalue": 0.23248488401819029}, "Quant": {"sum_sq": 26.547910752763265, "df": 1.0, "F": 1.6262485002629863, "pvalue": 0.2216206424895706}}, "2": {"Seqn": {}, "Group": {"sum_sq": 57.871507335913265, "df": 2.0, "F": 3.958706628698963, "pvalue": 0.04163345677182172, "tukey_hsd": {"groups": ["A12", "B1-8", "PBS"], "pvalues": [[1.0, 0.03306094253256786, 0.3731149419896507], [0.03306094253256786, 1.0, 0.3519385852772554], [0.3731149419896507, 0.3519385852772554, 1.0]]}}, "Ig-Treated": {"sum_sq": 0.0045995330233404115, "df": 1.0, "F": 0.00043933780149608655, "pvalue": 0.9835364264836592}, "A12-Treated": {"sum_sq": 42.954541562492146, "df": 1.0, "F": 5.517696174918183, "pvalue": 0.03200038830167594}, "Quant": {"sum_sq": 30.120173275118894, "df": 1.0, "F": 3.7620768462897467, "pvalue": 0.07147046137756065}}, "3": {"Seqn": {}, "Group": {"sum_sq": 3.504880046163713, "df": 2.0, "F": 0.23491393270057032, "pvalue": 0.7934934265264645, "tukey_hsd": {"groups": ["A12", "B1-8", "PBS"], "pvalues": [[1.0, 0.8209332284655205, 0.999819594261354], [0.8209332284655205, 1.0, 0.8304447735701241], [0.999819594261354, 0.8304447735701241, 1.0]]}}, "Ig-Treated": {"sum_sq": 0.7973604327236238, "df": 1.0, "F": 0.11131812559720013, "pvalue": 0.7429810498447327}, "A12-Treated": {"sum_sq": 0.9575208767091394, "df": 1.0, "F": 0.13386492505740294, "pvalue": 0.7192503826421692}, "Quant": {"sum_sq": 14.016145744262316, "df": 1.0, "F": 2.202109783917391, "pvalue": 0.15852983366778517}}, "4": {"Seqn": {}, "Group": {"sum_sq": 3.5359875515160772, "df": 2.0, "F": 0.29643258756146174, "pvalue": 0.7477217518468798, "tukey_hsd": {"groups": ["A12", "B1-8", "PBS"], "pvalues": [[1.0, 0.944452528108915, 0.8976872241209457], [0.944452528108915, 1.0, 0.7283863226221434], [0.8976872241209457, 0.7283863226221434, 1.0]]}}, "Ig-Treated": {"sum_sq": 2.9152298007249637, "df": 1.0, "F": 0.5177781422672099, "pvalue": 0.48217020440042635}, "A12-Treated": {"sum_sq": 0.029369917536907056, "df": 1.0, "F": 0.005054511328826703, "pvalue": 0.9442031544664236}, "Quant": {"sum_sq": 0.4551700956725071, "df": 1.0, "F": 0.07675049669529872, "pvalue": 0.7855316570330682}}, "5": {"Seqn": {}, "Group": {"sum_sq": 16.43771979552102, "df": 2.0, "F": 3.785573269763594, "pvalue": 0.04666940781824776, "tukey_hsd": {"groups": ["A12", "B1-8", "PBS"], "pvalues": [[1.0, 0.22454983409520324, 0.03984648265009405], [0.22454983409520324, 1.0, 0.5999146217413819], [0.03984648265009405, 0.5999146217413819, 1.0]]}}, "Ig-Treated": {"sum_sq": 9.891964743905147, "df": 1.0, "F": 4.04659376669705, "pvalue": 0.061416316456490365}, "A12-Treated": {"sum_sq": 14.351007758429594, "df": 1.0, "F": 6.626112389536049, "pvalue": 0.020383271847665606}, "Quant": {"sum_sq": 0.009066971456576365, "df": 1.0, "F": 0.0030069812538248987, "pvalue": 0.9569928746507075}}, "6": {"Seqn": {}, "Group": {"sum_sq": 9.445226349629053, "df": 2.0, "F": 2.7302964679566393, "pvalue": 0.09745358706838127, "tukey_hsd": {"groups": ["A12", "B1-8", "PBS"], "pvalues": [[1.0, 0.8204744970915763, 0.25490224704058373], [0.8204744970915763, 1.0, 0.09367293812106348], [0.25490224704058373, 0.09367293812106348, 1.0]]}}, "Ig-Treated": {"sum_sq": 8.815639582535425, "df": 1.0, "F": 5.307590135703555, "pvalue": 0.03498168123769631}, "A12-Treated": {"sum_sq": 0.6358407917140144, "df": 1.0, "F": 0.29271917737816144, "pvalue": 0.595936371375861}, "Quant": {"sum_sq": 0.006982113365165449, "df": 1.0, "F": 0.0029601015486554715, "pvalue": 0.9573290828982193}}, "7": {"Seqn": {}, "Group": {"sum_sq": 7.307889286637735, "df": 2.0, "F": 2.5159247976094976, "pvalue": 0.11422904932772414, "tukey_hsd": {"groups": ["A12", "B1-8", "PBS"], "pvalues": [[1.0, 0.8724234516158687, 0.25862457839125785], [0.8724234516158687, 1.0, 0.11439301693244408], [0.25862457839125785, 0.11439301693244408, 1.0]]}}, "Ig-Treated": {"sum_sq": 6.944865038909263, "df": 1.0, "F": 5.017077010207119, "pvalue": 0.0396486851052741}, "A12-Treated": {"sum_sq": 0.6333968829501633, "df": 1.0, "F": 0.35609861414083865, "pvalue": 0.5590308898562104}, "Quant": {"sum_sq": 0.7137274446151227, "df": 1.0, "F": 0.3818937375456483, "pvalue": 0.5458605537449526}}, "8": {"Seqn": {}, "Group": {"sum_sq": 3.1833161234885035, "df": 2.0, "F": 1.1970917022071939, "pvalue": 0.32934729865799334, "tukey_hsd": {"groups": ["A12", "B1-8", "PBS"], "pvalues": [[1.0, 0.29819357587012285, 0.7065872324836293], [0.29819357587012285, 1.0, 0.7421037274329199], [0.7065872324836293, 0.7421037274329199, 1.0]]}}, "Ig-Treated": {"sum_sq": 0.0016057471468443267, "df": 1.0, "F": 0.001110966333110555, "pvalue": 0.9738227738543876}, "A12-Treated": {"sum_sq": 2.448585485339954, "df": 1.0, "F": 1.8945674813431437, "pvalue": 0.18764619839721938}, "Quant": {"sum_sq": 1.3038816056803648, "df": 1.0, "F": 0.9174942064328785, "pvalue": 0.3533189337927442}}, "9": {"Seqn": {}, "Group": {"sum_sq": 0.009023671468087992, "df": 2.0, "F": 0.004669628285523329, "pvalue": 0.9953427038014667, "tukey_hsd": {"groups": ["A12", "B1-8", "PBS"], "pvalues": [[1.0, 0.9949171260233104, 0.9991304844892397], [0.9949171260233104, 1.0, 0.9982458837203942], [0.9991304844892397, 0.9982458837203942, 1.0]]}}, "Ig-Treated": {"sum_sq": 8.994213275792286e-05, "df": 1.0, "F": 9.92323588471825e-05, "pvalue": 0.9921751209450073}, "A12-Treated": {"sum_sq": 0.0059464842657038905, "df": 1.0, "F": 0.006563354005947103, "pvalue": 0.9364351457471505}, "Quant": {"sum_sq": 0.2536396144710934, "df": 1.0, "F": 0.2689616395913987, "pvalue": 0.6115950798788445}}, "10": {"Seqn": {}, "Group": {"sum_sq": 1.131854592943295, "df": 2.0, "F": 0.7983798492610963, "pvalue": 0.46828435453415, "tukey_hsd": {"groups": ["A12", "B1-8", "PBS"], "pvalues": [[1.0, 0.7977001936689379, 0.8125813206879531], [0.7977001936689379, 1.0, 0.43621010649677605], [0.8125813206879531, 0.43621010649677605, 1.0]]}}, "Ig-Treated": {"sum_sq": 0.8365498924585286, "df": 1.0, "F": 1.2248196655086039, "pvalue": 0.2847791381844618}, "A12-Treated": {"sum_sq": 0.00017687784118585674, "df": 1.0, "F": 0.00024056118834397383, "pvalue": 0.9878170380570785}, "Quant": {"sum_sq": 0.3569823353052978, "df": 1.0, "F": 0.4920559947391582, "pvalue": 0.49375190110694733}}}