{"1": {"Mouse_ID": {}, "Treatment": {"sum_sq": 116.90127777368973, "df": 2.0, "F": 0.07647894831858304, "pvalue": 0.9267312735502781, "tukey_hsd": {"groups": ["A12", "B1-8", "PBS"], "pvalues": [[1.0, 0.9967949128249596, 0.9536060285310993], [0.9967949128249596, 1.0, 0.927543108030712], [0.9536060285310993, 0.927543108030712, 1.0]]}}, "Ig_treated": {"sum_sq": 112.45012645882831, "df": 1.0, "F": 0.1568818585546657, "pvalue": 0.6972756582405064}, "A12_treated": {"sum_sq": 12.075668749073984, "df": 1.0, "F": 0.016700884962001686, "pvalue": 0.8987847701737324}, "TMT": {"sum_sq": 866.8444592793378, "df": 1.0, "F": 1.1777366866901966, "pvalue": 0.29615166532200665}, "Quant": {"sum_sq": 6.173048239467547, "df": 1.0, "F": 0.008533092177332809, "pvalue": 0.9275470490226114}}, "2": {"Mouse_ID": {}, "Treatment": {"sum_sq": 3229.194108976752, "df": 2.0, "F": 4.531959726257932, "pvalue": 0.028869329920773436, "tukey_hsd": {"groups": ["A12", "B1-8", "PBS"], "pvalues": [[1.0, 0.02341376865966538, 0.20483810616699671], [0.02341376865966538, 1.0, 0.47357973801431785], [0.20483810616699671, 0.47357973801431785, 1.0]]}}, "Ig_treated": {"sum_sq": 42.62891454435143, "df": 1.0, "F": 0.07995481433378547, "pvalue": 0.7809840890853954}, "A12_treated": {"sum_sq": 2719.7673734163795, "df": 1.0, "F": 7.434279523351309, "pvalue": 0.014935296885558235}, "TMT": {"sum_sq": 7.5324805615254276, "df": 1.0, "F": 0.013993508049537912, "pvalue": 0.9075150993193605}, "Quant": {"sum_sq": 1.0439384485650152, "df": 1.0, "F": 0.0019485128871687392, "pvalue": 0.9653374569423092}}, "3": {"Mouse_ID": {}, "Treatment": {"sum_sq": 995.2879110938821, "df": 2.0, "F": 1.440598385518117, "pvalue": 0.2677380372927285, "tukey_hsd": {"groups": ["A12", "B1-8", "PBS"], "pvalues": [[1.0, 0.31178278989714414, 0.9949118844692507], [0.31178278989714414, 1.0, 0.35627756148420486], [0.9949118844692507, 0.35627756148420486, 1.0]]}}, "Ig_treated": {"sum_sq": 201.6453813839778, "df": 1.0, "F": 0.5399455452470987, "pvalue": 0.4730886076274635}, "A12_treated": {"sum_sq": 299.19589751025865, "df": 1.0, "F": 0.8144529182738433, "pvalue": 0.38019282080169337}, "TMT": {"sum_sq": 1218.4483785656116, "df": 1.0, "F": 3.4889499530636114, "pvalue": 0.08285342866449336}, "Quant": {"sum_sq": 18.559023765167186, "df": 1.0, "F": 0.048218039913369606, "pvalue": 0.8289704819365892}}, "4": {"Mouse_ID": {}, "Treatment": {"sum_sq": 356.2481851889221, "df": 2.0, "F": 0.6234021867751119, "pvalue": 0.5494457379850044, "tukey_hsd": {"groups": ["A12", "B1-8", "PBS"], "pvalues": [[1.0, 0.5883914566863419, 0.9974064731889717], [0.5883914566863419, 1.0, 0.6298564869238974], [0.9974064731889717, 0.6298564869238974, 1.0]]}}, "Ig_treated": {"sum_sq": 70.80625730430577, "df": 1.0, "F": 0.24782468828613838, "pvalue": 0.625383456877846}, "A12_treated": {"sum_sq": 108.66393802314154, "df": 1.0, "F": 0.38350403493817475, "pvalue": 0.5444518307685218}, "TMT": {"sum_sq": 574.467749582527, "df": 1.0, "F": 2.002534117381523, "pvalue": 0.17889398511996757}, "Quant": {"sum_sq": 682.0392136088088, "df": 1.0, "F": 2.755613656494675, "pvalue": 0.11638208831379239}}, "5": {"Mouse_ID": {}, "Treatment": {"sum_sq": 1317.5172921990193, "df": 2.0, "F": 6.595825346098833, "pvalue": 0.008806039932757562, "tukey_hsd": {"groups": ["A12", "B1-8", "PBS"], "pvalues": [[1.0, 0.43439717671218137, 0.08444133176310331], [0.43439717671218137, 1.0, 0.007232991274848111], [0.08444133176310331, 0.007232991274848111, 1.0]]}}, "Ig_treated": {"sum_sq": 1157.2174228885717, "df": 1.0, "F": 11.164487543269754, "pvalue": 0.0041423208505567384}, "A12_treated": {"sum_sq": 36.53280833902561, "df": 1.0, "F": 0.21032804024938914, "pvalue": 0.6526785168782318}, "TMT": {"sum_sq": 16.002352108697075, "df": 1.0, "F": 0.1272559572716704, "pvalue": 0.7266136577225706}, "Quant": {"sum_sq": 1359.704844655983, "df": 1.0, "F": 14.942439672596866, "pvalue": 0.0013696946578804594}}, "6": {"Mouse_ID": {}, "Treatment": {"sum_sq": 984.5011189484368, "df": 2.0, "F": 4.1394061069293855, "pvalue": 0.03702357191567857, "tukey_hsd": {"groups": ["A12", "B1-8", "PBS"], "pvalues": [[1.0, 0.2981427707828582, 0.02938146275359288], [0.2981427707828582, 1.0, 0.4023580819327647], [0.02938146275359288, 0.4023580819327647, 1.0]]}}, "Ig_treated": {"sum_sq": 699.8892867408474, "df": 1.0, "F": 5.413998221045641, "pvalue": 0.033433515392430696}, "A12_treated": {"sum_sq": 774.95102609717, "df": 1.0, "F": 6.220376493356935, "pvalue": 0.02395835547636359}, "TMT": {"sum_sq": 3.9895385200839617, "df": 1.0, "F": 0.02286091732376072, "pvalue": 0.881976356504021}, "Quant": {"sum_sq": 538.2117046210712, "df": 1.0, "F": 3.861501593448447, "pvalue": 0.0670135610354336}}, "7": {"Mouse_ID": {}, "Treatment": {"sum_sq": 130.21210368446086, "df": 2.0, "F": 0.4776860325567879, "pvalue": 0.6293357788349577, "tukey_hsd": {"groups": ["A12", "B1-8", "PBS"], "pvalues": [[1.0, 0.6968643379625241, 0.6661919572424186], [0.6968643379625241, 1.0, 0.9985679784508167], [0.6661919572424186, 0.9985679784508167, 1.0]]}}, "Ig_treated": {"sum_sq": 38.60440918410299, "df": 1.0, "F": 0.2891678837800075, "pvalue": 0.5981550283741885}, "A12_treated": {"sum_sq": 129.85780221318686, "df": 1.0, "F": 1.0161146141447668, "pvalue": 0.32844466889220114}, "TMT": {"sum_sq": 7.218588806859922, "df": 1.0, "F": 0.05253652644878095, "pvalue": 0.822021524003457}, "Quant": {"sum_sq": 171.29469637593294, "df": 1.0, "F": 1.3680748042786441, "pvalue": 0.2592724217186812}}, "8": {"Mouse_ID": {}, "Treatment": {"sum_sq": 109.38424598174423, "df": 2.0, "F": 0.43969598974753415, "pvalue": 0.6522745338170866, "tukey_hsd": {"groups": ["A12", "B1-8", "PBS"], "pvalues": [[1.0, 0.7088321498888466, 0.9996790746584472], [0.7088321498888466, 1.0, 0.694418901559962], [0.9996790746584472, 0.694418901559962, 1.0]]}}, "Ig_treated": {"sum_sq": 29.818884607880513, "df": 1.0, "F": 0.24525150855804986, "pvalue": 0.6271708136536414}, "A12_treated": {"sum_sq": 24.945656150242822, "df": 1.0, "F": 0.20465796624585414, "pvalue": 0.6570604181092317}, "TMT": {"sum_sq": 76.67405746128556, "df": 1.0, "F": 0.69620763857129, "pvalue": 0.4180715189961447}, "Quant": {"sum_sq": 80.91317680208857, "df": 1.0, "F": 0.6834372379322707, "pvalue": 0.4205638822484806}}, "9": {"Mouse_ID": {}, "Treatment": {"sum_sq": 53.11050118250047, "df": 2.0, "F": 0.23651068236632505, "pvalue": 0.7922659731611258, "tukey_hsd": {"groups": ["A12", "B1-8", "PBS"], "pvalues": [[1.0, 0.7849928352545453, 0.8841450603208973], [0.7849928352545453, 1.0, 0.9795562046111428], [0.8841450603208973, 0.9795562046111428, 1.0]]}}, "Ig_treated": {"sum_sq": 2.954383270057312, "df": 1.0, "F": 0.027255316057327485, "pvalue": 0.8709395365250652}, "A12_treated": {"sum_sq": 48.89775694836413, "df": 1.0, "F": 0.4633754840516414, "pvalue": 0.5057831241747399}, "TMT": {"sum_sq": 0.1178546720561148, "df": 1.0, "F": 0.0012489600724772331, "pvalue": 0.9723070777565826}, "Quant": {"sum_sq": 0.20743090646324816, "df": 1.0, "F": 0.0019106033588097591, "pvalue": 0.9656760734668104}}, "10": {"Mouse_ID": {}, "Treatment": {"sum_sq": 77.0110928682953, "df": 2.0, "F": 0.401011916618357, "pvalue": 0.6766110705136579, "tukey_hsd": {"groups": ["A12", "B1-8", "PBS"], "pvalues": [[1.0, 0.7383121587335021, 0.7093264943996576], [0.7383121587335021, 1.0, 0.9986718404009566], [0.7093264943996576, 0.9986718404009566, 1.0]]}}, "Ig_treated": {"sum_sq": 23.01959685071412, "df": 1.0, "F": 0.24647803113164632, "pvalue": 0.6263173949141092}, "A12_treated": {"sum_sq": 76.7796013536415, "df": 1.0, "F": 0.8527834602738169, "pvalue": 0.369483702915923}, "TMT": {"sum_sq": 26.793646309978094, "df": 1.0, "F": 0.3793573131837626, "pvalue": 0.5478311485334764}, "Quant": {"sum_sq": 0.14682978218868892, "df": 1.0, "F": 0.0015484509060633383, "pvalue": 0.9690978811331362}}}