{"1": {"Mouse_ID": {}, "Treatment": {"sum_sq": 116.9012777736904, "df": 2.0, "F": 0.07647894831858343, "pvalue": 0.9267312735502773, "tukey_hsd": {"groups": ["A12", "B1-8", "PBS"], "pvalues": [[1.0, 0.9967949128249591, 0.9536060285311001], [0.9967949128249591, 1.0, 0.9275431080307113], [0.9536060285311001, 0.9275431080307113, 1.0]]}}, "Ig_treated": {"sum_sq": 112.45012645882835, "df": 1.0, "F": 0.15688185855466566, "pvalue": 0.6972756582405064}, "A12_treated": {"sum_sq": 12.075668749073134, "df": 1.0, "F": 0.016700884962000496, "pvalue": 0.8987847701737431}, "TMT": {"sum_sq": 866.8444592793381, "df": 1.0, "F": 1.1777366866901964, "pvalue": 0.29615166532200665}, "Quant": {"sum_sq": 6.173048239467495, "df": 1.0, "F": 0.008533092177332733, "pvalue": 0.9275470490226114}}, "2": {"Mouse_ID": {}, "Treatment": {"sum_sq": 3229.1941089767274, "df": 2.0, "F": 4.531959726257914, "pvalue": 0.028869329920773783, "tukey_hsd": {"groups": ["A12", "B1-8", "PBS"], "pvalues": [[1.0, 0.023413768659665712, 0.2048381061669975], [0.023413768659665712, 1.0, 0.47357973801431974], [0.2048381061669975, 0.47357973801431974, 1.0]]}}, "Ig_treated": {"sum_sq": 42.628914544351524, "df": 1.0, "F": 0.07995481433378605, "pvalue": 0.7809840890853954}, "A12_treated": {"sum_sq": 2719.7673734163627, "df": 1.0, "F": 7.434279523351295, "pvalue": 0.014935296885558303}, "TMT": {"sum_sq": 7.532480561524926, "df": 1.0, "F": 0.013993508049537043, "pvalue": 0.9075150993193605}, "Quant": {"sum_sq": 1.0439384485649483, "df": 1.0, "F": 0.0019485128871686234, "pvalue": 0.9653374569423092}}, "3": {"Mouse_ID": {}, "Treatment": {"sum_sq": 995.287911093883, "df": 2.0, "F": 1.440598385518118, "pvalue": 0.26773803729272827, "tukey_hsd": {"groups": ["A12", "B1-8", "PBS"], "pvalues": [[1.0, 0.31178278989714336, 0.9949118844692504], [0.31178278989714336, 1.0, 0.3562775614842053], [0.9949118844692504, 0.3562775614842053, 1.0]]}}, "Ig_treated": {"sum_sq": 201.6453813839766, "df": 1.0, "F": 0.5399455452470951, "pvalue": 0.4730886076274651}, "A12_treated": {"sum_sq": 299.19589751026103, "df": 1.0, "F": 0.8144529182738497, "pvalue": 0.38019282080169114}, "TMT": {"sum_sq": 1218.4483785656164, "df": 1.0, "F": 3.488949953063629, "pvalue": 0.0828534286644926}, "Quant": {"sum_sq": 18.559023765166465, "df": 1.0, "F": 0.04821803991336772, "pvalue": 0.8289704819365892}}, "4": {"Mouse_ID": {}, "Treatment": {"sum_sq": 356.24818518892465, "df": 2.0, "F": 0.6234021867751158, "pvalue": 0.549445737985002, "tukey_hsd": {"groups": ["A12", "B1-8", "PBS"], "pvalues": [[1.0, 0.5883914566863402, 0.9974064731889717], [0.5883914566863402, 1.0, 0.6298564869238958], [0.9974064731889717, 0.6298564869238958, 1.0]]}}, "Ig_treated": {"sum_sq": 70.8062573043063, "df": 1.0, "F": 0.2478246882861399, "pvalue": 0.6253834568778435}, "A12_treated": {"sum_sq": 108.66393802314225, "df": 1.0, "F": 0.38350403493817664, "pvalue": 0.5444518307685198}, "TMT": {"sum_sq": 574.4677495825259, "df": 1.0, "F": 2.002534117381515, "pvalue": 0.1788939851199684}, "Quant": {"sum_sq": 682.0392136088117, "df": 1.0, "F": 2.755613656494683, "pvalue": 0.11638208831379193}}, "5": {"Mouse_ID": {}, "Treatment": {"sum_sq": 1317.5172921989683, "df": 2.0, "F": 6.595825346098362, "pvalue": 0.008806039932759767, "tukey_hsd": {"groups": ["A12", "B1-8", "PBS"], "pvalues": [[1.0, 0.4343971767121597, 0.08444133176312651], [0.4343971767121597, 1.0, 0.007232991274849665], [0.08444133176312651, 0.007232991274849665, 1.0]]}}, "Ig_treated": {"sum_sq": 1157.2174228885058, "df": 1.0, "F": 11.164487543268685, "pvalue": 0.004142320850558136}, "A12_treated": {"sum_sq": 36.53280833901335, "df": 1.0, "F": 0.21032804024931767, "pvalue": 0.6526785168782863}, "TMT": {"sum_sq": 16.002352108696382, "df": 1.0, "F": 0.12725595727166686, "pvalue": 0.7266136577225738}, "Quant": {"sum_sq": 1359.7048446559186, "df": 1.0, "F": 14.942439672595512, "pvalue": 0.0013696946578809655}}, "6": {"Mouse_ID": {}, "Treatment": {"sum_sq": 984.501118948482, "df": 2.0, "F": 4.13940610692969, "pvalue": 0.0370235719156713, "tukey_hsd": {"groups": ["A12", "B1-8", "PBS"], "pvalues": [[1.0, 0.29814277078286766, 0.029381462753586662], [0.29814277078286766, 1.0, 0.40235808193269595], [0.029381462753586662, 0.40235808193269595, 1.0]]}}, "Ig_treated": {"sum_sq": 699.889286740909, "df": 1.0, "F": 5.4139982210462865, "pvalue": 0.03343351539242159}, "A12_treated": {"sum_sq": 774.9510260971794, "df": 1.0, "F": 6.220376493357049, "pvalue": 0.023958355476362467}, "TMT": {"sum_sq": 3.9895385200845284, "df": 1.0, "F": 0.022860917323763785, "pvalue": 0.881976356504013}, "Quant": {"sum_sq": 538.2117046211289, "df": 1.0, "F": 3.861501593448966, "pvalue": 0.06701356103541711}}, "7": {"Mouse_ID": {}, "Treatment": {"sum_sq": 130.21210368446248, "df": 2.0, "F": 0.477686032556796, "pvalue": 0.6293357788349533, "tukey_hsd": {"groups": ["A12", "B1-8", "PBS"], "pvalues": [[1.0, 0.6968643379625229, 0.6661919572424115], [0.6968643379625229, 1.0, 0.9985679784508161], [0.6661919572424115, 0.9985679784508161, 1.0]]}}, "Ig_treated": {"sum_sq": 38.604409184104654, "df": 1.0, "F": 0.2891678837800212, "pvalue": 0.5981550283741793}, "A12_treated": {"sum_sq": 129.85780221318845, "df": 1.0, "F": 1.0161146141447834, "pvalue": 0.32844466889219714}, "TMT": {"sum_sq": 7.218588806859613, "df": 1.0, "F": 0.052536526448778854, "pvalue": 0.8220215240034596}, "Quant": {"sum_sq": 171.29469637593428, "df": 1.0, "F": 1.3680748042786608, "pvalue": 0.25927242171867915}}, "8": {"Mouse_ID": {}, "Treatment": {"sum_sq": 109.38424598174429, "df": 2.0, "F": 0.439695989747533, "pvalue": 0.6522745338170871, "tukey_hsd": {"groups": ["A12", "B1-8", "PBS"], "pvalues": [[1.0, 0.7088321498888455, 0.9996790746584473], [0.7088321498888455, 1.0, 0.6944189015599642], [0.9996790746584473, 0.6944189015599642, 1.0]]}}, "Ig_treated": {"sum_sq": 29.81888460787989, "df": 1.0, "F": 0.24525150855804392, "pvalue": 0.627170813653644}, "A12_treated": {"sum_sq": 24.945656150243362, "df": 1.0, "F": 0.20465796624585797, "pvalue": 0.6570604181092288}, "TMT": {"sum_sq": 76.67405746128624, "df": 1.0, "F": 0.6962076385712942, "pvalue": 0.4180715189961429}, "Quant": {"sum_sq": 80.91317680209008, "df": 1.0, "F": 0.6834372379322821, "pvalue": 0.4205638822484774}}, "9": {"Mouse_ID": {}, "Treatment": {"sum_sq": 53.11050118250066, "df": 2.0, "F": 0.23651068236632594, "pvalue": 0.7922659731611251, "tukey_hsd": {"groups": ["A12", "B1-8", "PBS"], "pvalues": [[1.0, 0.7849928352545448, 0.8841450603208971], [0.7849928352545448, 1.0, 0.9795562046111427], [0.8841450603208971, 0.9795562046111427, 1.0]]}}, "Ig_treated": {"sum_sq": 2.9543832700573027, "df": 1.0, "F": 0.0272553160573274, "pvalue": 0.8709395365250652}, "A12_treated": {"sum_sq": 48.897756948364226, "df": 1.0, "F": 0.46337548405164247, "pvalue": 0.5057831241747399}, "TMT": {"sum_sq": 0.11785467205606277, "df": 1.0, "F": 0.0012489600724766797, "pvalue": 0.9723070777565826}, "Quant": {"sum_sq": 0.207430906463248, "df": 1.0, "F": 0.0019106033588097585, "pvalue": 0.9656760734668104}}, "10": {"Mouse_ID": {}, "Treatment": {"sum_sq": 77.0110928682948, "df": 2.0, "F": 0.401011916618354, "pvalue": 0.6766110705136597, "tukey_hsd": {"groups": ["A12", "B1-8", "PBS"], "pvalues": [[1.0, 0.7383121587335031, 0.7093264943996598], [0.7383121587335031, 1.0, 0.9986718404009567], [0.7093264943996598, 0.9986718404009567, 1.0]]}}, "Ig_treated": {"sum_sq": 23.019596850713818, "df": 1.0, "F": 0.2464780311316429, "pvalue": 0.6263173949141092}, "A12_treated": {"sum_sq": 76.77960135364096, "df": 1.0, "F": 0.8527834602738102, "pvalue": 0.3694837029159251}, "TMT": {"sum_sq": 26.79364630997816, "df": 1.0, "F": 0.3793573131837636, "pvalue": 0.5478311485334754}, "Quant": {"sum_sq": 0.14682978218866138, "df": 1.0, "F": 0.0015484509060630473, "pvalue": 0.9690978811331362}}}