{"1": {"Mouse_ID": {}, "Treatment": {"sum_sq": 122.59489212471269, "df": 2.0, "F": 0.07944744827228611, "pvalue": 0.924012570158743, "tukey_hsd": {"groups": ["A12", "B1-8", "PBS"], "pvalues": [[1.0, 0.998366591869341, 0.9470463697322549], [0.998366591869341, 1.0, 0.9279715799920354], [0.9470463697322549, 0.9279715799920354, 1.0]]}}, "Ig_treated": {"sum_sq": 120.30691471221493, "df": 1.0, "F": 0.1662918772010961, "pvalue": 0.6888331078377162}, "A12_treated": {"sum_sq": 17.42453065659255, "df": 1.0, "F": 0.023872538450699116, "pvalue": 0.8791418676522841}, "Batch": {"sum_sq": 854.5478972678856, "df": 1.0, "F": 1.1472603788340492, "pvalue": 0.3022418172462896}, "Quant": {"sum_sq": 5.903176656967782, "df": 1.0, "F": 0.008079696521715038, "pvalue": 0.9294925185571803}}, "2": {"Mouse_ID": {}, "Treatment": {"sum_sq": 3280.2933431623537, "df": 2.0, "F": 4.616392312378199, "pvalue": 0.027394256935615657, "tukey_hsd": {"groups": ["A12", "B1-8", "PBS"], "pvalues": [[1.0, 0.022195515899410823, 0.1983387112323438], [0.022195515899410823, 1.0, 0.46969045305015666], [0.1983387112323438, 0.46969045305015666, 1.0]]}}, "Ig_treated": {"sum_sq": 44.425700150940045, "df": 1.0, "F": 0.08298846491020678, "pvalue": 0.7769859165043438}, "A12_treated": {"sum_sq": 2766.361789100714, "df": 1.0, "F": 7.574864850997521, "pvalue": 0.014168456845634992}, "Batch": {"sum_sq": 8.173367621488106, "df": 1.0, "F": 0.01513226283944174, "pvalue": 0.9038451052891947}, "Quant": {"sum_sq": 1.4985539766679246, "df": 1.0, "F": 0.002785381399258752, "pvalue": 0.9585631452365235}}, "3": {"Mouse_ID": {}, "Treatment": {"sum_sq": 975.6924711168359, "df": 2.0, "F": 1.4030278846373847, "pvalue": 0.2763290051058347, "tukey_hsd": {"groups": ["A12", "B1-8", "PBS"], "pvalues": [[1.0, 0.32702885007943816, 0.9977176038725244], [0.32702885007943816, 1.0, 0.35728763483371173], [0.9977176038725244, 0.35728763483371173, 1.0]]}}, "Ig_treated": {"sum_sq": 212.19130717244718, "df": 1.0, "F": 0.5678171373503841, "pvalue": 0.4620730927182013}, "A12_treated": {"sum_sq": 277.0962585653967, "df": 1.0, "F": 0.7496381969808135, "pvalue": 0.3993878516716921}, "Batch": {"sum_sq": 1216.0869734206262, "df": 1.0, "F": 3.4688128664778217, "pvalue": 0.083654274787387}, "Quant": {"sum_sq": 21.26772159685299, "df": 1.0, "F": 0.055150692230761175, "pvalue": 0.8173105267785026}}, "4": {"Mouse_ID": {}, "Treatment": {"sum_sq": 359.20495249236035, "df": 2.0, "F": 0.6219614665509904, "pvalue": 0.5501771383653826, "tukey_hsd": {"groups": ["A12", "B1-8", "PBS"], "pvalues": [[1.0, 0.5850452127393309, 0.99613627012248], [0.5850452127393309, 1.0, 0.6356734021180558], [0.99613627012248, 0.6356734021180558, 1.0]]}}, "Ig_treated": {"sum_sq": 67.50627580614616, "df": 1.0, "F": 0.23362531815294296, "pvalue": 0.6353965262012932}, "A12_treated": {"sum_sq": 114.12437151228386, "df": 1.0, "F": 0.3989840935901495, "pvalue": 0.5365354952578336}, "Batch": {"sum_sq": 584.2742593711677, "df": 1.0, "F": 2.018045086088645, "pvalue": 0.17732672805750133}, "Quant": {"sum_sq": 675.8424296696644, "df": 1.0, "F": 2.6933502595494554, "pvalue": 0.12027514607627675}}, "5": {"Mouse_ID": {}, "Treatment": {"sum_sq": 1797.6614971065746, "df": 2.0, "F": 12.777086242185351, "pvalue": 0.0005759938722494806, "tukey_hsd": {"groups": ["A12", "B1-8", "PBS"], "pvalues": [[1.0, 0.8451834673841611, 0.0026992975678465925], [0.8451834673841611, 1.0, 0.0008991406399668778], [0.0026992975678465925, 0.0008991406399668778, 1.0]]}}, "Ig_treated": {"sum_sq": 1775.9416361233407, "df": 1.0, "F": 26.38534431721629, "pvalue": 9.944657670979119e-05}, "A12_treated": {"sum_sq": 290.1873743081571, "df": 1.0, "F": 1.811774126279638, "pvalue": 0.19705850472039382}, "Batch": {"sum_sq": 19.30700616258778, "df": 1.0, "F": 0.12476717048410876, "pvalue": 0.729182652627832}, "Quant": {"sum_sq": 1909.4127435134817, "df": 1.0, "F": 32.38162271549573, "pvalue": 3.3460776413096706e-05}}, "6": {"Mouse_ID": {}, "Treatment": {"sum_sq": 550.4572769196923, "df": 2.0, "F": 1.83222354856193, "pvalue": 0.19412030895517732, "tukey_hsd": {"groups": ["A12", "B1-8", "PBS"], "pvalues": [[1.0, 0.2362516543807024, 0.2727609946702587], [0.2362516543807024, 1.0, 0.9949963502002634], [0.2727609946702587, 0.9949963502002634, 1.0]]}}, "Ig_treated": {"sum_sq": 114.5694482482313, "df": 1.0, "F": 0.6816763423603834, "pvalue": 0.42115080455717957}, "A12_treated": {"sum_sq": 549.0900682124548, "df": 1.0, "F": 3.896670747955217, "pvalue": 0.06590544740629561}, "Batch": {"sum_sq": 0.6274106091224984, "df": 1.0, "F": 0.004169988166135059, "pvalue": 0.9494250454931317}, "Quant": {"sum_sq": 43.46204390560322, "df": 1.0, "F": 0.2519328944459745, "pvalue": 0.6225539267227562}}, "7": {"Mouse_ID": {}, "Treatment": {"sum_sq": 120.46630308213679, "df": 2.0, "F": 0.4401282843407279, "pvalue": 0.6520082362944776, "tukey_hsd": {"groups": ["A12", "B1-8", "PBS"], "pvalues": [[1.0, 0.7264191577346353, 0.6792586249843812], [0.7264191577346353, 1.0, 0.9965621200868827], [0.6792586249843812, 0.9965621200868827, 1.0]]}}, "Ig_treated": {"sum_sq": 39.302235398984905, "df": 1.0, "F": 0.2946790356174929, "pvalue": 0.5947194705721578}, "A12_treated": {"sum_sq": 119.61125593713301, "df": 1.0, "F": 0.9318877623021, "pvalue": 0.3487381672111772}, "Batch": {"sum_sq": 3.6928413161810445, "df": 1.0, "F": 0.02690563829635679, "pvalue": 0.8720525580689311}, "Quant": {"sum_sq": 164.5566559594774, "df": 1.0, "F": 1.3107423207553432, "pvalue": 0.269098131283555}}, "8": {"Mouse_ID": {}, "Treatment": {"sum_sq": 131.4131209730422, "df": 2.0, "F": 0.5312319276647836, "pvalue": 0.5985400525069434, "tukey_hsd": {"groups": ["A12", "B1-8", "PBS"], "pvalues": [[1.0, 0.6490810122333287, 0.9999061741076061], [0.6490810122333287, 1.0, 0.6569752914817117], [0.9999061741076061, 0.6569752914817117, 1.0]]}}, "Ig_treated": {"sum_sq": 31.423531493665696, "df": 1.0, "F": 0.2571356496267591, "pvalue": 0.6190120614381734}, "A12_treated": {"sum_sq": 34.30407936523189, "df": 1.0, "F": 0.2811210360832184, "pvalue": 0.6032486462012998}, "Batch": {"sum_sq": 72.34321072055839, "df": 1.0, "F": 0.6270046302722626, "pvalue": 0.441666879532306}, "Quant": {"sum_sq": 77.52950223184743, "df": 1.0, "F": 0.6497370715353415, "pvalue": 0.43202459628034195}}, "9": {"Mouse_ID": {}, "Treatment": {"sum_sq": 50.43419655519014, "df": 2.0, "F": 0.22503906716348626, "pvalue": 0.801132485071726, "tukey_hsd": {"groups": ["A12", "B1-8", "PBS"], "pvalues": [[1.0, 0.7999669712583367, 0.8765184857614571], [0.7999669712583367, 1.0, 0.987667846931046], [0.8765184857614571, 0.987667846931046, 1.0]]}}, "Ig_treated": {"sum_sq": 4.346831823629929, "df": 1.0, "F": 0.040273254651514954, "pvalue": 0.8434760335782945}, "A12_treated": {"sum_sq": 47.90990329663462, "df": 1.0, "F": 0.4553707098676403, "pvalue": 0.5094298874914602}, "Batch": {"sum_sq": 0.6305101013869777, "df": 1.0, "F": 0.006941860128032448, "pvalue": 0.9347784261098268}, "Quant": {"sum_sq": 0.9643833442106414, "df": 1.0, "F": 0.008917513918316787, "pvalue": 0.9259380333954594}}, "10": {"Mouse_ID": {}, "Treatment": {"sum_sq": 77.34373397854712, "df": 2.0, "F": 0.4070361564852899, "pvalue": 0.672754389685022, "tukey_hsd": {"groups": ["A12", "B1-8", "PBS"], "pvalues": [[1.0, 0.7393604426336273, 0.7022071651682198], [0.7393604426336273, 1.0, 0.9978260242610535], [0.7022071651682198, 0.9978260242610535, 1.0]]}}, "Ig_treated": {"sum_sq": 24.176775688446266, "df": 1.0, "F": 0.26167227767549556, "pvalue": 0.6159605916859698}, "A12_treated": {"sum_sq": 76.96863514947897, "df": 1.0, "F": 0.8639051551136969, "pvalue": 0.3664598122283084}, "Batch": {"sum_sq": 14.85041170549212, "df": 1.0, "F": 0.21156588916827998, "pvalue": 0.652604994033535}, "Quant": {"sum_sq": 0.45908627098426547, "df": 1.0, "F": 0.004890363460879565, "pvalue": 0.9451150539770181}}}