{"1": {"Mouse_ID": {}, "Treatment": {"sum_sq": 122.59489212471244, "df": 2.0, "F": 0.07944744827228573, "pvalue": 0.924012570158743, "tukey_hsd": {"groups": ["A12", "B1-8", "PBS"], "pvalues": [[1.0, 0.998366591869341, 0.9470463697322552], [0.998366591869341, 1.0, 0.9279715799920357], [0.9470463697322552, 0.9279715799920357, 1.0]]}}, "Ig_treated": {"sum_sq": 120.30691471221469, "df": 1.0, "F": 0.16629187720109528, "pvalue": 0.6888331078377162}, "A12_treated": {"sum_sq": 17.424530656592527, "df": 1.0, "F": 0.023872538450699008, "pvalue": 0.8791418676522841}, "Batch": {"sum_sq": 854.5478972678902, "df": 1.0, "F": 1.1472603788340523, "pvalue": 0.30224181724628935}, "Quant": {"sum_sq": 5.903176656967921, "df": 1.0, "F": 0.008079696521715207, "pvalue": 0.9294925185571803}}, "2": {"Mouse_ID": {}, "Treatment": {"sum_sq": 3280.293343162354, "df": 2.0, "F": 4.616392312378189, "pvalue": 0.02739425693561584, "tukey_hsd": {"groups": ["A12", "B1-8", "PBS"], "pvalues": [[1.0, 0.022195515899410934, 0.19833871123234403], [0.022195515899410934, 1.0, 0.46969045305015766], [0.19833871123234403, 0.46969045305015766, 1.0]]}}, "Ig_treated": {"sum_sq": 44.42570015094024, "df": 1.0, "F": 0.08298846491020699, "pvalue": 0.7769859165043438}, "A12_treated": {"sum_sq": 2766.3617891007148, "df": 1.0, "F": 7.574864850997509, "pvalue": 0.014168456845635072}, "Batch": {"sum_sq": 8.173367621488389, "df": 1.0, "F": 0.015132262839442242, "pvalue": 0.9038451052891947}, "Quant": {"sum_sq": 1.49855397666806, "df": 1.0, "F": 0.002785381399258999, "pvalue": 0.9585631452365235}}, "3": {"Mouse_ID": {}, "Treatment": {"sum_sq": 975.6924711168425, "df": 2.0, "F": 1.4030278846373931, "pvalue": 0.276329005105833, "tukey_hsd": {"groups": ["A12", "B1-8", "PBS"], "pvalues": [[1.0, 0.3270288500794364, 0.9977176038725245], [0.3270288500794364, 1.0, 0.35728763483370896], [0.9977176038725245, 0.35728763483370896, 1.0]]}}, "Ig_treated": {"sum_sq": 212.19130717244994, "df": 1.0, "F": 0.5678171373503906, "pvalue": 0.4620730927181983}, "A12_treated": {"sum_sq": 277.0962585653978, "df": 1.0, "F": 0.7496381969808152, "pvalue": 0.3993878516716921}, "Batch": {"sum_sq": 1216.0869734206215, "df": 1.0, "F": 3.4688128664777977, "pvalue": 0.08365427478738799}, "Quant": {"sum_sq": 21.26772159685457, "df": 1.0, "F": 0.0551506922307652, "pvalue": 0.8173105267784967}}, "4": {"Mouse_ID": {}, "Treatment": {"sum_sq": 359.2049524923575, "df": 2.0, "F": 0.6219614665509843, "pvalue": 0.5501771383653851, "tukey_hsd": {"groups": ["A12", "B1-8", "PBS"], "pvalues": [[1.0, 0.5850452127393331, 0.9961362701224796], [0.5850452127393331, 1.0, 0.6356734021180601], [0.9961362701224796, 0.6356734021180601, 1.0]]}}, "Ig_treated": {"sum_sq": 67.50627580614461, "df": 1.0, "F": 0.2336253181529372, "pvalue": 0.6353965262012957}, "A12_treated": {"sum_sq": 114.124371512284, "df": 1.0, "F": 0.39898409359014947, "pvalue": 0.5365354952578336}, "Batch": {"sum_sq": 584.2742593711747, "df": 1.0, "F": 2.01804508608867, "pvalue": 0.17732672805749888}, "Quant": {"sum_sq": 675.8424296696621, "df": 1.0, "F": 2.693350259549441, "pvalue": 0.12027514607627766}}, "5": {"Mouse_ID": {}, "Treatment": {"sum_sq": 1797.6614971065605, "df": 2.0, "F": 12.777086242185023, "pvalue": 0.0005759938722495505, "tukey_hsd": {"groups": ["A12", "B1-8", "PBS"], "pvalues": [[1.0, 0.8451834673841351, 0.0026992975678470366], [0.8451834673841351, 1.0, 0.0008991406399669888], [0.0026992975678470366, 0.0008991406399669888, 1.0]]}}, "Ig_treated": {"sum_sq": 1775.9416361233227, "df": 1.0, "F": 26.385344317215445, "pvalue": 9.944657670980774e-05}, "A12_treated": {"sum_sq": 290.1873743081397, "df": 1.0, "F": 1.811774126279513, "pvalue": 0.19705850472040823}, "Batch": {"sum_sq": 19.30700616258815, "df": 1.0, "F": 0.1247671704841122, "pvalue": 0.7291826526278287}, "Quant": {"sum_sq": 1909.4127435134749, "df": 1.0, "F": 32.38162271549519, "pvalue": 3.34607764130998e-05}}, "6": {"Mouse_ID": {}, "Treatment": {"sum_sq": 550.4572769197096, "df": 2.0, "F": 1.832223548561999, "pvalue": 0.19412030895516685, "tukey_hsd": {"groups": ["A12", "B1-8", "PBS"], "pvalues": [[1.0, 0.23625165438070317, 0.2727609946702305], [0.23625165438070317, 1.0, 0.994996350200271], [0.2727609946702305, 0.994996350200271, 1.0]]}}, "Ig_treated": {"sum_sq": 114.56944824825202, "df": 1.0, "F": 0.6816763423605112, "pvalue": 0.4211508045571364}, "A12_treated": {"sum_sq": 549.090068212474, "df": 1.0, "F": 3.8966707479553806, "pvalue": 0.06590544740629055}, "Batch": {"sum_sq": 0.6274106091226574, "df": 1.0, "F": 0.0041699881661360644, "pvalue": 0.9494250454931222}, "Quant": {"sum_sq": 43.462043905616724, "df": 1.0, "F": 0.2519328944460538, "pvalue": 0.622553926722702}}, "7": {"Mouse_ID": {}, "Treatment": {"sum_sq": 120.46630308213567, "df": 2.0, "F": 0.4401282843407247, "pvalue": 0.6520082362944799, "tukey_hsd": {"groups": ["A12", "B1-8", "PBS"], "pvalues": [[1.0, 0.7264191577346364, 0.6792586249843835], [0.7264191577346364, 1.0, 0.9965621200868828], [0.6792586249843835, 0.9965621200868828, 1.0]]}}, "Ig_treated": {"sum_sq": 39.302235398984394, "df": 1.0, "F": 0.2946790356174898, "pvalue": 0.5947194705721578}, "A12_treated": {"sum_sq": 119.61125593713193, "df": 1.0, "F": 0.9318877623020937, "pvalue": 0.3487381672111793}, "Batch": {"sum_sq": 3.692841316181062, "df": 1.0, "F": 0.026905638296357, "pvalue": 0.8720525580689311}, "Quant": {"sum_sq": 164.55665595947477, "df": 1.0, "F": 1.3107423207553246, "pvalue": 0.269098131283558}}, "8": {"Mouse_ID": {}, "Treatment": {"sum_sq": 131.4131209730416, "df": 2.0, "F": 0.5312319276647816, "pvalue": 0.5985400525069444, "tukey_hsd": {"groups": ["A12", "B1-8", "PBS"], "pvalues": [[1.0, 0.6490810122333303, 0.9999061741076061], [0.6490810122333303, 1.0, 0.6569752914817127], [0.9999061741076061, 0.6569752914817127, 1.0]]}}, "Ig_treated": {"sum_sq": 31.4235314936656, "df": 1.0, "F": 0.25713564962675856, "pvalue": 0.6190120614381734}, "A12_treated": {"sum_sq": 34.30407936523165, "df": 1.0, "F": 0.28112103608321665, "pvalue": 0.6032486462012998}, "Batch": {"sum_sq": 72.3432107205583, "df": 1.0, "F": 0.6270046302722635, "pvalue": 0.44166687953230543}, "Quant": {"sum_sq": 77.52950223184801, "df": 1.0, "F": 0.6497370715353471, "pvalue": 0.43202459628033985}}, "9": {"Mouse_ID": {}, "Treatment": {"sum_sq": 50.43419655519082, "df": 2.0, "F": 0.22503906716348912, "pvalue": 0.8011324850717239, "tukey_hsd": {"groups": ["A12", "B1-8", "PBS"], "pvalues": [[1.0, 0.799966971258333, 0.8765184857614581], [0.799966971258333, 1.0, 0.9876678469310446], [0.8765184857614581, 0.9876678469310446, 1.0]]}}, "Ig_treated": {"sum_sq": 4.346831823629646, "df": 1.0, "F": 0.04027325465151228, "pvalue": 0.8434760335782945}, "A12_treated": {"sum_sq": 47.90990329663502, "df": 1.0, "F": 0.4553707098676437, "pvalue": 0.5094298874914585}, "Batch": {"sum_sq": 0.6305101013869658, "df": 1.0, "F": 0.006941860128032305, "pvalue": 0.9347784261098268}, "Quant": {"sum_sq": 0.9643833442107402, "df": 1.0, "F": 0.008917513918317693, "pvalue": 0.9259380333954594}}, "10": {"Mouse_ID": {}, "Treatment": {"sum_sq": 77.34373397854775, "df": 2.0, "F": 0.4070361564852924, "pvalue": 0.6727543896850208, "tukey_hsd": {"groups": ["A12", "B1-8", "PBS"], "pvalues": [[1.0, 0.7393604426336268, 0.7022071651682174], [0.7393604426336268, 1.0, 0.9978260242610533], [0.7022071651682174, 0.9978260242610533, 1.0]]}}, "Ig_treated": {"sum_sq": 24.176775688446703, "df": 1.0, "F": 0.2616722776754998, "pvalue": 0.615960591685965}, "A12_treated": {"sum_sq": 76.96863514947961, "df": 1.0, "F": 0.8639051551137026, "pvalue": 0.3664598122283075}, "Batch": {"sum_sq": 14.850411705492078, "df": 1.0, "F": 0.21156588916827918, "pvalue": 0.6526049940335361}, "Quant": {"sum_sq": 0.45908627098429244, "df": 1.0, "F": 0.004890363460879843, "pvalue": 0.9451150539770181}}}