{"1": {"Mouse_ID": {}, "Treatment": {"sum_sq": 122.59489212471313, "df": 2.0, "F": 0.07944744827228614, "pvalue": 0.924012570158743, "tukey_hsd": {"groups": ["A12", "B1-8", "PBS"], "pvalues": [[1.0, 0.998366591869341, 0.9470463697322549], [0.998366591869341, 1.0, 0.9279715799920355], [0.9470463697322549, 0.9279715799920355, 1.0]]}}, "Ig_treated": {"sum_sq": 120.30691471221539, "df": 1.0, "F": 0.1662918772010962, "pvalue": 0.6888331078377162}, "A12_treated": {"sum_sq": 17.424530656592573, "df": 1.0, "F": 0.023872538450699057, "pvalue": 0.8791418676522841}, "Batch": {"sum_sq": 854.5478972678894, "df": 1.0, "F": 1.1472603788340507, "pvalue": 0.30224181724628935}, "Quant": {"sum_sq": 5.9031766569678155, "df": 1.0, "F": 0.008079696521715056, "pvalue": 0.9294925185571803}}, "2": {"Mouse_ID": {}, "Treatment": {"sum_sq": 3280.293343162354, "df": 2.0, "F": 4.616392312378186, "pvalue": 0.027394256935615875, "tukey_hsd": {"groups": ["A12", "B1-8", "PBS"], "pvalues": [[1.0, 0.022195515899410934, 0.1983387112323438], [0.022195515899410934, 1.0, 0.46969045305015866], [0.1983387112323438, 0.46969045305015866, 1.0]]}}, "Ig_treated": {"sum_sq": 44.42570015094066, "df": 1.0, "F": 0.08298846491020775, "pvalue": 0.7769859165043438}, "A12_treated": {"sum_sq": 2766.3617891007157, "df": 1.0, "F": 7.574864850997505, "pvalue": 0.014168456845635072}, "Batch": {"sum_sq": 8.173367621487824, "df": 1.0, "F": 0.015132262839441185, "pvalue": 0.9038451052891996}, "Quant": {"sum_sq": 1.4985539766679548, "df": 1.0, "F": 0.0027853813992588018, "pvalue": 0.9585631452365235}}, "3": {"Mouse_ID": {}, "Treatment": {"sum_sq": 975.6924711168415, "df": 2.0, "F": 1.4030278846373927, "pvalue": 0.276329005105833, "tukey_hsd": {"groups": ["A12", "B1-8", "PBS"], "pvalues": [[1.0, 0.3270288500794356, 0.9977176038725243], [0.3270288500794356, 1.0, 0.35728763483370996], [0.9977176038725243, 0.35728763483370996, 1.0]]}}, "Ig_treated": {"sum_sq": 212.19130717244803, "df": 1.0, "F": 0.5678171373503856, "pvalue": 0.4620730927182013}, "A12_treated": {"sum_sq": 277.09625856539935, "df": 1.0, "F": 0.7496381969808201, "pvalue": 0.3993878516716909}, "Batch": {"sum_sq": 1216.0869734206242, "df": 1.0, "F": 3.4688128664778106, "pvalue": 0.08365427478738749}, "Quant": {"sum_sq": 21.267721596853793, "df": 1.0, "F": 0.05515069223076323, "pvalue": 0.8173105267784967}}, "4": {"Mouse_ID": {}, "Treatment": {"sum_sq": 359.20495249235705, "df": 2.0, "F": 0.6219614665509846, "pvalue": 0.5501771383653851, "tukey_hsd": {"groups": ["A12", "B1-8", "PBS"], "pvalues": [[1.0, 0.5850452127393339, 0.9961362701224801], [0.5850452127393339, 1.0, 0.6356734021180579], [0.9961362701224801, 0.6356734021180579, 1.0]]}}, "Ig_treated": {"sum_sq": 67.50627580614578, "df": 1.0, "F": 0.2336253181529417, "pvalue": 0.6353965262012932}, "A12_treated": {"sum_sq": 114.12437151228245, "df": 1.0, "F": 0.39898409359014475, "pvalue": 0.5365354952578373}, "Batch": {"sum_sq": 584.2742593711712, "df": 1.0, "F": 2.0180450860886605, "pvalue": 0.17732672805749952}, "Quant": {"sum_sq": 675.8424296696642, "df": 1.0, "F": 2.6933502595494563, "pvalue": 0.12027514607627675}}, "5": {"Mouse_ID": {}, "Treatment": {"sum_sq": 1797.6614971065042, "df": 2.0, "F": 12.777086242184014, "pvalue": 0.0005759938722497658, "tukey_hsd": {"groups": ["A12", "B1-8", "PBS"], "pvalues": [[1.0, 0.8451834673840474, 0.002699297567848702], [0.8451834673840474, 1.0, 0.0008991406399670998], [0.002699297567848702, 0.0008991406399670998, 1.0]]}}, "Ig_treated": {"sum_sq": 1775.9416361232518, "df": 1.0, "F": 26.3853443172128, "pvalue": 9.944657670985894e-05}, "A12_treated": {"sum_sq": 290.1873743080791, "df": 1.0, "F": 1.8117741262790963, "pvalue": 0.19705850472045702}, "Batch": {"sum_sq": 19.30700616258716, "df": 1.0, "F": 0.12476717048411028, "pvalue": 0.7291826526278302}, "Quant": {"sum_sq": 1909.4127435134249, "df": 1.0, "F": 32.38162271549286, "pvalue": 3.346077641311303e-05}}, "6": {"Mouse_ID": {}, "Treatment": {"sum_sq": 550.4572769197624, "df": 2.0, "F": 1.832223548562224, "pvalue": 0.19412030895513166, "tukey_hsd": {"groups": ["A12", "B1-8", "PBS"], "pvalues": [[1.0, 0.2362516543807045, 0.2727609946701386], [0.2362516543807045, 1.0, 0.9949963502002952], [0.2727609946701386, 0.9949963502002952, 1.0]]}}, "Ig_treated": {"sum_sq": 114.56944824831868, "df": 1.0, "F": 0.6816763423609267, "pvalue": 0.42115080455699794}, "A12_treated": {"sum_sq": 549.0900682125337, "df": 1.0, "F": 3.8966707479559197, "pvalue": 0.06590544740627366}, "Batch": {"sum_sq": 0.627410609123187, "df": 1.0, "F": 0.004169988166139458, "pvalue": 0.9494250454931034}, "Quant": {"sum_sq": 43.46204390565978, "df": 1.0, "F": 0.25193289444630795, "pvalue": 0.6225539267225275}}, "7": {"Mouse_ID": {}, "Treatment": {"sum_sq": 120.46630308213422, "df": 2.0, "F": 0.44012828434071916, "pvalue": 0.6520082362944833, "tukey_hsd": {"groups": ["A12", "B1-8", "PBS"], "pvalues": [[1.0, 0.7264191577346398, 0.6792586249843864], [0.7264191577346398, 1.0, 0.9965621200868828], [0.6792586249843864, 0.9965621200868828, 1.0]]}}, "Ig_treated": {"sum_sq": 39.30223539898401, "df": 1.0, "F": 0.2946790356174869, "pvalue": 0.59471947057216}, "A12_treated": {"sum_sq": 119.61125593713045, "df": 1.0, "F": 0.9318877623020816, "pvalue": 0.3487381672111817}, "Batch": {"sum_sq": 3.6928413161810956, "df": 1.0, "F": 0.02690563829635722, "pvalue": 0.8720525580689311}, "Quant": {"sum_sq": 164.55665595947485, "df": 1.0, "F": 1.310742320755325, "pvalue": 0.269098131283558}}, "8": {"Mouse_ID": {}, "Treatment": {"sum_sq": 131.41312097304095, "df": 2.0, "F": 0.5312319276647792, "pvalue": 0.5985400525069466, "tukey_hsd": {"groups": ["A12", "B1-8", "PBS"], "pvalues": [[1.0, 0.649081012233332, 0.9999061741076061], [0.649081012233332, 1.0, 0.6569752914817133], [0.9999061741076061, 0.6569752914817133, 1.0]]}}, "Ig_treated": {"sum_sq": 31.42353149366566, "df": 1.0, "F": 0.25713564962675933, "pvalue": 0.6190120614381734}, "A12_treated": {"sum_sq": 34.30407936523125, "df": 1.0, "F": 0.2811210360832136, "pvalue": 0.603248646201302}, "Batch": {"sum_sq": 72.34321072055812, "df": 1.0, "F": 0.6270046302722624, "pvalue": 0.441666879532306}, "Quant": {"sum_sq": 77.52950223184816, "df": 1.0, "F": 0.649737071535349, "pvalue": 0.43202459628033985}}, "9": {"Mouse_ID": {}, "Treatment": {"sum_sq": 50.43419655519028, "df": 2.0, "F": 0.22503906716348734, "pvalue": 0.8011324850717252, "tukey_hsd": {"groups": ["A12", "B1-8", "PBS"], "pvalues": [[1.0, 0.799966971258335, 0.876518485761458], [0.799966971258335, 1.0, 0.9876678469310453], [0.876518485761458, 0.9876678469310453, 1.0]]}}, "Ig_treated": {"sum_sq": 4.346831823629732, "df": 1.0, "F": 0.040273254651513206, "pvalue": 0.8434760335782945}, "A12_treated": {"sum_sq": 47.909903296634575, "df": 1.0, "F": 0.45537070986764083, "pvalue": 0.5094298874914602}, "Batch": {"sum_sq": 0.6305101013869859, "df": 1.0, "F": 0.0069418601280325535, "pvalue": 0.9347784261098268}, "Quant": {"sum_sq": 0.9643833442106812, "df": 1.0, "F": 0.008917513918317174, "pvalue": 0.9259380333954594}}, "10": {"Mouse_ID": {}, "Treatment": {"sum_sq": 77.3437339785486, "df": 2.0, "F": 0.4070361564852987, "pvalue": 0.6727543896850167, "tukey_hsd": {"groups": ["A12", "B1-8", "PBS"], "pvalues": [[1.0, 0.7393604426336232, 0.702207165168214], [0.7393604426336232, 1.0, 0.9978260242610533], [0.702207165168214, 0.9978260242610533, 1.0]]}}, "Ig_treated": {"sum_sq": 24.1767756884469, "df": 1.0, "F": 0.2616722776755029, "pvalue": 0.615960591685965}, "A12_treated": {"sum_sq": 76.96863514948043, "df": 1.0, "F": 0.8639051551137157, "pvalue": 0.36645981222830376}, "Batch": {"sum_sq": 14.850411705491807, "df": 1.0, "F": 0.21156588916827637, "pvalue": 0.6526049940335374}, "Quant": {"sum_sq": 0.4590862709843372, "df": 1.0, "F": 0.004890363460880337, "pvalue": 0.9451150539770181}}}