{"1": {"Mouse_ID": {}, "Treatment": {"sum_sq": 122.59489212471277, "df": 2.0, "F": 0.07944744827228593, "pvalue": 0.924012570158743, "tukey_hsd": {"groups": ["A12", "B1-8", "PBS"], "pvalues": [[1.0, 0.9983665918693408, 0.9470463697322555], [0.9983665918693408, 1.0, 0.9279715799920353], [0.9470463697322555, 0.9279715799920353, 1.0]]}}, "Ig_treated": {"sum_sq": 120.3069147122148, "df": 1.0, "F": 0.16629187720109545, "pvalue": 0.6888331078377162}, "A12_treated": {"sum_sq": 17.42453065659206, "df": 1.0, "F": 0.02387253845069837, "pvalue": 0.8791418676522841}, "Batch": {"sum_sq": 854.5478972678893, "df": 1.0, "F": 1.1472603788340514, "pvalue": 0.30224181724628935}, "Quant": {"sum_sq": 5.903176656967865, "df": 1.0, "F": 0.008079696521715128, "pvalue": 0.9294925185571803}}, "2": {"Mouse_ID": {}, "Treatment": {"sum_sq": 3280.2933431623533, "df": 2.0, "F": 4.616392312378185, "pvalue": 0.027394256935615875, "tukey_hsd": {"groups": ["A12", "B1-8", "PBS"], "pvalues": [[1.0, 0.022195515899410934, 0.1983387112323436], [0.022195515899410934, 1.0, 0.46969045305015866], [0.1983387112323436, 0.46969045305015866, 1.0]]}}, "Ig_treated": {"sum_sq": 44.425700150940735, "df": 1.0, "F": 0.08298846491020791, "pvalue": 0.7769859165043438}, "A12_treated": {"sum_sq": 2766.361789100715, "df": 1.0, "F": 7.574864850997508, "pvalue": 0.014168456845635072}, "Batch": {"sum_sq": 8.173367621488188, "df": 1.0, "F": 0.015132262839441859, "pvalue": 0.9038451052891947}, "Quant": {"sum_sq": 1.4985539766679878, "df": 1.0, "F": 0.002785381399258864, "pvalue": 0.9585631452365235}}, "3": {"Mouse_ID": {}, "Treatment": {"sum_sq": 975.6924711168399, "df": 2.0, "F": 1.403027884637387, "pvalue": 0.27632900510583414, "tukey_hsd": {"groups": ["A12", "B1-8", "PBS"], "pvalues": [[1.0, 0.3270288500794375, 0.9977176038725244], [0.3270288500794375, 1.0, 0.35728763483371095], [0.9977176038725244, 0.35728763483371095, 1.0]]}}, "Ig_treated": {"sum_sq": 212.19130717244843, "df": 1.0, "F": 0.5678171373503859, "pvalue": 0.4620730927182013}, "A12_treated": {"sum_sq": 277.0962585653979, "df": 1.0, "F": 0.7496381969808145, "pvalue": 0.3993878516716921}, "Batch": {"sum_sq": 1216.0869734206315, "df": 1.0, "F": 3.4688128664778284, "pvalue": 0.08365427478738673}, "Quant": {"sum_sq": 21.26772159685334, "df": 1.0, "F": 0.05515069223076195, "pvalue": 0.8173105267785026}}, "4": {"Mouse_ID": {}, "Treatment": {"sum_sq": 359.20495249236103, "df": 2.0, "F": 0.6219614665509917, "pvalue": 0.5501771383653816, "tukey_hsd": {"groups": ["A12", "B1-8", "PBS"], "pvalues": [[1.0, 0.5850452127393299, 0.9961362701224797], [0.5850452127393299, 1.0, 0.6356734021180559], [0.9961362701224797, 0.6356734021180559, 1.0]]}}, "Ig_treated": {"sum_sq": 67.50627580614585, "df": 1.0, "F": 0.23362531815294182, "pvalue": 0.6353965262012932}, "A12_treated": {"sum_sq": 114.1243715122844, "df": 1.0, "F": 0.3989840935901514, "pvalue": 0.5365354952578336}, "Batch": {"sum_sq": 584.2742593711675, "df": 1.0, "F": 2.018045086088644, "pvalue": 0.17732672805750133}, "Quant": {"sum_sq": 675.8424296696634, "df": 1.0, "F": 2.693350259549451, "pvalue": 0.12027514607627687}}, "5": {"Mouse_ID": {}, "Treatment": {"sum_sq": 1797.661497106528, "df": 2.0, "F": 12.777086242184428, "pvalue": 0.0005759938722496769, "tukey_hsd": {"groups": ["A12", "B1-8", "PBS"], "pvalues": [[1.0, 0.845183467384084, 0.0026992975678480358], [0.845183467384084, 1.0, 0.0008991406399670998], [0.0026992975678480358, 0.0008991406399670998, 1.0]]}}, "Ig_treated": {"sum_sq": 1775.9416361232823, "df": 1.0, "F": 26.3853443172139, "pvalue": 9.944657670983756e-05}, "A12_treated": {"sum_sq": 290.1873743081046, "df": 1.0, "F": 1.8117741262792708, "pvalue": 0.19705850472043662}, "Batch": {"sum_sq": 19.307006162587744, "df": 1.0, "F": 0.12476717048411215, "pvalue": 0.7291826526278287}, "Quant": {"sum_sq": 1909.4127435134467, "df": 1.0, "F": 32.38162271549382, "pvalue": 3.3460776413107595e-05}}, "6": {"Mouse_ID": {}, "Treatment": {"sum_sq": 550.4572769197401, "df": 2.0, "F": 1.8322235485621285, "pvalue": 0.19412030895514654, "tukey_hsd": {"groups": ["A12", "B1-8", "PBS"], "pvalues": [[1.0, 0.23625165438070417, 0.27276099467017745], [0.23625165438070417, 1.0, 0.994996350200285], [0.27276099467017745, 0.994996350200285, 1.0]]}}, "Ig_treated": {"sum_sq": 114.56944824829057, "df": 1.0, "F": 0.6816763423607514, "pvalue": 0.4211508045570559}, "A12_treated": {"sum_sq": 549.0900682125081, "df": 1.0, "F": 3.896670747955688, "pvalue": 0.06590544740628086}, "Batch": {"sum_sq": 0.6274106091229612, "df": 1.0, "F": 0.004169988166138011, "pvalue": 0.9494250454931128}, "Quant": {"sum_sq": 43.462043905641536, "df": 1.0, "F": 0.2519328944462002, "pvalue": 0.6225539267226029}}, "7": {"Mouse_ID": {}, "Treatment": {"sum_sq": 120.46630308213503, "df": 2.0, "F": 0.4401282843407216, "pvalue": 0.6520082362944821, "tukey_hsd": {"groups": ["A12", "B1-8", "PBS"], "pvalues": [[1.0, 0.7264191577346384, 0.679258624984385], [0.7264191577346384, 1.0, 0.9965621200868828], [0.679258624984385, 0.9965621200868828, 1.0]]}}, "Ig_treated": {"sum_sq": 39.30223539898424, "df": 1.0, "F": 0.2946790356174882, "pvalue": 0.59471947057216}, "A12_treated": {"sum_sq": 119.6112559371312, "df": 1.0, "F": 0.9318877623020863, "pvalue": 0.3487381672111807}, "Batch": {"sum_sq": 3.692841316181163, "df": 1.0, "F": 0.026905638296357667, "pvalue": 0.8720525580689311}, "Quant": {"sum_sq": 164.5566559594766, "df": 1.0, "F": 1.310742320755338, "pvalue": 0.26909813128355575}}, "8": {"Mouse_ID": {}, "Treatment": {"sum_sq": 131.41312097304169, "df": 2.0, "F": 0.5312319276647812, "pvalue": 0.5985400525069455, "tukey_hsd": {"groups": ["A12", "B1-8", "PBS"], "pvalues": [[1.0, 0.649081012233331, 0.9999061741076061], [0.649081012233331, 1.0, 0.6569752914817121], [0.9999061741076061, 0.6569752914817121, 1.0]]}}, "Ig_treated": {"sum_sq": 31.42353149366583, "df": 1.0, "F": 0.25713564962676017, "pvalue": 0.6190120614381711}, "A12_treated": {"sum_sq": 34.30407936523147, "df": 1.0, "F": 0.2811210360832148, "pvalue": 0.603248646201302}, "Batch": {"sum_sq": 72.34321072055891, "df": 1.0, "F": 0.6270046302722684, "pvalue": 0.4416668795323043}, "Quant": {"sum_sq": 77.52950223184753, "df": 1.0, "F": 0.6497370715353422, "pvalue": 0.43202459628034195}}, "9": {"Mouse_ID": {}, "Treatment": {"sum_sq": 50.43419655519048, "df": 2.0, "F": 0.2250390671634881, "pvalue": 0.8011324850717245, "tukey_hsd": {"groups": ["A12", "B1-8", "PBS"], "pvalues": [[1.0, 0.7999669712583345, 0.8765184857614575], [0.7999669712583345, 1.0, 0.9876678469310453], [0.8765184857614575, 0.9876678469310453, 1.0]]}}, "Ig_treated": {"sum_sq": 4.34683182362976, "df": 1.0, "F": 0.040273254651513435, "pvalue": 0.8434760335782945}, "A12_treated": {"sum_sq": 47.90990329663481, "df": 1.0, "F": 0.4553707098676426, "pvalue": 0.5094298874914585}, "Batch": {"sum_sq": 0.6305101013869118, "df": 1.0, "F": 0.0069418601280317235, "pvalue": 0.9347784261098268}, "Quant": {"sum_sq": 0.9643833442106463, "df": 1.0, "F": 0.008917513918316843, "pvalue": 0.9259380333954594}}, "10": {"Mouse_ID": {}, "Treatment": {"sum_sq": 77.34373397854769, "df": 2.0, "F": 0.40703615648529345, "pvalue": 0.6727543896850197, "tukey_hsd": {"groups": ["A12", "B1-8", "PBS"], "pvalues": [[1.0, 0.7393604426336271, 0.7022071651682162], [0.7393604426336271, 1.0, 0.997826024261053], [0.7022071651682162, 0.997826024261053, 1.0]]}}, "Ig_treated": {"sum_sq": 24.17677568844686, "df": 1.0, "F": 0.2616722776755024, "pvalue": 0.615960591685965}, "A12_treated": {"sum_sq": 76.9686351494795, "df": 1.0, "F": 0.863905155113704, "pvalue": 0.36645981222830626}, "Batch": {"sum_sq": 14.850411705491902, "df": 1.0, "F": 0.211565889168277, "pvalue": 0.6526049940335374}, "Quant": {"sum_sq": 0.45908627098425303, "df": 1.0, "F": 0.004890363460879439, "pvalue": 0.9451150539770181}}}