{"1": {"Mouse_ID": {}, "Treatment": {"sum_sq": 116.90127777368944, "df": 2.0, "F": 0.07647894831858298, "pvalue": 0.9267312735502781, "tukey_hsd": {"groups": ["A12", "B1-8", "PBS"], "pvalues": [[1.0, 0.9967949128249597, 0.9536060285310992], [0.9967949128249597, 1.0, 0.9275431080307122], [0.9536060285310992, 0.9275431080307122, 1.0]]}}, "Ig_treated": {"sum_sq": 112.45012645882801, "df": 1.0, "F": 0.15688185855466555, "pvalue": 0.6972756582405064}, "A12_treated": {"sum_sq": 12.075668749073994, "df": 1.0, "F": 0.016700884962001724, "pvalue": 0.8987847701737324}, "TMT": {"sum_sq": 866.8444592793376, "df": 1.0, "F": 1.177736686690198, "pvalue": 0.29615166532200626}, "Quant": {"sum_sq": 6.1730482394675805, "df": 1.0, "F": 0.00853309217733287, "pvalue": 0.9275470490226114}}, "2": {"Mouse_ID": {}, "Treatment": {"sum_sq": 3229.1941089767356, "df": 2.0, "F": 4.531959726257928, "pvalue": 0.028869329920773516, "tukey_hsd": {"groups": ["A12", "B1-8", "PBS"], "pvalues": [[1.0, 0.02341376865966538, 0.20483810616699683], [0.02341376865966538, 1.0, 0.4735797380143181], [0.20483810616699683, 0.4735797380143181, 1.0]]}}, "Ig_treated": {"sum_sq": 42.62891454435137, "df": 1.0, "F": 0.0799548143337857, "pvalue": 0.7809840890853954}, "A12_treated": {"sum_sq": 2719.7673734163686, "df": 1.0, "F": 7.4342795233513135, "pvalue": 0.014935296885558195}, "TMT": {"sum_sq": 7.532480561525321, "df": 1.0, "F": 0.013993508049537773, "pvalue": 0.9075150993193605}, "Quant": {"sum_sq": 1.043938448565, "df": 1.0, "F": 0.001948512887168719, "pvalue": 0.9653374569423092}}, "3": {"Mouse_ID": {}, "Treatment": {"sum_sq": 995.2879110938746, "df": 2.0, "F": 1.4405983855181066, "pvalue": 0.2677380372927309, "tukey_hsd": {"groups": ["A12", "B1-8", "PBS"], "pvalues": [[1.0, 0.31178278989714636, 0.9949118844692507], [0.31178278989714636, 1.0, 0.3562775614842074], [0.9949118844692507, 0.3562775614842074, 1.0]]}}, "Ig_treated": {"sum_sq": 201.64538138397637, "df": 1.0, "F": 0.5399455452470955, "pvalue": 0.4730886076274651}, "A12_treated": {"sum_sq": 299.19589751025677, "df": 1.0, "F": 0.8144529182738389, "pvalue": 0.3801928208016945}, "TMT": {"sum_sq": 1218.44837856562, "df": 1.0, "F": 3.4889499530636487, "pvalue": 0.08285342866449183}, "Quant": {"sum_sq": 18.559023765165747, "df": 1.0, "F": 0.04821803991336593, "pvalue": 0.8289704819365954}}, "4": {"Mouse_ID": {}, "Treatment": {"sum_sq": 356.2481851889279, "df": 2.0, "F": 0.6234021867751237, "pvalue": 0.5494457379849985, "tukey_hsd": {"groups": ["A12", "B1-8", "PBS"], "pvalues": [[1.0, 0.5883914566863357, 0.9974064731889715], [0.5883914566863357, 1.0, 0.629856486923893], [0.9974064731889715, 0.629856486923893, 1.0]]}}, "Ig_treated": {"sum_sq": 70.80625730430634, "df": 1.0, "F": 0.2478246882861407, "pvalue": 0.6253834568778435}, "A12_treated": {"sum_sq": 108.66393802314396, "df": 1.0, "F": 0.3835040349381839, "pvalue": 0.544451830768516}, "TMT": {"sum_sq": 574.4677495825196, "df": 1.0, "F": 2.0025341173814954, "pvalue": 0.1788939851199705}, "Quant": {"sum_sq": 682.039213608809, "df": 1.0, "F": 2.755613656494678, "pvalue": 0.11638208831379222}}, "5": {"Mouse_ID": {}, "Treatment": {"sum_sq": 1317.5172921989747, "df": 2.0, "F": 6.595825346098392, "pvalue": 0.008806039932759628, "tukey_hsd": {"groups": ["A12", "B1-8", "PBS"], "pvalues": [[1.0, 0.4343971767121616, 0.08444133176312507], [0.4343971767121616, 1.0, 0.007232991274849665], [0.08444133176312507, 0.007232991274849665, 1.0]]}}, "Ig_treated": {"sum_sq": 1157.217422888513, "df": 1.0, "F": 11.16448754326876, "pvalue": 0.004142320850558036}, "A12_treated": {"sum_sq": 36.53280833901438, "df": 1.0, "F": 0.21032804024932317, "pvalue": 0.6526785168782834}, "TMT": {"sum_sq": 16.002352108696577, "df": 1.0, "F": 0.12725595727166816, "pvalue": 0.7266136577225721}, "Quant": {"sum_sq": 1359.7048446559256, "df": 1.0, "F": 14.942439672595592, "pvalue": 0.0013696946578809354}}, "6": {"Mouse_ID": {}, "Treatment": {"sum_sq": 984.5011189484773, "df": 2.0, "F": 4.139406106929651, "pvalue": 0.03702357191567221, "tukey_hsd": {"groups": ["A12", "B1-8", "PBS"], "pvalues": [[1.0, 0.29814277078286766, 0.02938146275358733], [0.29814277078286766, 1.0, 0.4023580819327036], [0.02938146275358733, 0.4023580819327036, 1.0]]}}, "Ig_treated": {"sum_sq": 699.8892867409027, "df": 1.0, "F": 5.413998221046213, "pvalue": 0.03343351539242263}, "A12_treated": {"sum_sq": 774.9510260971783, "df": 1.0, "F": 6.220376493357028, "pvalue": 0.023958355476362662}, "TMT": {"sum_sq": 3.9895385200845674, "df": 1.0, "F": 0.022860917323764, "pvalue": 0.881976356504013}, "Quant": {"sum_sq": 538.2117046211238, "df": 1.0, "F": 3.8615015934489154, "pvalue": 0.06701356103541876}}, "7": {"Mouse_ID": {}, "Treatment": {"sum_sq": 130.21210368446356, "df": 2.0, "F": 0.47768603255679715, "pvalue": 0.6293357788349522, "tukey_hsd": {"groups": ["A12", "B1-8", "PBS"], "pvalues": [[1.0, 0.696864337962524, 0.6661919572424096], [0.696864337962524, 1.0, 0.9985679784508158], [0.6661919572424096, 0.9985679784508158, 1.0]]}}, "Ig_treated": {"sum_sq": 38.60440918410551, "df": 1.0, "F": 0.289167883780026, "pvalue": 0.5981550283741781}, "A12_treated": {"sum_sq": 129.85780221318944, "df": 1.0, "F": 1.0161146141447857, "pvalue": 0.32844466889219603}, "TMT": {"sum_sq": 7.218588806859697, "df": 1.0, "F": 0.05253652644877912, "pvalue": 0.8220215240034596}, "Quant": {"sum_sq": 171.294696375937, "df": 1.0, "F": 1.3680748042786757, "pvalue": 0.259272421718676}}, "8": {"Mouse_ID": {}, "Treatment": {"sum_sq": 109.38424598174407, "df": 2.0, "F": 0.43969598974753066, "pvalue": 0.6522745338170888, "tukey_hsd": {"groups": ["A12", "B1-8", "PBS"], "pvalues": [[1.0, 0.7088321498888495, 0.9996790746584471], [0.7088321498888495, 1.0, 0.6944189015599631], [0.9996790746584471, 0.6944189015599631, 1.0]]}}, "Ig_treated": {"sum_sq": 29.818884607880747, "df": 1.0, "F": 0.24525150855805034, "pvalue": 0.6271708136536414}, "A12_treated": {"sum_sq": 24.945656150242485, "df": 1.0, "F": 0.2046579662458501, "pvalue": 0.6570604181092344}, "TMT": {"sum_sq": 76.67405746128597, "df": 1.0, "F": 0.6962076385712926, "pvalue": 0.4180715189961435}, "Quant": {"sum_sq": 80.91317680208957, "df": 1.0, "F": 0.6834372379322753, "pvalue": 0.4205638822484794}}, "9": {"Mouse_ID": {}, "Treatment": {"sum_sq": 53.11050118250115, "df": 2.0, "F": 0.2365106823663284, "pvalue": 0.792265973161123, "tukey_hsd": {"groups": ["A12", "B1-8", "PBS"], "pvalues": [[1.0, 0.7849928352545419, 0.8841450603208977], [0.7849928352545419, 1.0, 0.9795562046111415], [0.8841450603208977, 0.9795562046111415, 1.0]]}}, "Ig_treated": {"sum_sq": 2.954383270057144, "df": 1.0, "F": 0.027255316057325955, "pvalue": 0.8709395365250736}, "A12_treated": {"sum_sq": 48.89775694836454, "df": 1.0, "F": 0.4633754840516458, "pvalue": 0.5057831241747384}, "TMT": {"sum_sq": 0.11785467205601073, "df": 1.0, "F": 0.001248960072476126, "pvalue": 0.9723070777565826}, "Quant": {"sum_sq": 0.20743090646318332, "df": 1.0, "F": 0.0019106033588091639, "pvalue": 0.9656760734668104}}, "10": {"Mouse_ID": {}, "Treatment": {"sum_sq": 77.01109286829508, "df": 2.0, "F": 0.40101191661835645, "pvalue": 0.6766110705136579, "tukey_hsd": {"groups": ["A12", "B1-8", "PBS"], "pvalues": [[1.0, 0.738312158733502, 0.7093264943996582], [0.738312158733502, 1.0, 0.9986718404009567], [0.7093264943996582, 0.9986718404009567, 1.0]]}}, "Ig_treated": {"sum_sq": 23.019596850713953, "df": 1.0, "F": 0.2464780311316449, "pvalue": 0.6263173949141092}, "A12_treated": {"sum_sq": 76.77960135364127, "df": 1.0, "F": 0.8527834602738158, "pvalue": 0.369483702915923}, "TMT": {"sum_sq": 26.79364630997808, "df": 1.0, "F": 0.3793573131837626, "pvalue": 0.5478311485334764}, "Quant": {"sum_sq": 0.1468297821886947, "df": 1.0, "F": 0.0015484509060634017, "pvalue": 0.9690978811331362}}}