{"1": {"Mouse_ID": {}, "Treatment": {"sum_sq": 116.90127777368994, "df": 2.0, "F": 0.07647894831858323, "pvalue": 0.9267312735502773, "tukey_hsd": {"groups": ["A12", "B1-8", "PBS"], "pvalues": [[1.0, 0.9967949128249596, 0.9536060285310992], [0.9967949128249596, 1.0, 0.9275431080307117], [0.9536060285310992, 0.9275431080307117, 1.0]]}}, "Ig_treated": {"sum_sq": 112.45012645882868, "df": 1.0, "F": 0.15688185855466635, "pvalue": 0.6972756582405064}, "A12_treated": {"sum_sq": 12.075668749073957, "df": 1.0, "F": 0.016700884962001658, "pvalue": 0.8987847701737324}, "TMT": {"sum_sq": 866.8444592793378, "df": 1.0, "F": 1.1777366866901975, "pvalue": 0.29615166532200626}, "Quant": {"sum_sq": 6.173048239467462, "df": 1.0, "F": 0.008533092177332698, "pvalue": 0.9275470490226114}}, "2": {"Mouse_ID": {}, "Treatment": {"sum_sq": 3229.1941089767424, "df": 2.0, "F": 4.531959726257936, "pvalue": 0.02886932992077336, "tukey_hsd": {"groups": ["A12", "B1-8", "PBS"], "pvalues": [[1.0, 0.02341376865966538, 0.20483810616699671], [0.02341376865966538, 1.0, 0.4735797380143174], [0.20483810616699671, 0.4735797380143174, 1.0]]}}, "Ig_treated": {"sum_sq": 42.628914544351204, "df": 1.0, "F": 0.07995481433378532, "pvalue": 0.7809840890853954}, "A12_treated": {"sum_sq": 2719.7673734163704, "df": 1.0, "F": 7.434279523351312, "pvalue": 0.014935296885558218}, "TMT": {"sum_sq": 7.532480561525214, "df": 1.0, "F": 0.013993508049537567, "pvalue": 0.9075150993193605}, "Quant": {"sum_sq": 1.0439384485649714, "df": 1.0, "F": 0.0019485128871686642, "pvalue": 0.9653374569423092}}, "3": {"Mouse_ID": {}, "Treatment": {"sum_sq": 995.2879110938712, "df": 2.0, "F": 1.440598385518097, "pvalue": 0.26773803729273304, "tukey_hsd": {"groups": ["A12", "B1-8", "PBS"], "pvalues": [[1.0, 0.3117827898971487, 0.9949118844692507], [0.3117827898971487, 1.0, 0.35627756148420975], [0.9949118844692507, 0.35627756148420975, 1.0]]}}, "Ig_treated": {"sum_sq": 201.64538138397546, "df": 1.0, "F": 0.5399455452470917, "pvalue": 0.4730886076274665}, "A12_treated": {"sum_sq": 299.19589751025563, "df": 1.0, "F": 0.8144529182738338, "pvalue": 0.38019282080169614}, "TMT": {"sum_sq": 1218.4483785656273, "df": 1.0, "F": 3.488949953063665, "pvalue": 0.08285342866449107}, "Quant": {"sum_sq": 18.559023765165016, "df": 1.0, "F": 0.04821803991336391, "pvalue": 0.8289704819365954}}, "4": {"Mouse_ID": {}, "Treatment": {"sum_sq": 356.2481851889295, "df": 2.0, "F": 0.623402186775126, "pvalue": 0.5494457379849975, "tukey_hsd": {"groups": ["A12", "B1-8", "PBS"], "pvalues": [[1.0, 0.5883914566863354, 0.9974064731889718], [0.5883914566863354, 1.0, 0.6298564869238904], [0.9974064731889718, 0.6298564869238904, 1.0]]}}, "Ig_treated": {"sum_sq": 70.80625730430765, "df": 1.0, "F": 0.24782468828614504, "pvalue": 0.6253834568778409}, "A12_treated": {"sum_sq": 108.66393802314332, "df": 1.0, "F": 0.3835040349381811, "pvalue": 0.5444518307685179}, "TMT": {"sum_sq": 574.4677495825175, "df": 1.0, "F": 2.0025341173814852, "pvalue": 0.1788939851199713}, "Quant": {"sum_sq": 682.0392136088127, "df": 1.0, "F": 2.7556136564946923, "pvalue": 0.11638208831379132}}, "5": {"Mouse_ID": {}, "Treatment": {"sum_sq": 1317.5172921987485, "df": 2.0, "F": 6.595825346096251, "pvalue": 0.008806039932769662, "tukey_hsd": {"groups": ["A12", "B1-8", "PBS"], "pvalues": [[1.0, 0.434397176712064, 0.08444133176323099], [0.434397176712064, 1.0, 0.0072329912748571035], [0.08444133176323099, 0.0072329912748571035, 1.0]]}}, "Ig_treated": {"sum_sq": 1157.2174228882163, "df": 1.0, "F": 11.164487543263878, "pvalue": 0.004142320850564419}, "A12_treated": {"sum_sq": 36.53280833895887, "df": 1.0, "F": 0.2103280402489992, "pvalue": 0.6526785168785323}, "TMT": {"sum_sq": 16.00235210869372, "df": 1.0, "F": 0.12725595727165306, "pvalue": 0.7266136577225868}, "Quant": {"sum_sq": 1359.7048446556441, "df": 1.0, "F": 14.942439672589586, "pvalue": 0.0013696946578831783}}, "6": {"Mouse_ID": {}, "Treatment": {"sum_sq": 984.5011189486967, "df": 2.0, "F": 4.139406106931118, "pvalue": 0.03702357191563724, "tukey_hsd": {"groups": ["A12", "B1-8", "PBS"], "pvalues": [[1.0, 0.29814277078290663, 0.02938146275355724], [0.29814277078290663, 1.0, 0.4023580819323823], [0.02938146275355724, 0.4023580819323823, 1.0]]}}, "Ig_treated": {"sum_sq": 699.8892867411935, "df": 1.0, "F": 5.413998221049263, "pvalue": 0.033433515392379425}, "A12_treated": {"sum_sq": 774.951026097229, "df": 1.0, "F": 6.220376493357643, "pvalue": 0.023958355476356774}, "TMT": {"sum_sq": 3.989538520087112, "df": 1.0, "F": 0.022860917323777697, "pvalue": 0.881976356503977}, "Quant": {"sum_sq": 538.2117046214001, "df": 1.0, "F": 3.8615015934514023, "pvalue": 0.06701356103533967}}, "7": {"Mouse_ID": {}, "Treatment": {"sum_sq": 130.2121036844607, "df": 2.0, "F": 0.47768603255678854, "pvalue": 0.6293357788349572, "tukey_hsd": {"groups": ["A12", "B1-8", "PBS"], "pvalues": [[1.0, 0.6968643379625258, 0.6661919572424165], [0.6968643379625258, 1.0, 0.9985679784508164], [0.6661919572424165, 0.9985679784508164, 1.0]]}}, "Ig_treated": {"sum_sq": 38.60440918410372, "df": 1.0, "F": 0.28916788378001385, "pvalue": 0.598155028374184}, "A12_treated": {"sum_sq": 129.85780221318663, "df": 1.0, "F": 1.0161146141447677, "pvalue": 0.32844466889220025}, "TMT": {"sum_sq": 7.218588806859669, "df": 1.0, "F": 0.05253652644877929, "pvalue": 0.8220215240034596}, "Quant": {"sum_sq": 171.2946963759333, "df": 1.0, "F": 1.368074804278651, "pvalue": 0.25927242171868015}}, "8": {"Mouse_ID": {}, "Treatment": {"sum_sq": 109.38424598174446, "df": 2.0, "F": 0.43969598974753443, "pvalue": 0.6522745338170866, "tukey_hsd": {"groups": ["A12", "B1-8", "PBS"], "pvalues": [[1.0, 0.7088321498888459, 0.9996790746584472], [0.7088321498888459, 1.0, 0.6944189015599622], [0.9996790746584472, 0.6944189015599622, 1.0]]}}, "Ig_treated": {"sum_sq": 29.81888460788038, "df": 1.0, "F": 0.2452515085580484, "pvalue": 0.6271708136536414}, "A12_treated": {"sum_sq": 24.945656150243032, "df": 1.0, "F": 0.20465796624585553, "pvalue": 0.6570604181092317}, "TMT": {"sum_sq": 76.67405746128546, "df": 1.0, "F": 0.6962076385712874, "pvalue": 0.41807151899614525}, "Quant": {"sum_sq": 80.91317680208934, "df": 1.0, "F": 0.6834372379322764, "pvalue": 0.4205638822484782}}, "9": {"Mouse_ID": {}, "Treatment": {"sum_sq": 53.11050118250003, "df": 2.0, "F": 0.23651068236632233, "pvalue": 0.7922659731611279, "tukey_hsd": {"groups": ["A12", "B1-8", "PBS"], "pvalues": [[1.0, 0.7849928352545473, 0.8841450603208993], [0.7849928352545473, 1.0, 0.9795562046111426], [0.8841450603208993, 0.9795562046111426, 1.0]]}}, "Ig_treated": {"sum_sq": 2.9543832700571966, "df": 1.0, "F": 0.02725531605732634, "pvalue": 0.8709395365250652}, "A12_treated": {"sum_sq": 48.89775694836359, "df": 1.0, "F": 0.4633754840516349, "pvalue": 0.5057831241747435}, "TMT": {"sum_sq": 0.11785467205609787, "df": 1.0, "F": 0.0012489600724770494, "pvalue": 0.9723070777565826}, "Quant": {"sum_sq": 0.20743090646323628, "df": 1.0, "F": 0.001910603358809645, "pvalue": 0.9656760734668104}}, "10": {"Mouse_ID": {}, "Treatment": {"sum_sq": 77.01109286829472, "df": 2.0, "F": 0.40101191661835345, "pvalue": 0.6766110705136602, "tukey_hsd": {"groups": ["A12", "B1-8", "PBS"], "pvalues": [[1.0, 0.7383121587335029, 0.7093264943996604], [0.7383121587335029, 1.0, 0.9986718404009568], [0.7093264943996604, 0.9986718404009568, 1.0]]}}, "Ig_treated": {"sum_sq": 23.019596850713683, "df": 1.0, "F": 0.24647803113164135, "pvalue": 0.6263173949141116}, "A12_treated": {"sum_sq": 76.77960135364093, "df": 1.0, "F": 0.8527834602738096, "pvalue": 0.3694837029159251}, "TMT": {"sum_sq": 26.79364630997892, "df": 1.0, "F": 0.37935731318377325, "pvalue": 0.5478311485334703}, "Quant": {"sum_sq": 0.14682978218870552, "df": 1.0, "F": 0.0015484509060635122, "pvalue": 0.9690978811331362}}}