{"1": {"Seqn": {}, "Group": {"sum_sq": 122.59489212667226, "df": 2.0, "F": 0.07944744827262609, "pvalue": 0.924012570158432, "tukey_hsd": {"groups": ["A12", "B1-8", "PBS"], "pvalues": [[1.0, 0.9983665918692681, 0.9470463697322572], [0.9983665918692681, 1.0, 0.9279715799915839], [0.9470463697322572, 0.9279715799915839, 1.0]]}}, "Ig-Treated": {"sum_sq": 120.3069147140457, "df": 1.0, "F": 0.16629187720167876, "pvalue": 0.6888331078372028}, "A12-Treated": {"sum_sq": 17.424530656632797, "df": 1.0, "F": 0.023872538450473418, "pvalue": 0.8791418676528565}, "Quant": {"sum_sq": 773.9278891072372, "df": 1.0, "F": 1.1879470864450707, "pvalue": 0.29294444442217715}}, "2": {"Seqn": {}, "Group": {"sum_sq": 3280.2933430044163, "df": 2.0, "F": 4.616392311915978, "pvalue": 0.02739425694345353, "tukey_hsd": {"groups": ["A12", "B1-8", "PBS"], "pvalues": [[1.0, 0.022195515906342944, 0.19833871124409475], [0.022195515906342944, 1.0, 0.4696904531183329], [0.19833871124409475, 0.4696904531183329, 1.0]]}}, "Ig-Treated": {"sum_sq": 44.42570016552649, "df": 1.0, "F": 0.08298846493644228, "pvalue": 0.7769859164701163}, "A12-Treated": {"sum_sq": 2766.3617890201194, "df": 1.0, "F": 7.574864850517997, "pvalue": 0.014168456848172764}, "Quant": {"sum_sq": 949.7295415910997, "df": 1.0, "F": 1.8667025998579445, "pvalue": 0.19198709557026652}}, "3": {"Seqn": {}, "Group": {"sum_sq": 975.692471030172, "df": 2.0, "F": 1.4030278845566142, "pvalue": 0.2763290051246366, "tukey_hsd": {"groups": ["A12", "B1-8", "PBS"], "pvalues": [[1.0, 0.32702885003731685, 0.9977176038521893], [0.32702885003731685, 1.0, 0.3572876349279004], [0.9977176038521893, 0.3572876349279004, 1.0]]}}, "Ig-Treated": {"sum_sq": 212.19130701459542, "df": 1.0, "F": 0.5678171369366978, "pvalue": 0.4620730928785117}, "A12-Treated": {"sum_sq": 277.09625869273054, "df": 1.0, "F": 0.7496381973730802, "pvalue": 0.3993878515511172}, "Quant": {"sum_sq": 7.286548040896661, "df": 1.0, "F": 0.017795130559957573, "pvalue": 0.8956515403395553}}, "4": {"Seqn": {}, "Group": {"sum_sq": 359.20495251240783, "df": 2.0, "F": 0.6219614665801787, "pvalue": 0.550177138350554, "tukey_hsd": {"groups": ["A12", "B1-8", "PBS"], "pvalues": [[1.0, 0.5850452127331023, 0.9961362701250969], [0.5850452127331023, 1.0, 0.6356734020945515], [0.9961362701250969, 0.6356734020945515, 1.0]]}}, "Ig-Treated": {"sum_sq": 67.50627581758793, "df": 1.0, "F": 0.2336253181901617, "pvalue": 0.6353965261745564}, "A12-Treated": {"sum_sq": 114.12437150950694, "df": 1.0, "F": 0.3989840935750977, "pvalue": 0.5365354952654247}, "Quant": {"sum_sq": 525.3007202717047, "df": 1.0, "F": 1.9972560878678696, "pvalue": 0.17799935605509065}}, "5": {"Seqn": {}, "Group": {"sum_sq": 1797.6614945309145, "df": 2.0, "F": 12.777086193924898, "pvalue": 0.0005759938825311819, "tukey_hsd": {"groups": ["A12", "B1-8", "PBS"], "pvalues": [[1.0, 0.8451834630657798, 0.002699297640076037], [0.8451834630657798, 1.0, 0.0008991406485278075], [0.002699297640076037, 0.0008991406485278075, 1.0]]}}, "Ig-Treated": {"sum_sq": 1775.9416328290922, "df": 1.0, "F": 26.385344190059126, "pvalue": 9.944657917284752e-05}, "A12-Treated": {"sum_sq": 290.1873713676566, "df": 1.0, "F": 1.8117741059138956, "pvalue": 0.19705850710812614}, "Quant": {"sum_sq": 192.22153725881432, "df": 1.0, "F": 1.1106129956575599, "pvalue": 0.3086292078027401}}, "6": {"Seqn": {}, "Group": {"sum_sq": 550.457279518882, "df": 2.0, "F": 1.8322235594361858, "pvalue": 0.19412030725870577, "tukey_hsd": {"groups": ["A12", "B1-8", "PBS"], "pvalues": [[1.0, 0.23625165452675256, 0.2727609901313246], [0.23625165452675256, 1.0, 0.9949963514204135], [0.2727609901313246, 0.9949963514204135, 1.0]]}}, "Ig-Treated": {"sum_sq": 114.56945158241447, "df": 1.0, "F": 0.6816763630776624, "pvalue": 0.4211507976443677}, "A12-Treated": {"sum_sq": 549.0900711476561, "df": 1.0, "F": 3.896670774090199, "pvalue": 0.06590544659085873}, "Quant": {"sum_sq": 72.82591331273778, "df": 1.0, "F": 0.43725511295049213, "pvalue": 0.5184789984520827}}, "7": {"Seqn": {}, "Group": {"sum_sq": 120.46630308159385, "df": 2.0, "F": 0.4401282843520081, "pvalue": 0.6520082362875309, "tukey_hsd": {"groups": ["A12", "B1-8", "PBS"], "pvalues": [[1.0, 0.7264191576483874, 0.6792586250389885], [0.7264191576483874, 1.0, 0.9965621201074564], [0.6792586250389885, 0.9965621201074564, 1.0]]}}, "Ig-Treated": {"sum_sq": 39.302235370051896, "df": 1.0, "F": 0.2946790354051825, "pvalue": 0.5947194707036967}, "A12-Treated": {"sum_sq": 119.61125594174284, "df": 1.0, "F": 0.9318877623684252, "pvalue": 0.34873816719449935}, "Quant": {"sum_sq": 31.39285042352102, "df": 1.0, "F": 0.23538244161846394, "pvalue": 0.6345706010294665}}, "8": {"Seqn": {}, "Group": {"sum_sq": 131.41312103255385, "df": 2.0, "F": 0.5312319279127463, "pvalue": 0.5985400523683457, "tukey_hsd": {"groups": ["A12", "B1-8", "PBS"], "pvalues": [[1.0, 0.6490810120620742, 0.9999061741054134], [0.6490810120620742, 1.0, 0.6569752914028033], [0.9999061741054134, 0.6569752914028033, 1.0]]}}, "Ig-Treated": {"sum_sq": 31.42353149164606, "df": 1.0, "F": 0.2571356496055347, "pvalue": 0.619012061452529}, "A12-Treated": {"sum_sq": 34.30407939749897, "df": 1.0, "F": 0.2811210363474393, "pvalue": 0.6032486460325063}, "Quant": {"sum_sq": 8.295445987756523, "df": 1.0, "F": 0.06344166403183156, "pvalue": 0.8045550688923708}}, "9": {"Seqn": {}, "Group": {"sum_sq": 50.43419656547986, "df": 2.0, "F": 0.22503906720904954, "pvalue": 0.8011324850362864, "tukey_hsd": {"groups": ["A12", "B1-8", "PBS"], "pvalues": [[1.0, 0.7999669713091542, 0.8765184855678698], [0.7999669713091542, 1.0, 0.9876678470139622], [0.8765184855678698, 0.9876678470139622, 1.0]]}}, "Ig-Treated": {"sum_sq": 4.346831847174168, "df": 1.0, "F": 0.040273254869899744, "pvalue": 0.8434760331599196}, "A12-Treated": {"sum_sq": 47.909903324013506, "df": 1.0, "F": 0.45537071013178543, "pvalue": 0.5094298873703469}, "Quant": {"sum_sq": 164.0712475308455, "df": 1.0, "F": 1.5704264169987472, "pvalue": 0.22932809060105394}}, "10": {"Seqn": {}, "Group": {"sum_sq": 77.34373395107268, "df": 2.0, "F": 0.4070361562985542, "pvalue": 0.6727543898041826, "tukey_hsd": {"groups": ["A12", "B1-8", "PBS"], "pvalues": [[1.0, 0.7393604426755884, 0.7022071653260475], [0.7393604426755884, 1.0, 0.9978260242743545], [0.7022071653260475, 0.9978260242743545, 1.0]]}}, "Ig-Treated": {"sum_sq": 24.17677566567407, "df": 1.0, "F": 0.26167227740373766, "pvalue": 0.6159605918677502}, "A12-Treated": {"sum_sq": 76.96863512426357, "df": 1.0, "F": 0.8639051547426165, "pvalue": 0.36645981232859454}, "Quant": {"sum_sq": 15.317895137319194, "df": 1.0, "F": 0.19228213307252542, "pvalue": 0.6672736914547821}}}