{"1": {"Mouse_ID": {}, "Treatment": {"sum_sq": 122.59489212471294, "df": 2.0, "F": 0.07944744827228604, "pvalue": 0.924012570158743, "tukey_hsd": {"groups": ["A12", "B1-8", "PBS"], "pvalues": [[1.0, 0.9983665918693408, 0.9470463697322552], [0.9983665918693408, 1.0, 0.9279715799920353], [0.9470463697322552, 0.9279715799920353, 1.0]]}}, "Ig_treated": {"sum_sq": 120.30691471221513, "df": 1.0, "F": 0.16629187720109587, "pvalue": 0.6888331078377162}, "A12_treated": {"sum_sq": 17.424530656592218, "df": 1.0, "F": 0.023872538450698578, "pvalue": 0.8791418676522841}, "Batch": {"sum_sq": 854.5478972678899, "df": 1.0, "F": 1.1472603788340519, "pvalue": 0.30224181724628935}, "Quant": {"sum_sq": 5.9031766569678155, "df": 1.0, "F": 0.008079696521715059, "pvalue": 0.9294925185571803}}, "2": {"Mouse_ID": {}, "Treatment": {"sum_sq": 3280.2933431623505, "df": 2.0, "F": 4.6163923123781725, "pvalue": 0.027394256935616097, "tukey_hsd": {"groups": ["A12", "B1-8", "PBS"], "pvalues": [[1.0, 0.022195515899411156, 0.1983387112323438], [0.022195515899411156, 1.0, 0.46969045305016144], [0.1983387112323438, 0.46969045305016144, 1.0]]}}, "Ig_treated": {"sum_sq": 44.425700150941374, "df": 1.0, "F": 0.08298846491020903, "pvalue": 0.7769859165043438}, "A12_treated": {"sum_sq": 2766.3617891007157, "df": 1.0, "F": 7.574864850997499, "pvalue": 0.014168456845635091}, "Batch": {"sum_sq": 8.173367621487856, "df": 1.0, "F": 0.015132262839441232, "pvalue": 0.9038451052891996}, "Quant": {"sum_sq": 1.4985539766681355, "df": 1.0, "F": 0.0027853813992591366, "pvalue": 0.9585631452365235}}, "3": {"Mouse_ID": {}, "Treatment": {"sum_sq": 975.6924711168496, "df": 2.0, "F": 1.4030278846374047, "pvalue": 0.27632900510583003, "tukey_hsd": {"groups": ["A12", "B1-8", "PBS"], "pvalues": [[1.0, 0.3270288500794324, 0.9977176038725242], [0.3270288500794324, 1.0, 0.3572876348337075], [0.9977176038725242, 0.3572876348337075, 1.0]]}}, "Ig_treated": {"sum_sq": 212.19130717244872, "df": 1.0, "F": 0.567817137350387, "pvalue": 0.46207309271819974}, "A12_treated": {"sum_sq": 277.09625856540225, "df": 1.0, "F": 0.7496381969808275, "pvalue": 0.3993878516716879}, "Batch": {"sum_sq": 1216.0869734206185, "df": 1.0, "F": 3.468812866477785, "pvalue": 0.08365427478738857}, "Quant": {"sum_sq": 21.267721596854592, "df": 1.0, "F": 0.05515069223076525, "pvalue": 0.8173105267784967}}, "4": {"Mouse_ID": {}, "Treatment": {"sum_sq": 359.2049524923561, "df": 2.0, "F": 0.6219614665509829, "pvalue": 0.5501771383653861, "tukey_hsd": {"groups": ["A12", "B1-8", "PBS"], "pvalues": [[1.0, 0.5850452127393342, 0.9961362701224798], [0.5850452127393342, 1.0, 0.6356734021180594], [0.9961362701224798, 0.6356734021180594, 1.0]]}}, "Ig_treated": {"sum_sq": 67.506275806145, "df": 1.0, "F": 0.23362531815293908, "pvalue": 0.6353965262012957}, "A12_treated": {"sum_sq": 114.12437151228279, "df": 1.0, "F": 0.398984093590146, "pvalue": 0.5365354952578354}, "Batch": {"sum_sq": 584.2742593711769, "df": 1.0, "F": 2.018045086088683, "pvalue": 0.17732672805749747}, "Quant": {"sum_sq": 675.8424296696639, "df": 1.0, "F": 2.6933502595494554, "pvalue": 0.12027514607627675}}, "5": {"Mouse_ID": {}, "Treatment": {"sum_sq": 1797.6614971065546, "df": 2.0, "F": 12.777086242184934, "pvalue": 0.0005759938722495687, "tukey_hsd": {"groups": ["A12", "B1-8", "PBS"], "pvalues": [[1.0, 0.8451834673841283, 0.0026992975678471476], [0.8451834673841283, 1.0, 0.0008991406399669888], [0.0026992975678471476, 0.0008991406399669888, 1.0]]}}, "Ig_treated": {"sum_sq": 1775.9416361233157, "df": 1.0, "F": 26.38534431721522, "pvalue": 9.944657670981195e-05}, "A12_treated": {"sum_sq": 290.18737430813485, "df": 1.0, "F": 1.8117741262794809, "pvalue": 0.1970585047204121}, "Batch": {"sum_sq": 19.30700616258796, "df": 1.0, "F": 0.1247671704841115, "pvalue": 0.7291826526278302}, "Quant": {"sum_sq": 1909.4127435134676, "df": 1.0, "F": 32.38162271549489, "pvalue": 3.3460776413101456e-05}}, "6": {"Mouse_ID": {}, "Treatment": {"sum_sq": 550.4572769197147, "df": 2.0, "F": 1.832223548562025, "pvalue": 0.19412030895516263, "tukey_hsd": {"groups": ["A12", "B1-8", "PBS"], "pvalues": [[1.0, 0.23625165438070117, 0.2727609946702221], [0.23625165438070117, 1.0, 0.9949963502002726], [0.2727609946702221, 0.9949963502002726, 1.0]]}}, "Ig_treated": {"sum_sq": 114.56944824825693, "df": 1.0, "F": 0.6816763423605432, "pvalue": 0.42115080455712617}, "A12_treated": {"sum_sq": 549.0900682124798, "df": 1.0, "F": 3.8966707479554423, "pvalue": 0.0659054474062885}, "Batch": {"sum_sq": 0.6274106091227433, "df": 1.0, "F": 0.004169988166136639, "pvalue": 0.9494250454931222}, "Quant": {"sum_sq": 43.46204390562046, "df": 1.0, "F": 0.2519328944460763, "pvalue": 0.6225539267226883}}, "7": {"Mouse_ID": {}, "Treatment": {"sum_sq": 120.46630308213541, "df": 2.0, "F": 0.44012828434072326, "pvalue": 0.652008236294481, "tukey_hsd": {"groups": ["A12", "B1-8", "PBS"], "pvalues": [[1.0, 0.726419157734636, 0.6792586249843854], [0.726419157734636, 1.0, 0.9965621200868832], [0.6792586249843854, 0.9965621200868832, 1.0]]}}, "Ig_treated": {"sum_sq": 39.30223539898381, "df": 1.0, "F": 0.29467903561748515, "pvalue": 0.5947194705721611}, "A12_treated": {"sum_sq": 119.61125593713169, "df": 1.0, "F": 0.9318877623020908, "pvalue": 0.3487381672111798}, "Batch": {"sum_sq": 3.692841316181153, "df": 1.0, "F": 0.0269056382963576, "pvalue": 0.8720525580689311}, "Quant": {"sum_sq": 164.55665595947673, "df": 1.0, "F": 1.31074232075534, "pvalue": 0.26909813128355575}}, "8": {"Mouse_ID": {}, "Treatment": {"sum_sq": 131.41312097304063, "df": 2.0, "F": 0.531231927664778, "pvalue": 0.5985400525069466, "tukey_hsd": {"groups": ["A12", "B1-8", "PBS"], "pvalues": [[1.0, 0.6490810122333348, 0.9999061741076062], [0.6490810122333348, 1.0, 0.6569752914817115], [0.9999061741076062, 0.6569752914817115, 1.0]]}}, "Ig_treated": {"sum_sq": 31.42353149366638, "df": 1.0, "F": 0.2571356496267654, "pvalue": 0.6190120614381686}, "A12_treated": {"sum_sq": 34.30407936523035, "df": 1.0, "F": 0.2811210360832062, "pvalue": 0.6032486462013067}, "Batch": {"sum_sq": 72.34321072055816, "df": 1.0, "F": 0.6270046302722634, "pvalue": 0.44166687953230543}, "Quant": {"sum_sq": 77.52950223184594, "df": 1.0, "F": 0.6497370715353299, "pvalue": 0.43202459628034595}}, "9": {"Mouse_ID": {}, "Treatment": {"sum_sq": 50.434196555190205, "df": 2.0, "F": 0.22503906716348582, "pvalue": 0.801132485071726, "tukey_hsd": {"groups": ["A12", "B1-8", "PBS"], "pvalues": [[1.0, 0.7999669712583365, 0.8765184857614582], [0.7999669712583365, 1.0, 0.9876678469310456], [0.8765184857614582, 0.9876678469310456, 1.0]]}}, "Ig_treated": {"sum_sq": 4.3468318236298025, "df": 1.0, "F": 0.04027325465151365, "pvalue": 0.8434760335782945}, "A12_treated": {"sum_sq": 47.90990329663462, "df": 1.0, "F": 0.4553707098676387, "pvalue": 0.509429887491461}, "Batch": {"sum_sq": 0.6305101013869873, "df": 1.0, "F": 0.0069418601280325275, "pvalue": 0.9347784261098268}, "Quant": {"sum_sq": 0.964383344210699, "df": 1.0, "F": 0.008917513918317292, "pvalue": 0.9259380333954594}}, "10": {"Mouse_ID": {}, "Treatment": {"sum_sq": 77.34373397854787, "df": 2.0, "F": 0.40703615648529284, "pvalue": 0.6727543896850202, "tukey_hsd": {"groups": ["A12", "B1-8", "PBS"], "pvalues": [[1.0, 0.7393604426336248, 0.7022071651682187], [0.7393604426336248, 1.0, 0.9978260242610537], [0.7022071651682187, 0.9978260242610537, 1.0]]}}, "Ig_treated": {"sum_sq": 24.17677568844626, "df": 1.0, "F": 0.26167227767549467, "pvalue": 0.6159605916859698}, "A12_treated": {"sum_sq": 76.96863514947985, "df": 1.0, "F": 0.8639051551137047, "pvalue": 0.36645981222830626}, "Batch": {"sum_sq": 14.850411705492718, "df": 1.0, "F": 0.21156588916828764, "pvalue": 0.6526049940335288}, "Quant": {"sum_sq": 0.45908627098426363, "df": 1.0, "F": 0.004890363460879533, "pvalue": 0.9451150539770181}}}