{"1": {"Mouse_ID": {}, "Treatment": {"sum_sq": 116.9012777736903, "df": 2.0, "F": 0.07647894831858336, "pvalue": 0.9267312735502773, "tukey_hsd": {"groups": ["A12", "B1-8", "PBS"], "pvalues": [[1.0, 0.9967949128249592, 0.9536060285311001], [0.9967949128249592, 1.0, 0.9275431080307112], [0.9536060285311001, 0.9275431080307112, 1.0]]}}, "Ig_treated": {"sum_sq": 112.45012645882846, "df": 1.0, "F": 0.15688185855466583, "pvalue": 0.6972756582405064}, "A12_treated": {"sum_sq": 12.075668749073232, "df": 1.0, "F": 0.01670088496200063, "pvalue": 0.8987847701737431}, "TMT": {"sum_sq": 866.8444592793388, "df": 1.0, "F": 1.1777366866901977, "pvalue": 0.29615166532200626}, "Quant": {"sum_sq": 6.1730482394674535, "df": 1.0, "F": 0.008533092177332677, "pvalue": 0.9275470490226114}}, "2": {"Mouse_ID": {}, "Treatment": {"sum_sq": 3229.194108976731, "df": 2.0, "F": 4.531959726257919, "pvalue": 0.02886932992077363, "tukey_hsd": {"groups": ["A12", "B1-8", "PBS"], "pvalues": [[1.0, 0.0234137686596656, 0.2048381061669966], [0.0234137686596656, 1.0, 0.47357973801431963], [0.2048381061669966, 0.47357973801431963, 1.0]]}}, "Ig_treated": {"sum_sq": 42.628914544351765, "df": 1.0, "F": 0.07995481433378643, "pvalue": 0.7809840890853954}, "A12_treated": {"sum_sq": 2719.7673734163677, "df": 1.0, "F": 7.434279523351307, "pvalue": 0.014935296885558235}, "TMT": {"sum_sq": 7.532480561525214, "df": 1.0, "F": 0.013993508049537572, "pvalue": 0.9075150993193605}, "Quant": {"sum_sq": 1.0439384485650207, "df": 1.0, "F": 0.0019485128871687572, "pvalue": 0.9653374569423092}}, "3": {"Mouse_ID": {}, "Treatment": {"sum_sq": 995.2879110938854, "df": 2.0, "F": 1.4405983855181144, "pvalue": 0.26773803729272905, "tukey_hsd": {"groups": ["A12", "B1-8", "PBS"], "pvalues": [[1.0, 0.31178278989714436, 0.9949118844692506], [0.31178278989714436, 1.0, 0.35627756148420575], [0.9949118844692506, 0.35627756148420575, 1.0]]}}, "Ig_treated": {"sum_sq": 201.64538138397805, "df": 1.0, "F": 0.5399455452470965, "pvalue": 0.4730886076274651}, "A12_treated": {"sum_sq": 299.1958975102605, "df": 1.0, "F": 0.8144529182738444, "pvalue": 0.38019282080169337}, "TMT": {"sum_sq": 1218.4483785656273, "df": 1.0, "F": 3.4889499530636487, "pvalue": 0.08285342866449183}, "Quant": {"sum_sq": 18.559023765166206, "df": 1.0, "F": 0.04821803991336681, "pvalue": 0.8289704819365954}}, "4": {"Mouse_ID": {}, "Treatment": {"sum_sq": 356.24818518892897, "df": 2.0, "F": 0.6234021867751228, "pvalue": 0.5494457379849995, "tukey_hsd": {"groups": ["A12", "B1-8", "PBS"], "pvalues": [[1.0, 0.5883914566863366, 0.9974064731889717], [0.5883914566863366, 1.0, 0.6298564869238925], [0.9974064731889717, 0.6298564869238925, 1.0]]}}, "Ig_treated": {"sum_sq": 70.80625730430717, "df": 1.0, "F": 0.2478246882861425, "pvalue": 0.6253834568778409}, "A12_treated": {"sum_sq": 108.6639380231435, "df": 1.0, "F": 0.3835040349381805, "pvalue": 0.5444518307685179}, "TMT": {"sum_sq": 574.4677495825224, "df": 1.0, "F": 2.0025341173814972, "pvalue": 0.17889398511997}, "Quant": {"sum_sq": 682.0392136088136, "df": 1.0, "F": 2.7556136564946865, "pvalue": 0.11638208831379165}}, "5": {"Mouse_ID": {}, "Treatment": {"sum_sq": 1317.5172921988867, "df": 2.0, "F": 6.595825346097555, "pvalue": 0.008806039932763542, "tukey_hsd": {"groups": ["A12", "B1-8", "PBS"], "pvalues": [[1.0, 0.4343971767121262, 0.0844413317631657], [0.4343971767121262, 1.0, 0.0072329912748524405], [0.0844413317631657, 0.0072329912748524405, 1.0]]}}, "Ig_treated": {"sum_sq": 1157.2174228883996, "df": 1.0, "F": 11.164487543266878, "pvalue": 0.0041423208505604915}, "A12_treated": {"sum_sq": 36.53280833899338, "df": 1.0, "F": 0.2103280402492005, "pvalue": 0.6526785168783757}, "TMT": {"sum_sq": 16.002352108695803, "df": 1.0, "F": 0.12725595727166492, "pvalue": 0.7266136577225754}, "Quant": {"sum_sq": 1359.70484465582, "df": 1.0, "F": 14.942439672593316, "pvalue": 0.0013696946578817845}}, "6": {"Mouse_ID": {}, "Treatment": {"sum_sq": 984.5011189485579, "df": 2.0, "F": 4.139406106930196, "pvalue": 0.03702357191565925, "tukey_hsd": {"groups": ["A12", "B1-8", "PBS"], "pvalues": [[1.0, 0.298142770782884, 0.029381462753576226], [0.298142770782884, 1.0, 0.40235808193258193], [0.029381462753576226, 0.40235808193258193, 1.0]]}}, "Ig_treated": {"sum_sq": 699.8892867410116, "df": 1.0, "F": 5.413998221047361, "pvalue": 0.03343351539240635}, "A12_treated": {"sum_sq": 774.9510260971945, "df": 1.0, "F": 6.220376493357236, "pvalue": 0.02395835547636068}, "TMT": {"sum_sq": 3.989538520085383, "df": 1.0, "F": 0.02286091732376835, "pvalue": 0.881976356504001}, "Quant": {"sum_sq": 538.2117046212271, "df": 1.0, "F": 3.8615015934498502, "pvalue": 0.06701356103538898}}, "7": {"Mouse_ID": {}, "Treatment": {"sum_sq": 130.21210368446268, "df": 2.0, "F": 0.47768603255679654, "pvalue": 0.6293357788349527, "tukey_hsd": {"groups": ["A12", "B1-8", "PBS"], "pvalues": [[1.0, 0.6968643379625235, 0.6661919572424104], [0.6968643379625235, 1.0, 0.9985679784508159], [0.6661919572424104, 0.9985679784508159, 1.0]]}}, "Ig_treated": {"sum_sq": 38.60440918410504, "df": 1.0, "F": 0.28916788378002406, "pvalue": 0.5981550283741781}, "A12_treated": {"sum_sq": 129.85780221318853, "df": 1.0, "F": 1.016114614144784, "pvalue": 0.32844466889219714}, "TMT": {"sum_sq": 7.21858880685977, "df": 1.0, "F": 0.05253652644877996, "pvalue": 0.8220215240034596}, "Quant": {"sum_sq": 171.2946963759353, "df": 1.0, "F": 1.3680748042786695, "pvalue": 0.25927242171867737}}, "8": {"Mouse_ID": {}, "Treatment": {"sum_sq": 109.38424598174483, "df": 2.0, "F": 0.43969598974753504, "pvalue": 0.6522745338170859, "tukey_hsd": {"groups": ["A12", "B1-8", "PBS"], "pvalues": [[1.0, 0.7088321498888474, 0.9996790746584471], [0.7088321498888474, 1.0, 0.6944189015599602], [0.9996790746584471, 0.6944189015599602, 1.0]]}}, "Ig_treated": {"sum_sq": 29.818884607881085, "df": 1.0, "F": 0.24525150855805383, "pvalue": 0.6271708136536389}, "A12_treated": {"sum_sq": 24.945656150242556, "df": 1.0, "F": 0.20465796624585122, "pvalue": 0.6570604181092344}, "TMT": {"sum_sq": 76.6740574612858, "df": 1.0, "F": 0.6962076385712908, "pvalue": 0.41807151899614403}, "Quant": {"sum_sq": 80.9131768020885, "df": 1.0, "F": 0.6834372379322677, "pvalue": 0.42056388224848196}}, "9": {"Mouse_ID": {}, "Treatment": {"sum_sq": 53.11050118250126, "df": 2.0, "F": 0.2365106823663285, "pvalue": 0.792265973161123, "tukey_hsd": {"groups": ["A12", "B1-8", "PBS"], "pvalues": [[1.0, 0.7849928352545426, 0.8841450603208962], [0.7849928352545426, 1.0, 0.9795562046111423], [0.8841450603208962, 0.9795562046111423, 1.0]]}}, "Ig_treated": {"sum_sq": 2.9543832700573156, "df": 1.0, "F": 0.027255316057327488, "pvalue": 0.8709395365250652}, "A12_treated": {"sum_sq": 48.89775694836478, "df": 1.0, "F": 0.46337548405164725, "pvalue": 0.5057831241747384}, "TMT": {"sum_sq": 0.11785467205603009, "df": 1.0, "F": 0.0012489600724763313, "pvalue": 0.9723070777565826}, "Quant": {"sum_sq": 0.20743090646319906, "df": 1.0, "F": 0.0019106033588093057, "pvalue": 0.9656760734668104}}, "10": {"Mouse_ID": {}, "Treatment": {"sum_sq": 77.01109286829492, "df": 2.0, "F": 0.4010119166183549, "pvalue": 0.676611070513659, "tukey_hsd": {"groups": ["A12", "B1-8", "PBS"], "pvalues": [[1.0, 0.7383121587335035, 0.7093264943996584], [0.7383121587335035, 1.0, 0.9986718404009566], [0.7093264943996584, 0.9986718404009566, 1.0]]}}, "Ig_treated": {"sum_sq": 23.019596850714105, "df": 1.0, "F": 0.24647803113164615, "pvalue": 0.6263173949141092}, "A12_treated": {"sum_sq": 76.77960135364108, "df": 1.0, "F": 0.8527834602738122, "pvalue": 0.36948370291592403}, "TMT": {"sum_sq": 26.793646309978573, "df": 1.0, "F": 0.37935731318376903, "pvalue": 0.5478311485334728}, "Quant": {"sum_sq": 0.1468297821886926, "df": 1.0, "F": 0.0015484509060633776, "pvalue": 0.9690978811331362}}}