{"1": {"Seqn": {}, "ID": {}, "Group": {"sum_sq": 116.90127777368957, "df": 2.0, "F": 0.07647894831858298, "pvalue": 0.9267312735502781, "tukey_hsd": {"groups": ["A12", "B1-8", "PBS"], "pvalues": [[1.0, 0.9967949128249596, 0.9536060285310993], [0.9967949128249596, 1.0, 0.927543108030712], [0.9536060285310993, 0.927543108030712, 1.0]]}}, "Ig": {"sum_sq": 112.45012645882822, "df": 1.0, "F": 0.1568818585546657, "pvalue": 0.6972756582405064}, "Control": {"sum_sq": 12.07566874907396, "df": 1.0, "F": 0.016700884962001658, "pvalue": 0.8987847701737324}, "TMT": {"sum_sq": 866.8444592793393, "df": 1.0, "F": 1.1777366866901995, "pvalue": 0.29615166532200593}, "Tag": {"sum_sq": 2615.4636590621144, "df": 8.0, "F": 0.26748481987433914, "pvalue": 0.9578518813232492, "tukey_hsd": {}}, "ID_metabo": {}, "Quant": {"sum_sq": 789.5116643667748, "df": 1.0, "F": 1.2257392210134594, "pvalue": 0.285676246081326}}, "2": {"Seqn": {}, "ID": {}, "Group": {"sum_sq": 3229.1941089767415, "df": 2.0, "F": 4.531959726257928, "pvalue": 0.028869329920773516, "tukey_hsd": {"groups": ["A12", "B1-8", "PBS"], "pvalues": [[1.0, 0.02341376865966538, 0.20483810616699638], [0.02341376865966538, 1.0, 0.4735797380143183], [0.20483810616699638, 0.4735797380143183, 1.0]]}}, "Ig": {"sum_sq": 42.62891454435171, "df": 1.0, "F": 0.07995481433378618, "pvalue": 0.7809840890853954}, "Control": {"sum_sq": 2719.767373416374, "df": 1.0, "F": 7.434279523351312, "pvalue": 0.014935296885558218}, "TMT": {"sum_sq": 7.5324805615253405, "df": 1.0, "F": 0.013993508049537782, "pvalue": 0.9075150993193605}, "Tag": {"sum_sq": 6850.749281557087, "df": 8.0, "F": 8.652954217338495, "pvalue": 0.005043325816589064, "tukey_hsd": {}}, "ID_metabo": {}, "Quant": {"sum_sq": 951.8637402299978, "df": 1.0, "F": 1.879728043197172, "pvalue": 0.19053054584953713}}, "3": {"Seqn": {}, "ID": {}, "Group": {"sum_sq": 995.2879110938826, "df": 2.0, "F": 1.4405983855181121, "pvalue": 0.2677380372927298, "tukey_hsd": {"groups": ["A12", "B1-8", "PBS"], "pvalues": [[1.0, 0.3117827898971449, 0.9949118844692506], [0.3117827898971449, 1.0, 0.35627756148420575], [0.9949118844692506, 0.35627756148420575, 1.0]]}}, "Ig": {"sum_sq": 201.64538138397768, "df": 1.0, "F": 0.5399455452470965, "pvalue": 0.4730886076274651}, "Control": {"sum_sq": 299.1958975102595, "df": 1.0, "F": 0.8144529182738428, "pvalue": 0.38019282080169337}, "TMT": {"sum_sq": 1218.448378565621, "df": 1.0, "F": 3.4889499530636314, "pvalue": 0.08285342866449252}, "Tag": {"sum_sq": 1885.2629123536517, "df": 8.0, "F": 0.39067809104362017, "pvalue": 0.8942984623738266, "tukey_hsd": {}}, "ID_metabo": {}, "Quant": {"sum_sq": 8.337280315615681, "df": 1.0, "F": 0.020421182397375275, "pvalue": 0.8882689582923577}}, "4": {"Seqn": {}, "ID": {}, "Group": {"sum_sq": 356.24818518892545, "df": 2.0, "F": 0.6234021867751182, "pvalue": 0.549445737985001, "tukey_hsd": {"groups": ["A12", "B1-8", "PBS"], "pvalues": [[1.0, 0.5883914566863386, 0.9974064731889717], [0.5883914566863386, 1.0, 0.6298564869238948], [0.9974064731889717, 0.6298564869238948, 1.0]]}}, "Ig": {"sum_sq": 70.80625730430614, "df": 1.0, "F": 0.24782468828613965, "pvalue": 0.6253834568778435}, "Control": {"sum_sq": 108.6639380231428, "df": 1.0, "F": 0.38350403493817914, "pvalue": 0.5444518307685179}, "TMT": {"sum_sq": 574.4677495825246, "df": 1.0, "F": 2.002534117381512, "pvalue": 0.1788939851199686}, "Tag": {"sum_sq": 3199.652756567145, "df": 8.0, "F": 2.0127211797104434, "pvalue": 0.18611948768225714, "tukey_hsd": {}}, "ID_metabo": {}, "Quant": {"sum_sq": 506.22767197648784, "df": 1.0, "F": 1.9393743508345456, "pvalue": 0.18403652171698684}}, "5": {"Seqn": {}, "ID": {}, "Group": {"sum_sq": 1317.5172921989213, "df": 2.0, "F": 6.595825346097925, "pvalue": 0.008806039932761819, "tukey_hsd": {"groups": ["A12", "B1-8", "PBS"], "pvalues": [[1.0, 0.4343971767121406, 0.08444133176314794], [0.4343971767121406, 1.0, 0.007232991274851219], [0.08444133176314794, 0.007232991274851219, 1.0]]}}, "Ig": {"sum_sq": 1157.2174228884448, "df": 1.0, "F": 11.164487543267699, "pvalue": 0.004142320850559428}, "Control": {"sum_sq": 36.53280833900222, "df": 1.0, "F": 0.21032804024925292, "pvalue": 0.652678516878338}, "TMT": {"sum_sq": 16.002352108695973, "df": 1.0, "F": 0.1272559572716653, "pvalue": 0.7266136577225754}, "Tag": {"sum_sq": 1226.0723210896372, "df": 8.0, "F": 1.9490786175790416, "pvalue": 0.19723164449103042, "tukey_hsd": {}}, "ID_metabo": {}, "Quant": {"sum_sq": 246.2977047864379, "df": 1.0, "F": 1.5497645645688298, "pvalue": 0.23226915816868857}}, "6": {"Seqn": {}, "ID": {}, "Group": {"sum_sq": 984.5011189485234, "df": 2.0, "F": 4.139406106929983, "pvalue": 0.03702357191566437, "tukey_hsd": {"groups": ["A12", "B1-8", "PBS"], "pvalues": [[1.0, 0.29814277078287565, 0.029381462753580778], [0.29814277078287565, 1.0, 0.40235808193263256], [0.029381462753580778, 0.40235808193263256, 1.0]]}}, "Ig": {"sum_sq": 699.8892867409646, "df": 1.0, "F": 5.4139982210468895, "pvalue": 0.03343351539241303}, "Control": {"sum_sq": 774.9510260971869, "df": 1.0, "F": 6.220376493357168, "pvalue": 0.023958355476361343}, "TMT": {"sum_sq": 3.989538520085046, "df": 1.0, "F": 0.022860917323766647, "pvalue": 0.881976356504005}, "Tag": {"sum_sq": 2111.492576900781, "df": 8.0, "F": 5.503824427800424, "pvalue": 0.018312720523892878, "tukey_hsd": {}}, "ID_metabo": {}, "Quant": {"sum_sq": 5.333045679062711, "df": 1.0, "F": 0.03015004232876052, "pvalue": 0.8644717987043801}}, "7": {"Seqn": {}, "ID": {}, "Group": {"sum_sq": 130.2121036844613, "df": 2.0, "F": 0.4776860325567906, "pvalue": 0.6293357788349561, "tukey_hsd": {"groups": ["A12", "B1-8", "PBS"], "pvalues": [[1.0, 0.696864337962525, 0.6661919572424153], [0.696864337962525, 1.0, 0.9985679784508162], [0.6661919572424153, 0.9985679784508162, 1.0]]}}, "Ig": {"sum_sq": 38.60440918410397, "df": 1.0, "F": 0.28916788378001546, "pvalue": 0.5981550283741817}, "Control": {"sum_sq": 129.85780221318723, "df": 1.0, "F": 1.0161146141447717, "pvalue": 0.32844466889219937}, "TMT": {"sum_sq": 7.218588806859933, "df": 1.0, "F": 0.05253652644878109, "pvalue": 0.822021524003457}, "Tag": {"sum_sq": 1248.2872354502765, "df": 8.0, "F": 1.6002509540715912, "pvalue": 0.27460094937212476, "tukey_hsd": {}}, "ID_metabo": {}, "Quant": {"sum_sq": 33.6874607919566, "df": 1.0, "F": 0.2536597229768742, "pvalue": 0.6218255637850907}}, "8": {"Seqn": {}, "ID": {}, "Group": {"sum_sq": 109.38424598174363, "df": 2.0, "F": 0.43969598974753094, "pvalue": 0.6522745338170888, "tukey_hsd": {"groups": ["A12", "B1-8", "PBS"], "pvalues": [[1.0, 0.7088321498888492, 0.9996790746584471], [0.7088321498888492, 1.0, 0.6944189015599628], [0.9996790746584471, 0.6944189015599628, 1.0]]}}, "Ig": {"sum_sq": 29.81888460788064, "df": 1.0, "F": 0.2452515085580506, "pvalue": 0.6271708136536389}, "Control": {"sum_sq": 24.94565615024238, "df": 1.0, "F": 0.20465796624585017, "pvalue": 0.6570604181092344}, "TMT": {"sum_sq": 76.67405746128603, "df": 1.0, "F": 0.6962076385712956, "pvalue": 0.4180715189961429}, "Tag": {"sum_sq": 838.9231393995207, "df": 8.0, "F": 0.9416004139465797, "pvalue": 0.538280060021332, "tukey_hsd": {}}, "ID_metabo": {}, "Quant": {"sum_sq": 4.9446925807029185, "df": 1.0, "F": 0.037889637827605814, "pvalue": 0.8482767733852086}}, "9": {"Seqn": {}, "ID": {}, "Group": {"sum_sq": 53.110501182500975, "df": 2.0, "F": 0.23651068236632758, "pvalue": 0.7922659731611237, "tukey_hsd": {"groups": ["A12", "B1-8", "PBS"], "pvalues": [[1.0, 0.7849928352545426, 0.8841450603208977], [0.7849928352545426, 1.0, 0.9795562046111417], [0.8841450603208977, 0.9795562046111417, 1.0]]}}, "Ig": {"sum_sq": 2.9543832700571806, "df": 1.0, "F": 0.027255316057326295, "pvalue": 0.8709395365250736}, "Control": {"sum_sq": 48.89775694836442, "df": 1.0, "F": 0.4633754840516447, "pvalue": 0.5057831241747384}, "TMT": {"sum_sq": 0.1178546720560313, "df": 1.0, "F": 0.001248960072476345, "pvalue": 0.9723070777565826}, "Tag": {"sum_sq": 559.0034088238868, "df": 8.0, "F": 0.6417437388166669,