{"1": {"Mouse_ID": {}, "Treatment": {"sum_sq": 122.59489212471246, "df": 2.0, "F": 0.07944744827228586, "pvalue": 0.924012570158743, "tukey_hsd": {"groups": ["A12", "B1-8", "PBS"], "pvalues": [[1.0, 0.998366591869341, 0.947046369732255], [0.998366591869341, 1.0, 0.9279715799920357], [0.947046369732255, 0.9279715799920357, 1.0]]}}, "Ig_treated": {"sum_sq": 120.30691471221496, "df": 1.0, "F": 0.16629187720109598, "pvalue": 0.6888331078377162}, "A12_treated": {"sum_sq": 17.424530656592648, "df": 1.0, "F": 0.023872538450699216, "pvalue": 0.8791418676522841}, "Batch": {"sum_sq": 854.5478972678894, "df": 1.0, "F": 1.1472603788340536, "pvalue": 0.302241817246289}, "Quant": {"sum_sq": 5.903176656967805, "df": 1.0, "F": 0.008079696521715059, "pvalue": 0.9294925185571803}}, "2": {"Mouse_ID": {}, "Treatment": {"sum_sq": 3280.29334316236, "df": 2.0, "F": 4.616392312378189, "pvalue": 0.02739425693561584, "tukey_hsd": {"groups": ["A12", "B1-8", "PBS"], "pvalues": [[1.0, 0.022195515899410934, 0.19833871123234403], [0.022195515899410934, 1.0, 0.4696904530501578], [0.19833871123234403, 0.4696904530501578, 1.0]]}}, "Ig_treated": {"sum_sq": 44.4257001509404, "df": 1.0, "F": 0.08298846491020719, "pvalue": 0.7769859165043438}, "A12_treated": {"sum_sq": 2766.3617891007198, "df": 1.0, "F": 7.57486485099751, "pvalue": 0.01416845684563505}, "Batch": {"sum_sq": 8.173367621488078, "df": 1.0, "F": 0.015132262839441635, "pvalue": 0.9038451052891947}, "Quant": {"sum_sq": 1.4985539766679323, "df": 1.0, "F": 0.002785381399258757, "pvalue": 0.9585631452365235}}, "3": {"Mouse_ID": {}, "Treatment": {"sum_sq": 975.6924711168465, "df": 2.0, "F": 1.4030278846373956, "pvalue": 0.2763290051058322, "tukey_hsd": {"groups": ["A12", "B1-8", "PBS"], "pvalues": [[1.0, 0.3270288500794356, 0.9977176038725244], [0.3270288500794356, 1.0, 0.3572876348337093], [0.9977176038725244, 0.3572876348337093, 1.0]]}}, "Ig_treated": {"sum_sq": 212.19130717244943, "df": 1.0, "F": 0.5678171373503876, "pvalue": 0.46207309271819974}, "A12_treated": {"sum_sq": 277.0962585653998, "df": 1.0, "F": 0.7496381969808189, "pvalue": 0.3993878516716909}, "Batch": {"sum_sq": 1216.0869734206233, "df": 1.0, "F": 3.4688128664777924, "pvalue": 0.08365427478738828}, "Quant": {"sum_sq": 21.2677215968544, "df": 1.0, "F": 0.05515069223076462, "pvalue": 0.8173105267784967}}, "4": {"Mouse_ID": {}, "Treatment": {"sum_sq": 359.20495249235665, "df": 2.0, "F": 0.6219614665509815, "pvalue": 0.5501771383653871, "tukey_hsd": {"groups": ["A12", "B1-8", "PBS"], "pvalues": [[1.0, 0.5850452127393353, 0.99613627012248], [0.5850452127393353, 1.0, 0.6356734021180597], [0.99613627012248, 0.6356734021180597, 1.0]]}}, "Ig_treated": {"sum_sq": 67.5062758061455, "df": 1.0, "F": 0.2336253181529399, "pvalue": 0.6353965262012957}, "A12_treated": {"sum_sq": 114.12437151228248, "df": 1.0, "F": 0.39898409359014336, "pvalue": 0.5365354952578373}, "Batch": {"sum_sq": 584.2742593711754, "df": 1.0, "F": 2.018045086088669, "pvalue": 0.17732672805749888}, "Quant": {"sum_sq": 675.8424296696663, "df": 1.0, "F": 2.693350259549456, "pvalue": 0.12027514607627675}}, "5": {"Mouse_ID": {}, "Treatment": {"sum_sq": 1797.6614971064648, "df": 2.0, "F": 12.777086242183266, "pvalue": 0.0005759938722499246, "tukey_hsd": {"groups": ["A12", "B1-8", "PBS"], "pvalues": [[1.0, 0.8451834673839861, 0.002699297567849701], [0.8451834673839861, 1.0, 0.0008991406399673219], [0.002699297567849701, 0.0008991406399673219, 1.0]]}}, "Ig_treated": {"sum_sq": 1775.9416361232027, "df": 1.0, "F": 26.38534431721088, "pvalue": 9.94465767098961e-05}, "A12_treated": {"sum_sq": 290.1873743080366, "df": 1.0, "F": 1.8117741262788012, "pvalue": 0.19705850472049155}, "Batch": {"sum_sq": 19.30700616258677, "df": 1.0, "F": 0.12476717048411085, "pvalue": 0.7291826526278302}, "Quant": {"sum_sq": 1909.4127435133942, "df": 1.0, "F": 32.38162271549131, "pvalue": 3.34607764131218e-05}}, "6": {"Mouse_ID": {}, "Treatment": {"sum_sq": 550.4572769197964, "df": 2.0, "F": 1.8322235485623646, "pvalue": 0.19412030895510973, "tukey_hsd": {"groups": ["A12", "B1-8", "PBS"], "pvalues": [[1.0, 0.2362516543807085, 0.27276099467007664], [0.2362516543807085, 1.0, 0.9949963502003125], [0.27276099467007664, 0.9949963502003125, 1.0]]}}, "Ig_treated": {"sum_sq": 114.56944824836523, "df": 1.0, "F": 0.6816763423612155, "pvalue": 0.4211508045569019}, "A12_treated": {"sum_sq": 549.0900682125726, "df": 1.0, "F": 3.8966707479562643, "pvalue": 0.06590544740626296}, "Batch": {"sum_sq": 0.6274106091235342, "df": 1.0, "F": 0.004169988166141658, "pvalue": 0.9494250454930845}, "Quant": {"sum_sq": 43.46204390568891, "df": 1.0, "F": 0.2519328944464794, "pvalue": 0.6225539267224107}}, "7": {"Mouse_ID": {}, "Treatment": {"sum_sq": 120.4663030821363, "df": 2.0, "F": 0.4401282843407269, "pvalue": 0.6520082362944787, "tukey_hsd": {"groups": ["A12", "B1-8", "PBS"], "pvalues": [[1.0, 0.7264191577346325, 0.6792586249843844], [0.7264191577346325, 1.0, 0.9965621200868836], [0.6792586249843844, 0.9965621200868836, 1.0]]}}, "Ig_treated": {"sum_sq": 39.30223539898353, "df": 1.0, "F": 0.29467903561748315, "pvalue": 0.5947194705721611}, "A12_treated": {"sum_sq": 119.61125593713267, "df": 1.0, "F": 0.9318877623020995, "pvalue": 0.3487381672111772}, "Batch": {"sum_sq": 3.69284131618121, "df": 1.0, "F": 0.026905638296358076, "pvalue": 0.8720525580689311}, "Quant": {"sum_sq": 164.55665595947488, "df": 1.0, "F": 1.3107423207553246, "pvalue": 0.269098131283558}}, "8": {"Mouse_ID": {}, "Treatment": {"sum_sq": 131.41312097304143, "df": 2.0, "F": 0.5312319276647823, "pvalue": 0.5985400525069444, "tukey_hsd": {"groups": ["A12", "B1-8", "PBS"], "pvalues": [[1.0, 0.6490810122333303, 0.9999061741076061], [0.6490810122333303, 1.0, 0.656975291481712], [0.9999061741076061, 0.656975291481712, 1.0]]}}, "Ig_treated": {"sum_sq": 31.42353149366571, "df": 1.0, "F": 0.2571356496267602, "pvalue": 0.6190120614381711}, "A12_treated": {"sum_sq": 34.30407936523144, "df": 1.0, "F": 0.2811210360832157, "pvalue": 0.6032486462012998}, "Batch": {"sum_sq": 72.34321072055754, "df": 1.0, "F": 0.627004630272257, "pvalue": 0.4416668795323079}, "Quant": {"sum_sq": 77.52950223184668, "df": 1.0, "F": 0.6497370715353376, "pvalue": 0.4320245962803433}}, "9": {"Mouse_ID": {}, "Treatment": {"sum_sq": 50.43419655518974, "df": 2.0, "F": 0.22503906716348487, "pvalue": 0.8011324850717266, "tukey_hsd": {"groups": ["A12", "B1-8", "PBS"], "pvalues": [[1.0, 0.7999669712583377, 0.876518485761458], [0.7999669712583377, 1.0, 0.987667846931046], [0.876518485761458, 0.987667846931046, 1.0]]}}, "Ig_treated": {"sum_sq": 4.346831823629859, "df": 1.0, "F": 0.04027325465151438, "pvalue": 0.8434760335782945}, "A12_treated": {"sum_sq": 47.90990329663421, "df": 1.0, "F": 0.45537070986763717, "pvalue": 0.509429887491461}, "Batch": {"sum_sq": 0.6305101013870992, "df": 1.0, "F": 0.0069418601280338095, "pvalue": 0.9347784261098194}, "Quant": {"sum_sq": 0.9643833442108001, "df": 1.0, "F": 0.008917513918318274, "pvalue": 0.9259380333954448}}, "10": {"Mouse_ID": {}, "Treatment": {"sum_sq": 77.34373397854796, "df": 2.0, "F": 0.40703615648529434, "pvalue": 0.672754389685019, "tukey_hsd": {"groups": ["A12", "B1-8", "PBS"], "pvalues": [[1.0, 0.7393604426336242, 0.7022071651682174], [0.7393604426336242, 1.0, 0.9978260242610536], [0.7022071651682174, 0.9978260242610536, 1.0]]}}, "Ig_treated": {"sum_sq": 24.176775688446394, "df": 1.0, "F": 0.2616722776754969, "pvalue": 0.6159605916859674}, "A12_treated": {"sum_sq": 76.96863514947991, "df": 1.0, "F": 0.8639051551137078, "pvalue": 0.36645981222830526}, "Batch": {"sum_sq": 14.850411705492064, "df": 1.0, "F": 0.21156588916827923, "pvalue": 0.6526049940335361}, "Quant": {"sum_sq": 0.4590862709842773, "df": 1.0, "F": 0.00489036346087969, "pvalue": 0.9451150539770181}}}