{"1": {"Mouse_ID": {}, "Treatment": {"sum_sq": 116.90127777368963, "df": 2.0, "F": 0.0764789483185829, "pvalue": 0.9267312735502781, "tukey_hsd": {"groups": ["A12", "B1-8", "PBS"], "pvalues": [[1.0, 0.9967949128249594, 0.9536060285310998], [0.9967949128249594, 1.0, 0.9275431080307117], [0.9536060285310998, 0.9275431080307117, 1.0]]}}, "Ig_treated": {"sum_sq": 112.45012645882812, "df": 1.0, "F": 0.1568818585546653, "pvalue": 0.6972756582405064}, "A12_treated": {"sum_sq": 12.075668749073559, "df": 1.0, "F": 0.016700884962001082, "pvalue": 0.8987847701737324}, "TMT": {"sum_sq": 866.8444592793395, "df": 1.0, "F": 1.177736686690198, "pvalue": 0.29615166532200626}, "Quant": {"sum_sq": 6.17304823946757, "df": 1.0, "F": 0.008533092177332833, "pvalue": 0.9275470490226114}}, "2": {"Mouse_ID": {}, "Treatment": {"sum_sq": 3229.1941089767524, "df": 2.0, "F": 4.53195972625794, "pvalue": 0.028869329920773283, "tukey_hsd": {"groups": ["A12", "B1-8", "PBS"], "pvalues": [[1.0, 0.02341376865966527, 0.20483810616699638], [0.02341376865966527, 1.0, 0.4735797380143164], [0.20483810616699638, 0.4735797380143164, 1.0]]}}, "Ig_treated": {"sum_sq": 42.62891454435107, "df": 1.0, "F": 0.07995481433378483, "pvalue": 0.7809840890853954}, "A12_treated": {"sum_sq": 2719.7673734163836, "df": 1.0, "F": 7.4342795233513295, "pvalue": 0.014935296885558108}, "TMT": {"sum_sq": 7.532480561525495, "df": 1.0, "F": 0.013993508049538044, "pvalue": 0.9075150993193605}, "Quant": {"sum_sq": 1.0439384485648802, "df": 1.0, "F": 0.0019485128871684883, "pvalue": 0.9653374569423092}}, "3": {"Mouse_ID": {}, "Treatment": {"sum_sq": 995.287911093886, "df": 2.0, "F": 1.4405983855181126, "pvalue": 0.2677380372927293, "tukey_hsd": {"groups": ["A12", "B1-8", "PBS"], "pvalues": [[1.0, 0.31178278989714525, 0.9949118844692507], [0.31178278989714525, 1.0, 0.35627756148420564], [0.9949118844692507, 0.35627756148420564, 1.0]]}}, "Ig_treated": {"sum_sq": 201.645381383979, "df": 1.0, "F": 0.5399455452470983, "pvalue": 0.4730886076274651}, "A12_treated": {"sum_sq": 299.1958975102599, "df": 1.0, "F": 0.8144529182738409, "pvalue": 0.3801928208016945}, "TMT": {"sum_sq": 1218.448378565621, "df": 1.0, "F": 3.488949953063617, "pvalue": 0.08285342866449308}, "Quant": {"sum_sq": 18.559023765167055, "df": 1.0, "F": 0.048218039913368954, "pvalue": 0.8289704819365892}}, "4": {"Mouse_ID": {}, "Treatment": {"sum_sq": 356.24818518892477, "df": 2.0, "F": 0.6234021867751156, "pvalue": 0.549445737985003, "tukey_hsd": {"groups": ["A12", "B1-8", "PBS"], "pvalues": [[1.0, 0.5883914566863406, 0.9974064731889719], [0.5883914566863406, 1.0, 0.6298564869238947], [0.9974064731889719, 0.6298564869238947, 1.0]]}}, "Ig_treated": {"sum_sq": 70.80625730430697, "df": 1.0, "F": 0.24782468828614215, "pvalue": 0.6253834568778435}, "A12_treated": {"sum_sq": 108.66393802314167, "df": 1.0, "F": 0.3835040349381744, "pvalue": 0.5444518307685218}, "TMT": {"sum_sq": 574.467749582527, "df": 1.0, "F": 2.002534117381518, "pvalue": 0.17889398511996799}, "Quant": {"sum_sq": 682.0392136088136, "df": 1.0, "F": 2.7556136564946905, "pvalue": 0.11638208831379132}}, "5": {"Mouse_ID": {}, "Treatment": {"sum_sq": 1317.517292198919, "df": 2.0, "F": 6.595825346097893, "pvalue": 0.008806039932761972, "tukey_hsd": {"groups": ["A12", "B1-8", "PBS"], "pvalues": [[1.0, 0.4343971767121414, 0.08444133176314916], [0.4343971767121414, 1.0, 0.007232991274851441], [0.08444133176314916, 0.007232991274851441, 1.0]]}}, "Ig_treated": {"sum_sq": 1157.2174228884423, "df": 1.0, "F": 11.164487543267636, "pvalue": 0.004142320850559508}, "A12_treated": {"sum_sq": 36.532808339001946, "df": 1.0, "F": 0.21032804024925114, "pvalue": 0.652678516878338}, "TMT": {"sum_sq": 16.002352108695828, "df": 1.0, "F": 0.12725595727166403, "pvalue": 0.7266136577225754}, "Quant": {"sum_sq": 1359.704844655858, "df": 1.0, "F": 14.942439672594219, "pvalue": 0.001369694657881449}}, "6": {"Mouse_ID": {}, "Treatment": {"sum_sq": 984.5011189485285, "df": 2.0, "F": 4.1394061069300045, "pvalue": 0.03702357191566384, "tukey_hsd": {"groups": ["A12", "B1-8", "PBS"], "pvalues": [[1.0, 0.29814277078287654, 0.029381462753580112], [0.29814277078287654, 1.0, 0.4023580819326278], [0.029381462753580112, 0.4023580819326278, 1.0]]}}, "Ig_treated": {"sum_sq": 699.8892867409701, "df": 1.0, "F": 5.413998221046935, "pvalue": 0.03343351539241239}, "A12_treated": {"sum_sq": 774.9510260971895, "df": 1.0, "F": 6.220376493357182, "pvalue": 0.023958355476361177}, "TMT": {"sum_sq": 3.989538520085095, "df": 1.0, "F": 0.02286091732376688, "pvalue": 0.881976356504005}, "Quant": {"sum_sq": 538.2117046211872, "df": 1.0, "F": 3.8615015934494967, "pvalue": 0.06701356103540021}}, "7": {"Mouse_ID": {}, "Treatment": {"sum_sq": 130.21210368446245, "df": 2.0, "F": 0.47768603255679265, "pvalue": 0.6293357788349544, "tukey_hsd": {"groups": ["A12", "B1-8", "PBS"], "pvalues": [[1.0, 0.6968643379625225, 0.6661919572424151], [0.6968643379625225, 1.0, 0.9985679784508165], [0.6661919572424151, 0.9985679784508165, 1.0]]}}, "Ig_treated": {"sum_sq": 38.60440918410379, "df": 1.0, "F": 0.28916788378001274, "pvalue": 0.598155028374184}, "A12_treated": {"sum_sq": 129.8578022131886, "df": 1.0, "F": 1.0161146141447779, "pvalue": 0.3284446688921979}, "TMT": {"sum_sq": 7.218588806859905, "df": 1.0, "F": 0.052536526448780665, "pvalue": 0.822021524003457}, "Quant": {"sum_sq": 171.29469637593493, "df": 1.0, "F": 1.3680748042786572, "pvalue": 0.2592724217186795}}, "8": {"Mouse_ID": {}, "Treatment": {"sum_sq": 109.38424598174433, "df": 2.0, "F": 0.43969598974753127, "pvalue": 0.6522745338170882, "tukey_hsd": {"groups": ["A12", "B1-8", "PBS"], "pvalues": [[1.0, 0.7088321498888484, 0.9996790746584472], [0.7088321498888484, 1.0, 0.6944189015599633], [0.9996790746584472, 0.6944189015599633, 1.0]]}}, "Ig_treated": {"sum_sq": 29.818884607880594, "df": 1.0, "F": 0.24525150855804875, "pvalue": 0.6271708136536414}, "A12_treated": {"sum_sq": 24.94565615024279, "df": 1.0, "F": 0.20465796624585236, "pvalue": 0.6570604181092317}, "TMT": {"sum_sq": 76.67405746128654, "df": 1.0, "F": 0.6962076385712964, "pvalue": 0.4180715189961425}, "Quant": {"sum_sq": 80.91317680208948, "df": 1.0, "F": 0.6834372379322737, "pvalue": 0.4205638822484794}}, "9": {"Mouse_ID": {}, "Treatment": {"sum_sq": 53.110501182501146, "df": 2.0, "F": 0.23651068236632763, "pvalue": 0.7922659731611237, "tukey_hsd": {"groups": ["A12", "B1-8", "PBS"], "pvalues": [[1.0, 0.7849928352545427, 0.8841450603208977], [0.7849928352545427, 1.0, 0.9795562046111417], [0.8841450603208977, 0.9795562046111417, 1.0]]}}, "Ig_treated": {"sum_sq": 2.954383270057183, "df": 1.0, "F": 0.027255316057326225, "pvalue": 0.8709395365250736}, "A12_treated": {"sum_sq": 48.897756948364545, "df": 1.0, "F": 0.4633754840516443, "pvalue": 0.5057831241747384}, "TMT": {"sum_sq": 0.11785467205604584, "df": 1.0, "F": 0.0012489600724764933, "pvalue": 0.9723070777565826}, "Quant": {"sum_sq": 0.20743090646319143, "df": 1.0, "F": 0.0019106033588092322, "pvalue": 0.9656760734668104}}, "10": {"Mouse_ID": {}, "Treatment": {"sum_sq": 77.01109286829404, "df": 2.0, "F": 0.4010119166183497, "pvalue": 0.676611070513662, "tukey_hsd": {"groups": ["A12", "B1-8", "PBS"], "pvalues": [[1.0, 0.7383121587335061, 0.7093264943996621], [0.7383121587335061, 1.0, 0.9986718404009567], [0.7093264943996621, 0.9986718404009567, 1.0]]}}, "Ig_treated": {"sum_sq": 23.0195968507137, "df": 1.0, "F": 0.24647803113164155, "pvalue": 0.6263173949141116}, "A12_treated": {"sum_sq": 76.77960135364017, "df": 1.0, "F": 0.8527834602738007, "pvalue": 0.36948370291592675}, "TMT": {"sum_sq": 26.793646309978556, "df": 1.0, "F": 0.37935731318376775, "pvalue": 0.5478311485334737}, "Quant": {"sum_sq": 0.14682978218865764, "df": 1.0, "F": 0.001548450906063007, "pvalue": 0.9690978811331362}}}