{"1": {"Mouse_ID": {}, "Treatment": {"sum_sq": 116.90127777368983, "df": 2.0, "F": 0.07647894831858307, "pvalue": 0.9267312735502773, "tukey_hsd": {"groups": ["A12", "B1-8", "PBS"], "pvalues": [[1.0, 0.9967949128249596, 0.9536060285310993], [0.9967949128249596, 1.0, 0.927543108030712], [0.9536060285310993, 0.927543108030712, 1.0]]}}, "Ig_treated": {"sum_sq": 112.45012645882842, "df": 1.0, "F": 0.15688185855466577, "pvalue": 0.6972756582405064}, "A12_treated": {"sum_sq": 12.075668749074003, "df": 1.0, "F": 0.0167008849620017, "pvalue": 0.8987847701737324}, "TMT": {"sum_sq": 866.8444592793401, "df": 1.0, "F": 1.177736686690199, "pvalue": 0.29615166532200593}, "Quant": {"sum_sq": 6.173048239467486, "df": 1.0, "F": 0.008533092177332722, "pvalue": 0.9275470490226114}}, "2": {"Mouse_ID": {}, "Treatment": {"sum_sq": 3229.194108976748, "df": 2.0, "F": 4.5319597262579405, "pvalue": 0.028869329920773245, "tukey_hsd": {"groups": ["A12", "B1-8", "PBS"], "pvalues": [[1.0, 0.02341376865966527, 0.2048381061669965], [0.02341376865966527, 1.0, 0.47357973801431597], [0.2048381061669965, 0.47357973801431597, 1.0]]}}, "Ig_treated": {"sum_sq": 42.628914544350835, "df": 1.0, "F": 0.07995481433378451, "pvalue": 0.7809840890853954}, "A12_treated": {"sum_sq": 2719.7673734163764, "df": 1.0, "F": 7.434279523351322, "pvalue": 0.014935296885558154}, "TMT": {"sum_sq": 7.532480561525254, "df": 1.0, "F": 0.013993508049537622, "pvalue": 0.9075150993193605}, "Quant": {"sum_sq": 1.04393844856489, "df": 1.0, "F": 0.00194851288716851, "pvalue": 0.9653374569423092}}, "3": {"Mouse_ID": {}, "Treatment": {"sum_sq": 995.2879110938808, "df": 2.0, "F": 1.4405983855181106, "pvalue": 0.2677380372927298, "tukey_hsd": {"groups": ["A12", "B1-8", "PBS"], "pvalues": [[1.0, 0.3117827898971457, 0.9949118844692508], [0.3117827898971457, 1.0, 0.35627756148420553], [0.9949118844692508, 0.35627756148420553, 1.0]]}}, "Ig_treated": {"sum_sq": 201.6453813839786, "df": 1.0, "F": 0.5399455452470994, "pvalue": 0.4730886076274635}, "A12_treated": {"sum_sq": 299.1958975102577, "df": 1.0, "F": 0.8144529182738384, "pvalue": 0.3801928208016955}, "TMT": {"sum_sq": 1218.4483785656141, "df": 1.0, "F": 3.4889499530636097, "pvalue": 0.08285342866449336}, "Quant": {"sum_sq": 18.5590237651673, "df": 1.0, "F": 0.048218039913369794, "pvalue": 0.8289704819365892}}, "4": {"Mouse_ID": {}, "Treatment": {"sum_sq": 356.24818518892164, "df": 2.0, "F": 0.6234021867751093, "pvalue": 0.5494457379850054, "tukey_hsd": {"groups": ["A12", "B1-8", "PBS"], "pvalues": [[1.0, 0.5883914566863423, 0.9974064731889716], [0.5883914566863423, 1.0, 0.6298564869238992], [0.9974064731889716, 0.6298564869238992, 1.0]]}}, "Ig_treated": {"sum_sq": 70.80625730430495, "df": 1.0, "F": 0.24782468828613477, "pvalue": 0.6253834568778485}, "A12_treated": {"sum_sq": 108.6639380231422, "df": 1.0, "F": 0.383504034938176, "pvalue": 0.5444518307685198}, "TMT": {"sum_sq": 574.46774958253, "df": 1.0, "F": 2.0025341173815288, "pvalue": 0.17889398511996693}, "Quant": {"sum_sq": 682.0392136088094, "df": 1.0, "F": 2.755613656494668, "pvalue": 0.1163820883137928}}, "5": {"Mouse_ID": {}, "Treatment": {"sum_sq": 1317.5172921989795, "df": 2.0, "F": 6.595825346098426, "pvalue": 0.008806039932759477, "tukey_hsd": {"groups": ["A12", "B1-8", "PBS"], "pvalues": [[1.0, 0.4343971767121628, 0.08444133176312363], [0.4343971767121628, 1.0, 0.007232991274849443], [0.08444133176312363, 0.007232991274849443, 1.0]]}}, "Ig_treated": {"sum_sq": 1157.2174228885183, "df": 1.0, "F": 11.164487543268828, "pvalue": 0.004142320850557949}, "A12_treated": {"sum_sq": 36.53280833901513, "df": 1.0, "F": 0.2103280402493274, "pvalue": 0.6526785168782807}, "TMT": {"sum_sq": 16.00235210869671, "df": 1.0, "F": 0.1272559572716687, "pvalue": 0.7266136577225721}, "Quant": {"sum_sq": 1359.7048446559334, "df": 1.0, "F": 14.94243967259573, "pvalue": 0.0013696946578808835}}, "6": {"Mouse_ID": {}, "Treatment": {"sum_sq": 984.5011189484775, "df": 2.0, "F": 4.139406106929647, "pvalue": 0.037023571915672356, "tukey_hsd": {"groups": ["A12", "B1-8", "PBS"], "pvalues": [[1.0, 0.29814277078286666, 0.02938146275358755], [0.29814277078286666, 1.0, 0.4023580819327055], [0.02938146275358755, 0.4023580819327055, 1.0]]}}, "Ig_treated": {"sum_sq": 699.8892867409016, "df": 1.0, "F": 5.413998221046196, "pvalue": 0.03343351539242285}, "A12_treated": {"sum_sq": 774.9510260971786, "df": 1.0, "F": 6.220376493357025, "pvalue": 0.023958355476362703}, "TMT": {"sum_sq": 3.989538520084609, "df": 1.0, "F": 0.022860917323764225, "pvalue": 0.881976356504009}, "Quant": {"sum_sq": 538.2117046211226, "df": 1.0, "F": 3.8615015934489003, "pvalue": 0.06701356103541921}}, "7": {"Mouse_ID": {}, "Treatment": {"sum_sq": 130.2121036844625, "df": 2.0, "F": 0.47768603255679376, "pvalue": 0.6293357788349538, "tukey_hsd": {"groups": ["A12", "B1-8", "PBS"], "pvalues": [[1.0, 0.6968643379625215, 0.6661919572424144], [0.6968643379625215, 1.0, 0.9985679784508166], [0.6661919572424144, 0.9985679784508166, 1.0]]}}, "Ig_treated": {"sum_sq": 38.60440918410378, "df": 1.0, "F": 0.2891678837800133, "pvalue": 0.598155028374184}, "A12_treated": {"sum_sq": 129.85780221318853, "df": 1.0, "F": 1.0161146141447797, "pvalue": 0.3284446688921979}, "TMT": {"sum_sq": 7.2185888068598585, "df": 1.0, "F": 0.05253652644878046, "pvalue": 0.8220215240034596}, "Quant": {"sum_sq": 171.29469637593428, "df": 1.0, "F": 1.3680748042786541, "pvalue": 0.25927242171868015}}, "8": {"Mouse_ID": {}, "Treatment": {"sum_sq": 109.38424598174414, "df": 2.0, "F": 0.43969598974753216, "pvalue": 0.6522745338170877, "tukey_hsd": {"groups": ["A12", "B1-8", "PBS"], "pvalues": [[1.0, 0.7088321498888477, 0.9996790746584472], [0.7088321498888477, 1.0, 0.6944189015599631], [0.9996790746584472, 0.6944189015599631, 1.0]]}}, "Ig_treated": {"sum_sq": 29.81888460788045, "df": 1.0, "F": 0.24525150855804848, "pvalue": 0.6271708136536414}, "A12_treated": {"sum_sq": 24.945656150242794, "df": 1.0, "F": 0.20465796624585317, "pvalue": 0.6570604181092317}, "TMT": {"sum_sq": 76.67405746128615, "df": 1.0, "F": 0.6962076385712938, "pvalue": 0.4180715189961435}, "Quant": {"sum_sq": 80.91317680208911, "df": 1.0, "F": 0.6834372379322732, "pvalue": 0.4205638822484794}}, "9": {"Mouse_ID": {}, "Treatment": {"sum_sq": 53.11050118250046, "df": 2.0, "F": 0.23651068236632497, "pvalue": 0.7922659731611258, "tukey_hsd": {"groups": ["A12", "B1-8", "PBS"], "pvalues": [[1.0, 0.7849928352545451, 0.8841450603208979], [0.7849928352545451, 1.0, 0.9795562046111426], [0.8841450603208979, 0.9795562046111426, 1.0]]}}, "Ig_treated": {"sum_sq": 2.954383270057259, "df": 1.0, "F": 0.027255316057326985, "pvalue": 0.8709395365250652}, "A12_treated": {"sum_sq": 48.897756948364076, "df": 1.0, "F": 0.46337548405164075, "pvalue": 0.5057831241747399}, "TMT": {"sum_sq": 0.1178546720560658, "df": 1.0, "F": 0.0012489600724767114, "pvalue": 0.9723070777565826}, "Quant": {"sum_sq": 0.2074309064632086, "df": 1.0, "F": 0.0019106033588093946, "pvalue": 0.9656760734668104}}, "10": {"Mouse_ID": {}, "Treatment": {"sum_sq": 77.01109286829539, "df": 2.0, "F": 0.40101191661835683, "pvalue": 0.6766110705136579, "tukey_hsd": {"groups": ["A12", "B1-8", "PBS"], "pvalues": [[1.0, 0.7383121587335032, 0.7093264943996567], [0.7383121587335032, 1.0, 0.9986718404009565], [0.7093264943996567, 0.9986718404009565, 1.0]]}}, "Ig_treated": {"sum_sq": 23.01959685071438, "df": 1.0, "F": 0.2464780311316487, "pvalue": 0.6263173949141065}, "A12_treated": {"sum_sq": 76.77960135364155, "df": 1.0, "F": 0.8527834602738162, "pvalue": 0.369483702915923}, "TMT": {"sum_sq": 26.793646309977994, "df": 1.0, "F": 0.3793573131837605, "pvalue": 0.5478311485334771}, "Quant": {"sum_sq": 0.14682978218868808, "df": 1.0, "F": 0.0015484509060633268, "pvalue": 0.9690978811331362}}}