{"1": {"Mouse_ID": {}, "Treatment": {"sum_sq": 122.59489212471249, "df": 2.0, "F": 0.07944744827228599, "pvalue": 0.924012570158743, "tukey_hsd": {"groups": ["A12", "B1-8", "PBS"], "pvalues": [[1.0, 0.9983665918693411, 0.9470463697322548], [0.9983665918693411, 1.0, 0.9279715799920358], [0.9470463697322548, 0.9279715799920358, 1.0]]}}, "Ig_treated": {"sum_sq": 120.30691471221483, "df": 1.0, "F": 0.16629187720109598, "pvalue": 0.6888331078377162}, "A12_treated": {"sum_sq": 17.424530656592832, "df": 1.0, "F": 0.0238725384506995, "pvalue": 0.8791418676522841}, "Batch": {"sum_sq": 854.5478972678862, "df": 1.0, "F": 1.1472603788340503, "pvalue": 0.3022418172462896}, "Quant": {"sum_sq": 5.903176656967814, "df": 1.0, "F": 0.008079696521715082, "pvalue": 0.9294925185571803}}, "2": {"Mouse_ID": {}, "Treatment": {"sum_sq": 3280.293343162353, "df": 2.0, "F": 4.616392312378177, "pvalue": 0.027394256935616024, "tukey_hsd": {"groups": ["A12", "B1-8", "PBS"], "pvalues": [[1.0, 0.022195515899410934, 0.1983387112323447], [0.022195515899410934, 1.0, 0.46969045305015944], [0.1983387112323447, 0.46969045305015944, 1.0]]}}, "Ig_treated": {"sum_sq": 44.425700150940614, "df": 1.0, "F": 0.08298846491020762, "pvalue": 0.7769859165043438}, "A12_treated": {"sum_sq": 2766.3617891007143, "df": 1.0, "F": 7.5748648509974945, "pvalue": 0.01416845684563513}, "Batch": {"sum_sq": 8.173367621488046, "df": 1.0, "F": 0.01513226283944159, "pvalue": 0.9038451052891947}, "Quant": {"sum_sq": 1.4985539766680693, "df": 1.0, "F": 0.002785381399259013, "pvalue": 0.9585631452365235}}, "3": {"Mouse_ID": {}, "Treatment": {"sum_sq": 975.6924711168485, "df": 2.0, "F": 1.4030278846374014, "pvalue": 0.27632900510583086, "tukey_hsd": {"groups": ["A12", "B1-8", "PBS"], "pvalues": [[1.0, 0.3270288500794343, 0.9977176038725244], [0.3270288500794343, 1.0, 0.35728763483370773], [0.9977176038725244, 0.35728763483370773, 1.0]]}}, "Ig_treated": {"sum_sq": 212.19130717244997, "df": 1.0, "F": 0.5678171373503901, "pvalue": 0.46207309271819974}, "A12_treated": {"sum_sq": 277.09625856540026, "df": 1.0, "F": 0.7496381969808212, "pvalue": 0.3993878516716898}, "Batch": {"sum_sq": 1216.0869734206208, "df": 1.0, "F": 3.4688128664777897, "pvalue": 0.08365427478738828}, "Quant": {"sum_sq": 21.267721596854727, "df": 1.0, "F": 0.055150692230765554, "pvalue": 0.8173105267784967}}, "4": {"Mouse_ID": {}, "Treatment": {"sum_sq": 359.20495249235796, "df": 2.0, "F": 0.6219614665509842, "pvalue": 0.5501771383653861, "tukey_hsd": {"groups": ["A12", "B1-8", "PBS"], "pvalues": [[1.0, 0.5850452127393331, 0.9961362701224796], [0.5850452127393331, 1.0, 0.6356734021180597], [0.9961362701224796, 0.6356734021180597, 1.0]]}}, "Ig_treated": {"sum_sq": 67.50627580614493, "df": 1.0, "F": 0.2336253181529379, "pvalue": 0.6353965262012957}, "A12_treated": {"sum_sq": 114.12437151228394, "df": 1.0, "F": 0.3989840935901485, "pvalue": 0.5365354952578354}, "Batch": {"sum_sq": 584.2742593711756, "df": 1.0, "F": 2.018045086088669, "pvalue": 0.17732672805749888}, "Quant": {"sum_sq": 675.8424296696634, "df": 1.0, "F": 2.693350259549441, "pvalue": 0.12027514607627766}}, "5": {"Mouse_ID": {}, "Treatment": {"sum_sq": 1797.6614971065783, "df": 2.0, "F": 12.77708624218544, "pvalue": 0.0005759938722494617, "tukey_hsd": {"groups": ["A12", "B1-8", "PBS"], "pvalues": [[1.0, 0.8451834673841689, 0.0026992975678464814], [0.8451834673841689, 1.0, 0.0008991406399668778], [0.0026992975678464814, 0.0008991406399668778, 1.0]]}}, "Ig_treated": {"sum_sq": 1775.9416361233455, "df": 1.0, "F": 26.38534431721652, "pvalue": 9.944657670978684e-05}, "A12_treated": {"sum_sq": 290.1873743081624, "df": 1.0, "F": 1.811774126279676, "pvalue": 0.19705850472038913}, "Batch": {"sum_sq": 19.30700616258821, "df": 1.0, "F": 0.12476717048411129, "pvalue": 0.7291826526278302}, "Quant": {"sum_sq": 1909.412743513486, "df": 1.0, "F": 32.381622715496, "pvalue": 3.346077641309519e-05}}, "6": {"Mouse_ID": {}, "Treatment": {"sum_sq": 550.4572769196885, "df": 2.0, "F": 1.832223548561915, "pvalue": 0.19412030895517973, "tukey_hsd": {"groups": ["A12", "B1-8", "PBS"], "pvalues": [[1.0, 0.23625165438070184, 0.2727609946702654], [0.23625165438070184, 1.0, 0.9949963502002616], [0.2727609946702654, 0.9949963502002616, 1.0]]}}, "Ig_treated": {"sum_sq": 114.56944824822617, "df": 1.0, "F": 0.681676342360352, "pvalue": 0.4211508045571899}, "A12_treated": {"sum_sq": 549.0900682124502, "df": 1.0, "F": 3.896670747955179, "pvalue": 0.06590544740629681}, "Batch": {"sum_sq": 0.6274106091224695, "df": 1.0, "F": 0.0041699881661348805, "pvalue": 0.9494250454931317}, "Quant": {"sum_sq": 43.46204390559993, "df": 1.0, "F": 0.2519328944459553, "pvalue": 0.6225539267227699}}, "7": {"Mouse_ID": {}, "Treatment": {"sum_sq": 120.46630308213786, "df": 2.0, "F": 0.44012828434073314, "pvalue": 0.6520082362944747, "tukey_hsd": {"groups": ["A12", "B1-8", "PBS"], "pvalues": [[1.0, 0.7264191577346284, 0.6792586249843817], [0.7264191577346284, 1.0, 0.9965621200868838], [0.6792586249843817, 0.9965621200868838, 1.0]]}}, "Ig_treated": {"sum_sq": 39.30223539898366, "df": 1.0, "F": 0.29467903561748415, "pvalue": 0.5947194705721611}, "A12_treated": {"sum_sq": 119.6112559371343, "df": 1.0, "F": 0.9318877623021128, "pvalue": 0.3487381672111736}, "Batch": {"sum_sq": 3.6928413161815423, "df": 1.0, "F": 0.026905638296360498, "pvalue": 0.8720525580689238}, "Quant": {"sum_sq": 164.55665595947843, "df": 1.0, "F": 1.3107423207553555, "pvalue": 0.2690981312835524}}, "8": {"Mouse_ID": {}, "Treatment": {"sum_sq": 131.41312097304112, "df": 2.0, "F": 0.5312319276647793, "pvalue": 0.5985400525069466, "tukey_hsd": {"groups": ["A12", "B1-8", "PBS"], "pvalues": [[1.0, 0.6490810122333337, 0.9999061741076062], [0.6490810122333337, 1.0, 0.6569752914817115], [0.9999061741076062, 0.6569752914817115, 1.0]]}}, "Ig_treated": {"sum_sq": 31.42353149366637, "df": 1.0, "F": 0.2571356496267649, "pvalue": 0.6190120614381686}, "A12_treated": {"sum_sq": 34.30407936523061, "df": 1.0, "F": 0.281121036083208, "pvalue": 0.6032486462013067}, "Batch": {"sum_sq": 72.34321072055752, "df": 1.0, "F": 0.6270046302722563, "pvalue": 0.4416668795323079}, "Quant": {"sum_sq": 77.52950223184547, "df": 1.0, "F": 0.6497370715353249, "pvalue": 0.4320245962803485}}, "9": {"Mouse_ID": {}, "Treatment": {"sum_sq": 50.43419655519088, "df": 2.0, "F": 0.22503906716348945, "pvalue": 0.8011324850717232, "tukey_hsd": {"groups": ["A12", "B1-8", "PBS"], "pvalues": [[1.0, 0.7999669712583334, 0.8765184857614572], [0.7999669712583334, 1.0, 0.987667846931045], [0.8765184857614572, 0.987667846931045, 1.0]]}}, "Ig_treated": {"sum_sq": 4.34683182362976, "df": 1.0, "F": 0.04027325465151335, "pvalue": 0.8434760335782945}, "A12_treated": {"sum_sq": 47.90990329663515, "df": 1.0, "F": 0.455370709867645, "pvalue": 0.5094298874914585}, "Batch": {"sum_sq": 0.6305101013869726, "df": 1.0, "F": 0.006941860128032386, "pvalue": 0.9347784261098268}, "Quant": {"sum_sq": 0.9643833442107064, "df": 1.0, "F": 0.008917513918317382, "pvalue": 0.9259380333954594}}, "10": {"Mouse_ID": {}, "Treatment": {"sum_sq": 77.34373397854732, "df": 2.0, "F": 0.4070361564852907, "pvalue": 0.672754389685022, "tukey_hsd": {"groups": ["A12", "B1-8", "PBS"], "pvalues": [[1.0, 0.7393604426336277, 0.7022071651682187], [0.7393604426336277, 1.0, 0.9978260242610533], [0.7022071651682187, 0.9978260242610533, 1.0]]}}, "Ig_treated": {"sum_sq": 24.1767756884465, "df": 1.0, "F": 0.261672277675498, "pvalue": 0.6159605916859674}, "A12_treated": {"sum_sq": 76.96863514947914, "df": 1.0, "F": 0.8639051551136984, "pvalue": 0.3664598122283084}, "Batch": {"sum_sq": 14.850411705491698, "df": 1.0, "F": 0.21156588916827365, "pvalue": 0.6526049940335399}, "Quant": {"sum_sq": 0.45908627098423993, "df": 1.0, "F": 0.004890363460879291, "pvalue": 0.9451150539770181}}}