{"1": {"sample_id": {}, "Group": {"sum_sq": 5452.711772933892, "df": 1.0, "F": 200.6286021498428, "pvalue": 9.27667977917727e-28}}, "2": {"sample_id": {}, "Group": {"sum_sq": 198.97239153881222, "df": 1.0, "F": 6.169992767151894, "pvalue": 0.014317196198499168}}, "3": {"sample_id": {}, "Group": {"sum_sq": 0.6060435642929678, "df": 1.0, "F": 0.027127601961262883, "pvalue": 0.8694425534807624}}, "4": {"sample_id": {}, "Group": {"sum_sq": 1.0110033158615395, "df": 1.0, "F": 0.050737470547998265, "pvalue": 0.8221527906822934}}, "5": {"sample_id": {}, "Group": {"sum_sq": 3.198937294320807, "df": 1.0, "F": 0.17840732389953531, "pvalue": 0.6734711931283682}}, "6": {"sample_id": {}, "Group": {"sum_sq": 54.02105428890321, "df": 1.0, "F": 4.004674848944537, "pvalue": 0.04754013206760264}}, "7": {"sample_id": {}, "Group": {"sum_sq": 22.082901040737525, "df": 1.0, "F": 1.7758157279547804, "pvalue": 0.18508806356335225}}, "8": {"sample_id": {}, "Group": {"sum_sq": 29.815567084527515, "df": 1.0, "F": 2.865148164137273, "pvalue": 0.09300839880917426}}, "9": {"sample_id": {}, "Group": {"sum_sq": 5.85575939364974, "df": 1.0, "F": 0.5979638276354039, "pvalue": 0.44081584390805906}}, "10": {"sample_id": {}, "Group": {"sum_sq": 9.95479378482439, "df": 1.0, "F": 1.1073821738048883, "pvalue": 0.29468172849425667}}}