{"1": {"Seqn": {}, "ID": {}, "Group": {"sum_sq": 116.90127777369041, "df": 2.0, "F": 0.07647894831858337, "pvalue": 0.9267312735502773, "tukey_hsd": {"groups": ["A12", "B1-8", "PBS"], "pvalues": [[1.0, 0.9967949128249596, 0.9536060285310991], [0.9967949128249596, 1.0, 0.9275431080307117], [0.9536060285310991, 0.9275431080307117, 1.0]]}}, "Ig": {"sum_sq": 112.45012645882903, "df": 1.0, "F": 0.15688185855466646, "pvalue": 0.6972756582405064}, "Control": {"sum_sq": 12.075668749074035, "df": 1.0, "F": 0.01670088496200173, "pvalue": 0.8987847701737324}, "TMT": {"sum_sq": 866.8444592793383, "df": 1.0, "F": 1.1777366866901953, "pvalue": 0.29615166532200665}, "Tag": {"sum_sq": 2615.46365906212, "df": 8.0, "F": 0.26748481987433925, "pvalue": 0.9578518813232492, "tukey_hsd": {}}, "ID_metabo": {}, "Quant": {"sum_sq": 789.5116643667749, "df": 1.0, "F": 1.2257392210134572, "pvalue": 0.2856762460813263}}, "2": {"Seqn": {}, "ID": {}, "Group": {"sum_sq": 3229.19410897674, "df": 2.0, "F": 4.531959726257932, "pvalue": 0.028869329920773436, "tukey_hsd": {"groups": ["A12", "B1-8", "PBS"], "pvalues": [[1.0, 0.02341376865966538, 0.2048381061669965], [0.02341376865966538, 1.0, 0.47357973801431763], [0.2048381061669965, 0.47357973801431763, 1.0]]}}, "Ig": {"sum_sq": 42.628914544351346, "df": 1.0, "F": 0.07995481433378558, "pvalue": 0.7809840890853954}, "Control": {"sum_sq": 2719.7673734163714, "df": 1.0, "F": 7.434279523351315, "pvalue": 0.014935296885558195}, "TMT": {"sum_sq": 7.53248056152539, "df": 1.0, "F": 0.013993508049537893, "pvalue": 0.9075150993193605}, "Tag": {"sum_sq": 6850.749281557081, "df": 8.0, "F": 8.652954217338541, "pvalue": 0.005043325816588984, "tukey_hsd": {}}, "ID_metabo": {}, "Quant": {"sum_sq": 951.8637402299953, "df": 1.0, "F": 1.8797280431971684, "pvalue": 0.19053054584953738}}, "3": {"Seqn": {}, "ID": {}, "Group": {"sum_sq": 995.287911093879, "df": 2.0, "F": 1.4405983855181064, "pvalue": 0.2677380372927309, "tukey_hsd": {"groups": ["A12", "B1-8", "PBS"], "pvalues": [[1.0, 0.3117827898971469, 0.9949118844692508], [0.3117827898971469, 1.0, 0.3562775614842074], [0.9949118844692508, 0.3562775614842074, 1.0]]}}, "Ig": {"sum_sq": 201.6453813839774, "df": 1.0, "F": 0.5399455452470958, "pvalue": 0.4730886076274651}, "Control": {"sum_sq": 299.19589751025717, "df": 1.0, "F": 0.8144529182738365, "pvalue": 0.3801928208016955}, "TMT": {"sum_sq": 1218.4483785656214, "df": 1.0, "F": 3.4889499530636354, "pvalue": 0.08285342866449233}, "Tag": {"sum_sq": 1885.262912353647, "df": 8.0, "F": 0.39067809104361906, "pvalue": 0.8942984623738272, "tukey_hsd": {}}, "ID_metabo": {}, "Quant": {"sum_sq": 8.337280315615567, "df": 1.0, "F": 0.020421182397375007, "pvalue": 0.8882689582923622}}, "4": {"Seqn": {}, "ID": {}, "Group": {"sum_sq": 356.2481851889251, "df": 2.0, "F": 0.623402186775118, "pvalue": 0.549445737985001, "tukey_hsd": {"groups": ["A12", "B1-8", "PBS"], "pvalues": [[1.0, 0.588391456686338, 0.9974064731889715], [0.588391456686338, 1.0, 0.6298564869238961], [0.9974064731889715, 0.6298564869238961, 1.0]]}}, "Ig": {"sum_sq": 70.8062573043054, "df": 1.0, "F": 0.2478246882861372, "pvalue": 0.625383456877846}, "Control": {"sum_sq": 108.66393802314353, "df": 1.0, "F": 0.3835040349381821, "pvalue": 0.5444518307685179}, "TMT": {"sum_sq": 574.4677495825231, "df": 1.0, "F": 2.0025341173815083, "pvalue": 0.17889398511996904}, "Tag": {"sum_sq": 3199.6527565671418, "df": 8.0, "F": 2.0127211797104416, "pvalue": 0.18611948768225733, "tukey_hsd": {}}, "ID_metabo": {}, "Quant": {"sum_sq": 506.2276719764881, "df": 1.0, "F": 1.9393743508345491, "pvalue": 0.1840365217169864}}, "5": {"Seqn": {}, "ID": {}, "Group": {"sum_sq": 1317.5172921989697, "df": 2.0, "F": 6.59582534609836, "pvalue": 0.00880603993275978, "tukey_hsd": {"groups": ["A12", "B1-8", "PBS"], "pvalues": [[1.0, 0.4343971767121595, 0.08444133176312651], [0.4343971767121595, 1.0, 0.007232991274849665], [0.08444133176312651, 0.007232991274849665, 1.0]]}}, "Ig": {"sum_sq": 1157.2174228885067, "df": 1.0, "F": 11.16448754326868, "pvalue": 0.004142320850558143}, "Control": {"sum_sq": 36.532808339013286, "df": 1.0, "F": 0.21032804024931714, "pvalue": 0.652678516878289}, "TMT": {"sum_sq": 16.00235210869637, "df": 1.0, "F": 0.12725595727166647, "pvalue": 0.7266136577225738}, "Tag": {"sum_sq": 1226.0723210896756, "df": 8.0, "F": 1.94907861757914, "pvalue": 0.19723164449101266, "tukey_hsd": {}}, "ID_metabo": {}, "Quant": {"sum_sq": 246.2977047864358, "df": 1.0, "F": 1.5497645645688067, "pvalue": 0.23226915816869176}}, "6": {"Seqn": {}, "ID": {}, "Group": {"sum_sq": 984.5011189484832, "df": 2.0, "F": 4.1394061069297, "pvalue": 0.037023571915671065, "tukey_hsd": {"groups": ["A12", "B1-8", "PBS"], "pvalues": [[1.0, 0.298142770782868, 0.02938146275358633], [0.298142770782868, 1.0, 0.4023580819326944], [0.02938146275358633, 0.4023580819326944, 1.0]]}}, "Ig": {"sum_sq": 699.8892867409106, "df": 1.0, "F": 5.413998221046305, "pvalue": 0.03343351539242127}, "Control": {"sum_sq": 774.9510260971792, "df": 1.0, "F": 6.220376493357053, "pvalue": 0.023958355476362467}, "TMT": {"sum_sq": 3.9895385200846762, "df": 1.0, "F": 0.02286091732376464, "pvalue": 0.881976356504009}, "Tag": {"sum_sq": 2111.4925769007546, "df": 8.0, "F": 5.503824427800129, "pvalue": 0.01831272052389555, "tukey_hsd": {}}, "ID_metabo": {}, "Quant": {"sum_sq": 5.333045679065236, "df": 1.0, "F": 0.03015004232877482, "pvalue": 0.8644717987043503}}, "7": {"Seqn": {}, "ID": {}, "Group": {"sum_sq": 130.21210368446117, "df": 2.0, "F": 0.4776860325567906, "pvalue": 0.6293357788349561, "tukey_hsd": {"groups": ["A12", "B1-8", "PBS"], "pvalues": [[1.0, 0.6968643379625215, 0.6661919572424182], [0.6968643379625215, 1.0, 0.9985679784508169], [0.6661919572424182, 0.9985679784508169, 1.0]]}}, "Ig": {"sum_sq": 38.60440918410264, "df": 1.0, "F": 0.2891678837800057, "pvalue": 0.5981550283741885}, "Control": {"sum_sq": 129.85780221318728, "df": 1.0, "F": 1.0161146141447734, "pvalue": 0.32844466889219937}, "TMT": {"sum_sq": 7.2185888068600335, "df": 1.0, "F": 0.0525365264487819, "pvalue": 0.822021524003457}, "Tag": {"sum_sq": 1248.2872354502738, "df": 8.0, "F": 1.6002509540715897, "pvalue": 0.27460094937212526, "tukey_hsd": {}}, "ID_metabo": {}, "Quant": {"sum_sq": 33.687460791956745, "df": 1.0, "F": 0.2536597229768758, "pvalue": 0.6218255637850894}}, "8": {"Seqn": {}, "ID": {}, "Group": {"sum_sq": 109.38424598174412, "df": 2.0, "F": 0.43969598974753243, "pvalue": 0.6522745338170877, "tukey_hsd": {"groups": ["A12", "B1-8", "PBS"], "pvalues": [[1.0, 0.7088321498888474, 0.9996790746584472], [0.7088321498888474, 1.0, 0.694418901559963], [0.9996790746584472, 0.694418901559963, 1.0]]}}, "Ig": {"sum_sq": 29.818884607880385, "df": 1.0, "F": 0.2452515085580482, "pvalue": 0.6271708136536414}, "Control": {"sum_sq": 24.94565615024285, "df": 1.0, "F": 0.2046579662458538, "pvalue": 0.6570604181092317}, "TMT": {"sum_sq": 76.67405746128509, "df": 1.0, "F": 0.6962076385712835, "pvalue": 0.41807151899614636}, "Tag": {"sum_sq": 838.9231393995267, "df": 8.0, "F": 0.9416004139465859, "pvalue": 0.538280060021328, "tukey_hsd": {}}, "ID_metabo": {}, "Quant": {"sum_sq": 4.94469258070346, "df": 1.0, "F": 0.03788963782760993, "pvalue": 0.848276773385202}}, "9": {"Seqn": {}, "ID": {}, "Group": {"sum_sq": 53.11050118250056, "df": 2.0, "F": 0.236510682366325, "pvalue": 0.7922659731611258, "tukey_hsd": {"groups": ["A12", "B1-8", "PBS"], "pvalues": [[1.0, 0.7849928352545452, 0.8841450603208975], [0.7849928352545452, 1.0, 0.9795562046111428], [0.8841450603208975, 0.9795562046111428, 1.0]]}}, "Ig": {"sum_sq": 2.954383270057299, "df": 1.0, "F": 0.0272553160573273, "pvalue": 0.8709395365250652}, "Control": {"sum_sq": 48.8977569483642, "df": 1.0, "F": 0.4633754840516411, "pvalue": 0.5057831241747399}, "TMT": {"sum_sq": 0.11785467205610513, "df": 1.0, "F": 0.0012489600724771269, "pvalue": 0.9723070777565826}, "Tag": {"sum_sq": 559.0034088238862, "df": 8.0, "F": 0.641743738816665, "pvalue": 0.7268267191863961, "tukey_hsd": {}},