{"1": {"Mouse_ID": {}, "Treatment": {"sum_sq": 116.90127777368964, "df": 2.0, "F": 0.0764789483185829, "pvalue": 0.9267312735502781, "tukey_hsd": {"groups": ["A12", "B1-8", "PBS"], "pvalues": [[1.0, 0.9967949128249595, 0.9536060285310995], [0.9967949128249595, 1.0, 0.9275431080307119], [0.9536060285310995, 0.9275431080307119, 1.0]]}}, "Ig_treated": {"sum_sq": 112.45012645882815, "df": 1.0, "F": 0.15688185855466533, "pvalue": 0.6972756582405064}, "A12_treated": {"sum_sq": 12.075668749073795, "df": 1.0, "F": 0.016700884962001405, "pvalue": 0.8987847701737324}, "TMT": {"sum_sq": 866.8444592793402, "df": 1.0, "F": 1.1777366866901986, "pvalue": 0.29615166532200593}, "Quant": {"sum_sq": 6.1730482394674935, "df": 1.0, "F": 0.008533092177332726, "pvalue": 0.9275470490226114}}, "2": {"Mouse_ID": {}, "Treatment": {"sum_sq": 3229.194108976742, "df": 2.0, "F": 4.531959726257935, "pvalue": 0.028869329920773398, "tukey_hsd": {"groups": ["A12", "B1-8", "PBS"], "pvalues": [[1.0, 0.02341376865966538, 0.20483810616699705], [0.02341376865966538, 1.0, 0.4735797380143172], [0.20483810616699705, 0.4735797380143172, 1.0]]}}, "Ig_treated": {"sum_sq": 42.62891454435102, "df": 1.0, "F": 0.07995481433378498, "pvalue": 0.7809840890853954}, "A12_treated": {"sum_sq": 2719.767373416369, "df": 1.0, "F": 7.434279523351308, "pvalue": 0.014935296885558235}, "TMT": {"sum_sq": 7.532480561525127, "df": 1.0, "F": 0.013993508049537409, "pvalue": 0.9075150993193605}, "Quant": {"sum_sq": 1.0439384485649945, "df": 1.0, "F": 0.0019485128871687073, "pvalue": 0.9653374569423092}}, "3": {"Mouse_ID": {}, "Treatment": {"sum_sq": 995.2879110938815, "df": 2.0, "F": 1.4405983855181081, "pvalue": 0.26773803729273066, "tukey_hsd": {"groups": ["A12", "B1-8", "PBS"], "pvalues": [[1.0, 0.31178278989714614, 0.9949118844692507], [0.31178278989714614, 1.0, 0.35627756148420686], [0.9949118844692507, 0.35627756148420686, 1.0]]}}, "Ig_treated": {"sum_sq": 201.64538138397756, "df": 1.0, "F": 0.5399455452470954, "pvalue": 0.4730886076274651}, "A12_treated": {"sum_sq": 299.19589751025876, "df": 1.0, "F": 0.8144529182738396, "pvalue": 0.3801928208016945}, "TMT": {"sum_sq": 1218.4483785656255, "df": 1.0, "F": 3.488949953063643, "pvalue": 0.08285342866449204}, "Quant": {"sum_sq": 18.559023765166007, "df": 1.0, "F": 0.04821803991336631, "pvalue": 0.8289704819365954}}, "4": {"Mouse_ID": {}, "Treatment": {"sum_sq": 356.2481851889258, "df": 2.0, "F": 0.6234021867751179, "pvalue": 0.549445737985001, "tukey_hsd": {"groups": ["A12", "B1-8", "PBS"], "pvalues": [[1.0, 0.5883914566863384, 0.9974064731889716], [0.5883914566863384, 1.0, 0.6298564869238954], [0.9974064731889716, 0.6298564869238954, 1.0]]}}, "Ig_treated": {"sum_sq": 70.80625730430597, "df": 1.0, "F": 0.2478246882861387, "pvalue": 0.625383456877846}, "A12_treated": {"sum_sq": 108.6639380231432, "df": 1.0, "F": 0.38350403493818014, "pvalue": 0.5444518307685179}, "TMT": {"sum_sq": 574.4677495825238, "df": 1.0, "F": 2.0025341173815066, "pvalue": 0.17889398511996904}, "Quant": {"sum_sq": 682.0392136088099, "df": 1.0, "F": 2.7556136564946745, "pvalue": 0.11638208831379239}}, "5": {"Mouse_ID": {}, "Treatment": {"sum_sq": 1317.5172921989038, "df": 2.0, "F": 6.595825346097744, "pvalue": 0.00880603993276266, "tukey_hsd": {"groups": ["A12", "B1-8", "PBS"], "pvalues": [[1.0, 0.4343971767121333, 0.08444133176315671], [0.4343971767121333, 1.0, 0.007232991274851885], [0.08444133176315671, 0.007232991274851885, 1.0]]}}, "Ig_treated": {"sum_sq": 1157.217422888421, "df": 1.0, "F": 11.164487543267283, "pvalue": 0.004142320850559963}, "A12_treated": {"sum_sq": 36.532808338997754, "df": 1.0, "F": 0.21032804024922655, "pvalue": 0.6526785168783575}, "TMT": {"sum_sq": 16.00235210869593, "df": 1.0, "F": 0.12725595727166533, "pvalue": 0.7266136577225754}, "Quant": {"sum_sq": 1359.7048446558424, "df": 1.0, "F": 14.942439672593865, "pvalue": 0.0013696946578815807}}, "6": {"Mouse_ID": {}, "Treatment": {"sum_sq": 984.5011189485408, "df": 2.0, "F": 4.139406106930097, "pvalue": 0.03702357191566164, "tukey_hsd": {"groups": ["A12", "B1-8", "PBS"], "pvalues": [[1.0, 0.2981427707828799, 0.029381462753578336], [0.2981427707828799, 1.0, 0.4023580819326056], [0.029381462753578336, 0.4023580819326056, 1.0]]}}, "Ig_treated": {"sum_sq": 699.8892867409885, "df": 1.0, "F": 5.413998221047139, "pvalue": 0.03343351539240951}, "A12_treated": {"sum_sq": 774.9510260971903, "df": 1.0, "F": 6.220376493357207, "pvalue": 0.023958355476360944}, "TMT": {"sum_sq": 3.9895385200852855, "df": 1.0, "F": 0.022860917323767917, "pvalue": 0.881976356504001}, "Quant": {"sum_sq": 538.2117046212059, "df": 1.0, "F": 3.861501593449671, "pvalue": 0.06701356103539471}}, "7": {"Mouse_ID": {}, "Treatment": {"sum_sq": 130.2121036844624, "df": 2.0, "F": 0.47768603255679676, "pvalue": 0.6293357788349527, "tukey_hsd": {"groups": ["A12", "B1-8", "PBS"], "pvalues": [[1.0, 0.6968643379625195, 0.6661919572424138], [0.6968643379625195, 1.0, 0.9985679784508167], [0.6661919572424138, 0.9985679784508167, 1.0]]}}, "Ig_treated": {"sum_sq": 38.60440918410343, "df": 1.0, "F": 0.28916788378001257, "pvalue": 0.598155028374184}, "A12_treated": {"sum_sq": 129.85780221318836, "df": 1.0, "F": 1.0161146141447859, "pvalue": 0.32844466889219603}, "TMT": {"sum_sq": 7.218588806859925, "df": 1.0, "F": 0.05253652644878129, "pvalue": 0.822021524003457}, "Quant": {"sum_sq": 171.29469637593212, "df": 1.0, "F": 1.368074804278646, "pvalue": 0.2592724217186812}}, "8": {"Mouse_ID": {}, "Treatment": {"sum_sq": 109.38424598174423, "df": 2.0, "F": 0.43969598974753327, "pvalue": 0.6522745338170871, "tukey_hsd": {"groups": ["A12", "B1-8", "PBS"], "pvalues": [[1.0, 0.7088321498888477, 0.9996790746584471], [0.7088321498888477, 1.0, 0.694418901559962], [0.9996790746584471, 0.694418901559962, 1.0]]}}, "Ig_treated": {"sum_sq": 29.818884607880694, "df": 1.0, "F": 0.24525150855805095, "pvalue": 0.6271708136536389}, "A12_treated": {"sum_sq": 24.9456561502426, "df": 1.0, "F": 0.20465796624585184, "pvalue": 0.6570604181092344}, "TMT": {"sum_sq": 76.67405746128597, "df": 1.0, "F": 0.6962076385712926, "pvalue": 0.4180715189961435}, "Quant": {"sum_sq": 80.91317680208857, "df": 1.0, "F": 0.6834372379322694, "pvalue": 0.4205638822484806}}, "9": {"Mouse_ID": {}, "Treatment": {"sum_sq": 53.11050118249974, "df": 2.0, "F": 0.23651068236632153, "pvalue": 0.7922659731611286, "tukey_hsd": {"groups": ["A12", "B1-8", "PBS"], "pvalues": [[1.0, 0.784992835254548, 0.8841450603208992], [0.784992835254548, 1.0, 0.9795562046111429], [0.8841450603208992, 0.9795562046111429, 1.0]]}}, "Ig_treated": {"sum_sq": 2.9543832700572277, "df": 1.0, "F": 0.027255316057326687, "pvalue": 0.8709395365250652}, "A12_treated": {"sum_sq": 48.897756948363394, "df": 1.0, "F": 0.46337548405163403, "pvalue": 0.5057831241747435}, "TMT": {"sum_sq": 0.11785467205604948, "df": 1.0, "F": 0.0012489600724765388, "pvalue": 0.9723070777565826}, "Quant": {"sum_sq": 0.2074309064632462, "df": 1.0, "F": 0.001910603358809741, "pvalue": 0.9656760734668104}}, "10": {"Mouse_ID": {}, "Treatment": {"sum_sq": 77.011092868295, "df": 2.0, "F": 0.40101191661835445, "pvalue": 0.6766110705136597, "tukey_hsd": {"groups": ["A12", "B1-8", "PBS"], "pvalues": [[1.0, 0.7383121587335033, 0.7093264943996591], [0.7383121587335033, 1.0, 0.9986718404009567], [0.7093264943996591, 0.9986718404009567, 1.0]]}}, "Ig_treated": {"sum_sq": 23.01959685071399, "df": 1.0, "F": 0.24647803113164446, "pvalue": 0.6263173949141092}, "A12_treated": {"sum_sq": 76.77960135364121, "df": 1.0, "F": 0.8527834602738121, "pvalue": 0.36948370291592403}, "TMT": {"sum_sq": 26.793646309978836, "df": 1.0, "F": 0.37935731318377186, "pvalue": 0.5478311485334711}, "Quant": {"sum_sq": 0.1468297821886657, "df": 1.0, "F": 0.0015484509060630903, "pvalue": 0.9690978811331362}}}