{"1": {"Mouse_ID": {}, "Treatment": {"sum_sq": 116.90127777368961, "df": 2.0, "F": 0.07647894831858294, "pvalue": 0.9267312735502781, "tukey_hsd": {"groups": ["A12", "B1-8", "PBS"], "pvalues": [[1.0, 0.9967949128249598, 0.953606028531099], [0.9967949128249598, 1.0, 0.9275431080307124], [0.953606028531099, 0.9275431080307124, 1.0]]}}, "Ig_treated": {"sum_sq": 112.45012645882841, "df": 1.0, "F": 0.15688185855466574, "pvalue": 0.6972756582405064}, "A12_treated": {"sum_sq": 12.075668749074357, "df": 1.0, "F": 0.016700884962002192, "pvalue": 0.8987847701737324}, "TMT": {"sum_sq": 866.8444592793379, "df": 1.0, "F": 1.177736686690196, "pvalue": 0.29615166532200665}, "Quant": {"sum_sq": 6.173048239467554, "df": 1.0, "F": 0.008533092177332814, "pvalue": 0.9275470490226114}}, "2": {"Mouse_ID": {}, "Treatment": {"sum_sq": 3229.194108976731, "df": 2.0, "F": 4.531959726257925, "pvalue": 0.028869329920773554, "tukey_hsd": {"groups": ["A12", "B1-8", "PBS"], "pvalues": [[1.0, 0.02341376865966538, 0.20483810616699727], [0.02341376865966538, 1.0, 0.47357973801431774], [0.20483810616699727, 0.47357973801431774, 1.0]]}}, "Ig_treated": {"sum_sq": 42.62891454435093, "df": 1.0, "F": 0.07995481433378494, "pvalue": 0.7809840890853954}, "A12_treated": {"sum_sq": 2719.7673734163627, "df": 1.0, "F": 7.4342795233513, "pvalue": 0.01493529688555828}, "TMT": {"sum_sq": 7.532480561524791, "df": 1.0, "F": 0.013993508049536805, "pvalue": 0.9075150993193656}, "Quant": {"sum_sq": 1.0439384485649155, "df": 1.0, "F": 0.0019485128871685633, "pvalue": 0.9653374569423092}}, "3": {"Mouse_ID": {}, "Treatment": {"sum_sq": 995.2879110938804, "df": 2.0, "F": 1.440598385518116, "pvalue": 0.2677380372927285, "tukey_hsd": {"groups": ["A12", "B1-8", "PBS"], "pvalues": [[1.0, 0.31178278989714414, 0.9949118844692506], [0.31178278989714414, 1.0, 0.3562775614842052], [0.9949118844692506, 0.3562775614842052, 1.0]]}}, "Ig_treated": {"sum_sq": 201.64538138397725, "df": 1.0, "F": 0.5399455452470977, "pvalue": 0.4730886076274651}, "A12_treated": {"sum_sq": 299.1958975102585, "df": 1.0, "F": 0.8144529182738437, "pvalue": 0.38019282080169337}, "TMT": {"sum_sq": 1218.4483785656153, "df": 1.0, "F": 3.4889499530636288, "pvalue": 0.0828534286644926}, "Quant": {"sum_sq": 18.559023765166685, "df": 1.0, "F": 0.04821803991336836, "pvalue": 0.8289704819365892}}, "4": {"Mouse_ID": {}, "Treatment": {"sum_sq": 356.2481851889233, "df": 2.0, "F": 0.6234021867751139, "pvalue": 0.549445737985004, "tukey_hsd": {"groups": ["A12", "B1-8", "PBS"], "pvalues": [[1.0, 0.5883914566863404, 0.9974064731889716], [0.5883914566863404, 1.0, 0.629856486923897], [0.9974064731889716, 0.629856486923897, 1.0]]}}, "Ig_treated": {"sum_sq": 70.8062573043056, "df": 1.0, "F": 0.2478246882861377, "pvalue": 0.625383456877846}, "A12_treated": {"sum_sq": 108.66393802314232, "df": 1.0, "F": 0.3835040349381774, "pvalue": 0.5444518307685198}, "TMT": {"sum_sq": 574.4677495825246, "df": 1.0, "F": 2.002534117381512, "pvalue": 0.1788939851199686}, "Quant": {"sum_sq": 682.0392136088076, "df": 1.0, "F": 2.755613656494668, "pvalue": 0.1163820883137928}}, "5": {"Mouse_ID": {}, "Treatment": {"sum_sq": 1317.5172921989156, "df": 2.0, "F": 6.5958253460978415, "pvalue": 0.008806039932762206, "tukey_hsd": {"groups": ["A12", "B1-8", "PBS"], "pvalues": [[1.0, 0.43439717671213574, 0.0844413317631525], [0.43439717671213574, 1.0, 0.007232991274851552], [0.0844413317631525, 0.007232991274851552, 1.0]]}}, "Ig_treated": {"sum_sq": 1157.2174228884357, "df": 1.0, "F": 11.164487543267496, "pvalue": 0.004142320850559688}, "A12_treated": {"sum_sq": 36.53280833899983, "df": 1.0, "F": 0.21032804024923837, "pvalue": 0.6526785168783491}, "TMT": {"sum_sq": 16.002352108696225, "df": 1.0, "F": 0.12725595727166733, "pvalue": 0.7266136577225721}, "Quant": {"sum_sq": 1359.704844655854, "df": 1.0, "F": 14.94243967259408, "pvalue": 0.0013696946578815013}}, "6": {"Mouse_ID": {}, "Treatment": {"sum_sq": 984.5011189485361, "df": 2.0, "F": 4.139406106930049, "pvalue": 0.03702357191566274, "tukey_hsd": {"groups": ["A12", "B1-8", "PBS"], "pvalues": [[1.0, 0.29814277078287676, 0.029381462753579446], [0.29814277078287676, 1.0, 0.4023580819326188], [0.029381462753579446, 0.4023580819326188, 1.0]]}}, "Ig_treated": {"sum_sq": 699.8892867409792, "df": 1.0, "F": 5.413998221047022, "pvalue": 0.03343351539241113}, "A12_treated": {"sum_sq": 774.9510260971921, "df": 1.0, "F": 6.220376493357203, "pvalue": 0.023958355476360976}, "TMT": {"sum_sq": 3.9895385200851723, "df": 1.0, "F": 0.022860917323767254, "pvalue": 0.881976356504005}, "Quant": {"sum_sq": 538.2117046211971, "df": 1.0, "F": 3.8615015934495793, "pvalue": 0.0670135610353976}}, "7": {"Mouse_ID": {}, "Treatment": {"sum_sq": 130.21210368446035, "df": 2.0, "F": 0.4776860325567863, "pvalue": 0.6293357788349588, "tukey_hsd": {"groups": ["A12", "B1-8", "PBS"], "pvalues": [[1.0, 0.6968643379625261, 0.6661919572424183], [0.6968643379625261, 1.0, 0.9985679784508165], [0.6661919572424183, 0.9985679784508165, 1.0]]}}, "Ig_treated": {"sum_sq": 38.604409184103346, "df": 1.0, "F": 0.28916788378001046, "pvalue": 0.5981550283741862}, "A12_treated": {"sum_sq": 129.85780221318635, "df": 1.0, "F": 1.0161146141447635, "pvalue": 0.3284446688922021}, "TMT": {"sum_sq": 7.218588806859763, "df": 1.0, "F": 0.052536526448779784, "pvalue": 0.8220215240034596}, "Quant": {"sum_sq": 171.29469637593243, "df": 1.0, "F": 1.3680748042786408, "pvalue": 0.25927242171868187}}, "8": {"Mouse_ID": {}, "Treatment": {"sum_sq": 109.38424598174441, "df": 2.0, "F": 0.4396959897475343, "pvalue": 0.6522745338170866, "tukey_hsd": {"groups": ["A12", "B1-8", "PBS"], "pvalues": [[1.0, 0.7088321498888446, 0.9996790746584473], [0.7088321498888446, 1.0, 0.6944189015599634], [0.9996790746584473, 0.6944189015599634, 1.0]]}}, "Ig_treated": {"sum_sq": 29.818884607879923, "df": 1.0, "F": 0.24525150855804462, "pvalue": 0.627170813653644}, "A12_treated": {"sum_sq": 24.94565615024347, "df": 1.0, "F": 0.2046579662458592, "pvalue": 0.6570604181092288}, "TMT": {"sum_sq": 76.67405746128577, "df": 1.0, "F": 0.6962076385712912, "pvalue": 0.41807151899614403}, "Quant": {"sum_sq": 80.91317680208977, "df": 1.0, "F": 0.6834372379322803, "pvalue": 0.4205638822484774}}, "9": {"Mouse_ID": {}, "Treatment": {"sum_sq": 53.110501182500784, "df": 2.0, "F": 0.23651068236632697, "pvalue": 0.7922659731611245, "tukey_hsd": {"groups": ["A12", "B1-8", "PBS"], "pvalues": [[1.0, 0.7849928352545439, 0.8841450603208958], [0.7849928352545439, 1.0, 0.979556204611143], [0.8841450603208958, 0.979556204611143, 1.0]]}}, "Ig_treated": {"sum_sq": 2.954383270057395, "df": 1.0, "F": 0.027255316057328303, "pvalue": 0.8709395365250652}, "A12_treated": {"sum_sq": 48.897756948364496, "df": 1.0, "F": 0.4633754840516459, "pvalue": 0.5057831241747384}, "TMT": {"sum_sq": 0.1178546720560525, "df": 1.0, "F": 0.0012489600724765744, "pvalue": 0.9723070777565826}, "Quant": {"sum_sq": 0.20743090646320503, "df": 1.0, "F": 0.0019106033588093662, "pvalue": 0.9656760734668104}}, "10": {"Mouse_ID": {}, "Treatment": {"sum_sq": 77.01109286829328, "df": 2.0, "F": 0.40101191661834656, "pvalue": 0.6766110705136644, "tukey_hsd": {"groups": ["A12", "B1-8", "PBS"], "pvalues": [[1.0, 0.7383121587335071, 0.7093264943996642], [0.7383121587335071, 1.0, 0.9986718404009568], [0.7093264943996642, 0.9986718404009568, 1.0]]}}, "Ig_treated": {"sum_sq": 23.019596850713373, "df": 1.0, "F": 0.2464780311316385, "pvalue": 0.6263173949141143}, "A12_treated": {"sum_sq": 76.77960135363948, "df": 1.0, "F": 0.8527834602737947, "pvalue": 0.3694837029159288}, "TMT": {"sum_sq": 26.793646309978588, "df": 1.0, "F": 0.37935731318377014, "pvalue": 0.5478311485334728}, "Quant": {"sum_sq": 0.1468297821886512, "df": 1.0, "F": 0.0015484509060629422, "pvalue": 0.9690978811331362}}}