{"1": {"Mouse_ID": {}, "Treatment": {"sum_sq": 116.90127777369005, "df": 2.0, "F": 0.07647894831858333, "pvalue": 0.9267312735502773, "tukey_hsd": {"groups": ["A12", "B1-8", "PBS"], "pvalues": [[1.0, 0.9967949128249597, 0.953606028531099], [0.9967949128249597, 1.0, 0.9275431080307118], [0.953606028531099, 0.9275431080307118, 1.0]]}}, "Ig_treated": {"sum_sq": 112.45012645882879, "df": 1.0, "F": 0.15688185855466655, "pvalue": 0.6972756582405064}, "A12_treated": {"sum_sq": 12.075668749074183, "df": 1.0, "F": 0.016700884962001977, "pvalue": 0.8987847701737324}, "TMT": {"sum_sq": 866.844459279337, "df": 1.0, "F": 1.1777366866901966, "pvalue": 0.29615166532200665}, "Quant": {"sum_sq": 6.173048239467433, "df": 1.0, "F": 0.008533092177332663, "pvalue": 0.9275470490226114}}, "2": {"Mouse_ID": {}, "Treatment": {"sum_sq": 3229.194108976734, "df": 2.0, "F": 4.531959726257917, "pvalue": 0.028869329920773706, "tukey_hsd": {"groups": ["A12", "B1-8", "PBS"], "pvalues": [[1.0, 0.0234137686596656, 0.20483810616699705], [0.0234137686596656, 1.0, 0.47357973801431974], [0.20483810616699705, 0.47357973801431974, 1.0]]}}, "Ig_treated": {"sum_sq": 42.62891454435167, "df": 1.0, "F": 0.07995481433378619, "pvalue": 0.7809840890853954}, "A12_treated": {"sum_sq": 2719.7673734163673, "df": 1.0, "F": 7.434279523351298, "pvalue": 0.01493529688555828}, "TMT": {"sum_sq": 7.532480561525031, "df": 1.0, "F": 0.013993508049537223, "pvalue": 0.9075150993193605}, "Quant": {"sum_sq": 1.0439384485650673, "df": 1.0, "F": 0.0019485128871688428, "pvalue": 0.9653374569423092}}, "3": {"Mouse_ID": {}, "Treatment": {"sum_sq": 995.2879110938807, "df": 2.0, "F": 1.44059838551811, "pvalue": 0.2677380372927301, "tukey_hsd": {"groups": ["A12", "B1-8", "PBS"], "pvalues": [[1.0, 0.3117827898971455, 0.9949118844692506], [0.3117827898971455, 1.0, 0.35627756148420664], [0.9949118844692506, 0.35627756148420664, 1.0]]}}, "Ig_treated": {"sum_sq": 201.64538138397705, "df": 1.0, "F": 0.539945545247095, "pvalue": 0.4730886076274651}, "A12_treated": {"sum_sq": 299.19589751025904, "df": 1.0, "F": 0.8144529182738419, "pvalue": 0.3801928208016945}, "TMT": {"sum_sq": 1218.4483785656264, "df": 1.0, "F": 3.4889499530636536, "pvalue": 0.08285342866449164}, "Quant": {"sum_sq": 18.55902376516588, "df": 1.0, "F": 0.048218039913366074, "pvalue": 0.8289704819365954}}, "4": {"Mouse_ID": {}, "Treatment": {"sum_sq": 356.2481851889287, "df": 2.0, "F": 0.6234021867751236, "pvalue": 0.5494457379849985, "tukey_hsd": {"groups": ["A12", "B1-8", "PBS"], "pvalues": [[1.0, 0.5883914566863344, 0.9974064731889712], [0.5883914566863344, 1.0, 0.6298564869238941], [0.9974064731889712, 0.6298564869238941, 1.0]]}}, "Ig_treated": {"sum_sq": 70.80625730430552, "df": 1.0, "F": 0.24782468828613716, "pvalue": 0.625383456877846}, "A12_treated": {"sum_sq": 108.66393802314539, "df": 1.0, "F": 0.38350403493818813, "pvalue": 0.544451830768514}, "TMT": {"sum_sq": 574.4677495825201, "df": 1.0, "F": 2.0025341173814923, "pvalue": 0.1788939851199705}, "Quant": {"sum_sq": 682.0392136088071, "df": 1.0, "F": 2.755613656494662, "pvalue": 0.11638208831379315}}, "5": {"Mouse_ID": {}, "Treatment": {"sum_sq": 1317.5172921988785, "df": 2.0, "F": 6.595825346097523, "pvalue": 0.008806039932763694, "tukey_hsd": {"groups": ["A12", "B1-8", "PBS"], "pvalues": [[1.0, 0.43439717671212197, 0.08444133176316815], [0.43439717671212197, 1.0, 0.0072329912748525516], [0.08444133176316815, 0.0072329912748525516, 1.0]]}}, "Ig_treated": {"sum_sq": 1157.217422888389, "df": 1.0, "F": 11.164487543266779, "pvalue": 0.004142320850560625}, "A12_treated": {"sum_sq": 36.53280833899168, "df": 1.0, "F": 0.21032804024919138, "pvalue": 0.6526785168783841}, "TMT": {"sum_sq": 16.002352108695536, "df": 1.0, "F": 0.12725595727166325, "pvalue": 0.726613657722577}, "Quant": {"sum_sq": 1359.7048446558115, "df": 1.0, "F": 14.942439672593244, "pvalue": 0.0013696946578818114}}, "6": {"Mouse_ID": {}, "Treatment": {"sum_sq": 984.5011189485637, "df": 2.0, "F": 4.139406106930246, "pvalue": 0.037023571915658054, "tukey_hsd": {"groups": ["A12", "B1-8", "PBS"], "pvalues": [[1.0, 0.29814277078288376, 0.029381462753575227], [0.29814277078288376, 1.0, 0.40235808193257283], [0.029381462753575227, 0.40235808193257283, 1.0]]}}, "Ig_treated": {"sum_sq": 699.8892867410192, "df": 1.0, "F": 5.4139982210474535, "pvalue": 0.033433515392405036}, "A12_treated": {"sum_sq": 774.9510260971965, "df": 1.0, "F": 6.220376493357273, "pvalue": 0.02395835547636031}, "TMT": {"sum_sq": 3.9895385200856737, "df": 1.0, "F": 0.022860917323770026, "pvalue": 0.881976356503997}, "Quant": {"sum_sq": 538.2117046212379, "df": 1.0, "F": 3.861501593449954, "pvalue": 0.06701356103538568}}, "7": {"Mouse_ID": {}, "Treatment": {"sum_sq": 130.21210368446077, "df": 2.0, "F": 0.47768603255678943, "pvalue": 0.6293357788349566, "tukey_hsd": {"groups": ["A12", "B1-8", "PBS"], "pvalues": [[1.0, 0.6968643379625248, 0.6661919572424164], [0.6968643379625248, 1.0, 0.9985679784508164], [0.6661919572424164, 0.9985679784508164, 1.0]]}}, "Ig_treated": {"sum_sq": 38.60440918410352, "df": 1.0, "F": 0.2891678837800127, "pvalue": 0.598155028374184}, "A12_treated": {"sum_sq": 129.8578022131867, "df": 1.0, "F": 1.0161146141447694, "pvalue": 0.32844466889220025}, "TMT": {"sum_sq": 7.218588806859723, "df": 1.0, "F": 0.052536526448779715, "pvalue": 0.8220215240034596}, "Quant": {"sum_sq": 171.2946963759327, "df": 1.0, "F": 1.368074804278648, "pvalue": 0.2592724217186809}}, "8": {"Mouse_ID": {}, "Treatment": {"sum_sq": 109.3842459817442, "df": 2.0, "F": 0.43969598974753354, "pvalue": 0.6522745338170871, "tukey_hsd": {"groups": ["A12", "B1-8", "PBS"], "pvalues": [[1.0, 0.7088321498888485, 0.9996790746584471], [0.7088321498888485, 1.0, 0.6944189015599607], [0.9996790746584471, 0.6944189015599607, 1.0]]}}, "Ig_treated": {"sum_sq": 29.818884607881046, "df": 1.0, "F": 0.2452515085580541, "pvalue": 0.6271708136536362}, "A12_treated": {"sum_sq": 24.945656150242296, "df": 1.0, "F": 0.20465796624584956, "pvalue": 0.6570604181092344}, "TMT": {"sum_sq": 76.67405746128507, "df": 1.0, "F": 0.6962076385712856, "pvalue": 0.4180715189961458}, "Quant": {"sum_sq": 80.91317680208849, "df": 1.0, "F": 0.6834372379322694, "pvalue": 0.4205638822484806}}, "9": {"Mouse_ID": {}, "Treatment": {"sum_sq": 53.110501182500556, "df": 2.0, "F": 0.23651068236632528, "pvalue": 0.7922659731611258, "tukey_hsd": {"groups": ["A12", "B1-8", "PBS"], "pvalues": [[1.0, 0.7849928352545448, 0.8841450603208981], [0.7849928352545448, 1.0, 0.9795562046111422], [0.8841450603208981, 0.9795562046111422, 1.0]]}}, "Ig_treated": {"sum_sq": 2.95438327005722, "df": 1.0, "F": 0.027255316057326607, "pvalue": 0.8709395365250652}, "A12_treated": {"sum_sq": 48.8977569483641, "df": 1.0, "F": 0.4633754840516407, "pvalue": 0.5057831241747399}, "TMT": {"sum_sq": 0.11785467205602221, "df": 1.0, "F": 0.0012489600724762478, "pvalue": 0.9723070777565826}, "Quant": {"sum_sq": 0.2074309064632469, "df": 1.0, "F": 0.0019106033588097463, "pvalue": 0.9656760734668104}}, "10": {"Mouse_ID": {}, "Treatment": {"sum_sq": 77.01109286829569, "df": 2.0, "F": 0.40101191661836005, "pvalue": 0.6766110705136554, "tukey_hsd": {"groups": ["A12", "B1-8", "PBS"], "pvalues": [[1.0, 0.7383121587335006, 0.7093264943996556], [0.7383121587335006, 1.0, 0.9986718404009566], [0.7093264943996556, 0.9986718404009566, 1.0]]}}, "Ig_treated": {"sum_sq": 23.019596850714297, "df": 1.0, "F": 0.24647803113164876, "pvalue": 0.6263173949141065}, "A12_treated": {"sum_sq": 76.77960135364187, "df": 1.0, "F": 0.8527834602738235, "pvalue": 0.36948370291592064}, "TMT": {"sum_sq": 26.793646309978442, "df": 1.0, "F": 0.3793573131837683, "pvalue": 0.5478311485334737}, "Quant": {"sum_sq": 0.14682978218872025, "df": 1.0, "F": 0.001548450906063672, "pvalue": 0.9690978811331362}}}