{"1": {"Mouse_ID": {}, "Treatment": {"sum_sq": 122.59489212471281, "df": 2.0, "F": 0.07944744827228599, "pvalue": 0.924012570158743, "tukey_hsd": {"groups": ["A12", "B1-8", "PBS"], "pvalues": [[1.0, 0.9983665918693413, 0.9470463697322539], [0.9983665918693413, 1.0, 0.9279715799920364], [0.9470463697322539, 0.9279715799920364, 1.0]]}}, "Ig_treated": {"sum_sq": 120.30691471221566, "df": 1.0, "F": 0.16629187720109664, "pvalue": 0.6888331078377162}, "A12_treated": {"sum_sq": 17.42453065659376, "df": 1.0, "F": 0.0238725384507007, "pvalue": 0.8791418676522841}, "Batch": {"sum_sq": 854.5478972678875, "df": 1.0, "F": 1.1472603788340485, "pvalue": 0.30224181724629}, "Quant": {"sum_sq": 5.903176656967853, "df": 1.0, "F": 0.008079696521715113, "pvalue": 0.9294925185571803}}, "2": {"Mouse_ID": {}, "Treatment": {"sum_sq": 3280.293343162356, "df": 2.0, "F": 4.616392312378196, "pvalue": 0.02739425693561569, "tukey_hsd": {"groups": ["A12", "B1-8", "PBS"], "pvalues": [[1.0, 0.022195515899410934, 0.19833871123234403], [0.022195515899410934, 1.0, 0.4696904530501571], [0.19833871123234403, 0.4696904530501571, 1.0]]}}, "Ig_treated": {"sum_sq": 44.425700150940116, "df": 1.0, "F": 0.08298846491020681, "pvalue": 0.7769859165043438}, "A12_treated": {"sum_sq": 2766.3617891007143, "df": 1.0, "F": 7.5748648509975105, "pvalue": 0.01416845684563505}, "Batch": {"sum_sq": 8.173367621487774, "df": 1.0, "F": 0.015132262839441113, "pvalue": 0.9038451052891996}, "Quant": {"sum_sq": 1.498553976668047, "df": 1.0, "F": 0.002785381399258976, "pvalue": 0.9585631452365235}}, "3": {"Mouse_ID": {}, "Treatment": {"sum_sq": 975.6924711168407, "df": 2.0, "F": 1.4030278846373838, "pvalue": 0.27632900510583497, "tukey_hsd": {"groups": ["A12", "B1-8", "PBS"], "pvalues": [[1.0, 0.3270288500794376, 0.9977176038725244], [0.3270288500794376, 1.0, 0.3572876348337114], [0.9977176038725244, 0.3572876348337114, 1.0]]}}, "Ig_treated": {"sum_sq": 212.1913071724487, "df": 1.0, "F": 0.567817137350385, "pvalue": 0.4620730927182013}, "A12_treated": {"sum_sq": 277.0962585653985, "df": 1.0, "F": 0.7496381969808141, "pvalue": 0.3993878516716921}, "Batch": {"sum_sq": 1216.0869734206312, "df": 1.0, "F": 3.468812866477816, "pvalue": 0.08365427478738732}, "Quant": {"sum_sq": 21.267721596853445, "df": 1.0, "F": 0.05515069223076207, "pvalue": 0.8173105267785026}}, "4": {"Mouse_ID": {}, "Treatment": {"sum_sq": 359.2049524923604, "df": 2.0, "F": 0.6219614665509886, "pvalue": 0.5501771383653836, "tukey_hsd": {"groups": ["A12", "B1-8", "PBS"], "pvalues": [[1.0, 0.5850452127393315, 0.9961362701224797], [0.5850452127393315, 1.0, 0.6356734021180575], [0.9961362701224797, 0.6356734021180575, 1.0]]}}, "Ig_treated": {"sum_sq": 67.50627580614564, "df": 1.0, "F": 0.2336253181529404, "pvalue": 0.6353965262012957}, "A12_treated": {"sum_sq": 114.12437151228433, "df": 1.0, "F": 0.39898409359015, "pvalue": 0.5365354952578336}, "Batch": {"sum_sq": 584.2742593711718, "df": 1.0, "F": 2.0180450860886543, "pvalue": 0.17732672805750033}, "Quant": {"sum_sq": 675.8424296696647, "df": 1.0, "F": 2.6933502595494483, "pvalue": 0.12027514607627718}}, "5": {"Mouse_ID": {}, "Treatment": {"sum_sq": 1797.661497106545, "df": 2.0, "F": 12.777086242184769, "pvalue": 0.0005759938722496044, "tukey_hsd": {"groups": ["A12", "B1-8", "PBS"], "pvalues": [[1.0, 0.8451834673841108, 0.0026992975678477027], [0.8451834673841108, 1.0, 0.0008991406399669888], [0.0026992975678477027, 0.0008991406399669888, 1.0]]}}, "Ig_treated": {"sum_sq": 1775.941636123303, "df": 1.0, "F": 26.385344317214766, "pvalue": 9.944657670982078e-05}, "A12_treated": {"sum_sq": 290.18737430812314, "df": 1.0, "F": 1.8117741262794005, "pvalue": 0.19705850472042166}, "Batch": {"sum_sq": 19.307006162587808, "df": 1.0, "F": 0.12476717048411125, "pvalue": 0.7291826526278302}, "Quant": {"sum_sq": 1909.4127435134596, "df": 1.0, "F": 32.38162271549452, "pvalue": 3.346077641310358e-05}}, "6": {"Mouse_ID": {}, "Treatment": {"sum_sq": 550.4572769197227, "df": 2.0, "F": 1.8322235485620584, "pvalue": 0.19412030895515742, "tukey_hsd": {"groups": ["A12", "B1-8", "PBS"], "pvalues": [[1.0, 0.23625165438070295, 0.27276099467020654], [0.23625165438070295, 1.0, 0.9949963502002772], [0.27276099467020654, 0.9949963502002772, 1.0]]}}, "Ig_treated": {"sum_sq": 114.56944824826913, "df": 1.0, "F": 0.681676342360619, "pvalue": 0.42115080455710097}, "A12_treated": {"sum_sq": 549.0900682124891, "df": 1.0, "F": 3.896670747955525, "pvalue": 0.06590544740628601}, "Batch": {"sum_sq": 0.6274106091227797, "df": 1.0, "F": 0.004169988166136856, "pvalue": 0.9494250454931222}, "Quant": {"sum_sq": 43.46204390562806, "df": 1.0, "F": 0.2519328944461211, "pvalue": 0.6225539267226556}}, "7": {"Mouse_ID": {}, "Treatment": {"sum_sq": 120.46630308213467, "df": 2.0, "F": 0.4401282843407208, "pvalue": 0.6520082362944821, "tukey_hsd": {"groups": ["A12", "B1-8", "PBS"], "pvalues": [[1.0, 0.7264191577346387, 0.6792586249843855], [0.7264191577346387, 1.0, 0.9965621200868828], [0.6792586249843855, 0.9965621200868828, 1.0]]}}, "Ig_treated": {"sum_sq": 39.30223539898415, "df": 1.0, "F": 0.2946790356174879, "pvalue": 0.59471947057216}, "A12_treated": {"sum_sq": 119.61125593713086, "df": 1.0, "F": 0.9318877623020846, "pvalue": 0.3487381672111807}, "Batch": {"sum_sq": 3.692841316180967, "df": 1.0, "F": 0.026905638296356275, "pvalue": 0.8720525580689384}, "Quant": {"sum_sq": 164.5566559594744, "df": 1.0, "F": 1.3107423207553206, "pvalue": 0.2690981312835587}}, "8": {"Mouse_ID": {}, "Treatment": {"sum_sq": 131.41312097304137, "df": 2.0, "F": 0.531231927664779, "pvalue": 0.5985400525069466, "tukey_hsd": {"groups": ["A12", "B1-8", "PBS"], "pvalues": [[1.0, 0.649081012233331, 0.999906174107606], [0.649081012233331, 1.0, 0.6569752914817146], [0.999906174107606, 0.6569752914817146, 1.0]]}}, "Ig_treated": {"sum_sq": 31.42353149366535, "df": 1.0, "F": 0.2571356496267558, "pvalue": 0.619012061438176}, "A12_treated": {"sum_sq": 34.304079365231765, "df": 1.0, "F": 0.28112103608321687, "pvalue": 0.6032486462012998}, "Batch": {"sum_sq": 72.34321072055839, "df": 1.0, "F": 0.6270046302722626, "pvalue": 0.441666879532306}, "Quant": {"sum_sq": 77.52950223184888, "df": 1.0, "F": 0.649737071535353, "pvalue": 0.4320245962803385}}, "9": {"Mouse_ID": {}, "Treatment": {"sum_sq": 50.43419655519027, "df": 2.0, "F": 0.22503906716348662, "pvalue": 0.8011324850717252, "tukey_hsd": {"groups": ["A12", "B1-8", "PBS"], "pvalues": [[1.0, 0.7999669712583353, 0.8765184857614589], [0.7999669712583353, 1.0, 0.987667846931045], [0.8765184857614589, 0.987667846931045, 1.0]]}}, "Ig_treated": {"sum_sq": 4.346831823629677, "df": 1.0, "F": 0.04027325465151258, "pvalue": 0.8434760335782945}, "A12_treated": {"sum_sq": 47.90990329663455, "df": 1.0, "F": 0.4553707098676393, "pvalue": 0.5094298874914602}, "Batch": {"sum_sq": 0.6305101013870322, "df": 1.0, "F": 0.006941860128033034, "pvalue": 0.9347784261098268}, "Quant": {"sum_sq": 0.964383344210699, "df": 1.0, "F": 0.008917513918317313, "pvalue": 0.9259380333954594}}, "10": {"Mouse_ID": {}, "Treatment": {"sum_sq": 77.34373397854839, "df": 2.0, "F": 0.40703615648529645, "pvalue": 0.6727543896850184, "tukey_hsd": {"groups": ["A12", "B1-8", "PBS"], "pvalues": [[1.0, 0.7393604426336244, 0.7022071651682154], [0.7393604426336244, 1.0, 0.9978260242610533], [0.7022071651682154, 0.9978260242610533, 1.0]]}}, "Ig_treated": {"sum_sq": 24.17677568844682, "df": 1.0, "F": 0.2616722776755014, "pvalue": 0.615960591685965}, "A12_treated": {"sum_sq": 76.96863514948028, "df": 1.0, "F": 0.8639051551137116, "pvalue": 0.36645981222830426}, "Batch": {"sum_sq": 14.85041170549223, "df": 1.0, "F": 0.2115658891682812, "pvalue": 0.652604994033535}, "Quant": {"sum_sq": 0.4590862709842983, "df": 1.0, "F": 0.00489036346087991, "pvalue": 0.9451150539770181}}}