{"1": {"Mouse_ID": {}, "Treatment": {"sum_sq": 116.90127777369058, "df": 2.0, "F": 0.07647894831858344, "pvalue": 0.9267312735502773, "tukey_hsd": {"groups": ["A12", "B1-8", "PBS"], "pvalues": [[1.0, 0.9967949128249595, 0.9536060285310993], [0.9967949128249595, 1.0, 0.9275431080307114], [0.9536060285310993, 0.9275431080307114, 1.0]]}}, "Ig_treated": {"sum_sq": 112.45012645882906, "df": 1.0, "F": 0.15688185855466644, "pvalue": 0.6972756582405064}, "A12_treated": {"sum_sq": 12.075668749073776, "df": 1.0, "F": 0.016700884962001367, "pvalue": 0.8987847701737324}, "TMT": {"sum_sq": 866.8444592793402, "df": 1.0, "F": 1.1777366866901975, "pvalue": 0.29615166532200626}, "Quant": {"sum_sq": 6.173048239467434, "df": 1.0, "F": 0.008533092177332637, "pvalue": 0.9275470490226114}}, "2": {"Mouse_ID": {}, "Treatment": {"sum_sq": 3229.19410897674, "df": 2.0, "F": 4.531959726257934, "pvalue": 0.028869329920773398, "tukey_hsd": {"groups": ["A12", "B1-8", "PBS"], "pvalues": [[1.0, 0.02341376865966538, 0.20483810616699638], [0.02341376865966538, 1.0, 0.47357973801431774], [0.20483810616699638, 0.47357973801431774, 1.0]]}}, "Ig_treated": {"sum_sq": 42.62891454435148, "df": 1.0, "F": 0.07995481433378585, "pvalue": 0.7809840890853954}, "A12_treated": {"sum_sq": 2719.767373416371, "df": 1.0, "F": 7.434279523351318, "pvalue": 0.014935296885558176}, "TMT": {"sum_sq": 7.532480561525127, "df": 1.0, "F": 0.013993508049537402, "pvalue": 0.9075150993193605}, "Quant": {"sum_sq": 1.0439384485649505, "df": 1.0, "F": 0.0019485128871686258, "pvalue": 0.9653374569423092}}, "3": {"Mouse_ID": {}, "Treatment": {"sum_sq": 995.2879110938828, "df": 2.0, "F": 1.440598385518114, "pvalue": 0.26773803729272905, "tukey_hsd": {"groups": ["A12", "B1-8", "PBS"], "pvalues": [[1.0, 0.3117827898971449, 0.9949118844692508], [0.3117827898971449, 1.0, 0.3562775614842053], [0.9949118844692508, 0.3562775614842053, 1.0]]}}, "Ig_treated": {"sum_sq": 201.6453813839784, "df": 1.0, "F": 0.5399455452470989, "pvalue": 0.4730886076274635}, "A12_treated": {"sum_sq": 299.1958975102584, "df": 1.0, "F": 0.8144529182738404, "pvalue": 0.3801928208016945}, "TMT": {"sum_sq": 1218.4483785656212, "df": 1.0, "F": 3.488949953063636, "pvalue": 0.08285342866449233}, "Quant": {"sum_sq": 18.559023765166703, "df": 1.0, "F": 0.04821803991336824, "pvalue": 0.8289704819365892}}, "4": {"Mouse_ID": {}, "Treatment": {"sum_sq": 356.2481851889239, "df": 2.0, "F": 0.6234021867751163, "pvalue": 0.549445737985002, "tukey_hsd": {"groups": ["A12", "B1-8", "PBS"], "pvalues": [[1.0, 0.58839145668634, 0.9974064731889718], [0.58839145668634, 1.0, 0.629856486923895], [0.9974064731889718, 0.629856486923895, 1.0]]}}, "Ig_treated": {"sum_sq": 70.80625730430636, "df": 1.0, "F": 0.2478246882861408, "pvalue": 0.6253834568778435}, "A12_treated": {"sum_sq": 108.66393802314175, "df": 1.0, "F": 0.383504034938176, "pvalue": 0.5444518307685198}, "TMT": {"sum_sq": 574.4677495825223, "df": 1.0, "F": 2.0025341173815066, "pvalue": 0.17889398511996904}, "Quant": {"sum_sq": 682.0392136088097, "df": 1.0, "F": 2.755613656494683, "pvalue": 0.11638208831379193}}, "5": {"Mouse_ID": {}, "Treatment": {"sum_sq": 1317.5172921989613, "df": 2.0, "F": 6.595825346098323, "pvalue": 0.00880603993275996, "tukey_hsd": {"groups": ["A12", "B1-8", "PBS"], "pvalues": [[1.0, 0.43439717671216105, 0.08444133176312785], [0.43439717671216105, 1.0, 0.007232991274849776], [0.08444133176312785, 0.007232991274849776, 1.0]]}}, "Ig_treated": {"sum_sq": 1157.2174228884996, "df": 1.0, "F": 11.164487543268624, "pvalue": 0.004142320850558216}, "A12_treated": {"sum_sq": 36.532808339012945, "df": 1.0, "F": 0.21032804024931578, "pvalue": 0.652678516878289}, "TMT": {"sum_sq": 16.002352108696634, "df": 1.0, "F": 0.12725595727166922, "pvalue": 0.7266136577225706}, "Quant": {"sum_sq": 1359.7048446559152, "df": 1.0, "F": 14.942439672595507, "pvalue": 0.0013696946578809679}}, "6": {"Mouse_ID": {}, "Treatment": {"sum_sq": 984.501118948483, "df": 2.0, "F": 4.139406106929715, "pvalue": 0.03702357191567068, "tukey_hsd": {"groups": ["A12", "B1-8", "PBS"], "pvalues": [[1.0, 0.29814277078286666, 0.029381462753585996], [0.29814277078286666, 1.0, 0.40235808193269296], [0.029381462753585996, 0.40235808193269296, 1.0]]}}, "Ig_treated": {"sum_sq": 699.8892867409106, "df": 1.0, "F": 5.413998221046325, "pvalue": 0.033433515392421044}, "A12_treated": {"sum_sq": 774.9510260971794, "df": 1.0, "F": 6.220376493357076, "pvalue": 0.0239583554763622}, "TMT": {"sum_sq": 3.9895385200846376, "df": 1.0, "F": 0.02286091732376447, "pvalue": 0.881976356504009}, "Quant": {"sum_sq": 538.2117046211328, "df": 1.0, "F": 3.8615015934490144, "pvalue": 0.06701356103541563}}, "7": {"Mouse_ID": {}, "Treatment": {"sum_sq": 130.21210368446052, "df": 2.0, "F": 0.47768603255678754, "pvalue": 0.6293357788349577, "tukey_hsd": {"groups": ["A12", "B1-8", "PBS"], "pvalues": [[1.0, 0.6968643379625227, 0.6661919572424202], [0.6968643379625227, 1.0, 0.9985679784508169], [0.6661919572424202, 0.9985679784508169, 1.0]]}}, "Ig_treated": {"sum_sq": 38.60440918410231, "df": 1.0, "F": 0.2891678837800029, "pvalue": 0.5981550283741908}, "A12_treated": {"sum_sq": 129.85780221318663, "df": 1.0, "F": 1.0161146141447668, "pvalue": 0.32844466889220114}, "TMT": {"sum_sq": 7.218588806859904, "df": 1.0, "F": 0.05253652644878091, "pvalue": 0.822021524003457}, "Quant": {"sum_sq": 171.29469637593195, "df": 1.0, "F": 1.3680748042786386, "pvalue": 0.2592724217186825}}, "8": {"Mouse_ID": {}, "Treatment": {"sum_sq": 109.3842459817437, "df": 2.0, "F": 0.43969598974753166, "pvalue": 0.6522745338170882, "tukey_hsd": {"groups": ["A12", "B1-8", "PBS"], "pvalues": [[1.0, 0.7088321498888507, 0.999679074658447], [0.7088321498888507, 1.0, 0.6944189015599609], [0.999679074658447, 0.6944189015599609, 1.0]]}}, "Ig_treated": {"sum_sq": 29.818884607881195, "df": 1.0, "F": 0.24525150855805547, "pvalue": 0.6271708136536362}, "A12_treated": {"sum_sq": 24.945656150241863, "df": 1.0, "F": 0.20465796624584606, "pvalue": 0.6570604181092372}, "TMT": {"sum_sq": 76.67405746128529, "df": 1.0, "F": 0.6962076385712893, "pvalue": 0.4180715189961447}, "Quant": {"sum_sq": 80.91317680208749, "df": 1.0, "F": 0.6834372379322609, "pvalue": 0.4205638822484845}}, "9": {"Mouse_ID": {}, "Treatment": {"sum_sq": 53.11050118250047, "df": 2.0, "F": 0.2365106823663251, "pvalue": 0.7922659731611258, "tukey_hsd": {"groups": ["A12", "B1-8", "PBS"], "pvalues": [[1.0, 0.7849928352545449, 0.8841450603208989], [0.7849928352545449, 1.0, 0.9795562046111419], [0.8841450603208989, 0.9795562046111419, 1.0]]}}, "Ig_treated": {"sum_sq": 2.954383270057147, "df": 1.0, "F": 0.027255316057325958, "pvalue": 0.8709395365250736}, "A12_treated": {"sum_sq": 48.89775694836393, "df": 1.0, "F": 0.4633754840516396, "pvalue": 0.5057831241747417}, "TMT": {"sum_sq": 0.11785467205601133, "df": 1.0, "F": 0.0012489600724761326, "pvalue": 0.9723070777565826}, "Quant": {"sum_sq": 0.2074309064631898, "df": 1.0, "F": 0.0019106033588092224, "pvalue": 0.9656760734668104}}, "10": {"Mouse_ID": {}, "Treatment": {"sum_sq": 77.01109286829457, "df": 2.0, "F": 0.4010119166183537, "pvalue": 0.6766110705136597, "tukey_hsd": {"groups": ["A12", "B1-8", "PBS"], "pvalues": [[1.0, 0.7383121587335038, 0.7093264943996597], [0.7383121587335038, 1.0, 0.9986718404009567], [0.7093264943996597, 0.9986718404009567, 1.0]]}}, "Ig_treated": {"sum_sq": 23.01959685071386, "df": 1.0, "F": 0.24647803113164396, "pvalue": 0.6263173949141092}, "A12_treated": {"sum_sq": 76.77960135364074, "df": 1.0, "F": 0.8527834602738099, "pvalue": 0.3694837029159251}, "TMT": {"sum_sq": 26.793646309978755, "df": 1.0, "F": 0.37935731318377197, "pvalue": 0.5478311485334711}, "Quant": {"sum_sq": 0.146829782188669, "df": 1.0, "F": 0.001548450906063131, "pvalue": 0.9690978811331362}}}