{"1": {"sample": {}, "condition": {"sum_sq": 169.5580620895595, "df": 1.0, "F": 2.2138618722428904, "pvalue": 0.15895128715358292}}, "2": {"sample": {}, "condition": {"sum_sq": 2.890386452372582, "df": 1.0, "F": 0.07597525376232582, "pvalue": 0.7868542523528058}}, "3": {"sample": {}, "condition": {"sum_sq": 46.451664144808085, "df": 1.0, "F": 1.732364585973968, "pvalue": 0.20925274015598216}}, "4": {"sample": {}, "condition": {"sum_sq": 7.329495218731663, "df": 1.0, "F": 0.3031238929319158, "pvalue": 0.5906082223897257}}, "5": {"sample": {}, "condition": {"sum_sq": 48.902318750696914, "df": 1.0, "F": 2.834340268088433, "pvalue": 0.1144247090612434}}, "6": {"sample": {}, "condition": {"sum_sq": 3.3428011733942213, "df": 1.0, "F": 0.1841221405379512, "pvalue": 0.6743839951964132}}, "7": {"sample": {}, "condition": {"sum_sq": 37.21886142561679, "df": 1.0, "F": 3.9597104040130353, "pvalue": 0.06649993091062514}}, "8": {"sample": {}, "condition": {"sum_sq": 14.699488107141022, "df": 1.0, "F": 1.5978914884850952, "pvalue": 0.22684397403653084}}, "9": {"sample": {}, "condition": {"sum_sq": 2.0183854492210496, "df": 1.0, "F": 0.2225871476066549, "pvalue": 0.6443444212120542}}, "10": {"sample": {}, "condition": {"sum_sq": 1.8844612819634292, "df": 1.0, "F": 0.23142554253365452, "pvalue": 0.6379005196085195}}}