{"1": {"Mouse_ID": {}, "Treatment": {"sum_sq": 122.59489212471259, "df": 2.0, "F": 0.0794474482722859, "pvalue": 0.924012570158743, "tukey_hsd": {"groups": ["A12", "B1-8", "PBS"], "pvalues": [[1.0, 0.9983665918693412, 0.9470463697322544], [0.9983665918693412, 1.0, 0.927971579992036], [0.9470463697322544, 0.927971579992036, 1.0]]}}, "Ig_treated": {"sum_sq": 120.3069147122152, "df": 1.0, "F": 0.1662918772010962, "pvalue": 0.6888331078377162}, "A12_treated": {"sum_sq": 17.42453065659324, "df": 1.0, "F": 0.023872538450700014, "pvalue": 0.8791418676522841}, "Batch": {"sum_sq": 854.5478972678872, "df": 1.0, "F": 1.1472603788340494, "pvalue": 0.3022418172462896}, "Quant": {"sum_sq": 5.903176656967832, "df": 1.0, "F": 0.008079696521715092, "pvalue": 0.9294925185571803}}, "2": {"Mouse_ID": {}, "Treatment": {"sum_sq": 3280.293343162351, "df": 2.0, "F": 4.616392312378176, "pvalue": 0.027394256935616024, "tukey_hsd": {"groups": ["A12", "B1-8", "PBS"], "pvalues": [[1.0, 0.022195515899411156, 0.1983387112323447], [0.022195515899411156, 1.0, 0.46969045305015966], [0.1983387112323447, 0.46969045305015966, 1.0]]}}, "Ig_treated": {"sum_sq": 44.42570015094066, "df": 1.0, "F": 0.08298846491020773, "pvalue": 0.7769859165043438}, "A12_treated": {"sum_sq": 2766.361789100713, "df": 1.0, "F": 7.574864850997494, "pvalue": 0.01416845684563513}, "Batch": {"sum_sq": 8.173367621488016, "df": 1.0, "F": 0.01513226283944154, "pvalue": 0.9038451052891947}, "Quant": {"sum_sq": 1.4985539766681406, "df": 1.0, "F": 0.0027853813992591465, "pvalue": 0.9585631452365235}}, "3": {"Mouse_ID": {}, "Treatment": {"sum_sq": 975.6924711168427, "df": 2.0, "F": 1.4030278846373954, "pvalue": 0.2763290051058322, "tukey_hsd": {"groups": ["A12", "B1-8", "PBS"], "pvalues": [[1.0, 0.3270288500794356, 0.9977176038725244], [0.3270288500794356, 1.0, 0.3572876348337086], [0.9977176038725244, 0.3572876348337086, 1.0]]}}, "Ig_treated": {"sum_sq": 212.19130717244903, "df": 1.0, "F": 0.5678171373503887, "pvalue": 0.46207309271819974}, "A12_treated": {"sum_sq": 277.0962585653987, "df": 1.0, "F": 0.7496381969808186, "pvalue": 0.3993878516716909}, "Batch": {"sum_sq": 1216.0869734206208, "df": 1.0, "F": 3.468812866477801, "pvalue": 0.08365427478738788}, "Quant": {"sum_sq": 21.267721596854365, "df": 1.0, "F": 0.055150692230764735, "pvalue": 0.8173105267784967}}, "4": {"Mouse_ID": {}, "Treatment": {"sum_sq": 359.20495249235825, "df": 2.0, "F": 0.6219614665509855, "pvalue": 0.5501771383653851, "tukey_hsd": {"groups": ["A12", "B1-8", "PBS"], "pvalues": [[1.0, 0.5850452127393331, 0.9961362701224798], [0.5850452127393331, 1.0, 0.6356734021180583], [0.9961362701224798, 0.6356734021180583, 1.0]]}}, "Ig_treated": {"sum_sq": 67.50627580614552, "df": 1.0, "F": 0.23362531815294033, "pvalue": 0.6353965262012957}, "A12_treated": {"sum_sq": 114.1243715122834, "df": 1.0, "F": 0.3989840935901473, "pvalue": 0.5365354952578354}, "Batch": {"sum_sq": 584.2742593711743, "df": 1.0, "F": 2.0180450860886676, "pvalue": 0.17732672805749888}, "Quant": {"sum_sq": 675.8424296696645, "df": 1.0, "F": 2.693350259549452, "pvalue": 0.12027514607627687}}, "5": {"Mouse_ID": {}, "Treatment": {"sum_sq": 1797.6614971065746, "df": 2.0, "F": 12.77708624218536, "pvalue": 0.000575993872249478, "tukey_hsd": {"groups": ["A12", "B1-8", "PBS"], "pvalues": [[1.0, 0.8451834673841614, 0.0026992975678465925], [0.8451834673841614, 1.0, 0.0008991406399668778], [0.0026992975678465925, 0.0008991406399668778, 1.0]]}}, "Ig_treated": {"sum_sq": 1775.941636123341, "df": 1.0, "F": 26.385344317216305, "pvalue": 9.944657670979093e-05}, "A12_treated": {"sum_sq": 290.1873743081574, "df": 1.0, "F": 1.8117741262796403, "pvalue": 0.1970585047203933}, "Batch": {"sum_sq": 19.307006162588163, "df": 1.0, "F": 0.12476717048411112, "pvalue": 0.7291826526278302}, "Quant": {"sum_sq": 1909.4127435134853, "df": 1.0, "F": 32.38162271549593, "pvalue": 3.3460776413095594e-05}}, "6": {"Mouse_ID": {}, "Treatment": {"sum_sq": 550.4572769196959, "df": 2.0, "F": 1.8322235485619487, "pvalue": 0.19412030895517451, "tukey_hsd": {"groups": ["A12", "B1-8", "PBS"], "pvalues": [[1.0, 0.2362516543807005, 0.27276099467025405], [0.2362516543807005, 1.0, 0.9949963502002641], [0.27276099467025405, 0.9949963502002641, 1.0]]}}, "Ig_treated": {"sum_sq": 114.56944824823347, "df": 1.0, "F": 0.6816763423603982, "pvalue": 0.42115080455717446}, "A12_treated": {"sum_sq": 549.0900682124583, "df": 1.0, "F": 3.8966707479552563, "pvalue": 0.06590544740629439}, "Batch": {"sum_sq": 0.6274106091224779, "df": 1.0, "F": 0.004169988166134932, "pvalue": 0.9494250454931317}, "Quant": {"sum_sq": 43.462043905605, "df": 1.0, "F": 0.25193289444598554, "pvalue": 0.6225539267227487}}, "7": {"Mouse_ID": {}, "Treatment": {"sum_sq": 120.46630308213375, "df": 2.0, "F": 0.4401282843407187, "pvalue": 0.6520082362944839, "tukey_hsd": {"groups": ["A12", "B1-8", "PBS"], "pvalues": [[1.0, 0.7264191577346372, 0.6792586249843888], [0.7264191577346372, 1.0, 0.9965621200868835], [0.6792586249843888, 0.9965621200868835, 1.0]]}}, "Ig_treated": {"sum_sq": 39.30223539898287, "df": 1.0, "F": 0.2946790356174791, "pvalue": 0.5947194705721657}, "A12_treated": {"sum_sq": 119.61125593713014, "df": 1.0, "F": 0.931887762302082, "pvalue": 0.3487381672111817}, "Batch": {"sum_sq": 3.692841316180957, "df": 1.0, "F": 0.026905638296356307, "pvalue": 0.8720525580689384}, "Quant": {"sum_sq": 164.55665595947158, "df": 1.0, "F": 1.3107423207553013, "pvalue": 0.2690981312835619}}, "8": {"Mouse_ID": {}, "Treatment": {"sum_sq": 131.41312097304146, "df": 2.0, "F": 0.5312319276647814, "pvalue": 0.5985400525069455, "tukey_hsd": {"groups": ["A12", "B1-8", "PBS"], "pvalues": [[1.0, 0.6490810122333299, 0.9999061741076061], [0.6490810122333299, 1.0, 0.6569752914817133], [0.9999061741076061, 0.6569752914817133, 1.0]]}}, "Ig_treated": {"sum_sq": 31.423531493665386, "df": 1.0, "F": 0.257135649626757, "pvalue": 0.6190120614381734}, "A12_treated": {"sum_sq": 34.30407936523179, "df": 1.0, "F": 0.2811210360832181, "pvalue": 0.6032486462012998}, "Batch": {"sum_sq": 72.3432107205576, "df": 1.0, "F": 0.6270046302722573, "pvalue": 0.4416668795323079}, "Quant": {"sum_sq": 77.5295022318484, "df": 1.0, "F": 0.6497370715353512, "pvalue": 0.4320245962803385}}, "9": {"Mouse_ID": {}, "Treatment": {"sum_sq": 50.43419655519001, "df": 2.0, "F": 0.22503906716348568, "pvalue": 0.801132485071726, "tukey_hsd": {"groups": ["A12", "B1-8", "PBS"], "pvalues": [[1.0, 0.7999669712583364, 0.8765184857614585], [0.7999669712583364, 1.0, 0.9876678469310455], [0.8765184857614585, 0.9876678469310455, 1.0]]}}, "Ig_treated": {"sum_sq": 4.346831823629741, "df": 1.0, "F": 0.040273254651513206, "pvalue": 0.8434760335782945}, "A12_treated": {"sum_sq": 47.90990329663438, "df": 1.0, "F": 0.455370709867638, "pvalue": 0.509429887491461}, "Batch": {"sum_sq": 0.630510101387007, "df": 1.0, "F": 0.006941860128032768, "pvalue": 0.9347784261098268}, "Quant": {"sum_sq": 0.9643833442107143, "df": 1.0, "F": 0.008917513918317462, "pvalue": 0.9259380333954594}}, "10": {"Mouse_ID": {}, "Treatment": {"sum_sq": 77.34373397854783, "df": 2.0, "F": 0.4070361564852936, "pvalue": 0.6727543896850197, "tukey_hsd": {"groups": ["A12", "B1-8", "PBS"], "pvalues": [[1.0, 0.7393604426336241, 0.7022071651682185], [0.7393604426336241, 1.0, 0.9978260242610537], [0.7022071651682185, 0.9978260242610537, 1.0]]}}, "Ig_treated": {"sum_sq": 24.176775688446213, "df": 1.0, "F": 0.2616722776754948, "pvalue": 0.6159605916859698}, "A12_treated": {"sum_sq": 76.9686351494798, "df": 1.0, "F": 0.8639051551137059, "pvalue": 0.36645981222830626}, "Batch": {"sum_sq": 14.850411705492252, "df": 1.0, "F": 0.21156588916828206, "pvalue": 0.6526049940335326}, "Quant": {"sum_sq": 0.4590862709842427, "df": 1.0, "F": 0.004890363460879321, "pvalue": 0.9451150539770181}}}