{"1": {"Mouse_ID": {}, "Treatment": {"sum_sq": 116.90127777368981, "df": 2.0, "F": 0.0764789483185831, "pvalue": 0.9267312735502773, "tukey_hsd": {"groups": ["A12", "B1-8", "PBS"], "pvalues": [[1.0, 0.9967949128249597, 0.953606028531099], [0.9967949128249597, 1.0, 0.9275431080307119], [0.953606028531099, 0.9275431080307119, 1.0]]}}, "Ig_treated": {"sum_sq": 112.45012645882869, "df": 1.0, "F": 0.15688185855466621, "pvalue": 0.6972756582405064}, "A12_treated": {"sum_sq": 12.075668749074136, "df": 1.0, "F": 0.01670088496200189, "pvalue": 0.8987847701737324}, "TMT": {"sum_sq": 866.8444592793384, "df": 1.0, "F": 1.177736686690197, "pvalue": 0.29615166532200626}, "Quant": {"sum_sq": 6.1730482394674935, "df": 1.0, "F": 0.008533092177332733, "pvalue": 0.9275470490226114}}, "2": {"Mouse_ID": {}, "Treatment": {"sum_sq": 3229.1941089767442, "df": 2.0, "F": 4.531959726257937, "pvalue": 0.02886932992077332, "tukey_hsd": {"groups": ["A12", "B1-8", "PBS"], "pvalues": [[1.0, 0.02341376865966538, 0.20483810616699705], [0.02341376865966538, 1.0, 0.4735797380143161], [0.20483810616699705, 0.4735797380143161, 1.0]]}}, "Ig_treated": {"sum_sq": 42.62891454435069, "df": 1.0, "F": 0.07995481433378432, "pvalue": 0.7809840890853954}, "A12_treated": {"sum_sq": 2719.7673734163723, "df": 1.0, "F": 7.434279523351312, "pvalue": 0.014935296885558218}, "TMT": {"sum_sq": 7.532480561524887, "df": 1.0, "F": 0.013993508049536947, "pvalue": 0.9075150993193605}, "Quant": {"sum_sq": 1.0439384485648264, "df": 1.0, "F": 0.0019485128871683927, "pvalue": 0.9653374569423092}}, "3": {"Mouse_ID": {}, "Treatment": {"sum_sq": 995.2879110938826, "df": 2.0, "F": 1.4405983855181113, "pvalue": 0.2677380372927298, "tukey_hsd": {"groups": ["A12", "B1-8", "PBS"], "pvalues": [[1.0, 0.3117827898971458, 0.9949118844692507], [0.3117827898971458, 1.0, 0.3562775614842064], [0.9949118844692507, 0.3562775614842064, 1.0]]}}, "Ig_treated": {"sum_sq": 201.64538138397793, "df": 1.0, "F": 0.5399455452470968, "pvalue": 0.4730886076274651}, "A12_treated": {"sum_sq": 299.19589751025853, "df": 1.0, "F": 0.8144529182738397, "pvalue": 0.3801928208016945}, "TMT": {"sum_sq": 1218.4483785656219, "df": 1.0, "F": 3.488949953063633, "pvalue": 0.08285342866449252}, "Quant": {"sum_sq": 18.55902376516645, "df": 1.0, "F": 0.048218039913367504, "pvalue": 0.8289704819365892}}, "4": {"Mouse_ID": {}, "Treatment": {"sum_sq": 356.24818518892346, "df": 2.0, "F": 0.6234021867751155, "pvalue": 0.549445737985003, "tukey_hsd": {"groups": ["A12", "B1-8", "PBS"], "pvalues": [[1.0, 0.5883914566863401, 0.9974064731889717], [0.5883914566863401, 1.0, 0.6298564869238955], [0.9974064731889717, 0.6298564869238955, 1.0]]}}, "Ig_treated": {"sum_sq": 70.80625730430609, "df": 1.0, "F": 0.24782468828613985, "pvalue": 0.6253834568778435}, "A12_treated": {"sum_sq": 108.66393802314184, "df": 1.0, "F": 0.38350403493817636, "pvalue": 0.5444518307685198}, "TMT": {"sum_sq": 574.467749582523, "df": 1.0, "F": 2.0025341173815105, "pvalue": 0.1788939851199686}, "Quant": {"sum_sq": 682.0392136088091, "df": 1.0, "F": 2.75561365649468, "pvalue": 0.11638208831379193}}, "5": {"Mouse_ID": {}, "Treatment": {"sum_sq": 1317.5172921989065, "df": 2.0, "F": 6.595825346097753, "pvalue": 0.008806039932762619, "tukey_hsd": {"groups": ["A12", "B1-8", "PBS"], "pvalues": [[1.0, 0.4343971767121313, 0.08444133176315693], [0.4343971767121313, 1.0, 0.007232991274851774], [0.08444133176315693, 0.007232991274851774, 1.0]]}}, "Ig_treated": {"sum_sq": 1157.217422888423, "df": 1.0, "F": 11.16448754326729, "pvalue": 0.0041423208505599555}, "A12_treated": {"sum_sq": 36.53280833899744, "df": 1.0, "F": 0.21032804024922444, "pvalue": 0.6526785168783603}, "TMT": {"sum_sq": 16.00235210869588, "df": 1.0, "F": 0.1272559572716649, "pvalue": 0.7266136577225754}, "Quant": {"sum_sq": 1359.7048446558401, "df": 1.0, "F": 14.942439672593785, "pvalue": 0.0013696946578816106}}, "6": {"Mouse_ID": {}, "Treatment": {"sum_sq": 984.5011189485434, "df": 2.0, "F": 4.139406106930093, "pvalue": 0.03702357191566173, "tukey_hsd": {"groups": ["A12", "B1-8", "PBS"], "pvalues": [[1.0, 0.29814277078288065, 0.029381462753578447], [0.29814277078288065, 1.0, 0.4023580819326056], [0.029381462753578447, 0.4023580819326056, 1.0]]}}, "Ig_treated": {"sum_sq": 699.8892867409907, "df": 1.0, "F": 5.4139982210471365, "pvalue": 0.03343351539240951}, "A12_treated": {"sum_sq": 774.9510260971919, "df": 1.0, "F": 6.220376493357198, "pvalue": 0.023958355476361045}, "TMT": {"sum_sq": 3.989538520085292, "df": 1.0, "F": 0.02286091732376789, "pvalue": 0.881976356504001}, "Quant": {"sum_sq": 538.2117046212071, "df": 1.0, "F": 3.861501593449666, "pvalue": 0.0670135610353948}}, "7": {"Mouse_ID": {}, "Treatment": {"sum_sq": 130.2121036844637, "df": 2.0, "F": 0.47768603255679887, "pvalue": 0.6293357788349516, "tukey_hsd": {"groups": ["A12", "B1-8", "PBS"], "pvalues": [[1.0, 0.6968643379625208, 0.6661919572424108], [0.6968643379625208, 1.0, 0.9985679784508162], [0.6661919572424108, 0.9985679784508162, 1.0]]}}, "Ig_treated": {"sum_sq": 38.604409184104675, "df": 1.0, "F": 0.28916788378002023, "pvalue": 0.5981550283741793}, "A12_treated": {"sum_sq": 129.85780221318961, "df": 1.0, "F": 1.0161146141447894, "pvalue": 0.32844466889219526}, "TMT": {"sum_sq": 7.21858880685991, "df": 1.0, "F": 0.052536526448780804, "pvalue": 0.822021524003457}, "Quant": {"sum_sq": 171.29469637593613, "df": 1.0, "F": 1.3680748042786717, "pvalue": 0.25927242171867737}}, "8": {"Mouse_ID": {}, "Treatment": {"sum_sq": 109.38424598174402, "df": 2.0, "F": 0.43969598974753177, "pvalue": 0.6522745338170882, "tukey_hsd": {"groups": ["A12", "B1-8", "PBS"], "pvalues": [[1.0, 0.7088321498888481, 0.9996790746584472], [0.7088321498888481, 1.0, 0.6944189015599631], [0.9996790746584472, 0.6944189015599631, 1.0]]}}, "Ig_treated": {"sum_sq": 29.818884607880456, "df": 1.0, "F": 0.24525150855804856, "pvalue": 0.6271708136536414}, "A12_treated": {"sum_sq": 24.94565615024273, "df": 1.0, "F": 0.20465796624585267, "pvalue": 0.6570604181092317}, "TMT": {"sum_sq": 76.67405746128604, "df": 1.0, "F": 0.696207638571293, "pvalue": 0.4180715189961435}, "Quant": {"sum_sq": 80.91317680208913, "df": 1.0, "F": 0.6834372379322733, "pvalue": 0.4205638822484794}}, "9": {"Mouse_ID": {}, "Treatment": {"sum_sq": 53.11050118250025, "df": 2.0, "F": 0.23651068236632364, "pvalue": 0.7922659731611271, "tukey_hsd": {"groups": ["A12", "B1-8", "PBS"], "pvalues": [[1.0, 0.7849928352545466, 0.8841450603208976], [0.7849928352545466, 1.0, 0.9795562046111432], [0.8841450603208976, 0.9795562046111432, 1.0]]}}, "Ig_treated": {"sum_sq": 2.9543832700573414, "df": 1.0, "F": 0.027255316057327703, "pvalue": 0.8709395365250652}, "A12_treated": {"sum_sq": 48.897756948363984, "df": 1.0, "F": 0.46337548405163914, "pvalue": 0.5057831241747417}, "TMT": {"sum_sq": 0.11785467205607487, "df": 1.0, "F": 0.0012489600724768057, "pvalue": 0.9723070777565826}, "Quant": {"sum_sq": 0.20743090646320195, "df": 1.0, "F": 0.0019106033588093306, "pvalue": 0.9656760734668104}}, "10": {"Mouse_ID": {}, "Treatment": {"sum_sq": 77.01109286829504, "df": 2.0, "F": 0.40101191661835534, "pvalue": 0.676611070513659, "tukey_hsd": {"groups": ["A12", "B1-8", "PBS"], "pvalues": [[1.0, 0.7383121587335021, 0.7093264943996591], [0.7383121587335021, 1.0, 0.9986718404009568], [0.7093264943996591, 0.9986718404009568, 1.0]]}}, "Ig_treated": {"sum_sq": 23.019596850713853, "df": 1.0, "F": 0.2464780311316433, "pvalue": 0.6263173949141092}, "A12_treated": {"sum_sq": 76.77960135364124, "df": 1.0, "F": 0.8527834602738137, "pvalue": 0.36948370291592403}, "TMT": {"sum_sq": 26.793646309978072, "df": 1.0, "F": 0.3793573131837622, "pvalue": 0.5478311485334764}, "Quant": {"sum_sq": 0.14682978218866358, "df": 1.0, "F": 0.00154845090606307, "pvalue": 0.9690978811331362}}}