{"1": {"Mouse_ID": {}, "Treatment": {"sum_sq": 122.59489212471311, "df": 2.0, "F": 0.07944744827228614, "pvalue": 0.924012570158743, "tukey_hsd": {"groups": ["A12", "B1-8", "PBS"], "pvalues": [[1.0, 0.998366591869341, 0.9470463697322549], [0.998366591869341, 1.0, 0.9279715799920354], [0.9470463697322549, 0.9279715799920354, 1.0]]}}, "Ig_treated": {"sum_sq": 120.30691471221552, "df": 1.0, "F": 0.16629187720109642, "pvalue": 0.6888331078377162}, "A12_treated": {"sum_sq": 17.424530656592587, "df": 1.0, "F": 0.023872538450699084, "pvalue": 0.8791418676522841}, "Batch": {"sum_sq": 854.5478972678891, "df": 1.0, "F": 1.1472603788340507, "pvalue": 0.30224181724628935}, "Quant": {"sum_sq": 5.903176656967775, "df": 1.0, "F": 0.008079696521715002, "pvalue": 0.9294925185571803}}, "2": {"Mouse_ID": {}, "Treatment": {"sum_sq": 3280.2933431623524, "df": 2.0, "F": 4.616392312378186, "pvalue": 0.027394256935615875, "tukey_hsd": {"groups": ["A12", "B1-8", "PBS"], "pvalues": [[1.0, 0.022195515899410934, 0.19833871123234426], [0.022195515899410934, 1.0, 0.46969045305015833], [0.19833871123234426, 0.46969045305015833, 1.0]]}}, "Ig_treated": {"sum_sq": 44.42570015094036, "df": 1.0, "F": 0.08298846491020725, "pvalue": 0.7769859165043438}, "A12_treated": {"sum_sq": 2766.361789100713, "df": 1.0, "F": 7.574864850997504, "pvalue": 0.014168456845635072}, "Batch": {"sum_sq": 8.173367621487815, "df": 1.0, "F": 0.015132262839441184, "pvalue": 0.9038451052891996}, "Quant": {"sum_sq": 1.4985539766679692, "df": 1.0, "F": 0.0027853813992588317, "pvalue": 0.9585631452365235}}, "3": {"Mouse_ID": {}, "Treatment": {"sum_sq": 975.6924711168441, "df": 2.0, "F": 1.4030278846373958, "pvalue": 0.2763290051058322, "tukey_hsd": {"groups": ["A12", "B1-8", "PBS"], "pvalues": [[1.0, 0.3270288500794354, 0.9977176038725244], [0.3270288500794354, 1.0, 0.3572876348337084], [0.9977176038725244, 0.3572876348337084, 1.0]]}}, "Ig_treated": {"sum_sq": 212.19130717244954, "df": 1.0, "F": 0.5678171373503894, "pvalue": 0.46207309271819974}, "A12_treated": {"sum_sq": 277.0962585653987, "df": 1.0, "F": 0.7496381969808178, "pvalue": 0.3993878516716909}, "Batch": {"sum_sq": 1216.0869734206196, "df": 1.0, "F": 3.468812866477791, "pvalue": 0.08365427478738828}, "Quant": {"sum_sq": 21.267721596854702, "df": 1.0, "F": 0.05515069223076554, "pvalue": 0.8173105267784967}}, "4": {"Mouse_ID": {}, "Treatment": {"sum_sq": 359.20495249235654, "df": 2.0, "F": 0.6219614665509811, "pvalue": 0.5501771383653871, "tukey_hsd": {"groups": ["A12", "B1-8", "PBS"], "pvalues": [[1.0, 0.5850452127393349, 0.9961362701224796], [0.5850452127393349, 1.0, 0.6356734021180613], [0.9961362701224796, 0.6356734021180613, 1.0]]}}, "Ig_treated": {"sum_sq": 67.50627580614453, "df": 1.0, "F": 0.23362531815293647, "pvalue": 0.6353965262012984}, "A12_treated": {"sum_sq": 114.12437151228349, "df": 1.0, "F": 0.39898409359014686, "pvalue": 0.5365354952578354}, "Batch": {"sum_sq": 584.2742593711777, "df": 1.0, "F": 2.0180450860886774, "pvalue": 0.17732672805749808}, "Quant": {"sum_sq": 675.8424296696642, "df": 1.0, "F": 2.6933502595494443, "pvalue": 0.12027514607627733}}, "5": {"Mouse_ID": {}, "Treatment": {"sum_sq": 1797.661497106562, "df": 2.0, "F": 12.777086242185133, "pvalue": 0.0005759938722495265, "tukey_hsd": {"groups": ["A12", "B1-8", "PBS"], "pvalues": [[1.0, 0.8451834673841444, 0.0026992975678469255], [0.8451834673841444, 1.0, 0.0008991406399668778], [0.0026992975678469255, 0.0008991406399668778, 1.0]]}}, "Ig_treated": {"sum_sq": 1775.9416361233264, "df": 1.0, "F": 26.385344317215743, "pvalue": 9.944657670980195e-05}, "A12_treated": {"sum_sq": 290.1873743081455, "df": 1.0, "F": 1.811774126279558, "pvalue": 0.19705850472040276}, "Batch": {"sum_sq": 19.30700616258801, "df": 1.0, "F": 0.1247671704841111, "pvalue": 0.7291826526278302}, "Quant": {"sum_sq": 1909.4127435134742, "df": 1.0, "F": 32.38162271549539, "pvalue": 3.346077641309865e-05}}, "6": {"Mouse_ID": {}, "Treatment": {"sum_sq": 550.4572769197022, "df": 2.0, "F": 1.832223548561974, "pvalue": 0.19412030895517068, "tukey_hsd": {"groups": ["A12", "B1-8", "PBS"], "pvalues": [[1.0, 0.23625165438070228, 0.27276099467024184], [0.23625165438070228, 1.0, 0.9949963502002678], [0.27276099467024184, 0.9949963502002678, 1.0]]}}, "Ig_treated": {"sum_sq": 114.56944824824312, "df": 1.0, "F": 0.6816763423604578, "pvalue": 0.4211508045571545}, "A12_treated": {"sum_sq": 549.0900682124659, "df": 1.0, "F": 3.896670747955321, "pvalue": 0.06590544740629244}, "Batch": {"sum_sq": 0.6274106091226631, "df": 1.0, "F": 0.004169988166136134, "pvalue": 0.9494250454931222}, "Quant": {"sum_sq": 43.4620439056117, "df": 1.0, "F": 0.25193289444602485, "pvalue": 0.6225539267227223}}, "7": {"Mouse_ID": {}, "Treatment": {"sum_sq": 120.46630308213662, "df": 2.0, "F": 0.4401282843407282, "pvalue": 0.6520082362944776, "tukey_hsd": {"groups": ["A12", "B1-8", "PBS"], "pvalues": [[1.0, 0.7264191577346324, 0.6792586249843833], [0.7264191577346324, 1.0, 0.9965621200868834], [0.6792586249843833, 0.9965621200868834, 1.0]]}}, "Ig_treated": {"sum_sq": 39.30223539898382, "df": 1.0, "F": 0.2946790356174853, "pvalue": 0.5947194705721611}, "A12_treated": {"sum_sq": 119.61125593713292, "df": 1.0, "F": 0.9318877623021012, "pvalue": 0.3487381672111772}, "Batch": {"sum_sq": 3.6928413161812954, "df": 1.0, "F": 0.026905638296358676, "pvalue": 0.8720525580689275}, "Quant": {"sum_sq": 164.5566559594772, "df": 1.0, "F": 1.3107423207553448, "pvalue": 0.26909813128355425}}, "8": {"Mouse_ID": {}, "Treatment": {"sum_sq": 131.4131209730414, "df": 2.0, "F": 0.5312319276647803, "pvalue": 0.5985400525069455, "tukey_hsd": {"groups": ["A12", "B1-8", "PBS"], "pvalues": [[1.0, 0.6490810122333321, 0.9999061741076061], [0.6490810122333321, 1.0, 0.6569752914817115], [0.9999061741076061, 0.6569752914817115, 1.0]]}}, "Ig_treated": {"sum_sq": 31.423531493666108, "df": 1.0, "F": 0.25713564962676266, "pvalue": 0.6190120614381711}, "A12_treated": {"sum_sq": 34.30407936523108, "df": 1.0, "F": 0.28112103608321176, "pvalue": 0.603248646201302}, "Batch": {"sum_sq": 72.34321072055829, "df": 1.0, "F": 0.6270046302722632, "pvalue": 0.44166687953230543}, "Quant": {"sum_sq": 77.529502231846, "df": 1.0, "F": 0.6497370715353292, "pvalue": 0.43202459628034595}}, "9": {"Mouse_ID": {}, "Treatment": {"sum_sq": 50.43419655519115, "df": 2.0, "F": 0.22503906716349015, "pvalue": 0.8011324850717225, "tukey_hsd": {"groups": ["A12", "B1-8", "PBS"], "pvalues": [[1.0, 0.7999669712583337, 0.876518485761455], [0.7999669712583337, 1.0, 0.9876678469310459], [0.876518485761455, 0.9876678469310459, 1.0]]}}, "Ig_treated": {"sum_sq": 4.346831823630022, "df": 1.0, "F": 0.04027325465151569, "pvalue": 0.8434760335782877}, "A12_treated": {"sum_sq": 47.909903296635584, "df": 1.0, "F": 0.4553707098676482, "pvalue": 0.5094298874914568}, "Batch": {"sum_sq": 0.6305101013870084, "df": 1.0, "F": 0.006941860128032764, "pvalue": 0.9347784261098268}, "Quant": {"sum_sq": 0.9643833442106357, "df": 1.0, "F": 0.008917513918316706, "pvalue": 0.9259380333954594}}, "10": {"Mouse_ID": {}, "Treatment": {"sum_sq": 77.34373397854687, "df": 2.0, "F": 0.4070361564852869, "pvalue": 0.6727543896850243, "tukey_hsd": {"groups": ["A12", "B1-8", "PBS"], "pvalues": [[1.0, 0.7393604426336295, 0.702207165168221], [0.7393604426336295, 1.0, 0.9978260242610534], [0.702207165168221, 0.9978260242610534, 1.0]]}}, "Ig_treated": {"sum_sq": 24.176775688446334, "df": 1.0, "F": 0.2616722776754953, "pvalue": 0.6159605916859698}, "A12_treated": {"sum_sq": 76.96863514947876, "df": 1.0, "F": 0.863905155113691, "pvalue": 0.36645981222831003}, "Batch": {"sum_sq": 14.850411705492444, "df": 1.0, "F": 0.21156588916828334, "pvalue": 0.6526049940335312}, "Quant": {"sum_sq": 0.4590862709842532, "df": 1.0, "F": 0.004890363460879416, "pvalue": 0.9451150539770181}}}