{"1": {"Mouse_ID": {}, "Treatment": {"sum_sq": 116.90127777368953, "df": 2.0, "F": 0.07647894831858289, "pvalue": 0.9267312735502781, "tukey_hsd": {"groups": ["A12", "B1-8", "PBS"], "pvalues": [[1.0, 0.9967949128249598, 0.9536060285310988], [0.9967949128249598, 1.0, 0.9275431080307125], [0.9536060285310988, 0.9275431080307125, 1.0]]}}, "Ig_treated": {"sum_sq": 112.45012645882846, "df": 1.0, "F": 0.15688185855466588, "pvalue": 0.6972756582405064}, "A12_treated": {"sum_sq": 12.075668749074467, "df": 1.0, "F": 0.016700884962002345, "pvalue": 0.8987847701737324}, "TMT": {"sum_sq": 866.84445927934, "df": 1.0, "F": 1.177736686690199, "pvalue": 0.29615166532200593}, "Quant": {"sum_sq": 6.1730482394675645, "df": 1.0, "F": 0.008533092177332832, "pvalue": 0.9275470490226114}}, "2": {"Mouse_ID": {}, "Treatment": {"sum_sq": 3229.194108976749, "df": 2.0, "F": 4.531959726257938, "pvalue": 0.02886932992077332, "tukey_hsd": {"groups": ["A12", "B1-8", "PBS"], "pvalues": [[1.0, 0.02341376865966527, 0.20483810616699705], [0.02341376865966527, 1.0, 0.47357973801431597], [0.20483810616699705, 0.47357973801431597, 1.0]]}}, "Ig_treated": {"sum_sq": 42.62891454435074, "df": 1.0, "F": 0.0799548143337843, "pvalue": 0.7809840890853954}, "A12_treated": {"sum_sq": 2719.767373416375, "df": 1.0, "F": 7.434279523351312, "pvalue": 0.014935296885558218}, "TMT": {"sum_sq": 7.532480561525176, "df": 1.0, "F": 0.013993508049537473, "pvalue": 0.9075150993193605}, "Quant": {"sum_sq": 1.043938448564901, "df": 1.0, "F": 0.0019485128871685297, "pvalue": 0.9653374569423092}}, "3": {"Mouse_ID": {}, "Treatment": {"sum_sq": 995.2879110938889, "df": 2.0, "F": 1.440598385518119, "pvalue": 0.26773803729272827, "tukey_hsd": {"groups": ["A12", "B1-8", "PBS"], "pvalues": [[1.0, 0.31178278989714336, 0.9949118844692507], [0.31178278989714336, 1.0, 0.35627756148420364], [0.9949118844692507, 0.35627756148420364, 1.0]]}}, "Ig_treated": {"sum_sq": 201.64538138397987, "df": 1.0, "F": 0.5399455452471013, "pvalue": 0.4730886076274635}, "A12_treated": {"sum_sq": 299.1958975102605, "df": 1.0, "F": 0.8144529182738437, "pvalue": 0.38019282080169337}, "TMT": {"sum_sq": 1218.4483785656153, "df": 1.0, "F": 3.4889499530636, "pvalue": 0.08285342866449374}, "Quant": {"sum_sq": 18.559023765167602, "df": 1.0, "F": 0.04821803991337043, "pvalue": 0.8289704819365892}}, "4": {"Mouse_ID": {}, "Treatment": {"sum_sq": 356.2481851889197, "df": 2.0, "F": 0.6234021867751072, "pvalue": 0.5494457379850064, "tukey_hsd": {"groups": ["A12", "B1-8", "PBS"], "pvalues": [[1.0, 0.5883914566863442, 0.9974064731889718], [0.5883914566863442, 1.0, 0.6298564869238996], [0.9974064731889718, 0.6298564869238996, 1.0]]}}, "Ig_treated": {"sum_sq": 70.80625730430522, "df": 1.0, "F": 0.24782468828613632, "pvalue": 0.625383456877846}, "A12_treated": {"sum_sq": 108.66393802314073, "df": 1.0, "F": 0.3835040349381716, "pvalue": 0.5444518307685227}, "TMT": {"sum_sq": 574.4677495825297, "df": 1.0, "F": 2.0025341173815328, "pvalue": 0.17889398511996654}, "Quant": {"sum_sq": 682.0392136088087, "df": 1.0, "F": 2.755613656494672, "pvalue": 0.11638208831379265}}, "5": {"Mouse_ID": {}, "Treatment": {"sum_sq": 1317.5172921989847, "df": 2.0, "F": 6.595825346098515, "pvalue": 0.008806039932759049, "tukey_hsd": {"groups": ["A12", "B1-8", "PBS"], "pvalues": [[1.0, 0.4343971767121708, 0.0844413317631183], [0.4343971767121708, 1.0, 0.007232991274849221], [0.0844413317631183, 0.007232991274849221, 1.0]]}}, "Ig_treated": {"sum_sq": 1157.217422888529, "df": 1.0, "F": 11.16448754326906, "pvalue": 0.004142320850557641}, "A12_treated": {"sum_sq": 36.53280833901818, "df": 1.0, "F": 0.2103280402493458, "pvalue": 0.6526785168782653}, "TMT": {"sum_sq": 16.00235210869696, "df": 1.0, "F": 0.12725595727167052, "pvalue": 0.7266136577225706}, "Quant": {"sum_sq": 1359.7048446559454, "df": 1.0, "F": 14.942439672596075, "pvalue": 0.001369694657880757}}, "6": {"Mouse_ID": {}, "Treatment": {"sum_sq": 984.5011189484657, "df": 2.0, "F": 4.139406106929582, "pvalue": 0.03702357191567394, "tukey_hsd": {"groups": ["A12", "B1-8", "PBS"], "pvalues": [[1.0, 0.2981427707828642, 0.029381462753588883], [0.2981427707828642, 1.0, 0.4023580819327206], [0.029381462753588883, 0.4023580819327206, 1.0]]}}, "Ig_treated": {"sum_sq": 699.8892867408869, "df": 1.0, "F": 5.413998221046055, "pvalue": 0.03343351539242488}, "A12_treated": {"sum_sq": 774.9510260971757, "df": 1.0, "F": 6.2203764933570085, "pvalue": 0.02395835547636286}, "TMT": {"sum_sq": 3.989538520084412, "df": 1.0, "F": 0.022860917323763177, "pvalue": 0.881976356504013}, "Quant": {"sum_sq": 538.2117046211097, "df": 1.0, "F": 3.861501593448794, "pvalue": 0.06701356103542261}}, "7": {"Mouse_ID": {}, "Treatment": {"sum_sq": 130.21210368446083, "df": 2.0, "F": 0.4776860325567898, "pvalue": 0.6293357788349566, "tukey_hsd": {"groups": ["A12", "B1-8", "PBS"], "pvalues": [[1.0, 0.6968643379625203, 0.6661919572424196], [0.6968643379625203, 1.0, 0.9985679784508171], [0.6661919572424196, 0.9985679784508171, 1.0]]}}, "Ig_treated": {"sum_sq": 38.60440918410207, "df": 1.0, "F": 0.2891678837800017, "pvalue": 0.5981550283741908}, "A12_treated": {"sum_sq": 129.85780221318694, "df": 1.0, "F": 1.016114614144772, "pvalue": 0.32844466889219937}, "TMT": {"sum_sq": 7.218588806859764, "df": 1.0, "F": 0.052536526448780096, "pvalue": 0.8220215240034596}, "Quant": {"sum_sq": 171.29469637593033, "df": 1.0, "F": 1.3680748042786277, "pvalue": 0.2592724217186843}}, "8": {"Mouse_ID": {}, "Treatment": {"sum_sq": 109.38424598174399, "df": 2.0, "F": 0.4396959897475312, "pvalue": 0.6522745338170882, "tukey_hsd": {"groups": ["A12", "B1-8", "PBS"], "pvalues": [[1.0, 0.7088321498888495, 0.9996790746584471], [0.7088321498888495, 1.0, 0.6944189015599624], [0.9996790746584471, 0.6944189015599624, 1.0]]}}, "Ig_treated": {"sum_sq": 29.81888460788081, "df": 1.0, "F": 0.24525150855805136, "pvalue": 0.6271708136536389}, "A12_treated": {"sum_sq": 24.94565615024239, "df": 1.0, "F": 0.20465796624584967, "pvalue": 0.6570604181092344}, "TMT": {"sum_sq": 76.67405746128554, "df": 1.0, "F": 0.6962076385712888, "pvalue": 0.4180715189961447}, "Quant": {"sum_sq": 80.91317680208839, "df": 1.0, "F": 0.6834372379322663, "pvalue": 0.42056388224848196}}, "9": {"Mouse_ID": {}, "Treatment": {"sum_sq": 53.11050118250176, "df": 2.0, "F": 0.23651068236633088, "pvalue": 0.7922659731611217, "tukey_hsd": {"groups": ["A12", "B1-8", "PBS"], "pvalues": [[1.0, 0.7849928352545408, 0.8841450603208942], [0.7849928352545408, 1.0, 0.9795562046111426], [0.8841450603208942, 0.9795562046111426, 1.0]]}}, "Ig_treated": {"sum_sq": 2.95438327005742, "df": 1.0, "F": 0.027255316057328467, "pvalue": 0.8709395365250652}, "A12_treated": {"sum_sq": 48.89775694836539, "df": 1.0, "F": 0.4633754840516534, "pvalue": 0.5057831241747348}, "TMT": {"sum_sq": 0.11785467205601799, "df": 1.0, "F": 0.0012489600724762027, "pvalue": 0.9723070777565826}, "Quant": {"sum_sq": 0.20743090646317305, "df": 1.0, "F": 0.0019106033588090667, "pvalue": 0.9656760734668104}}, "10": {"Mouse_ID": {}, "Treatment": {"sum_sq": 77.01109286829448, "df": 2.0, "F": 0.4010119166183509, "pvalue": 0.6766110705136614, "tukey_hsd": {"groups": ["A12", "B1-8", "PBS"], "pvalues": [[1.0, 0.7383121587335061, 0.7093264943996604], [0.7383121587335061, 1.0, 0.9986718404009565], [0.7093264943996604, 0.9986718404009565, 1.0]]}}, "Ig_treated": {"sum_sq": 23.019596850714063, "df": 1.0, "F": 0.24647803113164476, "pvalue": 0.6263173949141092}, "A12_treated": {"sum_sq": 76.77960135364063, "df": 1.0, "F": 0.8527834602738036, "pvalue": 0.3694837029159255}, "TMT": {"sum_sq": 26.793646309978296, "df": 1.0, "F": 0.3793573131837637, "pvalue": 0.5478311485334754}, "Quant": {"sum_sq": 0.14682978218868867, "df": 1.0, "F": 0.00154845090606333, "pvalue": 0.9690978811331362}}}