{"1": {"Mouse_ID": {}, "Treatment": {"sum_sq": 116.9012777736896, "df": 2.0, "F": 0.07647894831858298, "pvalue": 0.9267312735502781, "tukey_hsd": {"groups": ["A12", "B1-8", "PBS"], "pvalues": [[1.0, 0.9967949128249596, 0.9536060285310993], [0.9967949128249596, 1.0, 0.927543108030712], [0.9536060285310993, 0.927543108030712, 1.0]]}}, "Ig_treated": {"sum_sq": 112.45012645882832, "df": 1.0, "F": 0.15688185855466577, "pvalue": 0.6972756582405064}, "A12_treated": {"sum_sq": 12.075668749074014, "df": 1.0, "F": 0.01670088496200173, "pvalue": 0.8987847701737324}, "TMT": {"sum_sq": 866.8444592793385, "df": 1.0, "F": 1.1777366866901977, "pvalue": 0.29615166532200626}, "Quant": {"sum_sq": 6.173048239467485, "df": 1.0, "F": 0.008533092177332726, "pvalue": 0.9275470490226114}}, "2": {"Mouse_ID": {}, "Treatment": {"sum_sq": 3229.1941089767515, "df": 2.0, "F": 4.531959726257939, "pvalue": 0.02886932992077332, "tukey_hsd": {"groups": ["A12", "B1-8", "PBS"], "pvalues": [[1.0, 0.02341376865966538, 0.20483810616699638], [0.02341376865966538, 1.0, 0.4735797380143172], [0.20483810616699638, 0.4735797380143172, 1.0]]}}, "Ig_treated": {"sum_sq": 42.6289145443513, "df": 1.0, "F": 0.07995481433378528, "pvalue": 0.7809840890853954}, "A12_treated": {"sum_sq": 2719.76737341638, "df": 1.0, "F": 7.4342795233513215, "pvalue": 0.014935296885558154}, "TMT": {"sum_sq": 7.532480561525205, "df": 1.0, "F": 0.013993508049537513, "pvalue": 0.9075150993193605}, "Quant": {"sum_sq": 1.0439384485649978, "df": 1.0, "F": 0.0019485128871687082, "pvalue": 0.9653374569423092}}, "3": {"Mouse_ID": {}, "Treatment": {"sum_sq": 995.2879110938771, "df": 2.0, "F": 1.4405983855181017, "pvalue": 0.2677380372927317, "tukey_hsd": {"groups": ["A12", "B1-8", "PBS"], "pvalues": [[1.0, 0.31178278989714747, 0.9949118844692507], [0.31178278989714747, 1.0, 0.35627756148420864], [0.9949118844692507, 0.35627756148420864, 1.0]]}}, "Ig_treated": {"sum_sq": 201.64538138397668, "df": 1.0, "F": 0.5399455452470933, "pvalue": 0.4730886076274665}, "A12_treated": {"sum_sq": 299.1958975102577, "df": 1.0, "F": 0.814452918273837, "pvalue": 0.3801928208016955}, "TMT": {"sum_sq": 1218.4483785656264, "df": 1.0, "F": 3.488949953063648, "pvalue": 0.08285342866449183}, "Quant": {"sum_sq": 18.559023765165605, "df": 1.0, "F": 0.048218039913365304, "pvalue": 0.8289704819365954}}, "4": {"Mouse_ID": {}, "Treatment": {"sum_sq": 356.24818518892704, "df": 2.0, "F": 0.6234021867751205, "pvalue": 0.549445737985, "tukey_hsd": {"groups": ["A12", "B1-8", "PBS"], "pvalues": [[1.0, 0.5883914566863381, 0.9974064731889718], [0.5883914566863381, 1.0, 0.6298564869238931], [0.9974064731889718, 0.6298564869238931, 1.0]]}}, "Ig_treated": {"sum_sq": 70.80625730430698, "df": 1.0, "F": 0.24782468828614237, "pvalue": 0.6253834568778409}, "A12_treated": {"sum_sq": 108.66393802314286, "df": 1.0, "F": 0.38350403493817903, "pvalue": 0.5444518307685179}, "TMT": {"sum_sq": 574.4677495825207, "df": 1.0, "F": 2.0025341173814954, "pvalue": 0.1788939851199705}, "Quant": {"sum_sq": 682.0392136088115, "df": 1.0, "F": 2.755613656494683, "pvalue": 0.11638208831379193}}, "5": {"Mouse_ID": {}, "Treatment": {"sum_sq": 1317.517292198913, "df": 2.0, "F": 6.5958253460978185, "pvalue": 0.008806039932762315, "tukey_hsd": {"groups": ["A12", "B1-8", "PBS"], "pvalues": [[1.0, 0.43439717671213884, 0.0844413317631525], [0.43439717671213884, 1.0, 0.007232991274851663], [0.0844413317631525, 0.007232991274851663, 1.0]]}}, "Ig_treated": {"sum_sq": 1157.217422888435, "df": 1.0, "F": 11.164487543267485, "pvalue": 0.004142320850559702}, "A12_treated": {"sum_sq": 36.5328083390003, "df": 1.0, "F": 0.2103280402492411, "pvalue": 0.6526785168783463}, "TMT": {"sum_sq": 16.00235210869592, "df": 1.0, "F": 0.127255957271665, "pvalue": 0.7266136577225754}, "Quant": {"sum_sq": 1359.7048446558554, "df": 1.0, "F": 14.94243967259411, "pvalue": 0.0013696946578814887}}, "6": {"Mouse_ID": {}, "Treatment": {"sum_sq": 984.5011189485306, "df": 2.0, "F": 4.139406106930027, "pvalue": 0.037023571915663266, "tukey_hsd": {"groups": ["A12", "B1-8", "PBS"], "pvalues": [[1.0, 0.2981427707828782, 0.02938146275357978], [0.2981427707828782, 1.0, 0.4023580819326207], [0.02938146275357978, 0.4023580819326207, 1.0]]}}, "Ig_treated": {"sum_sq": 699.8892867409756, "df": 1.0, "F": 5.413998221047001, "pvalue": 0.03343351539241145}, "A12_treated": {"sum_sq": 774.9510260971881, "df": 1.0, "F": 6.220376493357176, "pvalue": 0.02395835547636124}, "TMT": {"sum_sq": 3.9895385200851687, "df": 1.0, "F": 0.022860917323767285, "pvalue": 0.881976356504005}, "Quant": {"sum_sq": 538.2117046211955, "df": 1.0, "F": 3.8615015934495753, "pvalue": 0.06701356103539777}}, "7": {"Mouse_ID": {}, "Treatment": {"sum_sq": 130.21210368446043, "df": 2.0, "F": 0.47768603255678727, "pvalue": 0.6293357788349583, "tukey_hsd": {"groups": ["A12", "B1-8", "PBS"], "pvalues": [[1.0, 0.6968643379625259, 0.6661919572424175], [0.6968643379625259, 1.0, 0.9985679784508164], [0.6661919572424175, 0.9985679784508164, 1.0]]}}, "Ig_treated": {"sum_sq": 38.6044091841035, "df": 1.0, "F": 0.28916788378001207, "pvalue": 0.598155028374184}, "A12_treated": {"sum_sq": 129.85780221318637, "df": 1.0, "F": 1.0161146141447652, "pvalue": 0.32844466889220114}, "TMT": {"sum_sq": 7.21858880685946, "df": 1.0, "F": 0.05253652644877767, "pvalue": 0.8220215240034622}, "Quant": {"sum_sq": 171.29469637593164, "df": 1.0, "F": 1.3680748042786361, "pvalue": 0.2592724217186832}}, "8": {"Mouse_ID": {}, "Treatment": {"sum_sq": 109.38424598174599, "df": 2.0, "F": 0.43969598974754137, "pvalue": 0.6522745338170819, "tukey_hsd": {"groups": ["A12", "B1-8", "PBS"], "pvalues": [[1.0, 0.7088321498888424, 0.9996790746584472], [0.7088321498888424, 1.0, 0.694418901559958], [0.9996790746584472, 0.694418901559958, 1.0]]}}, "Ig_treated": {"sum_sq": 29.81888460788092, "df": 1.0, "F": 0.24525150855805317, "pvalue": 0.6271708136536389}, "A12_treated": {"sum_sq": 24.945656150243273, "df": 1.0, "F": 0.2046579662458578, "pvalue": 0.6570604181092288}, "TMT": {"sum_sq": 76.67405746128603, "df": 1.0, "F": 0.6962076385712926, "pvalue": 0.4180715189961435}, "Quant": {"sum_sq": 80.91317680208797, "df": 1.0, "F": 0.6834372379322652, "pvalue": 0.4205638822484832}}, "9": {"Mouse_ID": {}, "Treatment": {"sum_sq": 53.110501182500805, "df": 2.0, "F": 0.23651068236632683, "pvalue": 0.7922659731611245, "tukey_hsd": {"groups": ["A12", "B1-8", "PBS"], "pvalues": [[1.0, 0.7849928352545443, 0.8841450603208958], [0.7849928352545443, 1.0, 0.9795562046111431], [0.8841450603208958, 0.9795562046111431, 1.0]]}}, "Ig_treated": {"sum_sq": 2.9543832700574058, "df": 1.0, "F": 0.02725531605732837, "pvalue": 0.8709395365250652}, "A12_treated": {"sum_sq": 48.897756948364524, "df": 1.0, "F": 0.46337548405164564, "pvalue": 0.5057831241747384}, "TMT": {"sum_sq": 0.11785467205607124, "df": 1.0, "F": 0.0012489600724767712, "pvalue": 0.9723070777565826}, "Quant": {"sum_sq": 0.20743090646324508, "df": 1.0, "F": 0.0019106033588097329, "pvalue": 0.9656760734668104}}, "10": {"Mouse_ID": {}, "Treatment": {"sum_sq": 77.01109286829326, "df": 2.0, "F": 0.4010119166183458, "pvalue": 0.6766110705136644, "tukey_hsd": {"groups": ["A12", "B1-8", "PBS"], "pvalues": [[1.0, 0.7383121587335084, 0.7093264943996641], [0.7383121587335084, 1.0, 0.9986718404009566], [0.7093264943996641, 0.9986718404009566, 1.0]]}}, "Ig_treated": {"sum_sq": 23.019596850713572, "df": 1.0, "F": 0.24647803113164032, "pvalue": 0.6263173949141116}, "A12_treated": {"sum_sq": 76.7796013536394, "df": 1.0, "F": 0.8527834602737927, "pvalue": 0.36948370291592986}, "TMT": {"sum_sq": 26.793646309979607, "df": 1.0, "F": 0.37935731318378363, "pvalue": 0.5478311485334652}, "Quant": {"sum_sq": 0.1468297821886825, "df": 1.0, "F": 0.001548450906063271, "pvalue": 0.9690978811331362}}}