{"1": {"Seqn": {}, "ID": {}, "Group": {"sum_sq": 116.9012777736898, "df": 2.0, "F": 0.07647894831858297, "pvalue": 0.9267312735502781, "tukey_hsd": {"groups": ["A12", "B1-8", "PBS"], "pvalues": [[1.0, 0.9967949128249596, 0.9536060285310993], [0.9967949128249596, 1.0, 0.9275431080307119], [0.9536060285310993, 0.9275431080307119, 1.0]]}}, "Ig": {"sum_sq": 112.45012645882859, "df": 1.0, "F": 0.15688185855466585, "pvalue": 0.6972756582405064}, "Control": {"sum_sq": 12.07566874907393, "df": 1.0, "F": 0.01670088496200159, "pvalue": 0.8987847701737324}, "TMT": {"sum_sq": 866.8444592793386, "df": 1.0, "F": 1.1777366866901962, "pvalue": 0.29615166532200665}, "Tag": {"sum_sq": 2615.4636590621208, "df": 8.0, "F": 0.2674848198743394, "pvalue": 0.9578518813232492, "tukey_hsd": {}}, "ID_metabo": {}, "Quant": {"sum_sq": 789.5116643667739, "df": 1.0, "F": 1.225739221013456, "pvalue": 0.2856762460813263}}, "2": {"Seqn": {}, "ID": {}, "Group": {"sum_sq": 3229.194108976744, "df": 2.0, "F": 4.531959726257938, "pvalue": 0.02886932992077332, "tukey_hsd": {"groups": ["A12", "B1-8", "PBS"], "pvalues": [[1.0, 0.02341376865966538, 0.20483810616699638], [0.02341376865966538, 1.0, 0.47357973801431763], [0.20483810616699638, 0.47357973801431763, 1.0]]}}, "Ig": {"sum_sq": 42.628914544351346, "df": 1.0, "F": 0.07995481433378558, "pvalue": 0.7809840890853954}, "Control": {"sum_sq": 2719.7673734163727, "df": 1.0, "F": 7.434279523351321, "pvalue": 0.014935296885558154}, "TMT": {"sum_sq": 7.532480561525176, "df": 1.0, "F": 0.013993508049537492, "pvalue": 0.9075150993193605}, "Tag": {"sum_sq": 6850.749281557081, "df": 8.0, "F": 8.652954217338513, "pvalue": 0.005043325816589034, "tukey_hsd": {}}, "ID_metabo": {}, "Quant": {"sum_sq": 951.8637402299936, "df": 1.0, "F": 1.8797280431971644, "pvalue": 0.19053054584953782}}, "3": {"Seqn": {}, "ID": {}, "Group": {"sum_sq": 995.2879110938809, "df": 2.0, "F": 1.4405983855181153, "pvalue": 0.26773803729272905, "tukey_hsd": {"groups": ["A12", "B1-8", "PBS"], "pvalues": [[1.0, 0.31178278989714425, 0.9949118844692506], [0.31178278989714425, 1.0, 0.35627756148420553], [0.9949118844692506, 0.35627756148420553, 1.0]]}}, "Ig": {"sum_sq": 201.6453813839771, "df": 1.0, "F": 0.5399455452470969, "pvalue": 0.4730886076274651}, "Control": {"sum_sq": 299.1958975102589, "df": 1.0, "F": 0.814452918273844, "pvalue": 0.38019282080169337}, "TMT": {"sum_sq": 1218.4483785656134, "df": 1.0, "F": 3.4889499530636185, "pvalue": 0.08285342866449308}, "Tag": {"sum_sq": 1885.2629123536478, "df": 8.0, "F": 0.390678091043621, "pvalue": 0.8942984623738262, "tukey_hsd": {}}, "ID_metabo": {}, "Quant": {"sum_sq": 8.33728031561533, "df": 1.0, "F": 0.02042118239737448, "pvalue": 0.8882689582923622}}, "4": {"Seqn": {}, "ID": {}, "Group": {"sum_sq": 356.24818518892124, "df": 2.0, "F": 0.6234021867751111, "pvalue": 0.5494457379850044, "tukey_hsd": {"groups": ["A12", "B1-8", "PBS"], "pvalues": [[1.0, 0.5883914566863424, 0.9974064731889718], [0.5883914566863424, 1.0, 0.6298564869238976], [0.9974064731889718, 0.6298564869238976, 1.0]]}}, "Ig": {"sum_sq": 70.80625730430565, "df": 1.0, "F": 0.24782468828613827, "pvalue": 0.625383456877846}, "Control": {"sum_sq": 108.66393802314103, "df": 1.0, "F": 0.3835040349381733, "pvalue": 0.5444518307685218}, "TMT": {"sum_sq": 574.4677495825268, "df": 1.0, "F": 2.002534117381525, "pvalue": 0.17889398511996712}, "Tag": {"sum_sq": 3199.652756567137, "df": 8.0, "F": 2.0127211797104367, "pvalue": 0.1861194876822582, "tukey_hsd": {}}, "ID_metabo": {}, "Quant": {"sum_sq": 506.2276719764888, "df": 1.0, "F": 1.9393743508345533, "pvalue": 0.18403652171698565}}, "5": {"Seqn": {}, "ID": {}, "Group": {"sum_sq": 1317.5172921989501, "df": 2.0, "F": 6.595825346098163, "pvalue": 0.008806039932760704, "tukey_hsd": {"groups": ["A12", "B1-8", "PBS"], "pvalues": [[1.0, 0.43439717671215095, 0.0844413317631364], [0.43439717671215095, 1.0, 0.007232991274850442], [0.0844413317631364, 0.007232991274850442, 1.0]]}}, "Ig": {"sum_sq": 1157.2174228884808, "df": 1.0, "F": 11.164487543268235, "pvalue": 0.004142320850558718}, "Control": {"sum_sq": 36.53280833900833, "df": 1.0, "F": 0.21032804024928797, "pvalue": 0.6526785168783114}, "TMT": {"sum_sq": 16.00235210869648, "df": 1.0, "F": 0.1272559572716682, "pvalue": 0.7266136577225721}, "Tag": {"sum_sq": 1226.0723210896588, "df": 8.0, "F": 1.949078617579096, "pvalue": 0.19723164449102065, "tukey_hsd": {}}, "ID_metabo": {}, "Quant": {"sum_sq": 246.29770478643712, "df": 1.0, "F": 1.5497645645688172, "pvalue": 0.23226915816869032}}, "6": {"Seqn": {}, "ID": {}, "Group": {"sum_sq": 984.5011189485031, "df": 2.0, "F": 4.139406106929818, "pvalue": 0.03702357191566824, "tukey_hsd": {"groups": ["A12", "B1-8", "PBS"], "pvalues": [[1.0, 0.2981427707828722, 0.029381462753583998], [0.2981427707828722, 1.0, 0.40235808193266687], [0.029381462753583998, 0.40235808193266687, 1.0]]}}, "Ig": {"sum_sq": 699.8892867409365, "df": 1.0, "F": 5.413998221046562, "pvalue": 0.03343351539241767}, "Control": {"sum_sq": 774.951026097184, "df": 1.0, "F": 6.220376493357093, "pvalue": 0.023958355476362034}, "TMT": {"sum_sq": 3.989538520084722, "df": 1.0, "F": 0.022860917323764773, "pvalue": 0.881976356504009}, "Tag": {"sum_sq": 2111.492576900773, "df": 8.0, "F": 5.503824427800253, "pvalue": 0.01831272052389443, "tukey_hsd": {}}, "ID_metabo": {}, "Quant": {"sum_sq": 5.3330456790641465, "df": 1.0, "F": 0.03015004232876855, "pvalue": 0.8644717987043615}}, "7": {"Seqn": {}, "ID": {}, "Group": {"sum_sq": 130.21210368446117, "df": 2.0, "F": 0.47768603255678865, "pvalue": 0.6293357788349572, "tukey_hsd": {"groups": ["A12", "B1-8", "PBS"], "pvalues": [[1.0, 0.6968643379625259, 0.6661919572424164], [0.6968643379625259, 1.0, 0.9985679784508162], [0.6661919572424164, 0.9985679784508162, 1.0]]}}, "Ig": {"sum_sq": 38.604409184103964, "df": 1.0, "F": 0.2891678837800147, "pvalue": 0.598155028374184}, "Control": {"sum_sq": 129.85780221318709, "df": 1.0, "F": 1.0161146141447677, "pvalue": 0.32844466889220025}, "TMT": {"sum_sq": 7.218588806859678, "df": 1.0, "F": 0.05253652644877912, "pvalue": 0.8220215240034596}, "Tag": {"sum_sq": 1248.2872354502815, "df": 8.0, "F": 1.6002509540716034, "pvalue": 0.27460094937212143, "tukey_hsd": {}}, "ID_metabo": {}, "Quant": {"sum_sq": 33.68746079195706, "df": 1.0, "F": 0.2536597229768771, "pvalue": 0.6218255637850882}}, "8": {"Seqn": {}, "ID": {}, "Group": {"sum_sq": 109.38424598174397, "df": 2.0, "F": 0.4396959897475317, "pvalue": 0.6522745338170882, "tukey_hsd": {"groups": ["A12", "B1-8", "PBS"], "pvalues": [[1.0, 0.7088321498888466, 0.9996790746584473], [0.7088321498888466, 1.0, 0.6944189015599647], [0.9996790746584473, 0.6944189015599647, 1.0]]}}, "Ig": {"sum_sq": 29.81888460787991, "df": 1.0, "F": 0.24525150855804412, "pvalue": 0.627170813653644}, "Control": {"sum_sq": 24.94565615024322, "df": 1.0, "F": 0.20465796624585686, "pvalue": 0.6570604181092288}, "TMT": {"sum_sq": 76.67405746128578, "df": 1.0, "F": 0.6962076385712908, "pvalue": 0.41807151899614403}, "Tag": {"sum_sq": 838.923139399522, "df": 8.0, "F": 0.9416004139465771, "pvalue": 0.538280060021333, "tukey_hsd": {}}, "ID_metabo": {}, "Quant": {"sum_sq": 4.9446925807030455, "df": 1.0, "F": 0.037889637827606744, "pvalue": 0.8482767733852054}}, "9": {"Seqn": {}, "ID": {}, "Group": {"sum_sq": 53.11050118250079, "df": 2.0, "F": 0.23651068236632633, "pvalue": 0.7922659731611251, "tukey_hsd": {"groups": ["A12", "B1-8", "PBS"], "pvalues": [[1.0, 0.7849928352545443, 0.8841450603208968], [0.7849928352545443, 1.0, 0.9795562046111427], [0.8841450603208968, 0.9795562046111427, 1.0]]}}, "Ig": {"sum_sq": 2.9543832700573214, "df": 1.0, "F": 0.02725531605732754, "pvalue": 0.8709395365250652}, "Control": {"sum_sq": 48.89775694836443, "df": 1.0, "F": 0.46337548405164386, "pvalue": 0.5057831241747399}, "TMT": {"sum_sq": 0.11785467205607245, "df": 1.0, "F": 0.001248960072476781, "pvalue": 0.9723070777565826}, "Tag": {"sum_sq": 559.0034088238889, "df": 8.0, "F": 0.641743738816671,