{"1": {"Mouse_ID": {}, "Treatment": {"sum_sq": 116.90127777369011, "df": 2.0, "F": 0.07647894831858318, "pvalue": 0.9267312735502773, "tukey_hsd": {"groups": ["A12", "B1-8", "PBS"], "pvalues": [[1.0, 0.9967949128249594, 0.9536060285310997], [0.9967949128249594, 1.0, 0.9275431080307116], [0.9536060285310997, 0.9275431080307116, 1.0]]}}, "Ig_treated": {"sum_sq": 112.4501264588286, "df": 1.0, "F": 0.1568818585546659, "pvalue": 0.6972756582405064}, "A12_treated": {"sum_sq": 12.07566874907364, "df": 1.0, "F": 0.01670088496200118, "pvalue": 0.8987847701737324}, "TMT": {"sum_sq": 866.8444592793396, "df": 1.0, "F": 1.1777366866901975, "pvalue": 0.29615166532200626}, "Quant": {"sum_sq": 6.173048239467426, "df": 1.0, "F": 0.008533092177332629, "pvalue": 0.9275470490226114}}, "2": {"Mouse_ID": {}, "Treatment": {"sum_sq": 3229.1941089767365, "df": 2.0, "F": 4.531959726257929, "pvalue": 0.028869329920773477, "tukey_hsd": {"groups": ["A12", "B1-8", "PBS"], "pvalues": [[1.0, 0.02341376865966538, 0.20483810616699638], [0.02341376865966538, 1.0, 0.47357973801431863], [0.20483810616699638, 0.47357973801431863, 1.0]]}}, "Ig_treated": {"sum_sq": 42.6289145443515, "df": 1.0, "F": 0.07995481433378594, "pvalue": 0.7809840890853954}, "A12_treated": {"sum_sq": 2719.767373416369, "df": 1.0, "F": 7.434279523351313, "pvalue": 0.014935296885558195}, "TMT": {"sum_sq": 7.532480561525284, "df": 1.0, "F": 0.013993508049537702, "pvalue": 0.9075150993193605}, "Quant": {"sum_sq": 1.0439384485650396, "df": 1.0, "F": 0.001948512887168793, "pvalue": 0.9653374569423092}}, "3": {"Mouse_ID": {}, "Treatment": {"sum_sq": 995.2879110938787, "df": 2.0, "F": 1.4405983855181104, "pvalue": 0.2677380372927298, "tukey_hsd": {"groups": ["A12", "B1-8", "PBS"], "pvalues": [[1.0, 0.3117827898971455, 0.9949118844692506], [0.3117827898971455, 1.0, 0.3562775614842064], [0.9949118844692506, 0.3562775614842064, 1.0]]}}, "Ig_treated": {"sum_sq": 201.6453813839771, "df": 1.0, "F": 0.5399455452470965, "pvalue": 0.4730886076274651}, "A12_treated": {"sum_sq": 299.19589751025825, "df": 1.0, "F": 0.8144529182738417, "pvalue": 0.3801928208016945}, "TMT": {"sum_sq": 1218.44837856562, "df": 1.0, "F": 3.488949953063641, "pvalue": 0.08285342866449204}, "Quant": {"sum_sq": 18.559023765166096, "df": 1.0, "F": 0.04821803991336675, "pvalue": 0.8289704819365954}}, "4": {"Mouse_ID": {}, "Treatment": {"sum_sq": 356.2481851889255, "df": 2.0, "F": 0.6234021867751198, "pvalue": 0.549445737985, "tukey_hsd": {"groups": ["A12", "B1-8", "PBS"], "pvalues": [[1.0, 0.588391456686338, 0.9974064731889717], [0.588391456686338, 1.0, 0.629856486923894], [0.9974064731889717, 0.629856486923894, 1.0]]}}, "Ig_treated": {"sum_sq": 70.8062573043063, "df": 1.0, "F": 0.24782468828614074, "pvalue": 0.6253834568778435}, "A12_treated": {"sum_sq": 108.66393802314265, "df": 1.0, "F": 0.3835040349381795, "pvalue": 0.5444518307685179}, "TMT": {"sum_sq": 574.467749582522, "df": 1.0, "F": 2.0025341173815074, "pvalue": 0.17889398511996904}, "Quant": {"sum_sq": 682.0392136088088, "df": 1.0, "F": 2.755613656494681, "pvalue": 0.11638208831379193}}, "5": {"Mouse_ID": {}, "Treatment": {"sum_sq": 1317.5172921989592, "df": 2.0, "F": 6.595825346098267, "pvalue": 0.008806039932760221, "tukey_hsd": {"groups": ["A12", "B1-8", "PBS"], "pvalues": [[1.0, 0.4343971767121565, 0.08444133176313096], [0.4343971767121565, 1.0, 0.007232991274850109], [0.08444133176313096, 0.007232991274850109, 1.0]]}}, "Ig_treated": {"sum_sq": 1157.2174228884946, "df": 1.0, "F": 11.164487543268484, "pvalue": 0.004142320850558397}, "A12_treated": {"sum_sq": 36.53280833901119, "df": 1.0, "F": 0.21032804024930488, "pvalue": 0.6526785168782974}, "TMT": {"sum_sq": 16.002352108696492, "df": 1.0, "F": 0.12725595727166797, "pvalue": 0.7266136577225721}, "Quant": {"sum_sq": 1359.7048446559083, "df": 1.0, "F": 14.942439672595269, "pvalue": 0.0013696946578810546}}, "6": {"Mouse_ID": {}, "Treatment": {"sum_sq": 984.5011189484932, "df": 2.0, "F": 4.139406106929764, "pvalue": 0.03702357191566958, "tukey_hsd": {"groups": ["A12", "B1-8", "PBS"], "pvalues": [[1.0, 0.2981427707828679, 0.02938146275358533], [0.2981427707828679, 1.0, 0.40235808193268263], [0.02938146275358533, 0.40235808193268263, 1.0]]}}, "Ig_treated": {"sum_sq": 699.8892867409216, "df": 1.0, "F": 5.413998221046421, "pvalue": 0.0334335153924197}, "A12_treated": {"sum_sq": 774.9510260971828, "df": 1.0, "F": 6.220376493357094, "pvalue": 0.023958355476362034}, "TMT": {"sum_sq": 3.98953852008471, "df": 1.0, "F": 0.0228609173237648, "pvalue": 0.881976356504009}, "Quant": {"sum_sq": 538.2117046211434, "df": 1.0, "F": 3.861501593449098, "pvalue": 0.06701356103541294}}, "7": {"Mouse_ID": {}, "Treatment": {"sum_sq": 130.21210368445978, "df": 2.0, "F": 0.47768603255678405, "pvalue": 0.62933577883496, "tukey_hsd": {"groups": ["A12", "B1-8", "PBS"], "pvalues": [[1.0, 0.6968643379625263, 0.6661919572424204], [0.6968643379625263, 1.0, 0.9985679784508167], [0.6661919572424204, 0.9985679784508167, 1.0]]}}, "Ig_treated": {"sum_sq": 38.60440918410274, "df": 1.0, "F": 0.2891678837800059, "pvalue": 0.5981550283741885}, "A12_treated": {"sum_sq": 129.8578022131859, "df": 1.0, "F": 1.0161146141447595, "pvalue": 0.32844466889220253}, "TMT": {"sum_sq": 7.218588806859867, "df": 1.0, "F": 0.05253652644878054, "pvalue": 0.822021524003457}, "Quant": {"sum_sq": 171.294696375933, "df": 1.0, "F": 1.368074804278646, "pvalue": 0.2592724217186812}}, "8": {"Mouse_ID": {}, "Treatment": {"sum_sq": 109.38424598174339, "df": 2.0, "F": 0.43969598974752966, "pvalue": 0.6522745338170893, "tukey_hsd": {"groups": ["A12", "B1-8", "PBS"], "pvalues": [[1.0, 0.7088321498888495, 0.9996790746584471], [0.7088321498888495, 1.0, 0.6944189015599636], [0.9996790746584471, 0.6944189015599636, 1.0]]}}, "Ig_treated": {"sum_sq": 29.818884607880513, "df": 1.0, "F": 0.24525150855804942, "pvalue": 0.6271708136536414}, "A12_treated": {"sum_sq": 24.94565615024242, "df": 1.0, "F": 0.20465796624585042, "pvalue": 0.6570604181092344}, "TMT": {"sum_sq": 76.67405746128567, "df": 1.0, "F": 0.6962076385712916, "pvalue": 0.41807151899614403}, "Quant": {"sum_sq": 80.9131768020886, "df": 1.0, "F": 0.6834372379322697, "pvalue": 0.4205638822484806}}, "9": {"Mouse_ID": {}, "Treatment": {"sum_sq": 53.110501182501, "df": 2.0, "F": 0.2365106823663278, "pvalue": 0.7922659731611237, "tukey_hsd": {"groups": ["A12", "B1-8", "PBS"], "pvalues": [[1.0, 0.7849928352545426, 0.8841450603208976], [0.7849928352545426, 1.0, 0.9795562046111417], [0.8841450603208976, 0.9795562046111417, 1.0]]}}, "Ig_treated": {"sum_sq": 2.95438327005718, "df": 1.0, "F": 0.027255316057326298, "pvalue": 0.8709395365250736}, "A12_treated": {"sum_sq": 48.89775694836444, "df": 1.0, "F": 0.463375484051645, "pvalue": 0.5057831241747384}, "TMT": {"sum_sq": 0.1178546720560331, "df": 1.0, "F": 0.001248960072476364, "pvalue": 0.9723070777565826}, "Quant": {"sum_sq": 0.20743090646320894, "df": 1.0, "F": 0.0019106033588094011, "pvalue": 0.9656760734668104}}, "10": {"Mouse_ID": {}, "Treatment": {"sum_sq": 77.01109286829437, "df": 2.0, "F": 0.40101191661835195, "pvalue": 0.6766110705136609, "tukey_hsd": {"groups": ["A12", "B1-8", "PBS"], "pvalues": [[1.0, 0.7383121587335063, 0.7093264943996592], [0.7383121587335063, 1.0, 0.9986718404009564], [0.7093264943996592, 0.9986718404009564, 1.0]]}}, "Ig_treated": {"sum_sq": 23.019596850714205, "df": 1.0, "F": 0.2464780311316473, "pvalue": 0.6263173949141065}, "A12_treated": {"sum_sq": 76.77960135364053, "df": 1.0, "F": 0.8527834602738061, "pvalue": 0.3694837029159255}, "TMT": {"sum_sq": 26.793646309978925, "df": 1.0, "F": 0.37935731318377375, "pvalue": 0.5478311485334695}, "Quant": {"sum_sq": 0.14682978218869777, "df": 1.0, "F": 0.001548450906063432, "pvalue": 0.9690978811331362}}}