{"1": {"Seqn": {}, "ID": {}, "Group": {"sum_sq": 116.90127777369025, "df": 2.0, "F": 0.07647894831858335, "pvalue": 0.9267312735502773, "tukey_hsd": {"groups": ["A12", "B1-8", "PBS"], "pvalues": [[1.0, 0.9967949128249597, 0.953606028531099], [0.9967949128249597, 1.0, 0.9275431080307118], [0.953606028531099, 0.9275431080307118, 1.0]]}}, "Ig": {"sum_sq": 112.45012645882885, "df": 1.0, "F": 0.15688185855466638, "pvalue": 0.6972756582405064}, "Control": {"sum_sq": 12.075668749074177, "df": 1.0, "F": 0.016700884962001943, "pvalue": 0.8987847701737324}, "TMT": {"sum_sq": 866.8444592793375, "df": 1.0, "F": 1.1777366866901953, "pvalue": 0.29615166532200665}, "Tag": {"sum_sq": 2615.4636590621194, "df": 8.0, "F": 0.2674848198743395, "pvalue": 0.957851881323249, "tukey_hsd": {}}, "ID_metabo": {}, "Quant": {"sum_sq": 789.5116643667744, "df": 1.0, "F": 1.2257392210134577, "pvalue": 0.285676246081326}}, "2": {"Seqn": {}, "ID": {}, "Group": {"sum_sq": 3229.1941089767406, "df": 2.0, "F": 4.531959726257943, "pvalue": 0.028869329920773245, "tukey_hsd": {"groups": ["A12", "B1-8", "PBS"], "pvalues": [[1.0, 0.02341376865966527, 0.20483810616699705], [0.02341376865966527, 1.0, 0.4735797380143152], [0.20483810616699705, 0.4735797380143152, 1.0]]}}, "Ig": {"sum_sq": 42.628914544350394, "df": 1.0, "F": 0.07995481433378392, "pvalue": 0.7809840890853954}, "Control": {"sum_sq": 2719.767373416368, "df": 1.0, "F": 7.434279523351318, "pvalue": 0.014935296885558176}, "TMT": {"sum_sq": 7.532480561525167, "df": 1.0, "F": 0.0139935080495375, "pvalue": 0.9075150993193605}, "Tag": {"sum_sq": 6850.749281557068, "df": 8.0, "F": 8.652954217338516, "pvalue": 0.005043325816589027, "tukey_hsd": {}}, "ID_metabo": {}, "Quant": {"sum_sq": 951.8637402299923, "df": 1.0, "F": 1.8797280431971652, "pvalue": 0.19053054584953782}}, "3": {"Seqn": {}, "ID": {}, "Group": {"sum_sq": 995.2879110938769, "df": 2.0, "F": 1.4405983855181057, "pvalue": 0.2677380372927309, "tukey_hsd": {"groups": ["A12", "B1-8", "PBS"], "pvalues": [[1.0, 0.3117827898971469, 0.9949118844692509], [0.3117827898971469, 1.0, 0.35627756148420686], [0.9949118844692509, 0.35627756148420686, 1.0]]}}, "Ig": {"sum_sq": 201.64538138397768, "df": 1.0, "F": 0.5399455452470975, "pvalue": 0.4730886076274651}, "Control": {"sum_sq": 299.1958975102564, "df": 1.0, "F": 0.8144529182738357, "pvalue": 0.3801928208016955}, "TMT": {"sum_sq": 1218.4483785656191, "df": 1.0, "F": 3.488949953063634, "pvalue": 0.08285342866449233}, "Tag": {"sum_sq": 1885.2629123536456, "df": 8.0, "F": 0.3906780910436194, "pvalue": 0.894298462373827, "tukey_hsd": {}}, "ID_metabo": {}, "Quant": {"sum_sq": 8.337280315615754, "df": 1.0, "F": 0.0204211823973755, "pvalue": 0.8882689582923577}}, "4": {"Seqn": {}, "ID": {}, "Group": {"sum_sq": 356.2481851889243, "df": 2.0, "F": 0.623402186775117, "pvalue": 0.549445737985002, "tukey_hsd": {"groups": ["A12", "B1-8", "PBS"], "pvalues": [[1.0, 0.5883914566863393, 0.9974064731889717], [0.5883914566863393, 1.0, 0.6298564869238951], [0.9974064731889717, 0.6298564869238951, 1.0]]}}, "Ig": {"sum_sq": 70.80625730430613, "df": 1.0, "F": 0.24782468828613996, "pvalue": 0.6253834568778435}, "Control": {"sum_sq": 108.66393802314212, "df": 1.0, "F": 0.38350403493817736, "pvalue": 0.5444518307685198}, "TMT": {"sum_sq": 574.4677495825234, "df": 1.0, "F": 2.0025341173815114, "pvalue": 0.1788939851199686}, "Tag": {"sum_sq": 3199.652756567142, "df": 8.0, "F": 2.012721179710444, "pvalue": 0.186119487682257, "tukey_hsd": {}}, "ID_metabo": {}, "Quant": {"sum_sq": 506.2276719764884, "df": 1.0, "F": 1.9393743508345516, "pvalue": 0.18403652171698615}}, "5": {"Seqn": {}, "ID": {}, "Group": {"sum_sq": 1317.5172921990043, "df": 2.0, "F": 6.595825346098691, "pvalue": 0.008806039932758237, "tukey_hsd": {"groups": ["A12", "B1-8", "PBS"], "pvalues": [[1.0, 0.4343971767121777, 0.08444133176310975], [0.4343971767121777, 1.0, 0.007232991274848555], [0.08444133176310975, 0.007232991274848555, 1.0]]}}, "Ig": {"sum_sq": 1157.217422888553, "df": 1.0, "F": 11.164487543269452, "pvalue": 0.004142320850557132}, "Control": {"sum_sq": 36.53280833902252, "df": 1.0, "F": 0.21032804024937107, "pvalue": 0.6526785168782457}, "TMT": {"sum_sq": 16.00235210869699, "df": 1.0, "F": 0.12725595727167036, "pvalue": 0.7266136577225706}, "Tag": {"sum_sq": 1226.0723210897015, "df": 8.0, "F": 1.9490786175792236, "pvalue": 0.19723164449099756, "tukey_hsd": {}}, "ID_metabo": {}, "Quant": {"sum_sq": 246.29770478643337, "df": 1.0, "F": 1.5497645645687859, "pvalue": 0.23226915816869473}}, "6": {"Seqn": {}, "ID": {}, "Group": {"sum_sq": 984.501118948447, "df": 2.0, "F": 4.1394061069294565, "pvalue": 0.0370235719156769, "tukey_hsd": {"groups": ["A12", "B1-8", "PBS"], "pvalues": [[1.0, 0.29814277078286133, 0.029381462753591325], [0.29814277078286133, 1.0, 0.40235808193274725], [0.029381462753591325, 0.40235808193274725, 1.0]]}}, "Ig": {"sum_sq": 699.8892867408624, "df": 1.0, "F": 5.4139982210458, "pvalue": 0.03343351539242844}, "Control": {"sum_sq": 774.9510260971709, "df": 1.0, "F": 6.220376493356952, "pvalue": 0.023958355476363425}, "TMT": {"sum_sq": 3.989538520084182, "df": 1.0, "F": 0.022860917323761932, "pvalue": 0.881976356504021}, "Tag": {"sum_sq": 2111.49257690073, "df": 8.0, "F": 5.50382442779989, "pvalue": 0.018312720523897718, "tukey_hsd": {}}, "ID_metabo": {}, "Quant": {"sum_sq": 5.333045679067097, "df": 1.0, "F": 0.030150042328785407, "pvalue": 0.864471798704328}}, "7": {"Seqn": {}, "ID": {}, "Group": {"sum_sq": 130.21210368446205, "df": 2.0, "F": 0.47768603255679176, "pvalue": 0.6293357788349555, "tukey_hsd": {"groups": ["A12", "B1-8", "PBS"], "pvalues": [[1.0, 0.6968643379625212, 0.6661919572424171], [0.6968643379625212, 1.0, 0.9985679784508168], [0.6661919572424171, 0.9985679784508168, 1.0]]}}, "Ig": {"sum_sq": 38.60440918410306, "df": 1.0, "F": 0.2891678837800075, "pvalue": 0.5981550283741885}, "Control": {"sum_sq": 129.8578022131881, "df": 1.0, "F": 1.0161146141447754, "pvalue": 0.32844466889219887}, "TMT": {"sum_sq": 7.218588806860093, "df": 1.0, "F": 0.052536526448782116, "pvalue": 0.822021524003457}, "Tag": {"sum_sq": 1248.2872354502756, "df": 8.0, "F": 1.6002509540715781, "pvalue": 0.2746009493721281, "tukey_hsd": {}}, "ID_metabo": {}, "Quant": {"sum_sq": 33.68746079195647, "df": 1.0, "F": 0.25365972297687234, "pvalue": 0.6218255637850918}}, "8": {"Seqn": {}, "ID": {}, "Group": {"sum_sq": 109.38424598174416, "df": 2.0, "F": 0.4396959897475334, "pvalue": 0.6522745338170871, "tukey_hsd": {"groups": ["A12", "B1-8", "PBS"], "pvalues": [[1.0, 0.7088321498888489, 0.9996790746584471], [0.7088321498888489, 1.0, 0.6944189015599607], [0.9996790746584471, 0.6944189015599607, 1.0]]}}, "Ig": {"sum_sq": 29.81888460788108, "df": 1.0, "F": 0.24525150855805442, "pvalue": 0.6271708136536362}, "Control": {"sum_sq": 24.945656150242204, "df": 1.0, "F": 0.20465796624584878, "pvalue": 0.6570604181092344}, "TMT": {"sum_sq": 76.67405746128546, "df": 1.0, "F": 0.6962076385712889, "pvalue": 0.4180715189961447}, "Tag": {"sum_sq": 838.9231393995242, "df": 8.0, "F": 0.941600413946586, "pvalue": 0.5382800600213282, "tukey_hsd": {}}, "ID_metabo": {}, "Quant": {"sum_sq": 4.944692580703378, "df": 1.0, "F": 0.03788963782760937, "pvalue": 0.848276773385202}}, "9": {"Seqn": {}, "ID": {}, "Group": {"sum_sq": 53.110501182500585, "df": 2.0, "F": 0.23651068236632594, "pvalue": 0.7922659731611251, "tukey_hsd": {"groups": ["A12", "B1-8", "PBS"], "pvalues": [[1.0, 0.7849928352545448, 0.8841450603208968], [0.7849928352545448, 1.0, 0.9795562046111429], [0.8841450603208968, 0.9795562046111429, 1.0]]}}, "Ig": {"sum_sq": 2.9543832700573285, "df": 1.0, "F": 0.027255316057327676, "pvalue": 0.8709395365250652}, "Control": {"sum_sq": 48.89775694836421, "df": 1.0, "F": 0.46337548405164286, "pvalue": 0.5057831241747399}, "TMT": {"sum_sq": 0.11785467205606757, "df": 1.0, "F": 0.0012489600724767318, "pvalue": 0.9723070777565826}, "Tag": {"sum_sq": 559.0034088238841, "df": 8.0, "F": 0.6417437388166634, "pvalue": 0.7268267191863973,