{"1": {"Mouse_ID": {}, "Treatment": {"sum_sq": 116.90127777368996, "df": 2.0, "F": 0.07647894831858315, "pvalue": 0.9267312735502773, "tukey_hsd": {"groups": ["A12", "B1-8", "PBS"], "pvalues": [[1.0, 0.9967949128249591, 0.9536060285311002], [0.9967949128249591, 1.0, 0.9275431080307113], [0.9536060285311002, 0.9275431080307113, 1.0]]}}, "Ig_treated": {"sum_sq": 112.45012645882798, "df": 1.0, "F": 0.15688185855466516, "pvalue": 0.6972756582405064}, "A12_treated": {"sum_sq": 12.075668749073127, "df": 1.0, "F": 0.01670088496200049, "pvalue": 0.8987847701737431}, "TMT": {"sum_sq": 866.8444592793397, "df": 1.0, "F": 1.1777366866901993, "pvalue": 0.29615166532200593}, "Quant": {"sum_sq": 6.17304823946751, "df": 1.0, "F": 0.008533092177332755, "pvalue": 0.9275470490226114}}, "2": {"Mouse_ID": {}, "Treatment": {"sum_sq": 3229.194108976731, "df": 2.0, "F": 4.531959726257919, "pvalue": 0.02886932992077363, "tukey_hsd": {"groups": ["A12", "B1-8", "PBS"], "pvalues": [[1.0, 0.0234137686596656, 0.20483810616699671], [0.0234137686596656, 1.0, 0.47357973801431985], [0.20483810616699671, 0.47357973801431985, 1.0]]}}, "Ig_treated": {"sum_sq": 42.628914544351716, "df": 1.0, "F": 0.07995481433378637, "pvalue": 0.7809840890853954}, "A12_treated": {"sum_sq": 2719.7673734163654, "df": 1.0, "F": 7.434279523351303, "pvalue": 0.01493529688555826}, "TMT": {"sum_sq": 7.532480561525458, "df": 1.0, "F": 0.013993508049538025, "pvalue": 0.9075150993193605}, "Quant": {"sum_sq": 1.043938448565033, "df": 1.0, "F": 0.001948512887168781, "pvalue": 0.9653374569423092}}, "3": {"Mouse_ID": {}, "Treatment": {"sum_sq": 995.2879110938859, "df": 2.0, "F": 1.4405983855181193, "pvalue": 0.26773803729272827, "tukey_hsd": {"groups": ["A12", "B1-8", "PBS"], "pvalues": [[1.0, 0.3117827898971426, 0.9949118844692505], [0.3117827898971426, 1.0, 0.3562775614842042], [0.9949118844692505, 0.3562775614842042, 1.0]]}}, "Ig_treated": {"sum_sq": 201.64538138397796, "df": 1.0, "F": 0.5399455452470977, "pvalue": 0.4730886076274651}, "A12_treated": {"sum_sq": 299.19589751026103, "df": 1.0, "F": 0.8144529182738478, "pvalue": 0.38019282080169226}, "TMT": {"sum_sq": 1218.4483785656146, "df": 1.0, "F": 3.488949953063612, "pvalue": 0.08285342866449336}, "Quant": {"sum_sq": 18.55902376516699, "df": 1.0, "F": 0.048218039913368996, "pvalue": 0.8289704819365892}}, "4": {"Mouse_ID": {}, "Treatment": {"sum_sq": 356.2481851889234, "df": 2.0, "F": 0.6234021867751142, "pvalue": 0.549445737985003, "tukey_hsd": {"groups": ["A12", "B1-8", "PBS"], "pvalues": [[1.0, 0.5883914566863415, 0.9974064731889719], [0.5883914566863415, 1.0, 0.6298564869238958], [0.9974064731889719, 0.6298564869238958, 1.0]]}}, "Ig_treated": {"sum_sq": 70.80625730430651, "df": 1.0, "F": 0.24782468828614093, "pvalue": 0.6253834568778435}, "A12_treated": {"sum_sq": 108.6639380231413, "df": 1.0, "F": 0.38350403493817364, "pvalue": 0.5444518307685218}, "TMT": {"sum_sq": 574.4677495825291, "df": 1.0, "F": 2.00253411738153, "pvalue": 0.17889398511996693}, "Quant": {"sum_sq": 682.0392136088137, "df": 1.0, "F": 2.755613656494695, "pvalue": 0.11638208831379117}}, "5": {"Mouse_ID": {}, "Treatment": {"sum_sq": 1317.5172921989988, "df": 2.0, "F": 6.595825346098613, "pvalue": 0.00880603993275858, "tukey_hsd": {"groups": ["A12", "B1-8", "PBS"], "pvalues": [[1.0, 0.4343971767121747, 0.08444133176311341], [0.4343971767121747, 1.0, 0.007232991274848777], [0.08444133176311341, 0.007232991274848777, 1.0]]}}, "Ig_treated": {"sum_sq": 1157.2174228885463, "df": 1.0, "F": 11.16448754326929, "pvalue": 0.0041423208505573465}, "A12_treated": {"sum_sq": 36.53280833902084, "df": 1.0, "F": 0.2103280402493607, "pvalue": 0.6526785168782541}, "TMT": {"sum_sq": 16.002352108696748, "df": 1.0, "F": 0.1272559572716685, "pvalue": 0.7266136577225721}, "Quant": {"sum_sq": 1359.7048446559568, "df": 1.0, "F": 14.94243967259624, "pvalue": 0.0013696946578806925}}, "6": {"Mouse_ID": {}, "Treatment": {"sum_sq": 984.5011189484577, "df": 2.0, "F": 4.1394061069295, "pvalue": 0.037023571915675846, "tukey_hsd": {"groups": ["A12", "B1-8", "PBS"], "pvalues": [[1.0, 0.2981427707828621, 0.029381462753590548], [0.2981427707828621, 1.0, 0.40235808193273837], [0.029381462753590548, 0.40235808193273837, 1.0]]}}, "Ig_treated": {"sum_sq": 699.8892867408737, "df": 1.0, "F": 5.413998221045887, "pvalue": 0.03343351539242722}, "A12_treated": {"sum_sq": 774.9510260971757, "df": 1.0, "F": 6.220376493356969, "pvalue": 0.023958355476363262}, "TMT": {"sum_sq": 3.9895385200843343, "df": 1.0, "F": 0.02286091732376268, "pvalue": 0.881976356504013}, "Quant": {"sum_sq": 538.2117046210976, "df": 1.0, "F": 3.861501593448666, "pvalue": 0.0670135610354267}}, "7": {"Mouse_ID": {}, "Treatment": {"sum_sq": 130.21210368446356, "df": 2.0, "F": 0.47768603255679587, "pvalue": 0.6293357788349533, "tukey_hsd": {"groups": ["A12", "B1-8", "PBS"], "pvalues": [[1.0, 0.6968643379625227, 0.666191957242412], [0.6968643379625227, 1.0, 0.9985679784508161], [0.666191957242412, 0.9985679784508161, 1.0]]}}, "Ig_treated": {"sum_sq": 38.60440918410478, "df": 1.0, "F": 0.2891678837800197, "pvalue": 0.5981550283741793}, "A12_treated": {"sum_sq": 129.85780221318947, "df": 1.0, "F": 1.016114614144783, "pvalue": 0.32844466889219714}, "TMT": {"sum_sq": 7.218588806859925, "df": 1.0, "F": 0.052536526448780645, "pvalue": 0.822021524003457}, "Quant": {"sum_sq": 171.29469637593763, "df": 1.0, "F": 1.3680748042786772, "pvalue": 0.259272421718676}}, "8": {"Mouse_ID": {}, "Treatment": {"sum_sq": 109.38424598174373, "df": 2.0, "F": 0.43969598974753116, "pvalue": 0.6522745338170882, "tukey_hsd": {"groups": ["A12", "B1-8", "PBS"], "pvalues": [[1.0, 0.7088321498888512, 0.999679074658447], [0.7088321498888512, 1.0, 0.6944189015599607], [0.999679074658447, 0.6944189015599607, 1.0]]}}, "Ig_treated": {"sum_sq": 29.818884607881365, "df": 1.0, "F": 0.24525150855805658, "pvalue": 0.6271708136536362}, "A12_treated": {"sum_sq": 24.94565615024174, "df": 1.0, "F": 0.20465796624584476, "pvalue": 0.6570604181092401}, "TMT": {"sum_sq": 76.67405746128544, "df": 1.0, "F": 0.6962076385712911, "pvalue": 0.41807151899614403}, "Quant": {"sum_sq": 80.91317680208736, "df": 1.0, "F": 0.683437237932259, "pvalue": 0.4205638822484845}}, "9": {"Mouse_ID": {}, "Treatment": {"sum_sq": 53.11050118250184, "df": 2.0, "F": 0.23651068236633144, "pvalue": 0.792265973161121, "tukey_hsd": {"groups": ["A12", "B1-8", "PBS"], "pvalues": [[1.0, 0.7849928352545391, 0.884145060320897], [0.7849928352545391, 1.0, 0.9795562046111407], [0.884145060320897, 0.9795562046111407, 1.0]]}}, "Ig_treated": {"sum_sq": 2.9543832700571038, "df": 1.0, "F": 0.027255316057325566, "pvalue": 0.8709395365250736}, "A12_treated": {"sum_sq": 48.89775694836508, "df": 1.0, "F": 0.46337548405165085, "pvalue": 0.5057831241747366}, "TMT": {"sum_sq": 0.11785467205603675, "df": 1.0, "F": 0.0012489600724764002, "pvalue": 0.9723070777565826}, "Quant": {"sum_sq": 0.20743090646322, "df": 1.0, "F": 0.0019106033588095006, "pvalue": 0.9656760734668104}}, "10": {"Mouse_ID": {}, "Treatment": {"sum_sq": 77.01109286829315, "df": 2.0, "F": 0.40101191661834423, "pvalue": 0.6766110705136655, "tukey_hsd": {"groups": ["A12", "B1-8", "PBS"], "pvalues": [[1.0, 0.7383121587335095, 0.7093264943996644], [0.7383121587335095, 1.0, 0.9986718404009566], [0.7093264943996644, 0.9986718404009566, 1.0]]}}, "Ig_treated": {"sum_sq": 23.019596850713636, "df": 1.0, "F": 0.24647803113164052, "pvalue": 0.6263173949141116}, "A12_treated": {"sum_sq": 76.77960135363932, "df": 1.0, "F": 0.8527834602737898, "pvalue": 0.36948370291592986}, "TMT": {"sum_sq": 26.79364630997964, "df": 1.0, "F": 0.3793573131837819, "pvalue": 0.5478311485334662}, "Quant": {"sum_sq": 0.14682978218867837, "df": 1.0, "F": 0.0015484509060632238, "pvalue": 0.9690978811331362}}}