{"1": {"Mouse_ID": {}, "Treatment": {"sum_sq": 122.59489212471284, "df": 2.0, "F": 0.07944744827228588, "pvalue": 0.924012570158743, "tukey_hsd": {"groups": ["A12", "B1-8", "PBS"], "pvalues": [[1.0, 0.998366591869341, 0.9470463697322552], [0.998366591869341, 1.0, 0.9279715799920355], [0.9470463697322552, 0.9279715799920355, 1.0]]}}, "Ig_treated": {"sum_sq": 120.30691471221496, "df": 1.0, "F": 0.16629187720109545, "pvalue": 0.6888331078377162}, "A12_treated": {"sum_sq": 17.424530656592424, "df": 1.0, "F": 0.023872538450698838, "pvalue": 0.8791418676522841}, "Batch": {"sum_sq": 854.5478972678901, "df": 1.0, "F": 1.147260378834051, "pvalue": 0.30224181724628935}, "Quant": {"sum_sq": 5.903176656967875, "df": 1.0, "F": 0.008079696521715132, "pvalue": 0.9294925185571803}}, "2": {"Mouse_ID": {}, "Treatment": {"sum_sq": 3280.2933431623583, "df": 2.0, "F": 4.616392312378188, "pvalue": 0.02739425693561584, "tukey_hsd": {"groups": ["A12", "B1-8", "PBS"], "pvalues": [[1.0, 0.022195515899410934, 0.1983387112323438], [0.022195515899410934, 1.0, 0.46969045305015866], [0.1983387112323438, 0.46969045305015866, 1.0]]}}, "Ig_treated": {"sum_sq": 44.42570015094083, "df": 1.0, "F": 0.08298846491020799, "pvalue": 0.7769859165043438}, "A12_treated": {"sum_sq": 2766.36178910072, "df": 1.0, "F": 7.574864850997512, "pvalue": 0.01416845684563503}, "Batch": {"sum_sq": 8.173367621488078, "df": 1.0, "F": 0.01513226283944164, "pvalue": 0.9038451052891947}, "Quant": {"sum_sq": 1.4985539766680325, "df": 1.0, "F": 0.002785381399258944, "pvalue": 0.9585631452365235}}, "3": {"Mouse_ID": {}, "Treatment": {"sum_sq": 975.6924711168407, "df": 2.0, "F": 1.4030278846373903, "pvalue": 0.2763290051058333, "tukey_hsd": {"groups": ["A12", "B1-8", "PBS"], "pvalues": [[1.0, 0.3270288500794365, 0.9977176038725244], [0.3270288500794365, 1.0, 0.3572876348337103], [0.9977176038725244, 0.3572876348337103, 1.0]]}}, "Ig_treated": {"sum_sq": 212.19130717244835, "df": 1.0, "F": 0.5678171373503862, "pvalue": 0.4620730927182013}, "A12_treated": {"sum_sq": 277.0962585653985, "df": 1.0, "F": 0.7496381969808171, "pvalue": 0.3993878516716909}, "Batch": {"sum_sq": 1216.0869734206237, "df": 1.0, "F": 3.468812866477805, "pvalue": 0.0836542747873877}, "Quant": {"sum_sq": 21.267721596853878, "df": 1.0, "F": 0.05515069223076341, "pvalue": 0.8173105267784967}}, "4": {"Mouse_ID": {}, "Treatment": {"sum_sq": 359.20495249235944, "df": 2.0, "F": 0.6219614665509857, "pvalue": 0.5501771383653851, "tukey_hsd": {"groups": ["A12", "B1-8", "PBS"], "pvalues": [[1.0, 0.585045212739333, 0.9961362701224798], [0.585045212739333, 1.0, 0.6356734021180581], [0.9961362701224798, 0.6356734021180581, 1.0]]}}, "Ig_treated": {"sum_sq": 67.50627580614584, "df": 1.0, "F": 0.23362531815294074, "pvalue": 0.6353965262012932}, "A12_treated": {"sum_sq": 114.12437151228369, "df": 1.0, "F": 0.3989840935901469, "pvalue": 0.5365354952578354}, "Batch": {"sum_sq": 584.2742593711758, "df": 1.0, "F": 2.0180450860886667, "pvalue": 0.1773267280574991}, "Quant": {"sum_sq": 675.8424296696674, "df": 1.0, "F": 2.693350259549455, "pvalue": 0.12027514607627675}}, "5": {"Mouse_ID": {}, "Treatment": {"sum_sq": 1797.6614971065496, "df": 2.0, "F": 12.777086242184833, "pvalue": 0.0005759938722495907, "tukey_hsd": {"groups": ["A12", "B1-8", "PBS"], "pvalues": [[1.0, 0.8451834673841222, 0.0026992975678473696], [0.8451834673841222, 1.0, 0.0008991406399669888], [0.0026992975678473696, 0.0008991406399669888, 1.0]]}}, "Ig_treated": {"sum_sq": 1775.9416361233104, "df": 1.0, "F": 26.385344317214994, "pvalue": 9.944657670981641e-05}, "A12_treated": {"sum_sq": 290.1873743081305, "df": 1.0, "F": 1.8117741262794498, "pvalue": 0.19705850472041575}, "Batch": {"sum_sq": 19.30700616258796, "df": 1.0, "F": 0.12476717048411168, "pvalue": 0.7291826526278287}, "Quant": {"sum_sq": 1909.4127435134676, "df": 1.0, "F": 32.381622715494856, "pvalue": 3.346077641310169e-05}}, "6": {"Mouse_ID": {}, "Treatment": {"sum_sq": 550.4572769197192, "df": 2.0, "F": 1.832223548562041, "pvalue": 0.19412030895516003, "tukey_hsd": {"groups": ["A12", "B1-8", "PBS"], "pvalues": [[1.0, 0.2362516543807024, 0.27276099467021486], [0.2362516543807024, 1.0, 0.9949963502002748], [0.27276099467021486, 0.9949963502002748, 1.0]]}}, "Ig_treated": {"sum_sq": 114.56944824826286, "df": 1.0, "F": 0.6816763423605792, "pvalue": 0.42115080455711396}, "A12_treated": {"sum_sq": 549.0900682124845, "df": 1.0, "F": 3.8966707479554796, "pvalue": 0.06590544740628737}, "Batch": {"sum_sq": 0.6274106091227845, "df": 1.0, "F": 0.004169988166136898, "pvalue": 0.9494250454931222}, "Quant": {"sum_sq": 43.46204390562417, "df": 1.0, "F": 0.25193289444609784, "pvalue": 0.6225539267226707}}, "7": {"Mouse_ID": {}, "Treatment": {"sum_sq": 120.46630308213462, "df": 2.0, "F": 0.44012828434071993, "pvalue": 0.6520082362944833, "tukey_hsd": {"groups": ["A12", "B1-8", "PBS"], "pvalues": [[1.0, 0.7264191577346374, 0.679258624984387], [0.7264191577346374, 1.0, 0.9965621200868833], [0.679258624984387, 0.9965621200868833, 1.0]]}}, "Ig_treated": {"sum_sq": 39.302235398983484, "df": 1.0, "F": 0.29467903561748243, "pvalue": 0.5947194705721635}, "A12_treated": {"sum_sq": 119.6112559371309, "df": 1.0, "F": 0.9318877623020837, "pvalue": 0.3487381672111817}, "Batch": {"sum_sq": 3.69284131618116, "df": 1.0, "F": 0.02690563829635764, "pvalue": 0.8720525580689311}, "Quant": {"sum_sq": 164.55665595947548, "df": 1.0, "F": 1.3107423207553281, "pvalue": 0.26909813128355753}}, "8": {"Mouse_ID": {}, "Treatment": {"sum_sq": 131.41312097304163, "df": 2.0, "F": 0.5312319276647821, "pvalue": 0.5985400525069444, "tukey_hsd": {"groups": ["A12", "B1-8", "PBS"], "pvalues": [[1.0, 0.6490810122333316, 0.9999061741076061], [0.6490810122333316, 1.0, 0.6569752914817106], [0.9999061741076061, 0.6569752914817106, 1.0]]}}, "Ig_treated": {"sum_sq": 31.42353149366623, "df": 1.0, "F": 0.25713564962676405, "pvalue": 0.6190120614381686}, "A12_treated": {"sum_sq": 34.30407936523103, "df": 1.0, "F": 0.2811210360832117, "pvalue": 0.603248646201302}, "Batch": {"sum_sq": 72.34321072055805, "df": 1.0, "F": 0.627004630272261, "pvalue": 0.44166687953230666}, "Quant": {"sum_sq": 77.52950223184645, "df": 1.0, "F": 0.6497370715353341, "pvalue": 0.4320245962803446}}, "9": {"Mouse_ID": {}, "Treatment": {"sum_sq": 50.43419655519013, "df": 2.0, "F": 0.22503906716348612, "pvalue": 0.801132485071726, "tukey_hsd": {"groups": ["A12", "B1-8", "PBS"], "pvalues": [[1.0, 0.7999669712583363, 0.8765184857614581], [0.7999669712583363, 1.0, 0.9876678469310456], [0.8765184857614581, 0.9876678469310456, 1.0]]}}, "Ig_treated": {"sum_sq": 4.346831823629786, "df": 1.0, "F": 0.04027325465151362, "pvalue": 0.8434760335782945}, "A12_treated": {"sum_sq": 47.9099032966345, "df": 1.0, "F": 0.45537070986763906, "pvalue": 0.5094298874914602}, "Batch": {"sum_sq": 0.6305101013869614, "df": 1.0, "F": 0.006941860128032267, "pvalue": 0.9347784261098268}, "Quant": {"sum_sq": 0.9643833442106732, "df": 1.0, "F": 0.00891751391831708, "pvalue": 0.9259380333954594}}, "10": {"Mouse_ID": {}, "Treatment": {"sum_sq": 77.34373397854785, "df": 2.0, "F": 0.4070361564852938, "pvalue": 0.6727543896850197, "tukey_hsd": {"groups": ["A12", "B1-8", "PBS"], "pvalues": [[1.0, 0.7393604426336247, 0.7022071651682179], [0.7393604426336247, 1.0, 0.9978260242610536], [0.7022071651682179, 0.9978260242610536, 1.0]]}}, "Ig_treated": {"sum_sq": 24.176775688446355, "df": 1.0, "F": 0.2616722776754964, "pvalue": 0.6159605916859674}, "A12_treated": {"sum_sq": 76.96863514947974, "df": 1.0, "F": 0.8639051551137056, "pvalue": 0.36645981222830626}, "Batch": {"sum_sq": 14.850411705492226, "df": 1.0, "F": 0.2115658891682813, "pvalue": 0.652604994033535}, "Quant": {"sum_sq": 0.45908627098427807, "df": 1.0, "F": 0.004890363460879696, "pvalue": 0.9451150539770181}}}