{"1": {"Mouse_ID": {}, "Treatment": {"sum_sq": 122.59489212471308, "df": 2.0, "F": 0.0794474482722861, "pvalue": 0.924012570158743, "tukey_hsd": {"groups": ["A12", "B1-8", "PBS"], "pvalues": [[1.0, 0.9983665918693411, 0.9470463697322546], [0.9983665918693411, 1.0, 0.9279715799920356], [0.9470463697322546, 0.9279715799920356, 1.0]]}}, "Ig_treated": {"sum_sq": 120.30691471221574, "df": 1.0, "F": 0.16629187720109662, "pvalue": 0.6888331078377162}, "A12_treated": {"sum_sq": 17.42453065659284, "df": 1.0, "F": 0.023872538450699424, "pvalue": 0.8791418676522841}, "Batch": {"sum_sq": 854.5478972678894, "df": 1.0, "F": 1.1472603788340505, "pvalue": 0.30224181724628935}, "Quant": {"sum_sq": 5.903176656967766, "df": 1.0, "F": 0.008079696521714986, "pvalue": 0.9294925185571803}}, "2": {"Mouse_ID": {}, "Treatment": {"sum_sq": 3280.293343162363, "df": 2.0, "F": 4.6163923123781965, "pvalue": 0.02739425693561569, "tukey_hsd": {"groups": ["A12", "B1-8", "PBS"], "pvalues": [[1.0, 0.022195515899410934, 0.19833871123234403], [0.022195515899410934, 1.0, 0.4696904530501572], [0.19833871123234403, 0.4696904530501572, 1.0]]}}, "Ig_treated": {"sum_sq": 44.42570015094026, "df": 1.0, "F": 0.0829884649102069, "pvalue": 0.7769859165043438}, "A12_treated": {"sum_sq": 2766.361789100721, "df": 1.0, "F": 7.574864850997516, "pvalue": 0.01416845684563503}, "Batch": {"sum_sq": 8.173367621488007, "df": 1.0, "F": 0.015132262839441505, "pvalue": 0.9038451052891947}, "Quant": {"sum_sq": 1.4985539766679365, "df": 1.0, "F": 0.002785381399258765, "pvalue": 0.9585631452365235}}, "3": {"Mouse_ID": {}, "Treatment": {"sum_sq": 975.6924711168438, "df": 2.0, "F": 1.4030278846373943, "pvalue": 0.27632900510583247, "tukey_hsd": {"groups": ["A12", "B1-8", "PBS"], "pvalues": [[1.0, 0.32702885007943583, 0.9977176038725244], [0.32702885007943583, 1.0, 0.35728763483370907], [0.9977176038725244, 0.35728763483370907, 1.0]]}}, "Ig_treated": {"sum_sq": 212.19130717244923, "df": 1.0, "F": 0.5678171373503883, "pvalue": 0.46207309271819974}, "A12_treated": {"sum_sq": 277.09625856539884, "df": 1.0, "F": 0.7496381969808176, "pvalue": 0.3993878516716909}, "Batch": {"sum_sq": 1216.0869734206192, "df": 1.0, "F": 3.468812866477786, "pvalue": 0.08365427478738846}, "Quant": {"sum_sq": 21.267721596854603, "df": 1.0, "F": 0.055150692230765255, "pvalue": 0.8173105267784967}}, "4": {"Mouse_ID": {}, "Treatment": {"sum_sq": 359.20495249235586, "df": 2.0, "F": 0.6219614665509811, "pvalue": 0.5501771383653871, "tukey_hsd": {"groups": ["A12", "B1-8", "PBS"], "pvalues": [[1.0, 0.5850452127393354, 0.99613627012248], [0.5850452127393354, 1.0, 0.6356734021180602], [0.99613627012248, 0.6356734021180602, 1.0]]}}, "Ig_treated": {"sum_sq": 67.50627580614523, "df": 1.0, "F": 0.2336253181529393, "pvalue": 0.6353965262012957}, "A12_treated": {"sum_sq": 114.1243715122825, "df": 1.0, "F": 0.39898409359014403, "pvalue": 0.5365354952578373}, "Batch": {"sum_sq": 584.2742593711769, "df": 1.0, "F": 2.018045086088678, "pvalue": 0.17732672805749808}, "Quant": {"sum_sq": 675.8424296696653, "df": 1.0, "F": 2.6933502595494554, "pvalue": 0.12027514607627675}}, "5": {"Mouse_ID": {}, "Treatment": {"sum_sq": 1797.6614971065092, "df": 2.0, "F": 12.77708624218415, "pvalue": 0.000575993872249736, "tukey_hsd": {"groups": ["A12", "B1-8", "PBS"], "pvalues": [[1.0, 0.8451834673840628, 0.002699297567848369], [0.8451834673840628, 1.0, 0.0008991406399670998], [0.002699297567848369, 0.0008991406399670998, 1.0]]}}, "Ig_treated": {"sum_sq": 1775.9416361232595, "df": 1.0, "F": 26.38534431721319, "pvalue": 9.944657670985133e-05}, "A12_treated": {"sum_sq": 290.1873743080888, "df": 1.0, "F": 1.8117741262791658, "pvalue": 0.1970585047204493}, "Batch": {"sum_sq": 19.307006162587356, "df": 1.0, "F": 0.12476717048411105, "pvalue": 0.7291826526278302}, "Quant": {"sum_sq": 1909.4127435134285, "df": 1.0, "F": 32.38162271549313, "pvalue": 3.3460776413111464e-05}}, "6": {"Mouse_ID": {}, "Treatment": {"sum_sq": 550.4572769197517, "df": 2.0, "F": 1.8322235485621805, "pvalue": 0.1941203089551385, "tukey_hsd": {"groups": ["A12", "B1-8", "PBS"], "pvalues": [[1.0, 0.2362516543807045, 0.2727609946701558], [0.2362516543807045, 1.0, 0.9949963502002908], [0.2727609946701558, 0.9949963502002908, 1.0]]}}, "Ig_treated": {"sum_sq": 114.56944824830616, "df": 1.0, "F": 0.6816763423608493, "pvalue": 0.42115080455702436}, "A12_treated": {"sum_sq": 549.0900682125214, "df": 1.0, "F": 3.8966707479558145, "pvalue": 0.06590544740627699}, "Batch": {"sum_sq": 0.6274106091231028, "df": 1.0, "F": 0.004169988166138925, "pvalue": 0.9494250454931128}, "Quant": {"sum_sq": 43.462043905651726, "df": 1.0, "F": 0.2519328944462607, "pvalue": 0.6225539267225615}}, "7": {"Mouse_ID": {}, "Treatment": {"sum_sq": 120.46630308213534, "df": 2.0, "F": 0.44012828434072265, "pvalue": 0.652008236294481, "tukey_hsd": {"groups": ["A12", "B1-8", "PBS"], "pvalues": [[1.0, 0.7264191577346362, 0.6792586249843854], [0.7264191577346362, 1.0, 0.9965621200868832], [0.6792586249843854, 0.9965621200868832, 1.0]]}}, "Ig_treated": {"sum_sq": 39.30223539898382, "df": 1.0, "F": 0.294679035617485, "pvalue": 0.5947194705721611}, "A12_treated": {"sum_sq": 119.61125593713166, "df": 1.0, "F": 0.9318877623020899, "pvalue": 0.3487381672111798}, "Batch": {"sum_sq": 3.6928413161812306, "df": 1.0, "F": 0.02690563829635815, "pvalue": 0.8720525580689311}, "Quant": {"sum_sq": 164.55665595947684, "df": 1.0, "F": 1.3107423207553401, "pvalue": 0.269098131283555}}, "8": {"Mouse_ID": {}, "Treatment": {"sum_sq": 131.41312097304166, "df": 2.0, "F": 0.5312319276647802, "pvalue": 0.5985400525069455, "tukey_hsd": {"groups": ["A12", "B1-8", "PBS"], "pvalues": [[1.0, 0.6490810122333306, 0.9999061741076061], [0.6490810122333306, 1.0, 0.6569752914817135], [0.9999061741076061, 0.6569752914817135, 1.0]]}}, "Ig_treated": {"sum_sq": 31.423531493665543, "df": 1.0, "F": 0.25713564962675733, "pvalue": 0.6190120614381734}, "A12_treated": {"sum_sq": 34.304079365231765, "df": 1.0, "F": 0.28112103608321687, "pvalue": 0.6032486462012998}, "Batch": {"sum_sq": 72.3432107205579, "df": 1.0, "F": 0.6270046302722573, "pvalue": 0.4416668795323079}, "Quant": {"sum_sq": 77.52950223184752, "df": 1.0, "F": 0.6497370715353411, "pvalue": 0.43202459628034195}}, "9": {"Mouse_ID": {}, "Treatment": {"sum_sq": 50.43419655518956, "df": 2.0, "F": 0.2250390671634831, "pvalue": 0.801132485071728, "tukey_hsd": {"groups": ["A12", "B1-8", "PBS"], "pvalues": [[1.0, 0.799966971258338, 0.876518485761461], [0.799966971258338, 1.0, 0.9876678469310451], [0.876518485761461, 0.9876678469310451, 1.0]]}}, "Ig_treated": {"sum_sq": 4.346831823629573, "df": 1.0, "F": 0.040273254651511575, "pvalue": 0.8434760335782945}, "A12_treated": {"sum_sq": 47.909903296633814, "df": 1.0, "F": 0.45537070986763145, "pvalue": 0.5094298874914645}, "Batch": {"sum_sq": 0.6305101013870734, "df": 1.0, "F": 0.006941860128033483, "pvalue": 0.9347784261098194}, "Quant": {"sum_sq": 0.9643833442107826, "df": 1.0, "F": 0.008917513918318075, "pvalue": 0.9259380333954448}}, "10": {"Mouse_ID": {}, "Treatment": {"sum_sq": 77.34373397854789, "df": 2.0, "F": 0.4070361564852928, "pvalue": 0.6727543896850202, "tukey_hsd": {"groups": ["A12", "B1-8", "PBS"], "pvalues": [[1.0, 0.7393604426336257, 0.7022071651682178], [0.7393604426336257, 1.0, 0.9978260242610535], [0.7022071651682178, 0.9978260242610535, 1.0]]}}, "Ig_treated": {"sum_sq": 24.176775688446543, "df": 1.0, "F": 0.2616722776754977, "pvalue": 0.6159605916859674}, "A12_treated": {"sum_sq": 76.96863514947984, "df": 1.0, "F": 0.8639051551137042, "pvalue": 0.36645981222830626}, "Batch": {"sum_sq": 14.850411705492826, "df": 1.0, "F": 0.21156588916828928, "pvalue": 0.6526049940335277}, "Quant": {"sum_sq": 0.4590862709842789, "df": 1.0, "F": 0.004890363460879694, "pvalue": 0.9451150539770181}}}