{"1": {"Mouse_ID": {}, "Treatment": {"sum_sq": 122.5948921247124, "df": 2.0, "F": 0.07944744827228573, "pvalue": 0.924012570158743, "tukey_hsd": {"groups": ["A12", "B1-8", "PBS"], "pvalues": [[1.0, 0.9983665918693411, 0.947046369732255], [0.9983665918693411, 1.0, 0.9279715799920358], [0.947046369732255, 0.9279715799920358, 1.0]]}}, "Ig_treated": {"sum_sq": 120.30691471221493, "df": 1.0, "F": 0.16629187720109567, "pvalue": 0.6888331078377162}, "A12_treated": {"sum_sq": 17.424530656592612, "df": 1.0, "F": 0.023872538450699133, "pvalue": 0.8791418676522841}, "Batch": {"sum_sq": 854.5478972678897, "df": 1.0, "F": 1.1472603788340523, "pvalue": 0.30224181724628935}, "Quant": {"sum_sq": 5.903176656967819, "df": 1.0, "F": 0.00807969652171507, "pvalue": 0.9294925185571803}}, "2": {"Mouse_ID": {}, "Treatment": {"sum_sq": 3280.2933431623414, "df": 2.0, "F": 4.616392312378181, "pvalue": 0.02739425693561595, "tukey_hsd": {"groups": ["A12", "B1-8", "PBS"], "pvalues": [[1.0, 0.022195515899410934, 0.19833871123234426], [0.022195515899410934, 1.0, 0.46969045305015866], [0.19833871123234426, 0.46969045305015866, 1.0]]}}, "Ig_treated": {"sum_sq": 44.42570015094042, "df": 1.0, "F": 0.08298846491020756, "pvalue": 0.7769859165043438}, "A12_treated": {"sum_sq": 2766.361789100705, "df": 1.0, "F": 7.574864850997501, "pvalue": 0.014168456845635091}, "Batch": {"sum_sq": 8.173367621487662, "df": 1.0, "F": 0.015132262839440934, "pvalue": 0.9038451052891996}, "Quant": {"sum_sq": 1.4985539766679348, "df": 1.0, "F": 0.002785381399258774, "pvalue": 0.9585631452365235}}, "3": {"Mouse_ID": {}, "Treatment": {"sum_sq": 975.6924711168449, "df": 2.0, "F": 1.4030278846373998, "pvalue": 0.2763290051058314, "tukey_hsd": {"groups": ["A12", "B1-8", "PBS"], "pvalues": [[1.0, 0.3270288500794343, 0.9977176038725244], [0.3270288500794343, 1.0, 0.35728763483370796], [0.9977176038725244, 0.35728763483370796, 1.0]]}}, "Ig_treated": {"sum_sq": 212.1913071724491, "df": 1.0, "F": 0.5678171373503892, "pvalue": 0.46207309271819974}, "A12_treated": {"sum_sq": 277.09625856539964, "df": 1.0, "F": 0.7496381969808217, "pvalue": 0.3993878516716898}, "Batch": {"sum_sq": 1216.0869734206185, "df": 1.0, "F": 3.468812866477794, "pvalue": 0.08365427478738817}, "Quant": {"sum_sq": 21.267721596854575, "df": 1.0, "F": 0.05515069223076531, "pvalue": 0.8173105267784967}}, "4": {"Mouse_ID": {}, "Treatment": {"sum_sq": 359.20495249235495, "df": 2.0, "F": 0.6219614665509806, "pvalue": 0.5501771383653881, "tukey_hsd": {"groups": ["A12", "B1-8", "PBS"], "pvalues": [[1.0, 0.5850452127393362, 0.9961362701224802], [0.5850452127393362, 1.0, 0.6356734021180597], [0.9961362701224802, 0.6356734021180597, 1.0]]}}, "Ig_treated": {"sum_sq": 67.50627580614564, "df": 1.0, "F": 0.2336253181529412, "pvalue": 0.6353965262012932}, "A12_treated": {"sum_sq": 114.12437151228151, "df": 1.0, "F": 0.3989840935901413, "pvalue": 0.5365354952578383}, "Batch": {"sum_sq": 584.274259371174, "df": 1.0, "F": 2.018045086088671, "pvalue": 0.17732672805749888}, "Quant": {"sum_sq": 675.8424296696645, "df": 1.0, "F": 2.693350259549457, "pvalue": 0.12027514607627642}}, "5": {"Mouse_ID": {}, "Treatment": {"sum_sq": 1797.6614971065246, "df": 2.0, "F": 12.777086242184435, "pvalue": 0.0005759938722496757, "tukey_hsd": {"groups": ["A12", "B1-8", "PBS"], "pvalues": [[1.0, 0.8451834673840853, 0.0026992975678480358], [0.8451834673840853, 1.0, 0.0008991406399670998], [0.0026992975678480358, 0.0008991406399670998, 1.0]]}}, "Ig_treated": {"sum_sq": 1775.9416361232784, "df": 1.0, "F": 26.38534431721391, "pvalue": 9.944657670983742e-05}, "A12_treated": {"sum_sq": 290.1873743081048, "df": 1.0, "F": 1.811774126279276, "pvalue": 0.1970585047204364}, "Batch": {"sum_sq": 19.30700616258756, "df": 1.0, "F": 0.12476717048411123, "pvalue": 0.7291826526278302}, "Quant": {"sum_sq": 1909.4127435134408, "df": 1.0, "F": 32.38162271549373, "pvalue": 3.34607764131081e-05}}, "6": {"Mouse_ID": {}, "Treatment": {"sum_sq": 550.4572769197382, "df": 2.0, "F": 1.832223548562126, "pvalue": 0.19412030895514676, "tukey_hsd": {"groups": ["A12", "B1-8", "PBS"], "pvalues": [[1.0, 0.23625165438070406, 0.27276099467017834], [0.23625165438070406, 1.0, 0.9949963502002848], [0.27276099467017834, 0.9949963502002848, 1.0]]}}, "Ig_treated": {"sum_sq": 114.56944824828963, "df": 1.0, "F": 0.6816763423607471, "pvalue": 0.42115080455705856}, "A12_treated": {"sum_sq": 549.0900682125065, "df": 1.0, "F": 3.8966707479556857, "pvalue": 0.06590544740628095}, "Batch": {"sum_sq": 0.6274106091229372, "df": 1.0, "F": 0.004169988166137865, "pvalue": 0.9494250454931128}, "Quant": {"sum_sq": 43.46204390564128, "df": 1.0, "F": 0.25193289444619926, "pvalue": 0.6225539267226029}}, "7": {"Mouse_ID": {}, "Treatment": {"sum_sq": 120.46630308213506, "df": 2.0, "F": 0.4401282843407216, "pvalue": 0.6520082362944821, "tukey_hsd": {"groups": ["A12", "B1-8", "PBS"], "pvalues": [[1.0, 0.7264191577346384, 0.6792586249843848], [0.7264191577346384, 1.0, 0.9965621200868828], [0.6792586249843848, 0.9965621200868828, 1.0]]}}, "Ig_treated": {"sum_sq": 39.30223539898424, "df": 1.0, "F": 0.2946790356174881, "pvalue": 0.59471947057216}, "A12_treated": {"sum_sq": 119.61125593713129, "df": 1.0, "F": 0.9318877623020869, "pvalue": 0.3487381672111807}, "Batch": {"sum_sq": 3.6928413161811267, "df": 1.0, "F": 0.026905638296357396, "pvalue": 0.8720525580689311}, "Quant": {"sum_sq": 164.5566559594763, "df": 1.0, "F": 1.310742320755335, "pvalue": 0.26909813128355614}}, "8": {"Mouse_ID": {}, "Treatment": {"sum_sq": 131.4131209730405, "df": 2.0, "F": 0.5312319276647773, "pvalue": 0.5985400525069476, "tukey_hsd": {"groups": ["A12", "B1-8", "PBS"], "pvalues": [[1.0, 0.649081012233333, 0.9999061741076061], [0.649081012233333, 1.0, 0.6569752914817144], [0.9999061741076061, 0.6569752914817144, 1.0]]}}, "Ig_treated": {"sum_sq": 31.42353149366551, "df": 1.0, "F": 0.25713564962675806, "pvalue": 0.6190120614381734}, "A12_treated": {"sum_sq": 34.304079365231175, "df": 1.0, "F": 0.281121036083213, "pvalue": 0.603248646201302}, "Batch": {"sum_sq": 72.34321072055899, "df": 1.0, "F": 0.6270046302722713, "pvalue": 0.44166687953230255}, "Quant": {"sum_sq": 77.52950223184777, "df": 1.0, "F": 0.6497370715353458, "pvalue": 0.4320245962803413}}, "9": {"Mouse_ID": {}, "Treatment": {"sum_sq": 50.434196555190354, "df": 2.0, "F": 0.22503906716348676, "pvalue": 0.8011324850717252, "tukey_hsd": {"groups": ["A12", "B1-8", "PBS"], "pvalues": [[1.0, 0.7999669712583346, 0.8765184857614603], [0.7999669712583346, 1.0, 0.9876678469310443], [0.8765184857614603, 0.9876678469310443, 1.0]]}}, "Ig_treated": {"sum_sq": 4.346831823629486, "df": 1.0, "F": 0.04027325465151076, "pvalue": 0.8434760335783014}, "A12_treated": {"sum_sq": 47.90990329663443, "df": 1.0, "F": 0.45537070986763756, "pvalue": 0.509429887491461}, "Batch": {"sum_sq": 0.6305101013869168, "df": 1.0, "F": 0.00694186012803174, "pvalue": 0.9347784261098268}, "Quant": {"sum_sq": 0.9643833442106758, "df": 1.0, "F": 0.008917513918317087, "pvalue": 0.9259380333954594}}, "10": {"Mouse_ID": {}, "Treatment": {"sum_sq": 77.34373397854903, "df": 2.0, "F": 0.40703615648529934, "pvalue": 0.6727543896850167, "tukey_hsd": {"groups": ["A12", "B1-8", "PBS"], "pvalues": [[1.0, 0.7393604426336214, 0.7022071651682147], [0.7393604426336214, 1.0, 0.9978260242610536], [0.7022071651682147, 0.9978260242610536, 1.0]]}}, "Ig_treated": {"sum_sq": 24.176775688446668, "df": 1.0, "F": 0.2616722776754993, "pvalue": 0.6159605916859674}, "A12_treated": {"sum_sq": 76.96863514948092, "df": 1.0, "F": 0.8639051551137175, "pvalue": 0.36645981222830376}, "Batch": {"sum_sq": 14.850411705491576, "df": 1.0, "F": 0.21156588916827185, "pvalue": 0.652604994033541}, "Quant": {"sum_sq": 0.4590862709842167, "df": 1.0, "F": 0.004890363460879032, "pvalue": 0.9451150539770181}}}