{"1": {"Seqn": {}, "Group": {"sum_sq": 122.59489212667161, "df": 2.0, "F": 0.0794474482726259, "pvalue": 0.924012570158432, "tukey_hsd": {"groups": ["A12", "B1-8", "PBS"], "pvalues": [[1.0, 0.998366591869268, 0.9470463697322576], [0.998366591869268, 1.0, 0.9279715799915836], [0.9470463697322576, 0.9279715799915836, 1.0]]}}, "Ig-Treated": {"sum_sq": 120.30691471404491, "df": 1.0, "F": 0.16629187720167815, "pvalue": 0.6888331078372028}, "A12-Treated": {"sum_sq": 17.424530656632353, "df": 1.0, "F": 0.023872538450472876, "pvalue": 0.8791418676528565}, "Quant": {"sum_sq": 773.9278891072347, "df": 1.0, "F": 1.1879470864450699, "pvalue": 0.29294444442217715}}, "2": {"Seqn": {}, "Group": {"sum_sq": 3280.293343004412, "df": 2.0, "F": 4.616392311916, "pvalue": 0.027394256943453123, "tukey_hsd": {"groups": ["A12", "B1-8", "PBS"], "pvalues": [[1.0, 0.0221955159063425, 0.19833871124409397], [0.0221955159063425, 1.0, 0.4696904531183297], [0.19833871124409397, 0.4696904531183297, 1.0]]}}, "Ig-Treated": {"sum_sq": 44.42570016552563, "df": 1.0, "F": 0.08298846493644102, "pvalue": 0.7769859164701163}, "A12-Treated": {"sum_sq": 2766.361789020115, "df": 1.0, "F": 7.574864850518025, "pvalue": 0.01416845684817262}, "Quant": {"sum_sq": 949.7295415910944, "df": 1.0, "F": 1.8667025998579418, "pvalue": 0.19198709557026702}}, "3": {"Seqn": {}, "Group": {"sum_sq": 975.6924710301677, "df": 2.0, "F": 1.4030278845566104, "pvalue": 0.27632900512463743, "tukey_hsd": {"groups": ["A12", "B1-8", "PBS"], "pvalues": [[1.0, 0.3270288500373184, 0.9977176038521894], [0.3270288500373184, 1.0, 0.35728763492790105], [0.9977176038521894, 0.35728763492790105, 1.0]]}}, "Ig-Treated": {"sum_sq": 212.19130701459497, "df": 1.0, "F": 0.567817136936698, "pvalue": 0.4620730928785117}, "A12-Treated": {"sum_sq": 277.09625869272827, "df": 1.0, "F": 0.7496381973730758, "pvalue": 0.39938785155111844}, "Quant": {"sum_sq": 7.286548040895988, "df": 1.0, "F": 0.017795130559955966, "pvalue": 0.8956515403395602}}, "4": {"Seqn": {}, "Group": {"sum_sq": 359.2049525124039, "df": 2.0, "F": 0.6219614665801753, "pvalue": 0.550177138350555, "tukey_hsd": {"groups": ["A12", "B1-8", "PBS"], "pvalues": [[1.0, 0.5850452127331046, 0.9961362701250972], [0.5850452127331046, 1.0, 0.6356734020945523], [0.9961362701250972, 0.6356734020945523, 1.0]]}}, "Ig-Treated": {"sum_sq": 67.50627581758792, "df": 1.0, "F": 0.23362531819016302, "pvalue": 0.6353965261745538}, "A12-Treated": {"sum_sq": 114.12437150950505, "df": 1.0, "F": 0.3989840935750933, "pvalue": 0.5365354952654267}, "Quant": {"sum_sq": 525.3007202717018, "df": 1.0, "F": 1.9972560878678698, "pvalue": 0.1779993560550902}}, "5": {"Seqn": {}, "Group": {"sum_sq": 1797.661494530773, "df": 2.0, "F": 12.777086193922187, "pvalue": 0.000575993882531759, "tukey_hsd": {"groups": ["A12", "B1-8", "PBS"], "pvalues": [[1.0, 0.8451834630655513, 0.002699297640079923], [0.8451834630655513, 1.0, 0.0008991406485283626], [0.002699297640079923, 0.0008991406485283626, 1.0]]}}, "Ig-Treated": {"sum_sq": 1775.941632828913, "df": 1.0, "F": 26.385344190052074, "pvalue": 9.944657917298417e-05}, "A12-Treated": {"sum_sq": 290.1873713674996, "df": 1.0, "F": 1.8117741059128039, "pvalue": 0.19705850710825412}, "Quant": {"sum_sq": 192.22153725886147, "df": 1.0, "F": 1.110612995657873, "pvalue": 0.3086292078026742}}, "6": {"Seqn": {}, "Group": {"sum_sq": 550.4572795190193, "df": 2.0, "F": 1.8322235594367577, "pvalue": 0.19412030725861645, "tukey_hsd": {"groups": ["A12", "B1-8", "PBS"], "pvalues": [[1.0, 0.2362516545267601, 0.27276099013108535], [0.2362516545267601, 1.0, 0.9949963514204778], [0.27276099013108535, 0.9949963514204778, 1.0]]}}, "Ig-Treated": {"sum_sq": 114.56945158259019, "df": 1.0, "F": 0.6816763630787536, "pvalue": 0.42115079764400365}, "A12-Treated": {"sum_sq": 549.0900711478117, "df": 1.0, "F": 3.8966707740915787, "pvalue": 0.06590544659081578}, "Quant": {"sum_sq": 72.82591331269165, "df": 1.0, "F": 0.4372551129501995, "pvalue": 0.5184789984522207}}, "7": {"Seqn": {}, "Group": {"sum_sq": 120.4663030815932, "df": 2.0, "F": 0.44012828435200546, "pvalue": 0.6520082362875327, "tukey_hsd": {"groups": ["A12", "B1-8", "PBS"], "pvalues": [[1.0, 0.7264191576483894, 0.6792586250389898], [0.7264191576483894, 1.0, 0.9965621201074563], [0.6792586250389898, 0.9965621201074563, 1.0]]}}, "Ig-Treated": {"sum_sq": 39.302235370051804, "df": 1.0, "F": 0.2946790354051816, "pvalue": 0.5947194707036967}, "A12-Treated": {"sum_sq": 119.61125594174226, "df": 1.0, "F": 0.9318877623684199, "pvalue": 0.34873816719450124}, "Quant": {"sum_sq": 31.39285042352082, "df": 1.0, "F": 0.23538244161846222, "pvalue": 0.6345706010294676}}, "8": {"Seqn": {}, "Group": {"sum_sq": 131.41312103255524, "df": 2.0, "F": 0.531231927912752, "pvalue": 0.5985400523683415, "tukey_hsd": {"groups": ["A12", "B1-8", "PBS"], "pvalues": [[1.0, 0.6490810120620698, 0.9999061741054134], [0.6490810120620698, 1.0, 0.6569752914028018], [0.9999061741054134, 0.6569752914028018, 1.0]]}}, "Ig-Treated": {"sum_sq": 31.423531491645928, "df": 1.0, "F": 0.2571356496055334, "pvalue": 0.619012061452529}, "A12-Treated": {"sum_sq": 34.304079397499855, "df": 1.0, "F": 0.28112103634744656, "pvalue": 0.6032486460325015}, "Quant": {"sum_sq": 8.29544598775698, "df": 1.0, "F": 0.06344166403183503, "pvalue": 0.8045550688923633}}, "9": {"Seqn": {}, "Group": {"sum_sq": 50.43419656548033, "df": 2.0, "F": 0.22503906720905142, "pvalue": 0.801132485036285, "tukey_hsd": {"groups": ["A12", "B1-8", "PBS"], "pvalues": [[1.0, 0.7999669713091537, 0.8765184855678674], [0.7999669713091537, 1.0, 0.9876678470139628], [0.8765184855678674, 0.9876678470139628, 1.0]]}}, "Ig-Treated": {"sum_sq": 4.346831847174407, "df": 1.0, "F": 0.04027325486990191, "pvalue": 0.8434760331599128}, "A12-Treated": {"sum_sq": 47.90990332401409, "df": 1.0, "F": 0.4553707101317905, "pvalue": 0.5094298873703433}, "Quant": {"sum_sq": 164.0712475308445, "df": 1.0, "F": 1.570426416998734, "pvalue": 0.22932809060105536}}, "10": {"Seqn": {}, "Group": {"sum_sq": 77.34373395107019, "df": 2.0, "F": 0.40703615629853995, "pvalue": 0.6727543898041914, "tukey_hsd": {"groups": ["A12", "B1-8", "PBS"], "pvalues": [[1.0, 0.739360442675596, 0.7022071653260564], [0.739360442675596, 1.0, 0.9978260242743546], [0.7022071653260564, 0.9978260242743546, 1.0]]}}, "Ig-Treated": {"sum_sq": 24.176775665673183, "df": 1.0, "F": 0.2616722774037276, "pvalue": 0.6159605918677551}, "A12-Treated": {"sum_sq": 76.96863512426106, "df": 1.0, "F": 0.8639051547425856, "pvalue": 0.36645981232860314}, "Quant": {"sum_sq": 15.317895137317288, "df": 1.0, "F": 0.19228213307250033, "pvalue": 0.6672736914548028}}}