{"1": {"Mouse_ID": {}, "Treatment": {"sum_sq": 122.59489212471279, "df": 2.0, "F": 0.07944744827228586, "pvalue": 0.924012570158743, "tukey_hsd": {"groups": ["A12", "B1-8", "PBS"], "pvalues": [[1.0, 0.998366591869341, 0.9470463697322551], [0.998366591869341, 1.0, 0.9279715799920355], [0.9470463697322551, 0.9279715799920355, 1.0]]}}, "Ig_treated": {"sum_sq": 120.3069147122152, "df": 1.0, "F": 0.16629187720109584, "pvalue": 0.6888331078377162}, "A12_treated": {"sum_sq": 17.424530656592456, "df": 1.0, "F": 0.02387253845069888, "pvalue": 0.8791418676522841}, "Batch": {"sum_sq": 854.5478972678892, "df": 1.0, "F": 1.1472603788340496, "pvalue": 0.3022418172462896}, "Quant": {"sum_sq": 5.903176656967942, "df": 1.0, "F": 0.008079696521715226, "pvalue": 0.9294925185571803}}, "2": {"Mouse_ID": {}, "Treatment": {"sum_sq": 3280.2933431623587, "df": 2.0, "F": 4.616392312378188, "pvalue": 0.02739425693561584, "tukey_hsd": {"groups": ["A12", "B1-8", "PBS"], "pvalues": [[1.0, 0.022195515899410934, 0.19833871123234403], [0.022195515899410934, 1.0, 0.469690453050158], [0.19833871123234403, 0.469690453050158, 1.0]]}}, "Ig_treated": {"sum_sq": 44.42570015094042, "df": 1.0, "F": 0.08298846491020719, "pvalue": 0.7769859165043438}, "A12_treated": {"sum_sq": 2766.3617891007198, "df": 1.0, "F": 7.57486485099751, "pvalue": 0.01416845684563505}, "Batch": {"sum_sq": 8.173367621488058, "df": 1.0, "F": 0.0151322628394416, "pvalue": 0.9038451052891947}, "Quant": {"sum_sq": 1.498553976667943, "df": 1.0, "F": 0.002785381399258776, "pvalue": 0.9585631452365235}}, "3": {"Mouse_ID": {}, "Treatment": {"sum_sq": 975.6924711168413, "df": 2.0, "F": 1.403027884637389, "pvalue": 0.27632900510583386, "tukey_hsd": {"groups": ["A12", "B1-8", "PBS"], "pvalues": [[1.0, 0.32702885007943694, 0.9977176038725244], [0.32702885007943694, 1.0, 0.3572876348337104], [0.9977176038725244, 0.3572876348337104, 1.0]]}}, "Ig_treated": {"sum_sq": 212.19130717244863, "df": 1.0, "F": 0.5678171373503863, "pvalue": 0.4620730927182013}, "A12_treated": {"sum_sq": 277.0962585653985, "df": 1.0, "F": 0.749638196980816, "pvalue": 0.3993878516716921}, "Batch": {"sum_sq": 1216.0869734206246, "df": 1.0, "F": 3.468812866477803, "pvalue": 0.0836542747873877}, "Quant": {"sum_sq": 21.267721596854024, "df": 1.0, "F": 0.05515069223076371, "pvalue": 0.8173105267784967}}, "4": {"Mouse_ID": {}, "Treatment": {"sum_sq": 359.20495249235836, "df": 2.0, "F": 0.6219614665509855, "pvalue": 0.5501771383653851, "tukey_hsd": {"groups": ["A12", "B1-8", "PBS"], "pvalues": [[1.0, 0.5850452127393332, 0.9961362701224798], [0.5850452127393332, 1.0, 0.6356734021180588], [0.9961362701224798, 0.6356734021180588, 1.0]]}}, "Ig_treated": {"sum_sq": 67.50627580614534, "df": 1.0, "F": 0.23362531815293966, "pvalue": 0.6353965262012957}, "A12_treated": {"sum_sq": 114.12437151228347, "df": 1.0, "F": 0.39898409359014747, "pvalue": 0.5365354952578354}, "Batch": {"sum_sq": 584.2742593711731, "df": 1.0, "F": 2.0180450860886627, "pvalue": 0.17732672805749952}, "Quant": {"sum_sq": 675.8424296696642, "df": 1.0, "F": 2.6933502595494487, "pvalue": 0.12027514607627718}}, "5": {"Mouse_ID": {}, "Treatment": {"sum_sq": 1797.661497106535, "df": 2.0, "F": 12.777086242184621, "pvalue": 0.0005759938722496355, "tukey_hsd": {"groups": ["A12", "B1-8", "PBS"], "pvalues": [[1.0, 0.8451834673841017, 0.0026992975678477027], [0.8451834673841017, 1.0, 0.0008991406399670998], [0.0026992975678477027, 0.0008991406399670998, 1.0]]}}, "Ig_treated": {"sum_sq": 1775.9416361232911, "df": 1.0, "F": 26.3853443172144, "pvalue": 9.944657670982777e-05}, "A12_treated": {"sum_sq": 290.1873743081157, "df": 1.0, "F": 1.8117741262793519, "pvalue": 0.19705850472042705}, "Batch": {"sum_sq": 19.3070061625877, "df": 1.0, "F": 0.12476717048411125, "pvalue": 0.7291826526278302}, "Quant": {"sum_sq": 1909.4127435134492, "df": 1.0, "F": 32.381622715494174, "pvalue": 3.346077641310556e-05}}, "6": {"Mouse_ID": {}, "Treatment": {"sum_sq": 550.4572769197239, "df": 2.0, "F": 1.8322235485620668, "pvalue": 0.1941203089551562, "tukey_hsd": {"groups": ["A12", "B1-8", "PBS"], "pvalues": [[1.0, 0.23625165438070583, 0.2727609946701999], [0.23625165438070583, 1.0, 0.9949963502002797], [0.2727609946701999, 0.9949963502002797, 1.0]]}}, "Ig_treated": {"sum_sq": 114.569448248275, "df": 1.0, "F": 0.6816763423606564, "pvalue": 0.4211508045570881}, "A12_treated": {"sum_sq": 549.0900682124908, "df": 1.0, "F": 3.896670747955547, "pvalue": 0.06590544740628532}, "Batch": {"sum_sq": 0.6274106091228709, "df": 1.0, "F": 0.004169988166137444, "pvalue": 0.9494250454931222}, "Quant": {"sum_sq": 43.46204390563138, "df": 1.0, "F": 0.2519328944461411, "pvalue": 0.6225539267226419}}, "7": {"Mouse_ID": {}, "Treatment": {"sum_sq": 120.46630308213827, "df": 2.0, "F": 0.4401282843407344, "pvalue": 0.6520082362944741, "tukey_hsd": {"groups": ["A12", "B1-8", "PBS"], "pvalues": [[1.0, 0.726419157734633, 0.6792586249843767], [0.726419157734633, 1.0, 0.9965621200868824], [0.6792586249843767, 0.9965621200868824, 1.0]]}}, "Ig_treated": {"sum_sq": 39.30223539898569, "df": 1.0, "F": 0.2946790356174995, "pvalue": 0.5947194705721531}, "A12_treated": {"sum_sq": 119.6112559371344, "df": 1.0, "F": 0.9318877623021135, "pvalue": 0.3487381672111736}, "Batch": {"sum_sq": 3.6928413161811364, "df": 1.0, "F": 0.026905638296357514, "pvalue": 0.8720525580689311}, "Quant": {"sum_sq": 164.55665595947826, "df": 1.0, "F": 1.3107423207553535, "pvalue": 0.26909813128355303}}, "8": {"Mouse_ID": {}, "Treatment": {"sum_sq": 131.41312097304302, "df": 2.0, "F": 0.5312319276647876, "pvalue": 0.5985400525069418, "tukey_hsd": {"groups": ["A12", "B1-8", "PBS"], "pvalues": [[1.0, 0.6490810122333258, 0.999906174107606], [0.6490810122333258, 1.0, 0.656975291481711], [0.999906174107606, 0.656975291481711, 1.0]]}}, "Ig_treated": {"sum_sq": 31.42353149366547, "df": 1.0, "F": 0.25713564962675745, "pvalue": 0.6190120614381734}, "A12_treated": {"sum_sq": 34.30407936523251, "df": 1.0, "F": 0.28112103608322375, "pvalue": 0.6032486462012951}, "Batch": {"sum_sq": 72.34321072055779, "df": 1.0, "F": 0.6270046302722565, "pvalue": 0.4416668795323079}, "Quant": {"sum_sq": 77.5295022318477, "df": 1.0, "F": 0.6497370715353444, "pvalue": 0.4320245962803413}}, "9": {"Mouse_ID": {}, "Treatment": {"sum_sq": 50.43419655519008, "df": 2.0, "F": 0.22503906716348565, "pvalue": 0.801132485071726, "tukey_hsd": {"groups": ["A12", "B1-8", "PBS"], "pvalues": [[1.0, 0.7999669712583369, 0.8765184857614579], [0.7999669712583369, 1.0, 0.9876678469310458], [0.8765184857614579, 0.9876678469310458, 1.0]]}}, "Ig_treated": {"sum_sq": 4.3468318236298495, "df": 1.0, "F": 0.040273254651514157, "pvalue": 0.8434760335782945}, "A12_treated": {"sum_sq": 47.90990329663452, "df": 1.0, "F": 0.4553707098676386, "pvalue": 0.509429887491461}, "Batch": {"sum_sq": 0.6305101013870287, "df": 1.0, "F": 0.006941860128033023, "pvalue": 0.9347784261098268}, "Quant": {"sum_sq": 0.9643833442107942, "df": 1.0, "F": 0.008917513918318189, "pvalue": 0.9259380333954448}}, "10": {"Mouse_ID": {}, "Treatment": {"sum_sq": 77.34373397854694, "df": 2.0, "F": 0.40703615648528835, "pvalue": 0.6727543896850231, "tukey_hsd": {"groups": ["A12", "B1-8", "PBS"], "pvalues": [[1.0, 0.739360442633629, 0.70220716516822], [0.739360442633629, 1.0, 0.9978260242610533], [0.70220716516822, 0.9978260242610533, 1.0]]}}, "Ig_treated": {"sum_sq": 24.176775688446398, "df": 1.0, "F": 0.26167227767549667, "pvalue": 0.6159605916859674}, "A12_treated": {"sum_sq": 76.96863514947877, "df": 1.0, "F": 0.8639051551136935, "pvalue": 0.36645981222830887}, "Batch": {"sum_sq": 14.850411705492567, "df": 1.0, "F": 0.21156588916828603, "pvalue": 0.65260499403353}, "Quant": {"sum_sq": 0.45908627098427385, "df": 1.0, "F": 0.0048903634608796496, "pvalue": 0.9451150539770181}}}