{"1": {"Mouse_ID": {}, "Treatment": {"sum_sq": 116.90127777369032, "df": 2.0, "F": 0.07647894831858339, "pvalue": 0.9267312735502773, "tukey_hsd": {"groups": ["A12", "B1-8", "PBS"], "pvalues": [[1.0, 0.9967949128249597, 0.9536060285310988], [0.9967949128249597, 1.0, 0.9275431080307119], [0.9536060285310988, 0.9275431080307119, 1.0]]}}, "Ig_treated": {"sum_sq": 112.45012645882922, "df": 1.0, "F": 0.15688185855466688, "pvalue": 0.6972756582405064}, "A12_treated": {"sum_sq": 12.075668749074381, "df": 1.0, "F": 0.016700884962002224, "pvalue": 0.8987847701737324}, "TMT": {"sum_sq": 866.8444592793378, "df": 1.0, "F": 1.1777366866901955, "pvalue": 0.29615166532200665}, "Quant": {"sum_sq": 6.173048239467393, "df": 1.0, "F": 0.008533092177332589, "pvalue": 0.9275470490226114}}, "2": {"Mouse_ID": {}, "Treatment": {"sum_sq": 3229.194108976747, "df": 2.0, "F": 4.5319597262579325, "pvalue": 0.028869329920773436, "tukey_hsd": {"groups": ["A12", "B1-8", "PBS"], "pvalues": [[1.0, 0.02341376865966538, 0.20483810616699716], [0.02341376865966538, 1.0, 0.4735797380143164], [0.20483810616699716, 0.4735797380143164, 1.0]]}}, "Ig_treated": {"sum_sq": 42.628914544350906, "df": 1.0, "F": 0.07995481433378458, "pvalue": 0.7809840890853954}, "A12_treated": {"sum_sq": 2719.7673734163754, "df": 1.0, "F": 7.434279523351308, "pvalue": 0.014935296885558235}, "TMT": {"sum_sq": 7.532480561525186, "df": 1.0, "F": 0.013993508049537483, "pvalue": 0.9075150993193605}, "Quant": {"sum_sq": 1.0439384485648848, "df": 1.0, "F": 0.001948512887168498, "pvalue": 0.9653374569423092}}, "3": {"Mouse_ID": {}, "Treatment": {"sum_sq": 995.2879110938832, "df": 2.0, "F": 1.440598385518114, "pvalue": 0.26773803729272905, "tukey_hsd": {"groups": ["A12", "B1-8", "PBS"], "pvalues": [[1.0, 0.31178278989714536, 0.9949118844692509], [0.31178278989714536, 1.0, 0.356277561484205], [0.9949118844692509, 0.356277561484205, 1.0]]}}, "Ig_treated": {"sum_sq": 201.64538138397913, "df": 1.0, "F": 0.5399455452471006, "pvalue": 0.4730886076274635}, "A12_treated": {"sum_sq": 299.1958975102581, "df": 1.0, "F": 0.814452918273839, "pvalue": 0.3801928208016945}, "TMT": {"sum_sq": 1218.4483785656191, "df": 1.0, "F": 3.488949953063625, "pvalue": 0.0828534286644928}, "Quant": {"sum_sq": 18.559023765167108, "df": 1.0, "F": 0.04821803991336926, "pvalue": 0.8289704819365892}}, "4": {"Mouse_ID": {}, "Treatment": {"sum_sq": 356.2481851889264, "df": 2.0, "F": 0.6234021867751183, "pvalue": 0.549445737985001, "tukey_hsd": {"groups": ["A12", "B1-8", "PBS"], "pvalues": [[1.0, 0.5883914566863382, 0.9974064731889715], [0.5883914566863382, 1.0, 0.6298564869238954], [0.9974064731889715, 0.6298564869238954, 1.0]]}}, "Ig_treated": {"sum_sq": 70.80625730430593, "df": 1.0, "F": 0.2478246882861382, "pvalue": 0.625383456877846}, "A12_treated": {"sum_sq": 108.6639380231437, "df": 1.0, "F": 0.38350403493818136, "pvalue": 0.5444518307685179}, "TMT": {"sum_sq": 574.4677495825266, "df": 1.0, "F": 2.0025341173815145, "pvalue": 0.1788939851199684}, "Quant": {"sum_sq": 682.0392136088104, "df": 1.0, "F": 2.7556136564946723, "pvalue": 0.11638208831379239}}, "5": {"Mouse_ID": {}, "Treatment": {"sum_sq": 1317.5172921989843, "df": 2.0, "F": 6.59582534609853, "pvalue": 0.008806039932758981, "tukey_hsd": {"groups": ["A12", "B1-8", "PBS"], "pvalues": [[1.0, 0.43439717671217204, 0.08444133176311719], [0.43439717671217204, 1.0, 0.007232991274849221], [0.08444133176311719, 0.007232991274849221, 1.0]]}}, "Ig_treated": {"sum_sq": 1157.2174228885299, "df": 1.0, "F": 11.164487543269104, "pvalue": 0.004142320850557588}, "A12_treated": {"sum_sq": 36.532808339018736, "df": 1.0, "F": 0.2103280402493494, "pvalue": 0.6526785168782625}, "TMT": {"sum_sq": 16.002352108696904, "df": 1.0, "F": 0.12725595727167038, "pvalue": 0.7266136577225706}, "Quant": {"sum_sq": 1359.7048446559454, "df": 1.0, "F": 14.942439672596127, "pvalue": 0.0013696946578807346}}, "6": {"Mouse_ID": {}, "Treatment": {"sum_sq": 984.5011189484645, "df": 2.0, "F": 4.139406106929579, "pvalue": 0.037023571915673986, "tukey_hsd": {"groups": ["A12", "B1-8", "PBS"], "pvalues": [[1.0, 0.2981427707828628, 0.029381462753588883], [0.2981427707828628, 1.0, 0.40235808193272327], [0.029381462753588883, 0.40235808193272327, 1.0]]}}, "Ig_treated": {"sum_sq": 699.8892867408846, "df": 1.0, "F": 5.413998221046038, "pvalue": 0.03343351539242511}, "A12_treated": {"sum_sq": 774.9510260971758, "df": 1.0, "F": 6.220376493357017, "pvalue": 0.023958355476362797}, "TMT": {"sum_sq": 3.9895385200845124, "df": 1.0, "F": 0.02286091732376377, "pvalue": 0.881976356504013}, "Quant": {"sum_sq": 538.21170462111, "df": 1.0, "F": 3.8615015934488004, "pvalue": 0.06701356103542244}}, "7": {"Mouse_ID": {}, "Treatment": {"sum_sq": 130.2121036844605, "df": 2.0, "F": 0.47768603255678527, "pvalue": 0.6293357788349594, "tukey_hsd": {"groups": ["A12", "B1-8", "PBS"], "pvalues": [[1.0, 0.6968643379625225, 0.6661919572424224], [0.6968643379625225, 1.0, 0.9985679784508171], [0.6661919572424224, 0.9985679784508171, 1.0]]}}, "Ig_treated": {"sum_sq": 38.604409184101804, "df": 1.0, "F": 0.28916788377999786, "pvalue": 0.5981550283741932}, "A12_treated": {"sum_sq": 129.85780221318666, "df": 1.0, "F": 1.0161146141447626, "pvalue": 0.3284446688922021}, "TMT": {"sum_sq": 7.218588806859796, "df": 1.0, "F": 0.05253652644877993, "pvalue": 0.8220215240034596}, "Quant": {"sum_sq": 171.29469637593076, "df": 1.0, "F": 1.368074804278622, "pvalue": 0.25927242171868536}}, "8": {"Mouse_ID": {}, "Treatment": {"sum_sq": 109.38424598174426, "df": 2.0, "F": 0.4396959897475332, "pvalue": 0.6522745338170871, "tukey_hsd": {"groups": ["A12", "B1-8", "PBS"], "pvalues": [[1.0, 0.7088321498888502, 0.999679074658447], [0.7088321498888502, 1.0, 0.6944189015599596], [0.999679074658447, 0.6944189015599596, 1.0]]}}, "Ig_treated": {"sum_sq": 29.818884607881564, "df": 1.0, "F": 0.2452515085580581, "pvalue": 0.6271708136536338}, "A12_treated": {"sum_sq": 24.945656150241852, "df": 1.0, "F": 0.2046579662458456, "pvalue": 0.6570604181092372}, "TMT": {"sum_sq": 76.6740574612853, "df": 1.0, "F": 0.6962076385712863, "pvalue": 0.4180715189961458}, "Quant": {"sum_sq": 80.91317680208739, "df": 1.0, "F": 0.6834372379322589, "pvalue": 0.4205638822484845}}, "9": {"Mouse_ID": {}, "Treatment": {"sum_sq": 53.1105011825007, "df": 2.0, "F": 0.2365106823663255, "pvalue": 0.7922659731611258, "tukey_hsd": {"groups": ["A12", "B1-8", "PBS"], "pvalues": [[1.0, 0.7849928352545456, 0.8841450603208959], [0.7849928352545456, 1.0, 0.9795562046111436], [0.8841450603208959, 0.9795562046111436, 1.0]]}}, "Ig_treated": {"sum_sq": 2.954383270057461, "df": 1.0, "F": 0.027255316057328796, "pvalue": 0.8709395365250652}, "A12_treated": {"sum_sq": 48.89775694836449, "df": 1.0, "F": 0.46337548405164386, "pvalue": 0.5057831241747399}, "TMT": {"sum_sq": 0.11785467205603616, "df": 1.0, "F": 0.0012489600724763952, "pvalue": 0.9723070777565826}, "Quant": {"sum_sq": 0.20743090646319556, "df": 1.0, "F": 0.0019106033588092708, "pvalue": 0.9656760734668104}}, "10": {"Mouse_ID": {}, "Treatment": {"sum_sq": 77.01109286829391, "df": 2.0, "F": 0.401011916618349, "pvalue": 0.6766110705136626, "tukey_hsd": {"groups": ["A12", "B1-8", "PBS"], "pvalues": [[1.0, 0.7383121587335061, 0.7093264943996627], [0.7383121587335061, 1.0, 0.9986718404009567], [0.7093264943996627, 0.9986718404009567, 1.0]]}}, "Ig_treated": {"sum_sq": 23.019596850713594, "df": 1.0, "F": 0.24647803113164035, "pvalue": 0.6263173949141116}, "A12_treated": {"sum_sq": 76.77960135364009, "df": 1.0, "F": 0.8527834602737998, "pvalue": 0.36948370291592775}, "TMT": {"sum_sq": 26.79364630997886, "df": 1.0, "F": 0.3793573131837729, "pvalue": 0.5478311485334703}, "Quant": {"sum_sq": 0.1468297821886865, "df": 1.0, "F": 0.0015484509060633114, "pvalue": 0.9690978811331362}}}