{"1": {"Mouse_ID": {}, "Treatment": {"sum_sq": 116.90127777369018, "df": 2.0, "F": 0.0764789483185833, "pvalue": 0.9267312735502773, "tukey_hsd": {"groups": ["A12", "B1-8", "PBS"], "pvalues": [[1.0, 0.9967949128249594, 0.9536060285310998], [0.9967949128249594, 1.0, 0.9275431080307114], [0.9536060285310998, 0.9275431080307114, 1.0]]}}, "Ig_treated": {"sum_sq": 112.45012645882855, "df": 1.0, "F": 0.15688185855466594, "pvalue": 0.6972756582405064}, "A12_treated": {"sum_sq": 12.075668749073454, "df": 1.0, "F": 0.01670088496200094, "pvalue": 0.8987847701737324}, "TMT": {"sum_sq": 866.8444592793384, "df": 1.0, "F": 1.1777366866901968, "pvalue": 0.29615166532200626}, "Quant": {"sum_sq": 6.173048239467498, "df": 1.0, "F": 0.00853309217733274, "pvalue": 0.9275470490226114}}, "2": {"Mouse_ID": {}, "Treatment": {"sum_sq": 3229.1941089767483, "df": 2.0, "F": 4.531959726257936, "pvalue": 0.02886932992077336, "tukey_hsd": {"groups": ["A12", "B1-8", "PBS"], "pvalues": [[1.0, 0.02341376865966538, 0.20483810616699671], [0.02341376865966538, 1.0, 0.47357973801431663], [0.20483810616699671, 0.47357973801431663, 1.0]]}}, "Ig_treated": {"sum_sq": 42.62891454435113, "df": 1.0, "F": 0.07995481433378503, "pvalue": 0.7809840890853954}, "A12_treated": {"sum_sq": 2719.7673734163773, "df": 1.0, "F": 7.434279523351316, "pvalue": 0.014935296885558195}, "TMT": {"sum_sq": 7.532480561525409, "df": 1.0, "F": 0.013993508049537898, "pvalue": 0.9075150993193605}, "Quant": {"sum_sq": 1.0439384485649505, "df": 1.0, "F": 0.0019485128871686212, "pvalue": 0.9653374569423092}}, "3": {"Mouse_ID": {}, "Treatment": {"sum_sq": 995.2879110938826, "df": 2.0, "F": 1.4405983855181121, "pvalue": 0.2677380372927298, "tukey_hsd": {"groups": ["A12", "B1-8", "PBS"], "pvalues": [[1.0, 0.31178278989714536, 0.9949118844692508], [0.31178278989714536, 1.0, 0.3562775614842052], [0.9949118844692508, 0.3562775614842052, 1.0]]}}, "Ig_treated": {"sum_sq": 201.64538138397896, "df": 1.0, "F": 0.5399455452470999, "pvalue": 0.4730886076274635}, "A12_treated": {"sum_sq": 299.1958975102582, "df": 1.0, "F": 0.8144529182738391, "pvalue": 0.3801928208016945}, "TMT": {"sum_sq": 1218.4483785656198, "df": 1.0, "F": 3.4889499530636283, "pvalue": 0.0828534286644926}, "Quant": {"sum_sq": 18.55902376516689, "df": 1.0, "F": 0.04821803991336869, "pvalue": 0.8289704819365892}}, "4": {"Mouse_ID": {}, "Treatment": {"sum_sq": 356.2481851889224, "df": 2.0, "F": 0.6234021867751139, "pvalue": 0.549445737985004, "tukey_hsd": {"groups": ["A12", "B1-8", "PBS"], "pvalues": [[1.0, 0.5883914566863409, 0.9974064731889717], [0.5883914566863409, 1.0, 0.6298564869238968], [0.9974064731889717, 0.6298564869238968, 1.0]]}}, "Ig_treated": {"sum_sq": 70.8062573043057, "df": 1.0, "F": 0.24782468828613863, "pvalue": 0.625383456877846}, "A12_treated": {"sum_sq": 108.66393802314168, "df": 1.0, "F": 0.3835040349381759, "pvalue": 0.5444518307685198}, "TMT": {"sum_sq": 574.4677495825243, "df": 1.0, "F": 2.0025341173815168, "pvalue": 0.1788939851199684}, "Quant": {"sum_sq": 682.0392136088079, "df": 1.0, "F": 2.7556136564946763, "pvalue": 0.11638208831379222}}, "5": {"Mouse_ID": {}, "Treatment": {"sum_sq": 1317.5172921989472, "df": 2.0, "F": 6.595825346098188, "pvalue": 0.008806039932760579, "tukey_hsd": {"groups": ["A12", "B1-8", "PBS"], "pvalues": [[1.0, 0.43439717671215383, 0.08444133176313462], [0.43439717671215383, 1.0, 0.007232991274850331], [0.08444133176313462, 0.007232991274850331, 1.0]]}}, "Ig_treated": {"sum_sq": 1157.2174228884803, "df": 1.0, "F": 11.164487543268303, "pvalue": 0.004142320850558638}, "A12_treated": {"sum_sq": 36.53280833900931, "df": 1.0, "F": 0.21032804024929452, "pvalue": 0.6526785168783058}, "TMT": {"sum_sq": 16.002352108696407, "df": 1.0, "F": 0.12725595727166797, "pvalue": 0.7266136577225721}, "Quant": {"sum_sq": 1359.7048446558967, "df": 1.0, "F": 14.942439672595102, "pvalue": 0.0013696946578811192}}, "6": {"Mouse_ID": {}, "Treatment": {"sum_sq": 984.5011189484914, "df": 2.0, "F": 4.139406106929782, "pvalue": 0.03702357191566915, "tukey_hsd": {"groups": ["A12", "B1-8", "PBS"], "pvalues": [[1.0, 0.2981427707828722, 0.029381462753584664], [0.2981427707828722, 1.0, 0.40235808193267397], [0.029381462753584664, 0.40235808193267397, 1.0]]}}, "Ig_treated": {"sum_sq": 699.8892867409252, "df": 1.0, "F": 5.41399822104649, "pvalue": 0.033433515392418664}, "A12_treated": {"sum_sq": 774.9510260971772, "df": 1.0, "F": 6.22037649335707, "pvalue": 0.023958355476362297}, "TMT": {"sum_sq": 3.989538520084647, "df": 1.0, "F": 0.0228609173237645, "pvalue": 0.881976356504009}, "Quant": {"sum_sq": 538.2117046211445, "df": 1.0, "F": 3.861501593449128, "pvalue": 0.06701356103541199}}, "7": {"Mouse_ID": {}, "Treatment": {"sum_sq": 130.2121036844626, "df": 2.0, "F": 0.4776860325567972, "pvalue": 0.6293357788349522, "tukey_hsd": {"groups": ["A12", "B1-8", "PBS"], "pvalues": [[1.0, 0.6968643379625219, 0.6661919572424113], [0.6968643379625219, 1.0, 0.9985679784508162], [0.6661919572424113, 0.9985679784508162, 1.0]]}}, "Ig_treated": {"sum_sq": 38.60440918410447, "df": 1.0, "F": 0.2891678837800203, "pvalue": 0.5981550283741793}, "A12_treated": {"sum_sq": 129.85780221318845, "df": 1.0, "F": 1.0161146141447857, "pvalue": 0.32844466889219603}, "TMT": {"sum_sq": 7.218588806859773, "df": 1.0, "F": 0.05253652644878011, "pvalue": 0.8220215240034596}, "Quant": {"sum_sq": 171.29469637593436, "df": 1.0, "F": 1.3680748042786643, "pvalue": 0.2592724217186784}}, "8": {"Mouse_ID": {}, "Treatment": {"sum_sq": 109.38424598174538, "df": 2.0, "F": 0.43969598974753704, "pvalue": 0.6522745338170848, "tukey_hsd": {"groups": ["A12", "B1-8", "PBS"], "pvalues": [[1.0, 0.7088321498888437, 0.9996790746584473], [0.7088321498888437, 1.0, 0.6944189015599612], [0.9996790746584473, 0.6944189015599612, 1.0]]}}, "Ig_treated": {"sum_sq": 29.818884607880413, "df": 1.0, "F": 0.24525150855804798, "pvalue": 0.6271708136536414}, "A12_treated": {"sum_sq": 24.945656150243448, "df": 1.0, "F": 0.2046579662458584, "pvalue": 0.6570604181092288}, "TMT": {"sum_sq": 76.67405746128566, "df": 1.0, "F": 0.6962076385712863, "pvalue": 0.4180715189961458}, "Quant": {"sum_sq": 80.91317680208904, "df": 1.0, "F": 0.6834372379322717, "pvalue": 0.4205638822484806}}, "9": {"Mouse_ID": {}, "Treatment": {"sum_sq": 53.11050118250046, "df": 2.0, "F": 0.23651068236632483, "pvalue": 0.7922659731611258, "tukey_hsd": {"groups": ["A12", "B1-8", "PBS"], "pvalues": [[1.0, 0.7849928352545459, 0.8841450603208963], [0.7849928352545459, 1.0, 0.9795562046111435], [0.8841450603208963, 0.9795562046111435, 1.0]]}}, "Ig_treated": {"sum_sq": 2.9543832700574266, "df": 1.0, "F": 0.02725531605732852, "pvalue": 0.8709395365250652}, "A12_treated": {"sum_sq": 48.897756948364226, "df": 1.0, "F": 0.463375484051642, "pvalue": 0.5057831241747399}, "TMT": {"sum_sq": 0.11785467205612087, "df": 1.0, "F": 0.001248960072477297, "pvalue": 0.9723070777565826}, "Quant": {"sum_sq": 0.20743090646323417, "df": 1.0, "F": 0.0019106033588096292, "pvalue": 0.9656760734668104}}, "10": {"Mouse_ID": {}, "Treatment": {"sum_sq": 77.01109286829475, "df": 2.0, "F": 0.40101191661835434, "pvalue": 0.6766110705136597, "tukey_hsd": {"groups": ["A12", "B1-8", "PBS"], "pvalues": [[1.0, 0.7383121587335044, 0.7093264943996584], [0.7383121587335044, 1.0, 0.9986718404009565], [0.7093264943996584, 0.9986718404009565, 1.0]]}}, "Ig_treated": {"sum_sq": 23.019596850714166, "df": 1.0, "F": 0.246478031131647, "pvalue": 0.6263173949141065}, "A12_treated": {"sum_sq": 76.77960135364084, "df": 1.0, "F": 0.8527834602738104, "pvalue": 0.3694837029159251}, "TMT": {"sum_sq": 26.793646309977817, "df": 1.0, "F": 0.3793573131837591, "pvalue": 0.547831148533478}, "Quant": {"sum_sq": 0.1468297821886649, "df": 1.0, "F": 0.0015484509060630864, "pvalue": 0.9690978811331362}}}