{"1": {"Mouse_ID": {}, "Treatment": {"sum_sq": 122.59489212471203, "df": 2.0, "F": 0.07944744827228556, "pvalue": 0.9240125701587438, "tukey_hsd": {"groups": ["A12", "B1-8", "PBS"], "pvalues": [[1.0, 0.9983665918693411, 0.9470463697322549], [0.9983665918693411, 1.0, 0.927971579992036], [0.9470463697322549, 0.927971579992036, 1.0]]}}, "Ig_treated": {"sum_sq": 120.30691471221466, "df": 1.0, "F": 0.16629187720109545, "pvalue": 0.6888331078377162}, "A12_treated": {"sum_sq": 17.42453065659284, "df": 1.0, "F": 0.02387253845069947, "pvalue": 0.8791418676522841}, "Batch": {"sum_sq": 854.5478972678886, "df": 1.0, "F": 1.1472603788340519, "pvalue": 0.30224181724628935}, "Quant": {"sum_sq": 5.903176656967986, "df": 1.0, "F": 0.008079696521715305, "pvalue": 0.9294925185571803}}, "2": {"Mouse_ID": {}, "Treatment": {"sum_sq": 3280.293343162359, "df": 2.0, "F": 4.6163923123782, "pvalue": 0.027394256935615657, "tukey_hsd": {"groups": ["A12", "B1-8", "PBS"], "pvalues": [[1.0, 0.02219551589941071, 0.19833871123234403], [0.02219551589941071, 1.0, 0.4696904530501562], [0.19833871123234403, 0.4696904530501562, 1.0]]}}, "Ig_treated": {"sum_sq": 44.42570015093988, "df": 1.0, "F": 0.08298846491020635, "pvalue": 0.7769859165043485}, "A12_treated": {"sum_sq": 2766.361789100715, "df": 1.0, "F": 7.574864850997515, "pvalue": 0.01416845684563503}, "Batch": {"sum_sq": 8.173367621488136, "df": 1.0, "F": 0.015132262839441777, "pvalue": 0.9038451052891947}, "Quant": {"sum_sq": 1.498553976667906, "df": 1.0, "F": 0.0027853813992587133, "pvalue": 0.9585631452365235}}, "3": {"Mouse_ID": {}, "Treatment": {"sum_sq": 975.6924711168392, "df": 2.0, "F": 1.4030278846373891, "pvalue": 0.27632900510583386, "tukey_hsd": {"groups": ["A12", "B1-8", "PBS"], "pvalues": [[1.0, 0.32702885007943694, 0.9977176038725244], [0.32702885007943694, 1.0, 0.3572876348337106], [0.9977176038725244, 0.3572876348337106, 1.0]]}}, "Ig_treated": {"sum_sq": 212.19130717244812, "df": 1.0, "F": 0.567817137350386, "pvalue": 0.4620730927182013}, "A12_treated": {"sum_sq": 277.09625856539793, "df": 1.0, "F": 0.749638196980816, "pvalue": 0.3993878516716921}, "Batch": {"sum_sq": 1216.0869734206212, "df": 1.0, "F": 3.4688128664778, "pvalue": 0.08365427478738788}, "Quant": {"sum_sq": 21.267721596854024, "df": 1.0, "F": 0.055150692230763826, "pvalue": 0.8173105267784967}}, "4": {"Mouse_ID": {}, "Treatment": {"sum_sq": 359.204952492359, "df": 2.0, "F": 0.6219614665509853, "pvalue": 0.5501771383653851, "tukey_hsd": {"groups": ["A12", "B1-8", "PBS"], "pvalues": [[1.0, 0.585045212739334, 0.9961362701224801], [0.585045212739334, 1.0, 0.6356734021180579], [0.9961362701224801, 0.6356734021180579, 1.0]]}}, "Ig_treated": {"sum_sq": 67.5062758061461, "df": 1.0, "F": 0.23362531815294185, "pvalue": 0.6353965262012932}, "A12_treated": {"sum_sq": 114.12437151228299, "df": 1.0, "F": 0.39898409359014475, "pvalue": 0.5365354952578373}, "Batch": {"sum_sq": 584.2742593711752, "df": 1.0, "F": 2.0180450860886654, "pvalue": 0.1773267280574991}, "Quant": {"sum_sq": 675.8424296696681, "df": 1.0, "F": 2.6933502595494607, "pvalue": 0.12027514607627626}}, "5": {"Mouse_ID": {}, "Treatment": {"sum_sq": 1797.6614971065223, "df": 2.0, "F": 12.777086242184374, "pvalue": 0.0005759938722496886, "tukey_hsd": {"groups": ["A12", "B1-8", "PBS"], "pvalues": [[1.0, 0.8451834673840793, 0.002699297567848147], [0.8451834673840793, 1.0, 0.0008991406399670998], [0.002699297567848147, 0.0008991406399670998, 1.0]]}}, "Ig_treated": {"sum_sq": 1775.941636123276, "df": 1.0, "F": 26.38534431721377, "pvalue": 9.944657670984009e-05}, "A12_treated": {"sum_sq": 290.1873743081009, "df": 1.0, "F": 1.8117741262792486, "pvalue": 0.19705850472043923}, "Batch": {"sum_sq": 19.30700616258747, "df": 1.0, "F": 0.12476717048411069, "pvalue": 0.7291826526278302}, "Quant": {"sum_sq": 1909.4127435134394, "df": 1.0, "F": 32.38162271549359, "pvalue": 3.346077641310888e-05}}, "6": {"Mouse_ID": {}, "Treatment": {"sum_sq": 550.457276919742, "df": 2.0, "F": 1.8322235485621403, "pvalue": 0.19412030895514454, "tukey_hsd": {"groups": ["A12", "B1-8", "PBS"], "pvalues": [[1.0, 0.23625165438070372, 0.272760994670173], [0.23625165438070372, 1.0, 0.9949963502002861], [0.272760994670173, 0.9949963502002861, 1.0]]}}, "Ig_treated": {"sum_sq": 114.56944824829334, "df": 1.0, "F": 0.6816763423607698, "pvalue": 0.42115080455705}, "A12_treated": {"sum_sq": 549.0900682125103, "df": 1.0, "F": 3.8966707479557163, "pvalue": 0.06590544740628}, "Batch": {"sum_sq": 0.6274106091229611, "df": 1.0, "F": 0.004169988166138016, "pvalue": 0.9494250454931128}, "Quant": {"sum_sq": 43.46204390564362, "df": 1.0, "F": 0.251932894446213, "pvalue": 0.6225539267225928}}, "7": {"Mouse_ID": {}, "Treatment": {"sum_sq": 120.46630308213527, "df": 2.0, "F": 0.4401282843407221, "pvalue": 0.6520082362944816, "tukey_hsd": {"groups": ["A12", "B1-8", "PBS"], "pvalues": [[1.0, 0.7264191577346375, 0.679258624984385], [0.7264191577346375, 1.0, 0.9965621200868829], [0.679258624984385, 0.9965621200868829, 1.0]]}}, "Ig_treated": {"sum_sq": 39.30223539898411, "df": 1.0, "F": 0.294679035617487, "pvalue": 0.59471947057216}, "A12_treated": {"sum_sq": 119.61125593713153, "df": 1.0, "F": 0.9318877623020881, "pvalue": 0.3487381672111798}, "Batch": {"sum_sq": 3.6928413161811022, "df": 1.0, "F": 0.0269056382963572, "pvalue": 0.8720525580689311}, "Quant": {"sum_sq": 164.55665595947593, "df": 1.0, "F": 1.310742320755331, "pvalue": 0.2690981312835568}}, "8": {"Mouse_ID": {}, "Treatment": {"sum_sq": 131.4131209730414, "df": 2.0, "F": 0.5312319276647794, "pvalue": 0.5985400525069466, "tukey_hsd": {"groups": ["A12", "B1-8", "PBS"], "pvalues": [[1.0, 0.6490810122333304, 0.999906174107606], [0.6490810122333304, 1.0, 0.6569752914817145], [0.999906174107606, 0.6569752914817145, 1.0]]}}, "Ig_treated": {"sum_sq": 31.423531493665283, "df": 1.0, "F": 0.2571356496267553, "pvalue": 0.619012061438176}, "A12_treated": {"sum_sq": 34.304079365231885, "df": 1.0, "F": 0.2811210360832179, "pvalue": 0.6032486462012998}, "Batch": {"sum_sq": 72.34321072055835, "df": 1.0, "F": 0.627004630272262, "pvalue": 0.441666879532306}, "Quant": {"sum_sq": 77.52950223184828, "df": 1.0, "F": 0.649737071535348, "pvalue": 0.43202459628033985}}, "9": {"Mouse_ID": {}, "Treatment": {"sum_sq": 50.434196555189175, "df": 2.0, "F": 0.22503906716348185, "pvalue": 0.8011324850717294, "tukey_hsd": {"groups": ["A12", "B1-8", "PBS"], "pvalues": [[1.0, 0.7999669712583393, 0.8765184857614607], [0.7999669712583393, 1.0, 0.9876678469310456], [0.8765184857614607, 0.9876678469310456, 1.0]]}}, "Ig_treated": {"sum_sq": 4.346831823629647, "df": 1.0, "F": 0.04027325465151235, "pvalue": 0.8434760335782945}, "A12_treated": {"sum_sq": 47.90990329663359, "df": 1.0, "F": 0.45537070986763034, "pvalue": 0.5094298874914645}, "Batch": {"sum_sq": 0.6305101013870209, "df": 1.0, "F": 0.006941860128032921, "pvalue": 0.9347784261098268}, "Quant": {"sum_sq": 0.9643833442107449, "df": 1.0, "F": 0.008917513918317748, "pvalue": 0.9259380333954594}}, "10": {"Mouse_ID": {}, "Treatment": {"sum_sq": 77.34373397854873, "df": 2.0, "F": 0.40703615648529834, "pvalue": 0.6727543896850172, "tukey_hsd": {"groups": ["A12", "B1-8", "PBS"], "pvalues": [[1.0, 0.7393604426336225, 0.702207165168215], [0.7393604426336225, 1.0, 0.9978260242610535], [0.702207165168215, 0.9978260242610535, 1.0]]}}, "Ig_treated": {"sum_sq": 24.17677568844669, "df": 1.0, "F": 0.2616722776754999, "pvalue": 0.615960591685965}, "A12_treated": {"sum_sq": 76.9686351494806, "df": 1.0, "F": 0.8639051551137154, "pvalue": 0.36645981222830376}, "Batch": {"sum_sq": 14.850411705491954, "df": 1.0, "F": 0.21156588916827757, "pvalue": 0.6526049940335374}, "Quant": {"sum_sq": 0.4590862709842577, "df": 1.0, "F": 0.004890363460879478, "pvalue": 0.9451150539770181}}}