{"1": {"ID": {}, "Treatment": {"sum_sq": 123.35658961130785, "df": 2.0, "F": 0.07924377721442255, "pvalue": 0.9241988133974204, "tukey_hsd": {"groups": ["A12", "B1-8", "PBS"], "pvalues": [[1.0, 0.9987958410201846, 0.9456484340820073], [0.9987958410201846, 1.0, 0.9292541142897999], [0.9456484340820073, 0.9292541142897999, 1.0]]}}, "Ig_treated": {"sum_sq": 121.65545361790402, "df": 1.0, "F": 0.16669778944461092, "pvalue": 0.688475303624764}, "A12_treated": {"sum_sq": 19.231210143781027, "df": 1.0, "F": 0.026122335652404752, "pvalue": 0.8736252440746161}, "Batch": {"sum_sq": 856.2828679265222, "df": 1.0, "F": 1.138282153723653, "pvalue": 0.3040690510537136}, "Quant": {"sum_sq": 6.252529622683445, "df": 1.0, "F": 0.008483652933355441, "pvalue": 0.9277566122720413}}, "2": {"ID": {}, "Treatment": {"sum_sq": 3318.3053979120873, "df": 2.0, "F": 4.624632767483539, "pvalue": 0.02725492706381446, "tukey_hsd": {"groups": ["A12", "B1-8", "PBS"], "pvalues": [[1.0, 0.02205825623510116, 0.19884291896611672], [0.02205825623510116, 1.0, 0.4670358470789915], [0.19884291896611672, 0.4670358470789915, 1.0]]}}, "Ig_treated": {"sum_sq": 43.93673403794538, "df": 1.0, "F": 0.08121550483267355, "pvalue": 0.7793127398090164}, "A12_treated": {"sum_sq": 2795.2402071775296, "df": 1.0, "F": 7.574498975112122, "pvalue": 0.014170393313959934}, "Batch": {"sum_sq": 7.337649649735775, "df": 1.0, "F": 0.01344741995419473, "pvalue": 0.909328821554542}, "Quant": {"sum_sq": 1.256746933543611, "df": 1.0, "F": 0.002311654173127046, "pvalue": 0.962247797368973}}, "3": {"ID": {}, "Treatment": {"sum_sq": 988.3358923020792, "df": 2.0, "F": 1.410190327737834, "pvalue": 0.2746674010892187, "tukey_hsd": {"groups": ["A12", "B1-8", "PBS"], "pvalues": [[1.0, 0.32544602379744114, 0.9977522371648103], [0.32544602379744114, 1.0, 0.3553762464024537], [0.9977522371648103, 0.3553762464024537, 1.0]]}}, "Ig_treated": {"sum_sq": 215.25937631383962, "df": 1.0, "F": 0.5712190995429678, "pvalue": 0.46075789531121125}, "A12_treated": {"sum_sq": 280.3390917806574, "df": 1.0, "F": 0.7520338462317419, "pvalue": 0.3986525098877546}, "Batch": {"sum_sq": 1224.244758948454, "df": 1.0, "F": 3.4608705864511906, "pvalue": 0.08397268769825314}, "Quant": {"sum_sq": 22.08400004904961, "df": 1.0, "F": 0.05678354151250468, "pvalue": 0.8146788646794925}}, "4": {"ID": {}, "Treatment": {"sum_sq": 363.24152927603023, "df": 2.0, "F": 0.6203954442211439, "pvalue": 0.5509734018242705, "tukey_hsd": {"groups": ["A12", "B1-8", "PBS"], "pvalues": [[1.0, 0.5890457582651163, 0.9971900899083954], [0.5890457582651163, 1.0, 0.6322170518871701], [0.9971900899083954, 0.6322170518871701, 1.0]]}}, "Ig_treated": {"sum_sq": 71.42168788275019, "df": 1.0, "F": 0.24401665031849554, "pvalue": 0.6280327457876862}, "A12_treated": {"sum_sq": 111.69350899737165, "df": 1.0, "F": 0.38491792052553214, "pvalue": 0.5437195779173414}, "Batch": {"sum_sq": 596.4720536736087, "df": 1.0, "F": 2.035020312206047, "pvalue": 0.17563134813560577}, "Quant": {"sum_sq": 694.45967557757, "df": 1.0, "F": 2.7367654538992645, "pvalue": 0.1175443282461329}}, "5": {"ID": {}, "Treatment": {"sum_sq": 1815.277956924731, "df": 2.0, "F": 12.617578085486604, "pvalue": 0.0006111414745464092, "tukey_hsd": {"groups": ["A12", "B1-8", "PBS"], "pvalues": [[1.0, 0.8480217998935642, 0.0028330576104946825], [0.8480217998935642, 1.0, 0.0009532705532332431], [0.0028330576104946825, 0.0009532705532332431, 1.0]]}}, "Ig_treated": {"sum_sq": 1793.5158640476616, "df": 1.0, "F": 26.069033229679047, "pvalue": 0.0001057918659617113}, "A12_treated": {"sum_sq": 293.6070112235064, "df": 1.0, "F": 1.8063342421299373, "pvalue": 0.19769759977739565}, "Batch": {"sum_sq": 19.908960012226522, "df": 1.0, "F": 0.12758538321260052, "pvalue": 0.7262757578701892}, "Quant": {"sum_sq": 1929.1315776793444, "df": 1.0, "F": 31.980177893775323, "pvalue": 3.5830283576962884e-05}}, "6": {"ID": {}, "Treatment": {"sum_sq": 562.8610117912525, "df": 2.0, "F": 1.854672292868849, "pvalue": 0.1906536566237824, "tukey_hsd": {"groups": ["A12", "B1-8", "PBS"], "pvalues": [[1.0, 0.23559228153771739, 0.2648428087116119], [0.23559228153771739, 1.0, 0.9967061495628656], [0.2648428087116119, 0.9967061495628656, 1.0]]}}, "Ig_treated": {"sum_sq": 121.6040176278636, "df": 1.0, "F": 0.7160081000713144, "pvalue": 0.40993384018702095}, "A12_treated": {"sum_sq": 561.9527415341192, "df": 1.0, "F": 3.9486738433901403, "pvalue": 0.06430607432326514}, "Batch": {"sum_sq": 0.8191696002685535, "df": 1.0, "F": 0.005363118213209362, "pvalue": 0.9426564829590762}, "Quant": {"sum_sq": 48.05563046238656, "df": 1.0, "F": 0.27549642153105935, "pvalue": 0.606865289864915}}, "7": {"ID": {}, "Treatment": {"sum_sq": 121.39402275608269, "df": 2.0, "F": 0.43774899893605534, "pvalue": 0.6534754271947409, "tukey_hsd": {"groups": ["A12", "B1-8", "PBS"], "pvalues": [[1.0, 0.7347384609521945, 0.6754425956426189], [0.7347384609521945, 1.0, 0.9945556979730809], [0.6754425956426189, 0.9945556979730809, 1.0]]}}, "Ig_treated": {"sum_sq": 42.15440913661902, "df": 1.0, "F": 0.31238558213063133, "pvalue": 0.5839587088762959}, "A12_treated": {"sum_sq": 120.02052842629006, "df": 1.0, "F": 0.9226891370923946, "pvalue": 0.3510623683168833}, "Batch": {"sum_sq": 3.2241652400659135, "df": 1.0, "F": 0.02318442597898415, "pvalue": 0.8811510407651045}, "Quant": {"sum_sq": 165.90221892919345, "df": 1.0, "F": 1.3041675912325923, "pvalue": 0.27025645927327246}}, "8": {"ID": {}, "Treatment": {"sum_sq": 136.12372149632495, "df": 2.0, "F": 0.5431325974219349, "pvalue": 0.5919298783677469, "tukey_hsd": {"groups": ["A12", "B1-8", "PBS"], "pvalues": [[1.0, 0.6436480036810281, 0.9999325103714675], [0.6436480036810281, 1.0, 0.6503467313480432], [0.9999325103714675, 0.6503467313480432, 1.0]]}}, "Ig_treated": {"sum_sq": 32.787208142270494, "df": 1.0, "F": 0.2645410526225998, "pvalue": 0.6140483132166079}, "A12_treated": {"sum_sq": 35.28999315726677, "df": 1.0, "F": 0.2850943962536458, "pvalue": 0.6007218697665473}, "Batch": {"sum_sq": 73.03903906795394, "df": 1.0, "F": 0.6247494032609994, "pvalue": 0.4424716152758479}, "Quant": {"sum_sq": 79.3621620021455, "df": 1.0, "F": 0.6557283272331359, "pvalue": 0.42995124145762853}}, "9": {"ID": {}, "Treatment": {"sum_sq": 50.80202671231555, "df": 2.0, "F": 0.22325189030176745, "pvalue": 0.8025239093255556, "tukey_hsd": {"groups": ["A12", "B1-8", "PBS"], "pvalues": [[1.0, 0.7995231331459189, 0.8811717109236707], [0.7995231331459189, 1.0, 0.9858322184883933], [0.8811717109236707, 0.9858322184883933, 1.0]]}}, "Ig_treated": {"sum_sq": 3.8886905131010354, "df": 1.0, "F": 0.035481280642901465, "pvalue": 0.8529590951259486}, "A12_treated": {"sum_sq": 47.85433614537932, "df": 1.0, "F": 0.4478624676786022, "pvalue": 0.5128935382142593}, "Batch": {"sum_sq": 0.6111364629970286, "df": 1.0, "F": 0.006603838013473918, "pvalue": 0.9363823338370365}, "Quant": {"sum_sq": 1.0720958210170897, "df": 1.0, "F": 0.00976635494252158, "pvalue": 0.9225048680839959}}, "10": {"ID": {}, "Treatment": {"sum_sq": 78.27099637752346, "df": 2.0, "F": 0.40466752452694243, "pvalue": 0.6742677932388802, "tukey_hsd": {"groups": ["A12", "B1-8", "PBS"], "pvalues": [[1.0, 0.7352457043602754, 0.7080682066050401], [0.7352457043602754, 1.0, 0.9988353923361332], [0.7080682066050401, 0.9988353923361332, 1.0]]}}, "Ig_treated": {"sum_sq": 23.12958047642605, "df": 1.0, "F": 0.2457660174501598, "pvalue": 0.6268124906175572}, "A12_treated": {"sum_sq": 78.0665730965319, "df": 1.0, "F": 0.8609147120063011, "pvalue": 0.3672693003344399}, "Batch": {"sum_sq": 14.941055247690288, "df": 1.0, "F": 0.20975675401101757, "pvalue": 0.6539859958193701}, "Quant": {"sum_sq": 0.3860116666061068, "df": 1.0, "F": 0.004040582300518205, "pvalue": 0.9501035150163923}}}