{"1": {"Mouse_ID": {}, "Treatment": {"sum_sq": 122.5948921247127, "df": 2.0, "F": 0.0794474482722861, "pvalue": 0.924012570158743, "tukey_hsd": {"groups": ["A12", "B1-8", "PBS"], "pvalues": [[1.0, 0.9983665918693415, 0.9470463697322532], [0.9983665918693415, 1.0, 0.9279715799920365], [0.9470463697322532, 0.9279715799920365, 1.0]]}}, "Ig_treated": {"sum_sq": 120.30691471221577, "df": 1.0, "F": 0.16629187720109725, "pvalue": 0.6888331078377162}, "A12_treated": {"sum_sq": 17.424530656594275, "df": 1.0, "F": 0.02387253845070147, "pvalue": 0.8791418676522841}, "Batch": {"sum_sq": 854.5478972678872, "df": 1.0, "F": 1.147260378834051, "pvalue": 0.30224181724628935}, "Quant": {"sum_sq": 5.903176656967718, "df": 1.0, "F": 0.008079696521714952, "pvalue": 0.9294925185571803}}, "2": {"Mouse_ID": {}, "Treatment": {"sum_sq": 3280.2933431623514, "df": 2.0, "F": 4.616392312378196, "pvalue": 0.02739425693561569, "tukey_hsd": {"groups": ["A12", "B1-8", "PBS"], "pvalues": [[1.0, 0.022195515899410823, 0.19833871123234403], [0.022195515899410823, 1.0, 0.4696904530501561], [0.19833871123234403, 0.4696904530501561, 1.0]]}}, "Ig_treated": {"sum_sq": 44.42570015093969, "df": 1.0, "F": 0.0829884649102061, "pvalue": 0.7769859165043485}, "A12_treated": {"sum_sq": 2766.3617891007116, "df": 1.0, "F": 7.574864850997512, "pvalue": 0.01416845684563503}, "Batch": {"sum_sq": 8.173367621487541, "df": 1.0, "F": 0.015132262839440701, "pvalue": 0.9038451052891996}, "Quant": {"sum_sq": 1.4985539766678613, "df": 1.0, "F": 0.002785381399258634, "pvalue": 0.9585631452365235}}, "3": {"Mouse_ID": {}, "Treatment": {"sum_sq": 975.6924711168466, "df": 2.0, "F": 1.4030278846373996, "pvalue": 0.2763290051058314, "tukey_hsd": {"groups": ["A12", "B1-8", "PBS"], "pvalues": [[1.0, 0.3270288500794345, 0.9977176038725244], [0.3270288500794345, 1.0, 0.35728763483370785], [0.9977176038725244, 0.35728763483370785, 1.0]]}}, "Ig_treated": {"sum_sq": 212.1913071724497, "df": 1.0, "F": 0.5678171373503896, "pvalue": 0.46207309271819974}, "A12_treated": {"sum_sq": 277.09625856540003, "df": 1.0, "F": 0.7496381969808209, "pvalue": 0.3993878516716898}, "Batch": {"sum_sq": 1216.0869734206155, "df": 1.0, "F": 3.468812866477773, "pvalue": 0.08365427478738904}, "Quant": {"sum_sq": 21.267721596854937, "df": 1.0, "F": 0.05515069223076613, "pvalue": 0.8173105267784967}}, "4": {"Mouse_ID": {}, "Treatment": {"sum_sq": 359.20495249235125, "df": 2.0, "F": 0.6219614665509723, "pvalue": 0.5501771383653916, "tukey_hsd": {"groups": ["A12", "B1-8", "PBS"], "pvalues": [[1.0, 0.5850452127393395, 0.99613627012248], [0.5850452127393395, 1.0, 0.6356734021180642], [0.99613627012248, 0.6356734021180642, 1.0]]}}, "Ig_treated": {"sum_sq": 67.5062758061443, "df": 1.0, "F": 0.23362531815293602, "pvalue": 0.6353965262012984}, "A12_treated": {"sum_sq": 114.12437151228106, "df": 1.0, "F": 0.39898409359013876, "pvalue": 0.5365354952578401}, "Batch": {"sum_sq": 584.2742593711799, "df": 1.0, "F": 2.01804508608869, "pvalue": 0.17732672805749666}, "Quant": {"sum_sq": 675.8424296696625, "df": 1.0, "F": 2.6933502595494416, "pvalue": 0.12027514607627766}}, "5": {"Mouse_ID": {}, "Treatment": {"sum_sq": 1797.6614971065123, "df": 2.0, "F": 12.777086242184174, "pvalue": 0.0005759938722497308, "tukey_hsd": {"groups": ["A12", "B1-8", "PBS"], "pvalues": [[1.0, 0.8451834673840609, 0.00269929756784848], [0.8451834673840609, 1.0, 0.0008991406399670998], [0.00269929756784848, 0.0008991406399670998, 1.0]]}}, "Ig_treated": {"sum_sq": 1775.9416361232632, "df": 1.0, "F": 26.38534431721323, "pvalue": 9.944657670985047e-05}, "A12_treated": {"sum_sq": 290.18737430808847, "df": 1.0, "F": 1.8117741262791613, "pvalue": 0.19705850472044956}, "Batch": {"sum_sq": 19.307006162587438, "df": 1.0, "F": 0.12476717048411137, "pvalue": 0.7291826526278302}, "Quant": {"sum_sq": 1909.412743513432, "df": 1.0, "F": 32.381622715493194, "pvalue": 3.3460776413111146e-05}}, "6": {"Mouse_ID": {}, "Treatment": {"sum_sq": 550.4572769197505, "df": 2.0, "F": 1.832223548562172, "pvalue": 0.19412030895513951, "tukey_hsd": {"groups": ["A12", "B1-8", "PBS"], "pvalues": [[1.0, 0.23625165438070583, 0.27276099467015724], [0.23625165438070583, 1.0, 0.9949963502002908], [0.27276099467015724, 0.9949963502002908, 1.0]]}}, "Ig_treated": {"sum_sq": 114.5694482483059, "df": 1.0, "F": 0.6816763423608467, "pvalue": 0.4211508045570249}, "A12_treated": {"sum_sq": 549.0900682125206, "df": 1.0, "F": 3.8966707479558007, "pvalue": 0.06590544740627735}, "Batch": {"sum_sq": 0.6274106091230518, "df": 1.0, "F": 0.0041699881661385755, "pvalue": 0.9494250454931128}, "Quant": {"sum_sq": 43.46204390565093, "df": 1.0, "F": 0.2519328944462556, "pvalue": 0.6225539267225639}}, "7": {"Mouse_ID": {}, "Treatment": {"sum_sq": 120.46630308213743, "df": 2.0, "F": 0.4401282843407309, "pvalue": 0.6520082362944758, "tukey_hsd": {"groups": ["A12", "B1-8", "PBS"], "pvalues": [[1.0, 0.7264191577346337, 0.6792586249843796], [0.7264191577346337, 1.0, 0.9965621200868827], [0.6792586249843796, 0.9965621200868827, 1.0]]}}, "Ig_treated": {"sum_sq": 39.302235398985026, "df": 1.0, "F": 0.29467903561749426, "pvalue": 0.5947194705721555}, "A12_treated": {"sum_sq": 119.61125593713359, "df": 1.0, "F": 0.9318877623021062, "pvalue": 0.3487381672111758}, "Batch": {"sum_sq": 3.692841316181217, "df": 1.0, "F": 0.026905638296358083, "pvalue": 0.8720525580689311}, "Quant": {"sum_sq": 164.5566559594779, "df": 1.0, "F": 1.3107423207553495, "pvalue": 0.2690981312835535}}, "8": {"Mouse_ID": {}, "Treatment": {"sum_sq": 131.41312097304163, "df": 2.0, "F": 0.5312319276647808, "pvalue": 0.5985400525069455, "tukey_hsd": {"groups": ["A12", "B1-8", "PBS"], "pvalues": [[1.0, 0.6490810122333306, 0.9999061741076061], [0.6490810122333306, 1.0, 0.656975291481713], [0.9999061741076061, 0.656975291481713, 1.0]]}}, "Ig_treated": {"sum_sq": 31.42353149366561, "df": 1.0, "F": 0.2571356496267583, "pvalue": 0.6190120614381734}, "A12_treated": {"sum_sq": 34.30407936523163, "df": 1.0, "F": 0.2811210360832161, "pvalue": 0.6032486462012998}, "Batch": {"sum_sq": 72.34321072055833, "df": 1.0, "F": 0.6270046302722624, "pvalue": 0.441666879532306}, "Quant": {"sum_sq": 77.52950223184767, "df": 1.0, "F": 0.6497370715353433, "pvalue": 0.4320245962803413}}, "9": {"Mouse_ID": {}, "Treatment": {"sum_sq": 50.43419655519094, "df": 2.0, "F": 0.22503906716348981, "pvalue": 0.8011324850717232, "tukey_hsd": {"groups": ["A12", "B1-8", "PBS"], "pvalues": [[1.0, 0.7999669712583337, 0.8765184857614556], [0.7999669712583337, 1.0, 0.9876678469310457], [0.8765184857614556, 0.9876678469310457, 1.0]]}}, "Ig_treated": {"sum_sq": 4.346831823629938, "df": 1.0, "F": 0.04027325465151504, "pvalue": 0.8434760335782877}, "A12_treated": {"sum_sq": 47.90990329663531, "df": 1.0, "F": 0.45537070986764694, "pvalue": 0.5094298874914568}, "Batch": {"sum_sq": 0.6305101013870292, "df": 1.0, "F": 0.006941860128033024, "pvalue": 0.9347784261098268}, "Quant": {"sum_sq": 0.9643833442107239, "df": 1.0, "F": 0.008917513918317549, "pvalue": 0.9259380333954594}}, "10": {"Mouse_ID": {}, "Treatment": {"sum_sq": 77.34373397854739, "df": 2.0, "F": 0.4070361564852907, "pvalue": 0.672754389685022, "tukey_hsd": {"groups": ["A12", "B1-8", "PBS"], "pvalues": [[1.0, 0.7393604426336269, 0.7022071651682193], [0.7393604426336269, 1.0, 0.9978260242610535], [0.7022071651682193, 0.9978260242610535, 1.0]]}}, "Ig_treated": {"sum_sq": 24.176775688446337, "df": 1.0, "F": 0.26167227767549583, "pvalue": 0.6159605916859698}, "A12_treated": {"sum_sq": 76.96863514947923, "df": 1.0, "F": 0.8639051551136984, "pvalue": 0.3664598122283084}, "Batch": {"sum_sq": 14.850411705492037, "df": 1.0, "F": 0.21156588916827848, "pvalue": 0.6526049940335361}, "Quant": {"sum_sq": 0.4590862709842748, "df": 1.0, "F": 0.004890363460879656, "pvalue": 0.9451150539770181}}}