{"1": {"Mouse_ID": {}, "Treatment": {"sum_sq": 122.59489212471286, "df": 2.0, "F": 0.07944744827228596, "pvalue": 0.924012570158743, "tukey_hsd": {"groups": ["A12", "B1-8", "PBS"], "pvalues": [[1.0, 0.998366591869341, 0.9470463697322549], [0.998366591869341, 1.0, 0.9279715799920355], [0.9470463697322549, 0.9279715799920355, 1.0]]}}, "Ig_treated": {"sum_sq": 120.30691471221539, "df": 1.0, "F": 0.16629187720109623, "pvalue": 0.6888331078377162}, "A12_treated": {"sum_sq": 17.42453065659258, "df": 1.0, "F": 0.02387253845069907, "pvalue": 0.8791418676522841}, "Batch": {"sum_sq": 854.5478972678893, "df": 1.0, "F": 1.147260378834051, "pvalue": 0.30224181724628935}, "Quant": {"sum_sq": 5.903176656967784, "df": 1.0, "F": 0.008079696521715016, "pvalue": 0.9294925185571803}}, "2": {"Mouse_ID": {}, "Treatment": {"sum_sq": 3280.2933431623565, "df": 2.0, "F": 4.616392312378193, "pvalue": 0.027394256935615764, "tukey_hsd": {"groups": ["A12", "B1-8", "PBS"], "pvalues": [[1.0, 0.022195515899410934, 0.19833871123234403], [0.022195515899410934, 1.0, 0.4696904530501572], [0.19833871123234403, 0.4696904530501572, 1.0]]}}, "Ig_treated": {"sum_sq": 44.425700150940195, "df": 1.0, "F": 0.0829884649102069, "pvalue": 0.7769859165043438}, "A12_treated": {"sum_sq": 2766.3617891007184, "df": 1.0, "F": 7.574864850997517, "pvalue": 0.01416845684563501}, "Batch": {"sum_sq": 8.173367621488056, "df": 1.0, "F": 0.01513226283944162, "pvalue": 0.9038451052891947}, "Quant": {"sum_sq": 1.4985539766679221, "df": 1.0, "F": 0.0027853813992587415, "pvalue": 0.9585631452365235}}, "3": {"Mouse_ID": {}, "Treatment": {"sum_sq": 975.6924711168388, "df": 2.0, "F": 1.4030278846373871, "pvalue": 0.27632900510583414, "tukey_hsd": {"groups": ["A12", "B1-8", "PBS"], "pvalues": [[1.0, 0.3270288500794375, 0.9977176038725244], [0.3270288500794375, 1.0, 0.3572876348337112], [0.9977176038725244, 0.3572876348337112, 1.0]]}}, "Ig_treated": {"sum_sq": 212.191307172448, "df": 1.0, "F": 0.5678171373503854, "pvalue": 0.4620730927182013}, "A12_treated": {"sum_sq": 277.09625856539776, "df": 1.0, "F": 0.7496381969808152, "pvalue": 0.3993878516716921}, "Batch": {"sum_sq": 1216.0869734206244, "df": 1.0, "F": 3.468812866477809, "pvalue": 0.08365427478738759}, "Quant": {"sum_sq": 21.267721596853644, "df": 1.0, "F": 0.055150692230762806, "pvalue": 0.8173105267784967}}, "4": {"Mouse_ID": {}, "Treatment": {"sum_sq": 359.20495249235876, "df": 2.0, "F": 0.6219614665509879, "pvalue": 0.5501771383653836, "tukey_hsd": {"groups": ["A12", "B1-8", "PBS"], "pvalues": [[1.0, 0.5850452127393322, 0.9961362701224798], [0.5850452127393322, 1.0, 0.6356734021180575], [0.9961362701224798, 0.6356734021180575, 1.0]]}}, "Ig_treated": {"sum_sq": 67.50627580614554, "df": 1.0, "F": 0.233625318152941, "pvalue": 0.6353965262012932}, "A12_treated": {"sum_sq": 114.12437151228353, "df": 1.0, "F": 0.3989840935901487, "pvalue": 0.5365354952578354}, "Batch": {"sum_sq": 584.2742593711711, "df": 1.0, "F": 2.0180450860886605, "pvalue": 0.17732672805749952}, "Quant": {"sum_sq": 675.8424296696634, "df": 1.0, "F": 2.693350259549453, "pvalue": 0.12027514607627675}}, "5": {"Mouse_ID": {}, "Treatment": {"sum_sq": 1797.6614971065449, "df": 2.0, "F": 12.777086242184811, "pvalue": 0.0005759938722495953, "tukey_hsd": {"groups": ["A12", "B1-8", "PBS"], "pvalues": [[1.0, 0.8451834673841152, 0.0026992975678473696], [0.8451834673841152, 1.0, 0.0008991406399669888], [0.0026992975678473696, 0.0008991406399669888, 1.0]]}}, "Ig_treated": {"sum_sq": 1775.9416361233043, "df": 1.0, "F": 26.38534431721489, "pvalue": 9.944657670981849e-05}, "A12_treated": {"sum_sq": 290.18737430812575, "df": 1.0, "F": 1.8117741262794218, "pvalue": 0.1970585047204191}, "Batch": {"sum_sq": 19.307006162587594, "df": 1.0, "F": 0.12476717048410975, "pvalue": 0.729182652627832}, "Quant": {"sum_sq": 1909.4127435134608, "df": 1.0, "F": 32.381622715494714, "pvalue": 3.3460776413102465e-05}}, "6": {"Mouse_ID": {}, "Treatment": {"sum_sq": 550.4572769197196, "df": 2.0, "F": 1.8322235485620486, "pvalue": 0.19412030895515903, "tukey_hsd": {"groups": ["A12", "B1-8", "PBS"], "pvalues": [[1.0, 0.23625165438070295, 0.2727609946702101], [0.23625165438070295, 1.0, 0.9949963502002762], [0.2727609946702101, 0.9949963502002762, 1.0]]}}, "Ig_treated": {"sum_sq": 114.56944824826624, "df": 1.0, "F": 0.681676342360602, "pvalue": 0.4211508045571062}, "A12_treated": {"sum_sq": 549.0900682124854, "df": 1.0, "F": 3.8966707479555005, "pvalue": 0.06590544740628677}, "Batch": {"sum_sq": 0.6274106091228041, "df": 1.0, "F": 0.004169988166137028, "pvalue": 0.9494250454931222}, "Quant": {"sum_sq": 43.46204390562635, "df": 1.0, "F": 0.25193289444611144, "pvalue": 0.6225539267226632}}, "7": {"Mouse_ID": {}, "Treatment": {"sum_sq": 120.46630308213487, "df": 2.0, "F": 0.4401282843407226, "pvalue": 0.652008236294481, "tukey_hsd": {"groups": ["A12", "B1-8", "PBS"], "pvalues": [[1.0, 0.7264191577346357, 0.6792586249843862], [0.7264191577346357, 1.0, 0.9965621200868834], [0.6792586249843862, 0.9965621200868834, 1.0]]}}, "Ig_treated": {"sum_sq": 39.30223539898341, "df": 1.0, "F": 0.294679035617483, "pvalue": 0.5947194705721611}, "A12_treated": {"sum_sq": 119.6112559371313, "df": 1.0, "F": 0.9318877623020905, "pvalue": 0.3487381672111798}, "Batch": {"sum_sq": 3.692841316180978, "df": 1.0, "F": 0.026905638296356445, "pvalue": 0.8720525580689311}, "Quant": {"sum_sq": 164.5566559594731, "df": 1.0, "F": 1.3107423207553128, "pvalue": 0.26909813128356014}}, "8": {"Mouse_ID": {}, "Treatment": {"sum_sq": 131.4131209730412, "df": 2.0, "F": 0.5312319276647797, "pvalue": 0.5985400525069455, "tukey_hsd": {"groups": ["A12", "B1-8", "PBS"], "pvalues": [[1.0, 0.6490810122333308, 0.9999061741076061], [0.6490810122333308, 1.0, 0.656975291481714], [0.9999061741076061, 0.656975291481714, 1.0]]}}, "Ig_treated": {"sum_sq": 31.423531493665404, "df": 1.0, "F": 0.2571356496267569, "pvalue": 0.6190120614381734}, "A12_treated": {"sum_sq": 34.304079365231686, "df": 1.0, "F": 0.2811210360832169, "pvalue": 0.6032486462012998}, "Batch": {"sum_sq": 72.34321072055863, "df": 1.0, "F": 0.6270046302722669, "pvalue": 0.4416668795323043}, "Quant": {"sum_sq": 77.5295022318479, "df": 1.0, "F": 0.6497370715353462, "pvalue": 0.4320245962803413}}, "9": {"Mouse_ID": {}, "Treatment": {"sum_sq": 50.4341965551901, "df": 2.0, "F": 0.2250390671634855, "pvalue": 0.8011324850717266, "tukey_hsd": {"groups": ["A12", "B1-8", "PBS"], "pvalues": [[1.0, 0.7999669712583362, 0.8765184857614597], [0.7999669712583362, 1.0, 0.9876678469310449], [0.8765184857614597, 0.9876678469310449, 1.0]]}}, "Ig_treated": {"sum_sq": 4.346831823629614, "df": 1.0, "F": 0.040273254651511936, "pvalue": 0.8434760335782945}, "A12_treated": {"sum_sq": 47.90990329663432, "df": 1.0, "F": 0.4553707098676363, "pvalue": 0.509429887491461}, "Batch": {"sum_sq": 0.6305101013869538, "df": 1.0, "F": 0.006941860128032147, "pvalue": 0.9347784261098268}, "Quant": {"sum_sq": 0.9643833442107123, "df": 1.0, "F": 0.008917513918317422, "pvalue": 0.9259380333954594}}, "10": {"Mouse_ID": {}, "Treatment": {"sum_sq": 77.34373397854772, "df": 2.0, "F": 0.40703615648529223, "pvalue": 0.6727543896850208, "tukey_hsd": {"groups": ["A12", "B1-8", "PBS"], "pvalues": [[1.0, 0.7393604426336264, 0.7022071651682179], [0.7393604426336264, 1.0, 0.9978260242610534], [0.7022071651682179, 0.9978260242610534, 1.0]]}}, "Ig_treated": {"sum_sq": 24.17677568844659, "df": 1.0, "F": 0.2616722776754985, "pvalue": 0.6159605916859674}, "A12_treated": {"sum_sq": 76.96863514947962, "df": 1.0, "F": 0.8639051551137028, "pvalue": 0.3664598122283075}, "Batch": {"sum_sq": 14.850411705492524, "df": 1.0, "F": 0.21156588916828525, "pvalue": 0.65260499403353}, "Quant": {"sum_sq": 0.45908627098427274, "df": 1.0, "F": 0.004890363460879633, "pvalue": 0.9451150539770181}}}