{"1": {"Mouse_ID": {}, "Treatment": {"sum_sq": 122.5948921247128, "df": 2.0, "F": 0.07944744827228588, "pvalue": 0.924012570158743, "tukey_hsd": {"groups": ["A12", "B1-8", "PBS"], "pvalues": [[1.0, 0.9983665918693411, 0.947046369732255], [0.9983665918693411, 1.0, 0.9279715799920357], [0.947046369732255, 0.9279715799920357, 1.0]]}}, "Ig_treated": {"sum_sq": 120.30691471221506, "df": 1.0, "F": 0.16629187720109564, "pvalue": 0.6888331078377162}, "A12_treated": {"sum_sq": 17.42453065659266, "df": 1.0, "F": 0.023872538450699164, "pvalue": 0.8791418676522841}, "Batch": {"sum_sq": 854.5478972678886, "df": 1.0, "F": 1.147260378834049, "pvalue": 0.3022418172462896}, "Quant": {"sum_sq": 5.903176656967913, "df": 1.0, "F": 0.008079696521715187, "pvalue": 0.9294925185571803}}, "2": {"Mouse_ID": {}, "Treatment": {"sum_sq": 3280.2933431623574, "df": 2.0, "F": 4.616392312378189, "pvalue": 0.02739425693561584, "tukey_hsd": {"groups": ["A12", "B1-8", "PBS"], "pvalues": [[1.0, 0.022195515899410934, 0.19833871123234426], [0.022195515899410934, 1.0, 0.46969045305015744], [0.19833871123234426, 0.46969045305015744, 1.0]]}}, "Ig_treated": {"sum_sq": 44.425700150940195, "df": 1.0, "F": 0.08298846491020682, "pvalue": 0.7769859165043438}, "A12_treated": {"sum_sq": 2766.361789100718, "df": 1.0, "F": 7.5748648509975105, "pvalue": 0.01416845684563505}, "Batch": {"sum_sq": 8.173367621487875, "df": 1.0, "F": 0.015132262839441272, "pvalue": 0.9038451052891947}, "Quant": {"sum_sq": 1.4985539766678773, "df": 1.0, "F": 0.0027853813992586565, "pvalue": 0.9585631452365235}}, "3": {"Mouse_ID": {}, "Treatment": {"sum_sq": 975.6924711168434, "df": 2.0, "F": 1.4030278846373903, "pvalue": 0.2763290051058333, "tukey_hsd": {"groups": ["A12", "B1-8", "PBS"], "pvalues": [[1.0, 0.32702885007943716, 0.9977176038725245], [0.32702885007943716, 1.0, 0.3572876348337096], [0.9977176038725245, 0.3572876348337096, 1.0]]}}, "Ig_treated": {"sum_sq": 212.19130717245017, "df": 1.0, "F": 0.5678171373503896, "pvalue": 0.46207309271819974}, "A12_treated": {"sum_sq": 277.0962585653981, "df": 1.0, "F": 0.7496381969808138, "pvalue": 0.3993878516716921}, "Batch": {"sum_sq": 1216.0869734206292, "df": 1.0, "F": 3.468812866477813, "pvalue": 0.08365427478738749}, "Quant": {"sum_sq": 21.267721596854095, "df": 1.0, "F": 0.05515069223076382, "pvalue": 0.8173105267784967}}, "4": {"Mouse_ID": {}, "Treatment": {"sum_sq": 359.2049524923571, "df": 2.0, "F": 0.6219614665509842, "pvalue": 0.5501771383653861, "tukey_hsd": {"groups": ["A12", "B1-8", "PBS"], "pvalues": [[1.0, 0.5850452127393336, 0.99613627012248], [0.5850452127393336, 1.0, 0.6356734021180586], [0.99613627012248, 0.6356734021180586, 1.0]]}}, "Ig_treated": {"sum_sq": 67.50627580614547, "df": 1.0, "F": 0.23362531815294046, "pvalue": 0.6353965262012932}, "A12_treated": {"sum_sq": 114.12437151228308, "df": 1.0, "F": 0.39898409359014664, "pvalue": 0.5365354952578354}, "Batch": {"sum_sq": 584.2742593711715, "df": 1.0, "F": 2.0180450860886596, "pvalue": 0.17732672805749994}, "Quant": {"sum_sq": 675.842429669663, "df": 1.0, "F": 2.6933502595494483, "pvalue": 0.12027514607627718}}, "5": {"Mouse_ID": {}, "Treatment": {"sum_sq": 1797.6614971064785, "df": 2.0, "F": 12.77708624218354, "pvalue": 0.0005759938722498663, "tukey_hsd": {"groups": ["A12", "B1-8", "PBS"], "pvalues": [[1.0, 0.8451834673840113, 0.002699297567849257], [0.8451834673840113, 1.0, 0.0008991406399673219], [0.002699297567849257, 0.0008991406399673219, 1.0]]}}, "Ig_treated": {"sum_sq": 1775.9416361232204, "df": 1.0, "F": 26.3853443172116, "pvalue": 9.944657670988198e-05}, "A12_treated": {"sum_sq": 290.18737430805373, "df": 1.0, "F": 1.8117741262789206, "pvalue": 0.19705850472047792}, "Batch": {"sum_sq": 19.30700616258734, "df": 1.0, "F": 0.12476717048411348, "pvalue": 0.729182652627827}, "Quant": {"sum_sq": 1909.4127435134055, "df": 1.0, "F": 32.381622715491886, "pvalue": 3.346077641311857e-05}}, "6": {"Mouse_ID": {}, "Treatment": {"sum_sq": 550.4572769197831, "df": 2.0, "F": 1.83222354856231, "pvalue": 0.1941203089551182, "tukey_hsd": {"groups": ["A12", "B1-8", "PBS"], "pvalues": [[1.0, 0.23625165438070583, 0.2727609946701026], [0.23625165438070583, 1.0, 0.9949963502003049], [0.2727609946701026, 0.9949963502003049, 1.0]]}}, "Ig_treated": {"sum_sq": 114.56944824834507, "df": 1.0, "F": 0.6816763423610903, "pvalue": 0.4211508045569432}, "A12_treated": {"sum_sq": 549.0900682125571, "df": 1.0, "F": 3.8966707479561267, "pvalue": 0.06590544740626722}, "Batch": {"sum_sq": 0.6274106091233875, "df": 1.0, "F": 0.004169988166140726, "pvalue": 0.9494250454931034}, "Quant": {"sum_sq": 43.462043905676836, "df": 1.0, "F": 0.25193289444640843, "pvalue": 0.6225539267224585}}, "7": {"Mouse_ID": {}, "Treatment": {"sum_sq": 120.46630308213645, "df": 2.0, "F": 0.4401282843407266, "pvalue": 0.6520082362944787, "tukey_hsd": {"groups": ["A12", "B1-8", "PBS"], "pvalues": [[1.0, 0.7264191577346363, 0.6792586249843819], [0.7264191577346363, 1.0, 0.9965621200868827], [0.6792586249843819, 0.9965621200868827, 1.0]]}}, "Ig_treated": {"sum_sq": 39.30223539898484, "df": 1.0, "F": 0.2946790356174925, "pvalue": 0.5947194705721578}, "A12_treated": {"sum_sq": 119.61125593713275, "df": 1.0, "F": 0.9318877623020981, "pvalue": 0.34873816721117834}, "Batch": {"sum_sq": 3.6928413161811764, "df": 1.0, "F": 0.026905638296357733, "pvalue": 0.8720525580689311}, "Quant": {"sum_sq": 164.55665595947823, "df": 1.0, "F": 1.3107423207553506, "pvalue": 0.26909813128355303}}, "8": {"Mouse_ID": {}, "Treatment": {"sum_sq": 131.41312097304197, "df": 2.0, "F": 0.5312319276647828, "pvalue": 0.5985400525069444, "tukey_hsd": {"groups": ["A12", "B1-8", "PBS"], "pvalues": [[1.0, 0.6490810122333306, 0.9999061741076061], [0.6490810122333306, 1.0, 0.6569752914817111], [0.9999061741076061, 0.6569752914817111, 1.0]]}}, "Ig_treated": {"sum_sq": 31.423531493666065, "df": 1.0, "F": 0.2571356496267623, "pvalue": 0.6190120614381711}, "A12_treated": {"sum_sq": 34.30407936523139, "df": 1.0, "F": 0.2811210360832143, "pvalue": 0.603248646201302}, "Batch": {"sum_sq": 72.34321072055772, "df": 1.0, "F": 0.6270046302722566, "pvalue": 0.4416668795323079}, "Quant": {"sum_sq": 77.52950223184651, "df": 1.0, "F": 0.6497370715353338, "pvalue": 0.4320245962803446}}, "9": {"Mouse_ID": {}, "Treatment": {"sum_sq": 50.4341965551897, "df": 2.0, "F": 0.22503906716348385, "pvalue": 0.801132485071728, "tukey_hsd": {"groups": ["A12", "B1-8", "PBS"], "pvalues": [[1.0, 0.7999669712583377, 0.8765184857614597], [0.7999669712583377, 1.0, 0.9876678469310454], [0.8765184857614597, 0.9876678469310454, 1.0]]}}, "Ig_treated": {"sum_sq": 4.346831823629689, "df": 1.0, "F": 0.04027325465151266, "pvalue": 0.8434760335782945}, "A12_treated": {"sum_sq": 47.909903296634084, "df": 1.0, "F": 0.45537070986763434, "pvalue": 0.5094298874914628}, "Batch": {"sum_sq": 0.6305101013870783, "df": 1.0, "F": 0.006941860128033556, "pvalue": 0.9347784261098194}, "Quant": {"sum_sq": 0.9643833442107809, "df": 1.0, "F": 0.008917513918318064, "pvalue": 0.9259380333954448}}, "10": {"Mouse_ID": {}, "Treatment": {"sum_sq": 77.34373397854714, "df": 2.0, "F": 0.4070361564852887, "pvalue": 0.6727543896850231, "tukey_hsd": {"groups": ["A12", "B1-8", "PBS"], "pvalues": [[1.0, 0.7393604426336279, 0.7022071651682208], [0.7393604426336279, 1.0, 0.9978260242610535], [0.7022071651682208, 0.9978260242610535, 1.0]]}}, "Ig_treated": {"sum_sq": 24.176775688446213, "df": 1.0, "F": 0.26167227767549417, "pvalue": 0.6159605916859698}, "A12_treated": {"sum_sq": 76.96863514947903, "df": 1.0, "F": 0.8639051551136949, "pvalue": 0.36645981222830887}, "Batch": {"sum_sq": 14.850411705492712, "df": 1.0, "F": 0.21156588916828725, "pvalue": 0.6526049940335288}, "Quant": {"sum_sq": 0.4590862709842546, "df": 1.0, "F": 0.004890363460879435, "pvalue": 0.9451150539770181}}}