{"1": {"Mouse_ID": {}, "Treatment": {"sum_sq": 122.59489212471254, "df": 2.0, "F": 0.07944744827228584, "pvalue": 0.924012570158743, "tukey_hsd": {"groups": ["A12", "B1-8", "PBS"], "pvalues": [[1.0, 0.9983665918693408, 0.9470463697322555], [0.9983665918693408, 1.0, 0.9279715799920353], [0.9470463697322555, 0.9279715799920353, 1.0]]}}, "Ig_treated": {"sum_sq": 120.30691471221482, "df": 1.0, "F": 0.16629187720109553, "pvalue": 0.6888331078377162}, "A12_treated": {"sum_sq": 17.424530656591962, "df": 1.0, "F": 0.023872538450698245, "pvalue": 0.8791418676522841}, "Batch": {"sum_sq": 854.5478972678904, "df": 1.0, "F": 1.1472603788340536, "pvalue": 0.302241817246289}, "Quant": {"sum_sq": 5.903176656967838, "df": 1.0, "F": 0.008079696521715096, "pvalue": 0.9294925185571803}}, "2": {"Mouse_ID": {}, "Treatment": {"sum_sq": 3280.2933431623615, "df": 2.0, "F": 4.616392312378203, "pvalue": 0.02739425693561558, "tukey_hsd": {"groups": ["A12", "B1-8", "PBS"], "pvalues": [[1.0, 0.02219551589941071, 0.19833871123234348], [0.02219551589941071, 1.0, 0.46969045305015655], [0.19833871123234348, 0.46969045305015655, 1.0]]}}, "Ig_treated": {"sum_sq": 44.42570015094007, "df": 1.0, "F": 0.08298846491020666, "pvalue": 0.7769859165043438}, "A12_treated": {"sum_sq": 2766.3617891007198, "df": 1.0, "F": 7.574864850997523, "pvalue": 0.014168456845634992}, "Batch": {"sum_sq": 8.173367621488802, "df": 1.0, "F": 0.015132262839443005, "pvalue": 0.9038451052891947}, "Quant": {"sum_sq": 1.498553976667947, "df": 1.0, "F": 0.0027853813992587883, "pvalue": 0.9585631452365235}}, "3": {"Mouse_ID": {}, "Treatment": {"sum_sq": 975.6924711168415, "df": 2.0, "F": 1.4030278846373898, "pvalue": 0.27632900510583386, "tukey_hsd": {"groups": ["A12", "B1-8", "PBS"], "pvalues": [[1.0, 0.3270288500794376, 0.9977176038725246], [0.3270288500794376, 1.0, 0.3572876348337095], [0.9977176038725246, 0.3572876348337095, 1.0]]}}, "Ig_treated": {"sum_sq": 212.19130717245022, "df": 1.0, "F": 0.5678171373503909, "pvalue": 0.4620730927181983}, "A12_treated": {"sum_sq": 277.0962585653968, "df": 1.0, "F": 0.7496381969808114, "pvalue": 0.39938785167169333}, "Batch": {"sum_sq": 1216.0869734206221, "df": 1.0, "F": 3.468812866477794, "pvalue": 0.08365427478738817}, "Quant": {"sum_sq": 21.267721596854475, "df": 1.0, "F": 0.0551506922307649, "pvalue": 0.8173105267784967}}, "4": {"Mouse_ID": {}, "Treatment": {"sum_sq": 359.20495249235796, "df": 2.0, "F": 0.6219614665509857, "pvalue": 0.5501771383653851, "tukey_hsd": {"groups": ["A12", "B1-8", "PBS"], "pvalues": [[1.0, 0.5850452127393332, 0.99613627012248], [0.5850452127393332, 1.0, 0.6356734021180582], [0.99613627012248, 0.6356734021180582, 1.0]]}}, "Ig_treated": {"sum_sq": 67.50627580614554, "df": 1.0, "F": 0.2336253181529407, "pvalue": 0.6353965262012932}, "A12_treated": {"sum_sq": 114.1243715122832, "df": 1.0, "F": 0.3989840935901469, "pvalue": 0.5365354952578354}, "Batch": {"sum_sq": 584.2742593711747, "df": 1.0, "F": 2.018045086088671, "pvalue": 0.17732672805749888}, "Quant": {"sum_sq": 675.8424296696653, "df": 1.0, "F": 2.693350259549458, "pvalue": 0.12027514607627642}}, "5": {"Mouse_ID": {}, "Treatment": {"sum_sq": 1797.6614971065578, "df": 2.0, "F": 12.777086242185046, "pvalue": 0.0005759938722495454, "tukey_hsd": {"groups": ["A12", "B1-8", "PBS"], "pvalues": [[1.0, 0.8451834673841387, 0.0026992975678470366], [0.8451834673841387, 1.0, 0.0008991406399668778], [0.0026992975678470366, 0.0008991406399668778, 1.0]]}}, "Ig_treated": {"sum_sq": 1775.941636123321, "df": 1.0, "F": 26.385344317215523, "pvalue": 9.944657670980603e-05}, "A12_treated": {"sum_sq": 290.18737430814156, "df": 1.0, "F": 1.8117741262795295, "pvalue": 0.19705850472040612}, "Batch": {"sum_sq": 19.30700616258801, "df": 1.0, "F": 0.1247671704841113, "pvalue": 0.7291826526278302}, "Quant": {"sum_sq": 1909.4127435134706, "df": 1.0, "F": 32.38162271549521, "pvalue": 3.346077641309966e-05}}, "6": {"Mouse_ID": {}, "Treatment": {"sum_sq": 550.4572769197074, "df": 2.0, "F": 1.832223548561994, "pvalue": 0.19412030895516727, "tukey_hsd": {"groups": ["A12", "B1-8", "PBS"], "pvalues": [[1.0, 0.23625165438070295, 0.2727609946702323], [0.23625165438070295, 1.0, 0.9949963502002704], [0.2727609946702323, 0.9949963502002704, 1.0]]}}, "Ig_treated": {"sum_sq": 114.5694482482505, "df": 1.0, "F": 0.6816763423605032, "pvalue": 0.42115080455713894}, "A12_treated": {"sum_sq": 549.0900682124719, "df": 1.0, "F": 3.896670747955372, "pvalue": 0.06590544740629073}, "Batch": {"sum_sq": 0.627410609122663, "df": 1.0, "F": 0.004169988166136117, "pvalue": 0.9494250454931222}, "Quant": {"sum_sq": 43.46204390561603, "df": 1.0, "F": 0.25193289444605016, "pvalue": 0.6225539267227046}}, "7": {"Mouse_ID": {}, "Treatment": {"sum_sq": 120.46630308213517, "df": 2.0, "F": 0.44012828434072193, "pvalue": 0.6520082362944816, "tukey_hsd": {"groups": ["A12", "B1-8", "PBS"], "pvalues": [[1.0, 0.7264191577346346, 0.6792586249843877], [0.7264191577346346, 1.0, 0.9965621200868837], [0.6792586249843877, 0.9965621200868837, 1.0]]}}, "Ig_treated": {"sum_sq": 39.30223539898299, "df": 1.0, "F": 0.29467903561747844, "pvalue": 0.5947194705721657}, "A12_treated": {"sum_sq": 119.6112559371317, "df": 1.0, "F": 0.9318877623020899, "pvalue": 0.3487381672111798}, "Batch": {"sum_sq": 3.692841316181133, "df": 1.0, "F": 0.02690563829635747, "pvalue": 0.8720525580689311}, "Quant": {"sum_sq": 164.55665595947355, "df": 1.0, "F": 1.3107423207553108, "pvalue": 0.2690981312835605}}, "8": {"Mouse_ID": {}, "Treatment": {"sum_sq": 131.4131209730418, "df": 2.0, "F": 0.5312319276647818, "pvalue": 0.5985400525069444, "tukey_hsd": {"groups": ["A12", "B1-8", "PBS"], "pvalues": [[1.0, 0.6490810122333295, 0.999906174107606], [0.6490810122333295, 1.0, 0.6569752914817133], [0.999906174107606, 0.6569752914817133, 1.0]]}}, "Ig_treated": {"sum_sq": 31.423531493665397, "df": 1.0, "F": 0.25713564962675656, "pvalue": 0.6190120614381734}, "A12_treated": {"sum_sq": 34.30407936523198, "df": 1.0, "F": 0.28112103608321903, "pvalue": 0.6032486462012974}, "Batch": {"sum_sq": 72.34321072055819, "df": 1.0, "F": 0.6270046302722603, "pvalue": 0.44166687953230666}, "Quant": {"sum_sq": 77.5295022318478, "df": 1.0, "F": 0.6497370715353444, "pvalue": 0.4320245962803413}}, "9": {"Mouse_ID": {}, "Treatment": {"sum_sq": 50.434196555189814, "df": 2.0, "F": 0.2250390671634847, "pvalue": 0.8011324850717273, "tukey_hsd": {"groups": ["A12", "B1-8", "PBS"], "pvalues": [[1.0, 0.799966971258337, 0.8765184857614591], [0.799966971258337, 1.0, 0.9876678469310455], [0.8765184857614591, 0.9876678469310455, 1.0]]}}, "Ig_treated": {"sum_sq": 4.346831823629718, "df": 1.0, "F": 0.040273254651513, "pvalue": 0.8434760335782945}, "A12_treated": {"sum_sq": 47.9099032966342, "df": 1.0, "F": 0.4553707098676362, "pvalue": 0.509429887491461}, "Batch": {"sum_sq": 0.6305101013870146, "df": 1.0, "F": 0.006941860128032864, "pvalue": 0.9347784261098268}, "Quant": {"sum_sq": 0.9643833442108036, "df": 1.0, "F": 0.008917513918318288, "pvalue": 0.9259380333954448}}, "10": {"Mouse_ID": {}, "Treatment": {"sum_sq": 77.34373397854743, "df": 2.0, "F": 0.4070361564852906, "pvalue": 0.672754389685022, "tukey_hsd": {"groups": ["A12", "B1-8", "PBS"], "pvalues": [[1.0, 0.7393604426336271, 0.7022071651682192], [0.7393604426336271, 1.0, 0.9978260242610535], [0.7022071651682192, 0.9978260242610535, 1.0]]}}, "Ig_treated": {"sum_sq": 24.176775688446387, "df": 1.0, "F": 0.2616722776754963, "pvalue": 0.6159605916859674}, "A12_treated": {"sum_sq": 76.96863514947934, "df": 1.0, "F": 0.8639051551136991, "pvalue": 0.3664598122283084}, "Batch": {"sum_sq": 14.850411705492444, "df": 1.0, "F": 0.21156588916828423, "pvalue": 0.6526049940335312}, "Quant": {"sum_sq": 0.45908627098428656, "df": 1.0, "F": 0.00489036346087978, "pvalue": 0.9451150539770181}}}