{"1": {"Seqn": {}, "ID": {"sum_sq": 193.69756549369163, "df": 1.0, "F": 0.34819843544922047, "pvalue": 0.5633764451961603}, "Group": {"sum_sq": 941.6519843638283, "df": 2.0, "F": 0.8662739610089216, "pvalue": 0.4405232774704158, "tukey_hsd": {"groups": ["A12", "B1-8", "PBS"], "pvalues": [[1.0, 0.42967536202883283, 0.9325075749386875], [0.42967536202883283, 1.0, 0.6371811601160391], [0.9325075749386875, 0.6371811601160391, 1.0]]}}, "Ig": {"sum_sq": 57.19448443228554, "df": 1.0, "F": 0.1012620746533523, "pvalue": 0.7544361493882806}, "Control": {"sum_sq": 482.8609255606145, "df": 1.0, "F": 0.8971570095127528, "pvalue": 0.35763213270667527}, "TMT": {"sum_sq": 769.9217737577404, "df": 1.0, "F": 1.3850408347813536, "pvalue": 0.2588666168557796}, "Tag": {"sum_sq": 3365.4794340292037, "df": 8.0, "F": 0.5677461280437968, "pvalue": 0.7777004414558406, "tukey_hsd": {}}, "ID_metabo": {}, "Quant": {"sum_sq": 49.83145771057041, "df": 1.0, "F": 0.08815410934952683, "pvalue": 0.7703568651047422}}, "2": {"Seqn": {}, "ID": {"sum_sq": 208.58521040349825, "df": 1.0, "F": 0.5023770233811033, "pvalue": 0.48865704352445394}, "Group": {"sum_sq": 1817.0274160773415, "df": 2.0, "F": 2.7067547812111927, "pvalue": 0.09915208899993516, "tukey_hsd": {"groups": ["A12", "B1-8", "PBS"], "pvalues": [[1.0, 0.09349449681399269, 0.26976374575188744], [0.09349449681399269, 1.0, 0.7994189514453626], [0.26976374575188744, 0.7994189514453626, 1.0]]}}, "Ig": {"sum_sq": 105.96571671586898, "df": 1.0, "F": 0.25133570721599013, "pvalue": 0.6229634223785268}, "Control": {"sum_sq": 1678.5496994214755, "df": 1.0, "F": 5.191544272219599, "pvalue": 0.03676533026562778}, "TMT": {"sum_sq": 343.3188498229719, "df": 1.0, "F": 0.8251971226085194, "pvalue": 0.3790371900813255}, "Tag": {"sum_sq": 5082.809999983084, "df": 8.0, "F": 4.098534220427642, "pvalue": 0.03953991619774626, "tukey_hsd": {}}, "ID_metabo": {}, "Quant": {"sum_sq": 122.08330596145179, "df": 1.0, "F": 0.29025786179416435, "pvalue": 0.5974721892544514}}, "3": {"Seqn": {}, "ID": {"sum_sq": 66.84858706092503, "df": 1.0, "F": 0.20626522734836739, "pvalue": 0.6558108826567609}, "Group": {"sum_sq": 675.6937588534432, "df": 2.0, "F": 1.107307002605113, "pvalue": 0.35600391508859314, "tukey_hsd": {"groups": ["A12", "B1-8", "PBS"], "pvalues": [[1.0, 0.414710300437909, 0.999483896437073], [0.414710300437909, 1.0, 0.4309925710085907], [0.999483896437073, 0.4309925710085907, 1.0]]}}, "Ig": {"sum_sq": 157.0362574001581, "df": 1.0, "F": 0.4931211510648605, "pvalue": 0.49262856980423164}, "Control": {"sum_sq": 181.09631922599425, "df": 1.0, "F": 0.5713719745793255, "pvalue": 0.4606989397618477}, "TMT": {"sum_sq": 1175.8801068135085, "df": 1.0, "F": 4.076165292108138, "pvalue": 0.06306771478315482}, "Tag": {"sum_sq": 1505.274936634385, "df": 8.0, "F": 0.3550862254381315, "pvalue": 0.9149004015661732, "tukey_hsd": {}}, "ID_metabo": {}, "Quant": {"sum_sq": 5.323470821907722, "df": 1.0, "F": 0.01623327362132779, "pvalue": 0.9002035634411787}}, "4": {"Seqn": {}, "ID": {"sum_sq": 283.1046619326373, "df": 1.0, "F": 1.9088677677019077, "pvalue": 0.18607830028917968}, "Group": {"sum_sq": 793.3365238989647, "df": 2.0, "F": 3.194245508926495, "pvalue": 0.06987685502100416, "tukey_hsd": {"groups": ["A12", "B1-8", "PBS"], "pvalues": [[1.0, 0.0589202111927698, 0.5891360614432893], [0.0589202111927698, 1.0, 0.3135137328104065], [0.5891360614432893, 0.3135137328104065, 1.0]]}}, "Ig": {"sum_sq": 10.918018094428437, "df": 1.0, "F": 0.06604095934871032, "pvalue": 0.800466313376947}, "Control": {"sum_sq": 509.50061685311016, "df": 1.0, "F": 3.7976945080070714, "pvalue": 0.06908036685099599}, "TMT": {"sum_sq": 10.08045012202584, "df": 1.0, "F": 0.07518204883858752, "pvalue": 0.7879402080473271}, "Tag": {"sum_sq": 1395.0001678465621, "df": 8.0, "F": 2.4798974136102188, "pvalue": 0.1243205876128773, "tukey_hsd": {}}, "ID_metabo": {}, "Quant": {"sum_sq": 108.00158326267307, "df": 1.0, "F": 0.6781710387699939, "pvalue": 0.4223229867029251}}, "5": {"Seqn": {}, "ID": {"sum_sq": 906.1887068034189, "df": 1.0, "F": 9.069917154813341, "pvalue": 0.00827619996828595}, "Group": {"sum_sq": 1526.341185731309, "df": 2.0, "F": 11.699914886147733, "pvalue": 0.000867390576226578, "tukey_hsd": {"groups": ["A12", "B1-8", "PBS"], "pvalues": [[1.0, 0.9930583461888188, 0.002402463578409675], [0.9930583461888188, 1.0, 0.0019208365334054678], [0.002402463578409675, 0.0019208365334054678, 1.0]]}}, "Ig": {"sum_sq": 1525.5166344087195, "df": 1.0, "F": 24.92532949597531, "pvalue": 0.0001328554316934631}, "Control": {"sum_sq": 351.28275370135066, "df": 1.0, "F": 2.6099613462818994, "pvalue": 0.12573856655381543}, "TMT": {"sum_sq": 16.178625011512064, "df": 1.0, "F": 0.1045051781579007, "pvalue": 0.7512668892320761}, "Tag": {"sum_sq": 1832.9416865140759, "df": 8.0, "F": 4.574501297585252, "pvalue": 0.02990227432221651, "tukey_hsd": {}}, "ID_metabo": {}, "Quant": {"sum_sq": 1569.373827977245, "df": 1.0, "F": 26.844159232458416, "pvalue": 9.099053617991394e-05}}, "6": {"Seqn": {}, "ID": {"sum_sq": 85.78401127671152, "df": 1.0, "F": 0.7872594146692795, "pvalue": 0.38807320302424186}, "Group": {"sum_sq": 99.98562873304652, "df": 2.0, "F": 0.4336531473060239, "pvalue": 0.656009915506341, "tukey_hsd": {"groups": ["A12", "B1-8", "PBS"], "pvalues": [[1.0, 0.7258766982842313, 0.6860552485640341], [0.7258766982842313, 1.0, 0.997541448035732], [0.6860552485640341, 0.997541448035732, 1.0]]}}, "Ig": {"sum_sq": 31.45108178664563, "df": 1.0, "F": 0.27991058012440884, "pvalue": 0.604023000537104}, "Control": {"sum_sq": 99.47082219769158, "df": 1.0, "F": 0.9200895006799317, "pvalue": 0.3517232649641311}, "TMT": {"sum_sq": 18.29731362687408, "df": 1.0, "F": 0.16513116748638715, "pvalue": 0.6906192427497702}, "Tag": {"sum_sq": 804.7196285706083, "df": 8.0, "F": 0.9206188777427717, "pvalue": 0.5501020369166407, "tukey_hsd": {}}, "ID_metabo": {}, "Quant": {"sum_sq": 200.3098212061552, "df": 1.0, "F": 1.967534935940789, "pvalue": 0.1798155249409887}}, "7": {"Seqn": {}, "ID": {"sum_sq": 71.25145805919475, "df": 1.0, "F": 0.7421043766121884, "pvalue": 0.401713897654015}, "Group": {"sum_sq": 93.18337523388323, "df": 2.0, "F": 0.4615257457780543, "pvalue": 0.6389798992719907, "tukey_hsd": {"groups": ["A12", "B1-8", "PBS"], "pvalues": [[1.0, 0.6117680724960213, 0.8800447251879264], [0.6117680724960213, 1.0, 0.8830199191744056], [0.8800447251879264, 0.8830199191744056, 1.0]]}}, "Ig": {"sum_sq": 0.0014159256534340384, "df": 1.0, "F": 1.4093602138200026e-05, "pvalue": 0.9970510424066763}, "Control": {"sum_sq": 70.20139308121782, "df": 1.0, "F": 0.7306682036571136, "pvalue": 0.40528463203284015}, "TMT": {"sum_sq": 1.5587018609927557, "df": 1.0, "F": 0.014433195127338755, "pvalue": 0.9060807175156972}, "Tag": {"sum_sq": 1104.4640668747952, "df": 8.0, "F": 2.3627705851358822, "pvalue": 0.13706532344746505, "tukey_hsd": {}}, "ID_metabo": {}, "Quant": {"sum_sq": 1.1737090556881755, "df": 1.0, "F": 0.011691193611383096, "pvalue": 0.915240214652725}}, "8": {"Seqn": {}, "ID": {"sum_sq": 17.463994558819667, "df": 1.0, "F": 0.19773348848534583, "pvalue": 0.6625129050615124}, "Group": {"sum_sq": 37.23115183209784, "df": 2.0, "F": 0.2004020999991621, "pvalue": 0.8205573635328698, "tukey_hsd": {"groups": ["A12", "B1-8", "PBS"], "pvalues": [[1.0, 0.9657409064541627, 0.8067187985135722], [0.9657409064541627, 1.0, 0.9249660123530762], [0.8067187985135722, 0.9249660123530762, 1.0]]}}, "Ig": {"sum_sq": 31.343226858156857, "df": 1.0, "F": 0.35839908926944714, "pvalue": 0.5577779099698776}, "Control": {"sum_sq": 24.016525246771934, "df": 1.0, "F": 0.2731902956858266, "pvalue": 0.6083618903433465}, "TMT": {"sum_sq": 1.3909212755455855, "df": 1.0, "F": 0.021719763354611444, "pvalue": 0.8849364233136492}, "Tag": {"sum_sq": 364.01368132971885, "df": 8.0, "F": 0.5965433831573589, "pvalue": 0.7578610878419716, "tukey_hsd": {}}, "ID_metabo": {}, "Quant": {"sum_sq": 4.891842133594667, "df": 1.0, "F": 0.05489874243694011, "pvalue": 0.8177202499636951}},