{"1": {"Mouse_ID": {}, "Treatment": {"sum_sq": 122.59489212471243, "df": 2.0, "F": 0.07944744827228575, "pvalue": 0.924012570158743, "tukey_hsd": {"groups": ["A12", "B1-8", "PBS"], "pvalues": [[1.0, 0.9983665918693411, 0.9470463697322548], [0.9983665918693411, 1.0, 0.9279715799920358], [0.9470463697322548, 0.9279715799920358, 1.0]]}}, "Ig_treated": {"sum_sq": 120.30691471221503, "df": 1.0, "F": 0.16629187720109584, "pvalue": 0.6888331078377162}, "A12_treated": {"sum_sq": 17.42453065659284, "df": 1.0, "F": 0.023872538450699452, "pvalue": 0.8791418676522841}, "Batch": {"sum_sq": 854.5478972678884, "df": 1.0, "F": 1.1472603788340503, "pvalue": 0.3022418172462896}, "Quant": {"sum_sq": 5.903176656967808, "df": 1.0, "F": 0.008079696521715054, "pvalue": 0.9294925185571803}}, "2": {"Mouse_ID": {}, "Treatment": {"sum_sq": 3280.2933431623414, "df": 2.0, "F": 4.616392312378182, "pvalue": 0.02739425693561595, "tukey_hsd": {"groups": ["A12", "B1-8", "PBS"], "pvalues": [[1.0, 0.022195515899410934, 0.19833871123234437], [0.022195515899410934, 1.0, 0.46969045305015866], [0.19833871123234437, 0.46969045305015866, 1.0]]}}, "Ig_treated": {"sum_sq": 44.4257001509403, "df": 1.0, "F": 0.08298846491020735, "pvalue": 0.7769859165043438}, "A12_treated": {"sum_sq": 2766.3617891007048, "df": 1.0, "F": 7.5748648509975, "pvalue": 0.014168456845635091}, "Batch": {"sum_sq": 8.173367621487753, "df": 1.0, "F": 0.015132262839441104, "pvalue": 0.9038451052891996}, "Quant": {"sum_sq": 1.498553976667989, "df": 1.0, "F": 0.0027853813992588746, "pvalue": 0.9585631452365235}}, "3": {"Mouse_ID": {}, "Treatment": {"sum_sq": 975.6924711168443, "df": 2.0, "F": 1.4030278846374016, "pvalue": 0.27632900510583086, "tukey_hsd": {"groups": ["A12", "B1-8", "PBS"], "pvalues": [[1.0, 0.3270288500794334, 0.9977176038725243], [0.3270288500794334, 1.0, 0.3572876348337075], [0.9977176038725243, 0.3572876348337075, 1.0]]}}, "Ig_treated": {"sum_sq": 212.19130717244877, "df": 1.0, "F": 0.5678171373503892, "pvalue": 0.46207309271819974}, "A12_treated": {"sum_sq": 277.09625856540026, "df": 1.0, "F": 0.7496381969808246, "pvalue": 0.3993878516716891}, "Batch": {"sum_sq": 1216.0869734206128, "df": 1.0, "F": 3.468812866477778, "pvalue": 0.08365427478738885}, "Quant": {"sum_sq": 21.267721596854923, "df": 1.0, "F": 0.05515069223076628, "pvalue": 0.8173105267784967}}, "4": {"Mouse_ID": {}, "Treatment": {"sum_sq": 359.20495249235285, "df": 2.0, "F": 0.6219614665509773, "pvalue": 0.5501771383653891, "tukey_hsd": {"groups": ["A12", "B1-8", "PBS"], "pvalues": [[1.0, 0.5850452127393369, 0.9961362701224798], [0.5850452127393369, 1.0, 0.6356734021180622], [0.9961362701224798, 0.6356734021180622, 1.0]]}}, "Ig_treated": {"sum_sq": 67.50627580614432, "df": 1.0, "F": 0.23362531815293677, "pvalue": 0.6353965262012984}, "A12_treated": {"sum_sq": 114.1243715122819, "df": 1.0, "F": 0.398984093590143, "pvalue": 0.5365354952578373}, "Batch": {"sum_sq": 584.2742593711782, "df": 1.0, "F": 2.0180450860886894, "pvalue": 0.17732672805749666}, "Quant": {"sum_sq": 675.8424296696609, "df": 1.0, "F": 2.6933502595494425, "pvalue": 0.12027514607627733}}, "5": {"Mouse_ID": {}, "Treatment": {"sum_sq": 1797.661497106544, "df": 2.0, "F": 12.777086242184826, "pvalue": 0.0005759938722495927, "tukey_hsd": {"groups": ["A12", "B1-8", "PBS"], "pvalues": [[1.0, 0.8451834673841163, 0.0026992975678473696], [0.8451834673841163, 1.0, 0.0008991406399669888], [0.0026992975678473696, 0.0008991406399669888, 1.0]]}}, "Ig_treated": {"sum_sq": 1775.9416361233036, "df": 1.0, "F": 26.385344317214926, "pvalue": 9.944657670981763e-05}, "A12_treated": {"sum_sq": 290.1873743081261, "df": 1.0, "F": 1.8117741262794254, "pvalue": 0.1970585047204188}, "Batch": {"sum_sq": 19.307006162587808, "df": 1.0, "F": 0.12476717048411125, "pvalue": 0.7291826526278302}, "Quant": {"sum_sq": 1909.4127435134603, "df": 1.0, "F": 32.381622715494785, "pvalue": 3.3460776413102106e-05}}, "6": {"Mouse_ID": {}, "Treatment": {"sum_sq": 550.4572769197218, "df": 2.0, "F": 1.8322235485620575, "pvalue": 0.1941203089551576, "tukey_hsd": {"groups": ["A12", "B1-8", "PBS"], "pvalues": [[1.0, 0.23625165438070161, 0.27276099467020865], [0.23625165438070161, 1.0, 0.9949963502002762], [0.27276099467020865, 0.9949963502002762, 1.0]]}}, "Ig_treated": {"sum_sq": 114.56944824826678, "df": 1.0, "F": 0.6816763423606053, "pvalue": 0.42115080455710485}, "A12_treated": {"sum_sq": 549.0900682124876, "df": 1.0, "F": 3.8966707479555187, "pvalue": 0.06590544740628618}, "Batch": {"sum_sq": 0.6274106091227719, "df": 1.0, "F": 0.004169988166136816, "pvalue": 0.9494250454931222}, "Quant": {"sum_sq": 43.462043905626466, "df": 1.0, "F": 0.25193289444611205, "pvalue": 0.6225539267226607}}, "7": {"Mouse_ID": {}, "Treatment": {"sum_sq": 120.46630308213525, "df": 2.0, "F": 0.44012828434072215, "pvalue": 0.6520082362944816, "tukey_hsd": {"groups": ["A12", "B1-8", "PBS"], "pvalues": [[1.0, 0.7264191577346348, 0.679258624984387], [0.7264191577346348, 1.0, 0.9965621200868836], [0.679258624984387, 0.9965621200868836, 1.0]]}}, "Ig_treated": {"sum_sq": 39.30223539898319, "df": 1.0, "F": 0.29467903561748005, "pvalue": 0.5947194705721635}, "A12_treated": {"sum_sq": 119.61125593713173, "df": 1.0, "F": 0.9318877623020899, "pvalue": 0.3487381672111798}, "Batch": {"sum_sq": 3.6928413161811764, "df": 1.0, "F": 0.02690563829635775, "pvalue": 0.8720525580689311}, "Quant": {"sum_sq": 164.55665595947394, "df": 1.0, "F": 1.3107423207553142, "pvalue": 0.26909813128356014}}, "8": {"Mouse_ID": {}, "Treatment": {"sum_sq": 131.41312097304075, "df": 2.0, "F": 0.5312319276647776, "pvalue": 0.5985400525069476, "tukey_hsd": {"groups": ["A12", "B1-8", "PBS"], "pvalues": [[1.0, 0.6490810122333339, 0.9999061741076061], [0.6490810122333339, 1.0, 0.6569752914817131], [0.9999061741076061, 0.6569752914817131, 1.0]]}}, "Ig_treated": {"sum_sq": 31.423531493665983, "df": 1.0, "F": 0.25713564962676155, "pvalue": 0.6190120614381711}, "A12_treated": {"sum_sq": 34.30407936523085, "df": 1.0, "F": 0.2811210360832098, "pvalue": 0.6032486462013045}, "Batch": {"sum_sq": 72.34321072055806, "df": 1.0, "F": 0.6270046302722613, "pvalue": 0.44166687953230666}, "Quant": {"sum_sq": 77.5295022318474, "df": 1.0, "F": 0.6497370715353415, "pvalue": 0.43202459628034195}}, "9": {"Mouse_ID": {}, "Treatment": {"sum_sq": 50.43419655519026, "df": 2.0, "F": 0.22503906716348696, "pvalue": 0.8011324850717252, "tukey_hsd": {"groups": ["A12", "B1-8", "PBS"], "pvalues": [[1.0, 0.7999669712583355, 0.8765184857614579], [0.7999669712583355, 1.0, 0.9876678469310455], [0.8765184857614579, 0.9876678469310455, 1.0]]}}, "Ig_treated": {"sum_sq": 4.346831823629783, "df": 1.0, "F": 0.04027325465151363, "pvalue": 0.8434760335782945}, "A12_treated": {"sum_sq": 47.90990329663463, "df": 1.0, "F": 0.45537070986764067, "pvalue": 0.5094298874914602}, "Batch": {"sum_sq": 0.6305101013870076, "df": 1.0, "F": 0.006941860128032776, "pvalue": 0.9347784261098268}, "Quant": {"sum_sq": 0.9643833442107028, "df": 1.0, "F": 0.008917513918317362, "pvalue": 0.9259380333954594}}, "10": {"Mouse_ID": {}, "Treatment": {"sum_sq": 77.3437339785483, "df": 2.0, "F": 0.40703615648529634, "pvalue": 0.6727543896850184, "tukey_hsd": {"groups": ["A12", "B1-8", "PBS"], "pvalues": [[1.0, 0.7393604426336235, 0.702207165168216], [0.7393604426336235, 1.0, 0.9978260242610535], [0.702207165168216, 0.9978260242610535, 1.0]]}}, "Ig_treated": {"sum_sq": 24.176775688446593, "df": 1.0, "F": 0.2616722776754991, "pvalue": 0.6159605916859674}, "A12_treated": {"sum_sq": 76.96863514948022, "df": 1.0, "F": 0.8639051551137115, "pvalue": 0.36645981222830426}, "Batch": {"sum_sq": 14.85041170549212, "df": 1.0, "F": 0.21156588916828042, "pvalue": 0.652604994033535}, "Quant": {"sum_sq": 0.4590862709842955, "df": 1.0, "F": 0.004890363460879885, "pvalue": 0.9451150539770181}}}