{"1": {"Mouse_ID": {}, "Treatment": {"sum_sq": 122.59489212471264, "df": 2.0, "F": 0.07944744827228596, "pvalue": 0.924012570158743, "tukey_hsd": {"groups": ["A12", "B1-8", "PBS"], "pvalues": [[1.0, 0.9983665918693411, 0.9470463697322546], [0.9983665918693411, 1.0, 0.9279715799920358], [0.9470463697322546, 0.9279715799920358, 1.0]]}}, "Ig_treated": {"sum_sq": 120.30691471221505, "df": 1.0, "F": 0.16629187720109598, "pvalue": 0.6888331078377162}, "A12_treated": {"sum_sq": 17.42453065659294, "df": 1.0, "F": 0.02387253845069961, "pvalue": 0.8791418676522841}, "Batch": {"sum_sq": 854.5478972678867, "df": 1.0, "F": 1.147260378834049, "pvalue": 0.3022418172462896}, "Quant": {"sum_sq": 5.903176656967811, "df": 1.0, "F": 0.008079696521715066, "pvalue": 0.9294925185571803}}, "2": {"Mouse_ID": {}, "Treatment": {"sum_sq": 3280.2933431623605, "df": 2.0, "F": 4.6163923123781885, "pvalue": 0.02739425693561584, "tukey_hsd": {"groups": ["A12", "B1-8", "PBS"], "pvalues": [[1.0, 0.022195515899410934, 0.19833871123234337], [0.022195515899410934, 1.0, 0.4696904530501592], [0.19833871123234337, 0.4696904530501592, 1.0]]}}, "Ig_treated": {"sum_sq": 44.42570015094104, "df": 1.0, "F": 0.08298846491020832, "pvalue": 0.7769859165043438}, "A12_treated": {"sum_sq": 2766.361789100723, "df": 1.0, "F": 7.574864850997515, "pvalue": 0.01416845684563503}, "Batch": {"sum_sq": 8.173367621487957, "df": 1.0, "F": 0.015132262839441404, "pvalue": 0.9038451052891947}, "Quant": {"sum_sq": 1.4985539766680942, "df": 1.0, "F": 0.0027853813992590563, "pvalue": 0.9585631452365235}}, "3": {"Mouse_ID": {}, "Treatment": {"sum_sq": 975.6924711168487, "df": 2.0, "F": 1.4030278846374022, "pvalue": 0.2763290051058306, "tukey_hsd": {"groups": ["A12", "B1-8", "PBS"], "pvalues": [[1.0, 0.3270288500794336, 0.9977176038725243], [0.3270288500794336, 1.0, 0.35728763483370773], [0.9977176038725243, 0.35728763483370773, 1.0]]}}, "Ig_treated": {"sum_sq": 212.19130717244963, "df": 1.0, "F": 0.5678171373503893, "pvalue": 0.46207309271819974}, "A12_treated": {"sum_sq": 277.09625856540094, "df": 1.0, "F": 0.7496381969808233, "pvalue": 0.3993878516716898}, "Batch": {"sum_sq": 1216.0869734206158, "df": 1.0, "F": 3.468812866477774, "pvalue": 0.08365427478738904}, "Quant": {"sum_sq": 21.267721596855047, "df": 1.0, "F": 0.0551506922307664, "pvalue": 0.8173105267784909}}, "4": {"Mouse_ID": {}, "Treatment": {"sum_sq": 359.20495249235444, "df": 2.0, "F": 0.6219614665509777, "pvalue": 0.5501771383653891, "tukey_hsd": {"groups": ["A12", "B1-8", "PBS"], "pvalues": [[1.0, 0.5850452127393371, 0.99613627012248], [0.5850452127393371, 1.0, 0.6356734021180617], [0.99613627012248, 0.6356734021180617, 1.0]]}}, "Ig_treated": {"sum_sq": 67.50627580614504, "df": 1.0, "F": 0.23362531815293847, "pvalue": 0.6353965262012957}, "A12_treated": {"sum_sq": 114.1243715122819, "df": 1.0, "F": 0.3989840935901415, "pvalue": 0.5365354952578383}, "Batch": {"sum_sq": 584.2742593711804, "df": 1.0, "F": 2.0180450860886903, "pvalue": 0.17732672805749666}, "Quant": {"sum_sq": 675.8424296696658, "df": 1.0, "F": 2.693350259549454, "pvalue": 0.12027514607627675}}, "5": {"Mouse_ID": {}, "Treatment": {"sum_sq": 1797.6614971064903, "df": 2.0, "F": 12.777086242183763, "pvalue": 0.0005759938722498189, "tukey_hsd": {"groups": ["A12", "B1-8", "PBS"], "pvalues": [[1.0, 0.8451834673840272, 0.002699297567849035], [0.8451834673840272, 1.0, 0.0008991406399672108], [0.002699297567849035, 0.0008991406399672108, 1.0]]}}, "Ig_treated": {"sum_sq": 1775.941636123235, "df": 1.0, "F": 26.385344317212155, "pvalue": 9.944657670987125e-05}, "A12_treated": {"sum_sq": 290.187374308065, "df": 1.0, "F": 1.8117741262789995, "pvalue": 0.19705850472046865}, "Batch": {"sum_sq": 19.307006162587218, "df": 1.0, "F": 0.1247671704841117, "pvalue": 0.7291826526278287}, "Quant": {"sum_sq": 1909.412743513415, "df": 1.0, "F": 32.38162271549239, "pvalue": 3.3460776413115665e-05}}, "6": {"Mouse_ID": {}, "Treatment": {"sum_sq": 550.4572769197736, "df": 2.0, "F": 1.8322235485622684, "pvalue": 0.1941203089551246, "tukey_hsd": {"groups": ["A12", "B1-8", "PBS"], "pvalues": [[1.0, 0.2362516543807065, 0.2727609946701186], [0.2362516543807065, 1.0, 0.9949963502003009], [0.2727609946701186, 0.9949963502003009, 1.0]]}}, "Ig_treated": {"sum_sq": 114.56944824833393, "df": 1.0, "F": 0.6816763423610206, "pvalue": 0.4211508045569671}, "A12_treated": {"sum_sq": 549.0900682125463, "df": 1.0, "F": 3.8966707479560285, "pvalue": 0.06590544740627023}, "Batch": {"sum_sq": 0.6274106091232919, "df": 1.0, "F": 0.004169988166140116, "pvalue": 0.9494250454931034}, "Quant": {"sum_sq": 43.462043905669354, "df": 1.0, "F": 0.2519328944463641, "pvalue": 0.6225539267224899}}, "7": {"Mouse_ID": {}, "Treatment": {"sum_sq": 120.46630308213409, "df": 2.0, "F": 0.4401282843407189, "pvalue": 0.6520082362944839, "tukey_hsd": {"groups": ["A12", "B1-8", "PBS"], "pvalues": [[1.0, 0.7264191577346393, 0.6792586249843872], [0.7264191577346393, 1.0, 0.996562120086883], [0.6792586249843872, 0.996562120086883, 1.0]]}}, "Ig_treated": {"sum_sq": 39.30223539898368, "df": 1.0, "F": 0.2946790356174846, "pvalue": 0.5947194705721611}, "A12_treated": {"sum_sq": 119.61125593713035, "df": 1.0, "F": 0.9318877623020813, "pvalue": 0.3487381672111817}, "Batch": {"sum_sq": 3.6928413161808984, "df": 1.0, "F": 0.026905638296355824, "pvalue": 0.8720525580689384}, "Quant": {"sum_sq": 164.55665595947298, "df": 1.0, "F": 1.3107423207553097, "pvalue": 0.2690981312835605}}, "8": {"Mouse_ID": {}, "Treatment": {"sum_sq": 131.41312097304157, "df": 2.0, "F": 0.531231927664782, "pvalue": 0.5985400525069444, "tukey_hsd": {"groups": ["A12", "B1-8", "PBS"], "pvalues": [[1.0, 0.64908101223333, 0.9999061741076061], [0.64908101223333, 1.0, 0.6569752914817126], [0.9999061741076061, 0.6569752914817126, 1.0]]}}, "Ig_treated": {"sum_sq": 31.423531493665553, "df": 1.0, "F": 0.2571356496267584, "pvalue": 0.6190120614381734}, "A12_treated": {"sum_sq": 34.30407936523169, "df": 1.0, "F": 0.2811210360832173, "pvalue": 0.6032486462012998}, "Batch": {"sum_sq": 72.34321072055813, "df": 1.0, "F": 0.6270046302722632, "pvalue": 0.44166687953230543}, "Quant": {"sum_sq": 77.52950223184854, "df": 1.0, "F": 0.6497370715353525, "pvalue": 0.4320245962803385}}, "9": {"Mouse_ID": {}, "Treatment": {"sum_sq": 50.43419655518975, "df": 2.0, "F": 0.22503906716348454, "pvalue": 0.8011324850717273, "tukey_hsd": {"groups": ["A12", "B1-8", "PBS"], "pvalues": [[1.0, 0.7999669712583365, 0.8765184857614612], [0.7999669712583365, 1.0, 0.9876678469310446], [0.8765184857614612, 0.9876678469310446, 1.0]]}}, "Ig_treated": {"sum_sq": 4.346831823629466, "df": 1.0, "F": 0.04027325465151068, "pvalue": 0.8434760335783014}, "A12_treated": {"sum_sq": 47.90990329663389, "df": 1.0, "F": 0.45537070986763345, "pvalue": 0.5094298874914628}, "Batch": {"sum_sq": 0.6305101013869866, "df": 1.0, "F": 0.006941860128032532, "pvalue": 0.9347784261098268}, "Quant": {"sum_sq": 0.9643833442106853, "df": 1.0, "F": 0.008917513918317199, "pvalue": 0.9259380333954594}}, "10": {"Mouse_ID": {}, "Treatment": {"sum_sq": 77.34373397854712, "df": 2.0, "F": 0.4070361564852892, "pvalue": 0.6727543896850225, "tukey_hsd": {"groups": ["A12", "B1-8", "PBS"], "pvalues": [[1.0, 0.7393604426336264, 0.7022071651682211], [0.7393604426336264, 1.0, 0.9978260242610537], [0.7022071651682211, 0.9978260242610537, 1.0]]}}, "Ig_treated": {"sum_sq": 24.17677568844598, "df": 1.0, "F": 0.2616722776754919, "pvalue": 0.6159605916859723}, "A12_treated": {"sum_sq": 76.96863514947907, "df": 1.0, "F": 0.8639051551136961, "pvalue": 0.36645981222830887}, "Batch": {"sum_sq": 14.85041170549284, "df": 1.0, "F": 0.21156588916828942, "pvalue": 0.6526049940335277}, "Quant": {"sum_sq": 0.4590862709842647, "df": 1.0, "F": 0.004890363460879547, "pvalue": 0.9451150539770181}}}