{"1": {"Mouse_ID": {}, "Treatment": {"sum_sq": 122.5948921247121, "df": 2.0, "F": 0.07944744827228578, "pvalue": 0.924012570158743, "tukey_hsd": {"groups": ["A12", "B1-8", "PBS"], "pvalues": [[1.0, 0.9983665918693412, 0.9470463697322543], [0.9983665918693412, 1.0, 0.9279715799920362], [0.9470463697322543, 0.9279715799920362, 1.0]]}}, "Ig_treated": {"sum_sq": 120.306914712215, "df": 1.0, "F": 0.16629187720109628, "pvalue": 0.6888331078377162}, "A12_treated": {"sum_sq": 17.424530656593262, "df": 1.0, "F": 0.023872538450700097, "pvalue": 0.8791418676522841}, "Batch": {"sum_sq": 854.547897267885, "df": 1.0, "F": 1.147260378834049, "pvalue": 0.3022418172462896}, "Quant": {"sum_sq": 5.903176656967892, "df": 1.0, "F": 0.008079696521715191, "pvalue": 0.9294925185571803}}, "2": {"Mouse_ID": {}, "Treatment": {"sum_sq": 3280.2933431623546, "df": 2.0, "F": 4.616392312378189, "pvalue": 0.02739425693561584, "tukey_hsd": {"groups": ["A12", "B1-8", "PBS"], "pvalues": [[1.0, 0.022195515899410934, 0.19833871123234437], [0.022195515899410934, 1.0, 0.4696904530501578], [0.19833871123234437, 0.4696904530501578, 1.0]]}}, "Ig_treated": {"sum_sq": 44.42570015094026, "df": 1.0, "F": 0.08298846491020703, "pvalue": 0.7769859165043438}, "A12_treated": {"sum_sq": 2766.361789100717, "df": 1.0, "F": 7.574864850997513, "pvalue": 0.01416845684563503}, "Batch": {"sum_sq": 8.173367621487683, "df": 1.0, "F": 0.015132262839440934, "pvalue": 0.9038451052891996}, "Quant": {"sum_sq": 1.4985539766679759, "df": 1.0, "F": 0.002785381399258842, "pvalue": 0.9585631452365235}}, "3": {"Mouse_ID": {}, "Treatment": {"sum_sq": 975.6924711168507, "df": 2.0, "F": 1.403027884637402, "pvalue": 0.27632900510583086, "tukey_hsd": {"groups": ["A12", "B1-8", "PBS"], "pvalues": [[1.0, 0.3270288500794334, 0.9977176038725243], [0.3270288500794334, 1.0, 0.3572876348337075], [0.9977176038725243, 0.3572876348337075, 1.0]]}}, "Ig_treated": {"sum_sq": 212.19130717244994, "df": 1.0, "F": 0.5678171373503889, "pvalue": 0.46207309271819974}, "A12_treated": {"sum_sq": 277.096258565402, "df": 1.0, "F": 0.7496381969808247, "pvalue": 0.3993878516716891}, "Batch": {"sum_sq": 1216.0869734206194, "df": 1.0, "F": 3.468812866477777, "pvalue": 0.08365427478738885}, "Quant": {"sum_sq": 21.267721596855008, "df": 1.0, "F": 0.05515069223076618, "pvalue": 0.8173105267784967}}, "4": {"Mouse_ID": {}, "Treatment": {"sum_sq": 359.20495249235444, "df": 2.0, "F": 0.6219614665509761, "pvalue": 0.5501771383653896, "tukey_hsd": {"groups": ["A12", "B1-8", "PBS"], "pvalues": [[1.0, 0.5850452127393377, 0.99613627012248], [0.5850452127393377, 1.0, 0.6356734021180626], [0.99613627012248, 0.6356734021180626, 1.0]]}}, "Ig_treated": {"sum_sq": 67.50627580614487, "df": 1.0, "F": 0.23362531815293722, "pvalue": 0.6353965262012957}, "A12_treated": {"sum_sq": 114.12437151228214, "df": 1.0, "F": 0.39898409359014136, "pvalue": 0.5365354952578383}, "Batch": {"sum_sq": 584.2742593711806, "df": 1.0, "F": 2.018045086088685, "pvalue": 0.17732672805749747}, "Quant": {"sum_sq": 675.8424296696653, "df": 1.0, "F": 2.6933502595494443, "pvalue": 0.12027514607627733}}, "5": {"Mouse_ID": {}, "Treatment": {"sum_sq": 1797.6614971065585, "df": 2.0, "F": 12.777086242185062, "pvalue": 0.0005759938722495415, "tukey_hsd": {"groups": ["A12", "B1-8", "PBS"], "pvalues": [[1.0, 0.8451834673841367, 0.0026992975678470366], [0.8451834673841367, 1.0, 0.0008991406399668778], [0.0026992975678470366, 0.0008991406399668778, 1.0]]}}, "Ig_treated": {"sum_sq": 1775.941636123321, "df": 1.0, "F": 26.38534431721554, "pvalue": 9.944657670980579e-05}, "A12_treated": {"sum_sq": 290.18737430814053, "df": 1.0, "F": 1.8117741262795237, "pvalue": 0.19705850472040717}, "Batch": {"sum_sq": 19.307006162587715, "df": 1.0, "F": 0.12476717048410961, "pvalue": 0.729182652627832}, "Quant": {"sum_sq": 1909.4127435134685, "df": 1.0, "F": 32.38162271549511, "pvalue": 3.346077641310022e-05}}, "6": {"Mouse_ID": {}, "Treatment": {"sum_sq": 550.4572769197075, "df": 2.0, "F": 1.8322235485619958, "pvalue": 0.19412030895516727, "tukey_hsd": {"groups": ["A12", "B1-8", "PBS"], "pvalues": [[1.0, 0.23625165438070184, 0.2727609946702336], [0.23625165438070184, 1.0, 0.9949963502002698], [0.2727609946702336, 0.9949963502002698, 1.0]]}}, "Ig_treated": {"sum_sq": 114.56944824824897, "df": 1.0, "F": 0.6816763423604941, "pvalue": 0.4211508045571428}, "A12_treated": {"sum_sq": 549.0900682124716, "df": 1.0, "F": 3.8966707479553717, "pvalue": 0.06590544740629073}, "Batch": {"sum_sq": 0.627410609122628, "df": 1.0, "F": 0.004169988166135885, "pvalue": 0.9494250454931222}, "Quant": {"sum_sq": 43.462043905615, "df": 1.0, "F": 0.2519328944460442, "pvalue": 0.6225539267227096}}, "7": {"Mouse_ID": {}, "Treatment": {"sum_sq": 120.46630308213642, "df": 2.0, "F": 0.44012828434072854, "pvalue": 0.6520082362944776, "tukey_hsd": {"groups": ["A12", "B1-8", "PBS"], "pvalues": [[1.0, 0.7264191577346344, 0.6792586249843814], [0.7264191577346344, 1.0, 0.9965621200868828], [0.6792586249843814, 0.9965621200868828, 1.0]]}}, "Ig_treated": {"sum_sq": 39.30223539898453, "df": 1.0, "F": 0.2946790356174915, "pvalue": 0.5947194705721578}, "A12_treated": {"sum_sq": 119.61125593713274, "df": 1.0, "F": 0.9318877623021024, "pvalue": 0.34873816721117634}, "Batch": {"sum_sq": 3.6928413161811497, "df": 1.0, "F": 0.02690563829635768, "pvalue": 0.8720525580689311}, "Quant": {"sum_sq": 164.5566559594765, "df": 1.0, "F": 1.310742320755342, "pvalue": 0.269098131283555}}, "8": {"Mouse_ID": {}, "Treatment": {"sum_sq": 131.41312097303955, "df": 2.0, "F": 0.5312319276647732, "pvalue": 0.5985400525069497, "tukey_hsd": {"groups": ["A12", "B1-8", "PBS"], "pvalues": [[1.0, 0.6490810122333364, 0.9999061741076062], [0.6490810122333364, 1.0, 0.6569752914817149], [0.9999061741076062, 0.6569752914817149, 1.0]]}}, "Ig_treated": {"sum_sq": 31.423531493665838, "df": 1.0, "F": 0.25713564962676083, "pvalue": 0.6190120614381711}, "A12_treated": {"sum_sq": 34.304079365230415, "df": 1.0, "F": 0.28112103608320665, "pvalue": 0.6032486462013067}, "Batch": {"sum_sq": 72.34321072055808, "df": 1.0, "F": 0.6270046302722646, "pvalue": 0.44166687953230543}, "Quant": {"sum_sq": 77.52950223184767, "df": 1.0, "F": 0.6497370715353451, "pvalue": 0.4320245962803413}}, "9": {"Mouse_ID": {}, "Treatment": {"sum_sq": 50.43419655519043, "df": 2.0, "F": 0.22503906716348804, "pvalue": 0.8011324850717245, "tukey_hsd": {"groups": ["A12", "B1-8", "PBS"], "pvalues": [[1.0, 0.7999669712583333, 0.8765184857614601], [0.7999669712583333, 1.0, 0.9876678469310439], [0.8765184857614601, 0.9876678469310439, 1.0]]}}, "Ig_treated": {"sum_sq": 4.346831823629421, "df": 1.0, "F": 0.04027325465151031, "pvalue": 0.8434760335783014}, "A12_treated": {"sum_sq": 47.90990329663451, "df": 1.0, "F": 0.45537070986764, "pvalue": 0.5094298874914602}, "Batch": {"sum_sq": 0.6305101013869194, "df": 1.0, "F": 0.006941860128031793, "pvalue": 0.9347784261098268}, "Quant": {"sum_sq": 0.964383344210661, "df": 1.0, "F": 0.008917513918316985, "pvalue": 0.9259380333954594}}, "10": {"Mouse_ID": {}, "Treatment": {"sum_sq": 77.34373397854782, "df": 2.0, "F": 0.40703615648529357, "pvalue": 0.6727543896850197, "tukey_hsd": {"groups": ["A12", "B1-8", "PBS"], "pvalues": [[1.0, 0.7393604426336233, 0.7022071651682192], [0.7393604426336233, 1.0, 0.9978260242610539], [0.7022071651682192, 0.9978260242610539, 1.0]]}}, "Ig_treated": {"sum_sq": 24.17677568844598, "df": 1.0, "F": 0.2616722776754923, "pvalue": 0.6159605916859698}, "A12_treated": {"sum_sq": 76.96863514947974, "df": 1.0, "F": 0.8639051551137058, "pvalue": 0.36645981222830626}, "Batch": {"sum_sq": 14.850411705492771, "df": 1.0, "F": 0.2115658891682894, "pvalue": 0.6526049940335277}, "Quant": {"sum_sq": 0.45908627098427635, "df": 1.0, "F": 0.004890363460879681, "pvalue": 0.9451150539770181}}}