{"1": {"Mouse_ID": {}, "Treatment": {"sum_sq": 122.59489212471235, "df": 2.0, "F": 0.07944744827228588, "pvalue": 0.924012570158743, "tukey_hsd": {"groups": ["A12", "B1-8", "PBS"], "pvalues": [[1.0, 0.9983665918693411, 0.9470463697322549], [0.9983665918693411, 1.0, 0.9279715799920358], [0.9470463697322549, 0.9279715799920358, 1.0]]}}, "Ig_treated": {"sum_sq": 120.30691471221478, "df": 1.0, "F": 0.1662918772010958, "pvalue": 0.6888331078377162}, "A12_treated": {"sum_sq": 17.424530656592832, "df": 1.0, "F": 0.023872538450699494, "pvalue": 0.8791418676522841}, "Batch": {"sum_sq": 854.5478972678857, "df": 1.0, "F": 1.1472603788340492, "pvalue": 0.3022418172462896}, "Quant": {"sum_sq": 5.903176656967892, "df": 1.0, "F": 0.008079696521715186, "pvalue": 0.9294925185571803}}, "2": {"Mouse_ID": {}, "Treatment": {"sum_sq": 3280.293343162353, "df": 2.0, "F": 4.6163923123781885, "pvalue": 0.02739425693561584, "tukey_hsd": {"groups": ["A12", "B1-8", "PBS"], "pvalues": [[1.0, 0.022195515899410934, 0.1983387112323438], [0.022195515899410934, 1.0, 0.4696904530501579], [0.1983387112323438, 0.4696904530501579, 1.0]]}}, "Ig_treated": {"sum_sq": 44.42570015094031, "df": 1.0, "F": 0.08298846491020714, "pvalue": 0.7769859165043438}, "A12_treated": {"sum_sq": 2766.361789100713, "df": 1.0, "F": 7.574864850997505, "pvalue": 0.014168456845635072}, "Batch": {"sum_sq": 8.173367621488127, "df": 1.0, "F": 0.015132262839441761, "pvalue": 0.9038451052891947}, "Quant": {"sum_sq": 1.498553976668026, "df": 1.0, "F": 0.0027853813992589366, "pvalue": 0.9585631452365235}}, "3": {"Mouse_ID": {}, "Treatment": {"sum_sq": 975.6924711168441, "df": 2.0, "F": 1.4030278846373958, "pvalue": 0.2763290051058322, "tukey_hsd": {"groups": ["A12", "B1-8", "PBS"], "pvalues": [[1.0, 0.32702885007943494, 0.9977176038725243], [0.32702885007943494, 1.0, 0.3572876348337086], [0.9977176038725243, 0.3572876348337086, 1.0]]}}, "Ig_treated": {"sum_sq": 212.19130717244894, "df": 1.0, "F": 0.567817137350388, "pvalue": 0.46207309271819974}, "A12_treated": {"sum_sq": 277.0962585653999, "df": 1.0, "F": 0.749638196980821, "pvalue": 0.3993878516716898}, "Batch": {"sum_sq": 1216.0869734206178, "df": 1.0, "F": 3.4688128664777844, "pvalue": 0.08365427478738857}, "Quant": {"sum_sq": 21.26772159685471, "df": 1.0, "F": 0.055150692230765574, "pvalue": 0.8173105267784967}}, "4": {"Mouse_ID": {}, "Treatment": {"sum_sq": 359.20495249235745, "df": 2.0, "F": 0.6219614665509822, "pvalue": 0.5501771383653871, "tukey_hsd": {"groups": ["A12", "B1-8", "PBS"], "pvalues": [[1.0, 0.5850452127393351, 0.9961362701224801], [0.5850452127393351, 1.0, 0.6356734021180594], [0.9961362701224801, 0.6356734021180594, 1.0]]}}, "Ig_treated": {"sum_sq": 67.50627580614575, "df": 1.0, "F": 0.2336253181529405, "pvalue": 0.6353965262012932}, "A12_treated": {"sum_sq": 114.12437151228266, "df": 1.0, "F": 0.3989840935901434, "pvalue": 0.5365354952578373}, "Batch": {"sum_sq": 584.2742593711793, "df": 1.0, "F": 2.0180450860886805, "pvalue": 0.17732672805749766}, "Quant": {"sum_sq": 675.8424296696685, "df": 1.0, "F": 2.6933502595494607, "pvalue": 0.12027514607627626}}, "5": {"Mouse_ID": {}, "Treatment": {"sum_sq": 1797.6614971064953, "df": 2.0, "F": 12.77708624218383, "pvalue": 0.0005759938722498053, "tukey_hsd": {"groups": ["A12", "B1-8", "PBS"], "pvalues": [[1.0, 0.8451834673840329, 0.002699297567848813], [0.8451834673840329, 1.0, 0.0008991406399672108], [0.002699297567848813, 0.0008991406399672108, 1.0]]}}, "Ig_treated": {"sum_sq": 1775.9416361232402, "df": 1.0, "F": 26.38534431721233, "pvalue": 9.944657670986798e-05}, "A12_treated": {"sum_sq": 290.1873743080691, "df": 1.0, "F": 1.8117741262790266, "pvalue": 0.19705850472046527}, "Batch": {"sum_sq": 19.307006162587033, "df": 1.0, "F": 0.12476717048411012, "pvalue": 0.7291826526278302}, "Quant": {"sum_sq": 1909.4127435134162, "df": 1.0, "F": 32.38162271549236, "pvalue": 3.346077641311585e-05}}, "6": {"Mouse_ID": {}, "Treatment": {"sum_sq": 550.4572769197687, "df": 2.0, "F": 1.8322235485622478, "pvalue": 0.19412030895512805, "tukey_hsd": {"groups": ["A12", "B1-8", "PBS"], "pvalues": [[1.0, 0.2362516543807065, 0.2727609946701264], [0.2362516543807065, 1.0, 0.994996350200299], [0.2727609946701264, 0.994996350200299, 1.0]]}}, "Ig_treated": {"sum_sq": 114.56944824832858, "df": 1.0, "F": 0.6816763423609874, "pvalue": 0.42115080455697795}, "A12_treated": {"sum_sq": 549.0900682125406, "df": 1.0, "F": 3.896670747955978, "pvalue": 0.06590544740627186}, "Batch": {"sum_sq": 0.6274106091232285, "df": 1.0, "F": 0.004169988166139703, "pvalue": 0.9494250454931034}, "Quant": {"sum_sq": 43.462043905665645, "df": 1.0, "F": 0.25193289444634226, "pvalue": 0.6225539267225049}}, "7": {"Mouse_ID": {}, "Treatment": {"sum_sq": 120.46630308213717, "df": 2.0, "F": 0.44012828434072926, "pvalue": 0.652008236294477, "tukey_hsd": {"groups": ["A12", "B1-8", "PBS"], "pvalues": [[1.0, 0.7264191577346331, 0.6792586249843819], [0.7264191577346331, 1.0, 0.9965621200868832], [0.6792586249843819, 0.9965621200868832, 1.0]]}}, "Ig_treated": {"sum_sq": 39.3022353989844, "df": 1.0, "F": 0.294679035617489, "pvalue": 0.59471947057216}, "A12_treated": {"sum_sq": 119.61125593713348, "df": 1.0, "F": 0.9318877623021036, "pvalue": 0.34873816721117634}, "Batch": {"sum_sq": 3.6928413161811364, "df": 1.0, "F": 0.026905638296357455, "pvalue": 0.8720525580689311}, "Quant": {"sum_sq": 164.55665595947616, "df": 1.0, "F": 1.310742320755332, "pvalue": 0.2690981312835568}}, "8": {"Mouse_ID": {}, "Treatment": {"sum_sq": 131.41312097304038, "df": 2.0, "F": 0.531231927664777, "pvalue": 0.5985400525069476, "tukey_hsd": {"groups": ["A12", "B1-8", "PBS"], "pvalues": [[1.0, 0.6490810122333333, 0.9999061741076061], [0.6490810122333333, 1.0, 0.6569752914817142], [0.9999061741076061, 0.6569752914817142, 1.0]]}}, "Ig_treated": {"sum_sq": 31.423531493665593, "df": 1.0, "F": 0.25713564962675883, "pvalue": 0.6190120614381734}, "A12_treated": {"sum_sq": 34.304079365231026, "df": 1.0, "F": 0.2811210360832118, "pvalue": 0.603248646201302}, "Batch": {"sum_sq": 72.34321072055839, "df": 1.0, "F": 0.627004630272266, "pvalue": 0.44166687953230477}, "Quant": {"sum_sq": 77.52950223184794, "df": 1.0, "F": 0.6497370715353474, "pvalue": 0.43202459628033985}}, "9": {"Mouse_ID": {}, "Treatment": {"sum_sq": 50.434196555189985, "df": 2.0, "F": 0.22503906716348543, "pvalue": 0.8011324850717266, "tukey_hsd": {"groups": ["A12", "B1-8", "PBS"], "pvalues": [[1.0, 0.7999669712583362, 0.87651848576146], [0.7999669712583362, 1.0, 0.9876678469310449], [0.87651848576146, 0.9876678469310449, 1.0]]}}, "Ig_treated": {"sum_sq": 4.346831823629587, "df": 1.0, "F": 0.04027325465151175, "pvalue": 0.8434760335782945}, "A12_treated": {"sum_sq": 47.90990329663422, "df": 1.0, "F": 0.45537070986763617, "pvalue": 0.509429887491461}, "Batch": {"sum_sq": 0.6305101013869168, "df": 1.0, "F": 0.0069418601280317556, "pvalue": 0.9347784261098268}, "Quant": {"sum_sq": 0.9643833442106663, "df": 1.0, "F": 0.008917513918317013, "pvalue": 0.9259380333954594}}, "10": {"Mouse_ID": {}, "Treatment": {"sum_sq": 77.34373397854823, "df": 2.0, "F": 0.40703615648529456, "pvalue": 0.672754389685019, "tukey_hsd": {"groups": ["A12", "B1-8", "PBS"], "pvalues": [[1.0, 0.7393604426336248, 0.7022071651682167], [0.7393604426336248, 1.0, 0.9978260242610534], [0.7022071651682167, 0.9978260242610534, 1.0]]}}, "Ig_treated": {"sum_sq": 24.176775688446636, "df": 1.0, "F": 0.2616722776754988, "pvalue": 0.6159605916859674}, "A12_treated": {"sum_sq": 76.96863514948012, "df": 1.0, "F": 0.8639051551137076, "pvalue": 0.36645981222830626}, "Batch": {"sum_sq": 14.850411705492037, "df": 1.0, "F": 0.21156588916827854, "pvalue": 0.6526049940335361}, "Quant": {"sum_sq": 0.4590862709842904, "df": 1.0, "F": 0.004890363460879816, "pvalue": 0.9451150539770181}}}