{"1": {"Mouse_ID": {}, "Treatment": {"sum_sq": 122.59489212471298, "df": 2.0, "F": 0.07944744827228599, "pvalue": 0.924012570158743, "tukey_hsd": {"groups": ["A12", "B1-8", "PBS"], "pvalues": [[1.0, 0.998366591869341, 0.9470463697322551], [0.998366591869341, 1.0, 0.9279715799920355], [0.9470463697322551, 0.9279715799920355, 1.0]]}}, "Ig_treated": {"sum_sq": 120.30691471221539, "df": 1.0, "F": 0.16629187720109603, "pvalue": 0.6888331078377162}, "A12_treated": {"sum_sq": 17.424530656592452, "df": 1.0, "F": 0.023872538450698876, "pvalue": 0.8791418676522841}, "Batch": {"sum_sq": 854.5478972678893, "df": 1.0, "F": 1.1472603788340499, "pvalue": 0.3022418172462896}, "Quant": {"sum_sq": 5.903176656967802, "df": 1.0, "F": 0.008079696521715033, "pvalue": 0.9294925185571803}}, "2": {"Mouse_ID": {}, "Treatment": {"sum_sq": 3280.293343162349, "df": 2.0, "F": 4.616392312378185, "pvalue": 0.027394256935615875, "tukey_hsd": {"groups": ["A12", "B1-8", "PBS"], "pvalues": [[1.0, 0.022195515899410934, 0.1983387112323446], [0.022195515899410934, 1.0, 0.46969045305015833], [0.1983387112323446, 0.46969045305015833, 1.0]]}}, "Ig_treated": {"sum_sq": 44.42570015094029, "df": 1.0, "F": 0.08298846491020717, "pvalue": 0.7769859165043438}, "A12_treated": {"sum_sq": 2766.3617891007107, "df": 1.0, "F": 7.574864850997502, "pvalue": 0.014168456845635091}, "Batch": {"sum_sq": 8.173367621487996, "df": 1.0, "F": 0.015132262839441529, "pvalue": 0.9038451052891947}, "Quant": {"sum_sq": 1.4985539766679679, "df": 1.0, "F": 0.0027853813992588304, "pvalue": 0.9585631452365235}}, "3": {"Mouse_ID": {}, "Treatment": {"sum_sq": 975.6924711168394, "df": 2.0, "F": 1.403027884637388, "pvalue": 0.27632900510583386, "tukey_hsd": {"groups": ["A12", "B1-8", "PBS"], "pvalues": [[1.0, 0.3270288500794367, 0.9977176038725243], [0.3270288500794367, 1.0, 0.3572876348337106], [0.9977176038725243, 0.3572876348337106, 1.0]]}}, "Ig_treated": {"sum_sq": 212.1913071724477, "df": 1.0, "F": 0.5678171373503845, "pvalue": 0.4620730927182013}, "A12_treated": {"sum_sq": 277.09625856539884, "df": 1.0, "F": 0.7496381969808181, "pvalue": 0.3993878516716909}, "Batch": {"sum_sq": 1216.0869734206258, "df": 1.0, "F": 3.4688128664778133, "pvalue": 0.08365427478738749}, "Quant": {"sum_sq": 21.267721596853526, "df": 1.0, "F": 0.055150692230762514, "pvalue": 0.8173105267785026}}, "4": {"Mouse_ID": {}, "Treatment": {"sum_sq": 359.2049524923584, "df": 2.0, "F": 0.6219614665509857, "pvalue": 0.5501771383653851, "tukey_hsd": {"groups": ["A12", "B1-8", "PBS"], "pvalues": [[1.0, 0.5850452127393331, 0.9961362701224797], [0.5850452127393331, 1.0, 0.6356734021180588], [0.9961362701224797, 0.6356734021180588, 1.0]]}}, "Ig_treated": {"sum_sq": 67.50627580614528, "df": 1.0, "F": 0.23362531815293947, "pvalue": 0.6353965262012957}, "A12_treated": {"sum_sq": 114.12437151228386, "df": 1.0, "F": 0.3989840935901488, "pvalue": 0.5365354952578354}, "Batch": {"sum_sq": 584.2742593711712, "df": 1.0, "F": 2.018045086088655, "pvalue": 0.17732672805750033}, "Quant": {"sum_sq": 675.8424296696634, "df": 1.0, "F": 2.693350259549446, "pvalue": 0.12027514607627718}}, "5": {"Mouse_ID": {}, "Treatment": {"sum_sq": 1797.6614971064855, "df": 2.0, "F": 12.777086242183724, "pvalue": 0.0005759938722498274, "tukey_hsd": {"groups": ["A12", "B1-8", "PBS"], "pvalues": [[1.0, 0.8451834673840202, 0.002699297567849035], [0.8451834673840202, 1.0, 0.0008991406399672108], [0.002699297567849035, 0.0008991406399672108, 1.0]]}}, "Ig_treated": {"sum_sq": 1775.9416361232295, "df": 1.0, "F": 26.385344317212052, "pvalue": 9.944657670987342e-05}, "A12_treated": {"sum_sq": 290.18737430806055, "df": 1.0, "F": 1.8117741262789713, "pvalue": 0.19705850472047168}, "Batch": {"sum_sq": 19.307006162587157, "df": 1.0, "F": 0.12476717048411182, "pvalue": 0.7291826526278287}, "Quant": {"sum_sq": 1909.412743513413, "df": 1.0, "F": 32.38162271549242, "pvalue": 3.346077641311552e-05}}, "6": {"Mouse_ID": {}, "Treatment": {"sum_sq": 550.4572769197789, "df": 2.0, "F": 1.8322235485622915, "pvalue": 0.194120308955121, "tukey_hsd": {"groups": ["A12", "B1-8", "PBS"], "pvalues": [[1.0, 0.23625165438070606, 0.2727609946701103], [0.23625165438070606, 1.0, 0.994996350200303], [0.2727609946701103, 0.994996350200303, 1.0]]}}, "Ig_treated": {"sum_sq": 114.56944824833985, "df": 1.0, "F": 0.6816763423610577, "pvalue": 0.4211508045569541}, "A12_treated": {"sum_sq": 549.0900682125521, "df": 1.0, "F": 3.896670747956081, "pvalue": 0.06590544740626868}, "Batch": {"sum_sq": 0.6274106091233324, "df": 1.0, "F": 0.004169988166140372, "pvalue": 0.9494250454931034}, "Quant": {"sum_sq": 43.46204390567293, "df": 1.0, "F": 0.2519328944463852, "pvalue": 0.622553926722476}}, "7": {"Mouse_ID": {}, "Treatment": {"sum_sq": 120.46630308213486, "df": 2.0, "F": 0.4401282843407215, "pvalue": 0.6520082362944821, "tukey_hsd": {"groups": ["A12", "B1-8", "PBS"], "pvalues": [[1.0, 0.7264191577346348, 0.6792586249843879], [0.7264191577346348, 1.0, 0.9965621200868837], [0.6792586249843879, 0.9965621200868837, 1.0]]}}, "Ig_treated": {"sum_sq": 39.30223539898287, "df": 1.0, "F": 0.2946790356174781, "pvalue": 0.5947194705721657}, "A12_treated": {"sum_sq": 119.61125593713135, "df": 1.0, "F": 0.9318877623020886, "pvalue": 0.3487381672111798}, "Batch": {"sum_sq": 3.6928413161810916, "df": 1.0, "F": 0.026905638296357216, "pvalue": 0.8720525580689311}, "Quant": {"sum_sq": 164.55665595947295, "df": 1.0, "F": 1.3107423207553082, "pvalue": 0.2690981312835605}}, "8": {"Mouse_ID": {}, "Treatment": {"sum_sq": 131.41312097304137, "df": 2.0, "F": 0.5312319276647818, "pvalue": 0.5985400525069444, "tukey_hsd": {"groups": ["A12", "B1-8", "PBS"], "pvalues": [[1.0, 0.6490810122333303, 0.9999061741076061], [0.6490810122333303, 1.0, 0.6569752914817123], [0.9999061741076061, 0.6569752914817123, 1.0]]}}, "Ig_treated": {"sum_sq": 31.423531493665635, "df": 1.0, "F": 0.2571356496267594, "pvalue": 0.6190120614381711}, "A12_treated": {"sum_sq": 34.304079365231544, "df": 1.0, "F": 0.28112103608321637, "pvalue": 0.6032486462012998}, "Batch": {"sum_sq": 72.343210720558, "df": 1.0, "F": 0.6270046302722614, "pvalue": 0.44166687953230666}, "Quant": {"sum_sq": 77.52950223184739, "df": 1.0, "F": 0.649737071535343, "pvalue": 0.43202459628034195}}, "9": {"Mouse_ID": {}, "Treatment": {"sum_sq": 50.434196555190525, "df": 2.0, "F": 0.22503906716348782, "pvalue": 0.8011324850717245, "tukey_hsd": {"groups": ["A12", "B1-8", "PBS"], "pvalues": [[1.0, 0.799966971258335, 0.8765184857614572], [0.799966971258335, 1.0, 0.9876678469310456], [0.8765184857614572, 0.9876678469310456, 1.0]]}}, "Ig_treated": {"sum_sq": 4.346831823629843, "df": 1.0, "F": 0.04027325465151412, "pvalue": 0.8434760335782945}, "A12_treated": {"sum_sq": 47.9099032966349, "df": 1.0, "F": 0.4553707098676426, "pvalue": 0.5094298874914585}, "Batch": {"sum_sq": 0.6305101013871007, "df": 1.0, "F": 0.006941860128033809, "pvalue": 0.9347784261098194}, "Quant": {"sum_sq": 0.9643833442107328, "df": 1.0, "F": 0.008917513918317625, "pvalue": 0.9259380333954594}}, "10": {"Mouse_ID": {}, "Treatment": {"sum_sq": 77.34373397854678, "df": 2.0, "F": 0.40703615648528635, "pvalue": 0.6727543896850243, "tukey_hsd": {"groups": ["A12", "B1-8", "PBS"], "pvalues": [[1.0, 0.7393604426336288, 0.7022071651682225], [0.7393604426336288, 1.0, 0.9978260242610536], [0.7022071651682225, 0.9978260242610536, 1.0]]}}, "Ig_treated": {"sum_sq": 24.176775688445996, "df": 1.0, "F": 0.26167227767549156, "pvalue": 0.6159605916859723}, "A12_treated": {"sum_sq": 76.96863514947869, "df": 1.0, "F": 0.8639051551136901, "pvalue": 0.36645981222831003}, "Batch": {"sum_sq": 14.850411705492826, "df": 1.0, "F": 0.21156588916828917, "pvalue": 0.6526049940335277}, "Quant": {"sum_sq": 0.4590862709842422, "df": 1.0, "F": 0.0048903634608793, "pvalue": 0.9451150539770181}}}