{"1": {"Mouse_ID": {}, "Treatment": {"sum_sq": 116.90127777369024, "df": 2.0, "F": 0.0764789483185833, "pvalue": 0.9267312735502773, "tukey_hsd": {"groups": ["A12", "B1-8", "PBS"], "pvalues": [[1.0, 0.9967949128249596, 0.9536060285310992], [0.9967949128249596, 1.0, 0.9275431080307117], [0.9536060285310992, 0.9275431080307117, 1.0]]}}, "Ig_treated": {"sum_sq": 112.45012645882872, "df": 1.0, "F": 0.15688185855466616, "pvalue": 0.6972756582405064}, "A12_treated": {"sum_sq": 12.075668749073962, "df": 1.0, "F": 0.016700884962001637, "pvalue": 0.8987847701737324}, "Batch": {"sum_sq": 866.8444592793388, "df": 1.0, "F": 1.1777366866901973, "pvalue": 0.29615166532200626}, "Quant": {"sum_sq": 6.173048239467384, "df": 1.0, "F": 0.00853309217733258, "pvalue": 0.9275470490226114}}, "2": {"Mouse_ID": {}, "Treatment": {"sum_sq": 3229.1941089767547, "df": 2.0, "F": 4.531959726257936, "pvalue": 0.02886932992077336, "tukey_hsd": {"groups": ["A12", "B1-8", "PBS"], "pvalues": [[1.0, 0.02341376865966538, 0.2048381061669965], [0.02341376865966538, 1.0, 0.4735797380143174], [0.2048381061669965, 0.4735797380143174, 1.0]]}}, "Ig_treated": {"sum_sq": 42.62891454435138, "df": 1.0, "F": 0.07995481433378536, "pvalue": 0.7809840890853954}, "A12_treated": {"sum_sq": 2719.7673734163823, "df": 1.0, "F": 7.434279523351318, "pvalue": 0.014935296885558176}, "Batch": {"sum_sq": 7.5324805615251265, "df": 1.0, "F": 0.013993508049537346, "pvalue": 0.9075150993193605}, "Quant": {"sum_sq": 1.0439384485649397, "df": 1.0, "F": 0.0019485128871685976, "pvalue": 0.9653374569423092}}, "3": {"Mouse_ID": {}, "Treatment": {"sum_sq": 995.2879110938827, "df": 2.0, "F": 1.4405983855181155, "pvalue": 0.26773803729272905, "tukey_hsd": {"groups": ["A12", "B1-8", "PBS"], "pvalues": [[1.0, 0.31178278989714425, 0.9949118844692507], [0.31178278989714425, 1.0, 0.35627756148420486], [0.9949118844692507, 0.35627756148420486, 1.0]]}}, "Ig_treated": {"sum_sq": 201.64538138397816, "df": 1.0, "F": 0.5399455452470988, "pvalue": 0.4730886076274635}, "A12_treated": {"sum_sq": 299.19589751025893, "df": 1.0, "F": 0.8144529182738427, "pvalue": 0.38019282080169337}, "Batch": {"sum_sq": 1218.4483785656146, "df": 1.0, "F": 3.488949953063617, "pvalue": 0.08285342866449308}, "Quant": {"sum_sq": 18.559023765167037, "df": 1.0, "F": 0.04821803991336915, "pvalue": 0.8289704819365892}}, "4": {"Mouse_ID": {}, "Treatment": {"sum_sq": 356.2481851889219, "df": 2.0, "F": 0.6234021867751114, "pvalue": 0.5494457379850044, "tukey_hsd": {"groups": ["A12", "B1-8", "PBS"], "pvalues": [[1.0, 0.5883914566863424, 0.9974064731889718], [0.5883914566863424, 1.0, 0.6298564869238972], [0.9974064731889718, 0.6298564869238972, 1.0]]}}, "Ig_treated": {"sum_sq": 70.80625730430596, "df": 1.0, "F": 0.24782468828613896, "pvalue": 0.6253834568778435}, "A12_treated": {"sum_sq": 108.66393802314109, "df": 1.0, "F": 0.3835040349381729, "pvalue": 0.5444518307685218}, "Batch": {"sum_sq": 574.4677495825273, "df": 1.0, "F": 2.002534117381523, "pvalue": 0.17889398511996757}, "Quant": {"sum_sq": 682.0392136088101, "df": 1.0, "F": 2.7556136564946785, "pvalue": 0.11638208831379222}}, "5": {"Mouse_ID": {}, "Treatment": {"sum_sq": 1317.517292198915, "df": 2.0, "F": 6.595825346097836, "pvalue": 0.008806039932762234, "tukey_hsd": {"groups": ["A12", "B1-8", "PBS"], "pvalues": [[1.0, 0.4343971767121366, 0.0844413317631525], [0.4343971767121366, 1.0, 0.007232991274851663], [0.0844413317631525, 0.007232991274851663, 1.0]]}}, "Ig_treated": {"sum_sq": 1157.2174228884353, "df": 1.0, "F": 11.16448754326749, "pvalue": 0.004142320850559695}, "A12_treated": {"sum_sq": 36.53280833899996, "df": 1.0, "F": 0.21032804024923918, "pvalue": 0.6526785168783463}, "Batch": {"sum_sq": 16.002352108695593, "df": 1.0, "F": 0.1272559572716622, "pvalue": 0.726613657722577}, "Quant": {"sum_sq": 1359.7048446558524, "df": 1.0, "F": 14.942439672594054, "pvalue": 0.0013696946578815087}}, "6": {"Mouse_ID": {}, "Treatment": {"sum_sq": 984.5011189485328, "df": 2.0, "F": 4.139406106930032, "pvalue": 0.03702357191566317, "tukey_hsd": {"groups": ["A12", "B1-8", "PBS"], "pvalues": [[1.0, 0.29814277078287876, 0.029381462753579557], [0.29814277078287876, 1.0, 0.40235808193261935], [0.029381462753579557, 0.40235808193261935, 1.0]]}}, "Ig_treated": {"sum_sq": 699.8892867409775, "df": 1.0, "F": 5.413998221047009, "pvalue": 0.0334335153924113}, "A12_treated": {"sum_sq": 774.9510260971891, "df": 1.0, "F": 6.2203764933571755, "pvalue": 0.02395835547636124}, "Batch": {"sum_sq": 3.989538520085069, "df": 1.0, "F": 0.02286091732376668, "pvalue": 0.881976356504005}, "Quant": {"sum_sq": 538.2117046211938, "df": 1.0, "F": 3.8615015934495514, "pvalue": 0.06701356103539846}}, "7": {"Mouse_ID": {}, "Treatment": {"sum_sq": 130.2121036844624, "df": 2.0, "F": 0.4776860325567944, "pvalue": 0.6293357788349533, "tukey_hsd": {"groups": ["A12", "B1-8", "PBS"], "pvalues": [[1.0, 0.6968643379625227, 0.6661919572424135], [0.6968643379625227, 1.0, 0.9985679784508164], [0.6661919572424135, 0.9985679784508164, 1.0]]}}, "Ig_treated": {"sum_sq": 38.60440918410417, "df": 1.0, "F": 0.2891678837800168, "pvalue": 0.5981550283741817}, "A12_treated": {"sum_sq": 129.85780221318834, "df": 1.0, "F": 1.01611461414478, "pvalue": 0.3284446688921979}, "Batch": {"sum_sq": 7.218588806859862, "df": 1.0, "F": 0.05253652644878056, "pvalue": 0.822021524003457}, "Quant": {"sum_sq": 171.2946963759348, "df": 1.0, "F": 1.3680748042786617, "pvalue": 0.2592724217186784}}, "8": {"Mouse_ID": {}, "Treatment": {"sum_sq": 109.38424598174433, "df": 2.0, "F": 0.4396959897475326, "pvalue": 0.6522745338170877, "tukey_hsd": {"groups": ["A12", "B1-8", "PBS"], "pvalues": [[1.0, 0.7088321498888452, 0.9996790746584474], [0.7088321498888452, 1.0, 0.6944189015599647], [0.9996790746584474, 0.6944189015599647, 1.0]]}}, "Ig_treated": {"sum_sq": 29.81888460787978, "df": 1.0, "F": 0.24525150855804267, "pvalue": 0.6271708136536465}, "A12_treated": {"sum_sq": 24.94565615024352, "df": 1.0, "F": 0.20465796624585902, "pvalue": 0.6570604181092288}, "Batch": {"sum_sq": 76.67405746128603, "df": 1.0, "F": 0.6962076385712912, "pvalue": 0.41807151899614403}, "Quant": {"sum_sq": 80.91317680209005, "df": 1.0, "F": 0.6834372379322806, "pvalue": 0.4205638822484774}}, "9": {"Mouse_ID": {}, "Treatment": {"sum_sq": 53.11050118250103, "df": 2.0, "F": 0.23651068236632708, "pvalue": 0.7922659731611245, "tukey_hsd": {"groups": ["A12", "B1-8", "PBS"], "pvalues": [[1.0, 0.7849928352545432, 0.8841450603208973], [0.7849928352545432, 1.0, 0.979556204611142], [0.8841450603208973, 0.979556204611142, 1.0]]}}, "Ig_treated": {"sum_sq": 2.9543832700572397, "df": 1.0, "F": 0.027255316057326746, "pvalue": 0.8709395365250652}, "A12_treated": {"sum_sq": 48.89775694836455, "df": 1.0, "F": 0.46337548405164436, "pvalue": 0.5057831241747384}, "Batch": {"sum_sq": 0.11785467205606034, "df": 1.0, "F": 0.0012489600724766518, "pvalue": 0.9723070777565826}, "Quant": {"sum_sq": 0.20743090646323764, "df": 1.0, "F": 0.001910603358809658, "pvalue": 0.9656760734668104}}, "10": {"Mouse_ID": {}, "Treatment": {"sum_sq": 77.01109286829447, "df": 2.0, "F": 0.4010119166183521, "pvalue": 0.6766110705136609, "tukey_hsd": {"groups": ["A12", "B1-8", "PBS"], "pvalues": [[1.0, 0.7383121587335051, 0.70932649439966], [0.7383121587335051, 1.0, 0.9986718404009566], [0.70932649439966, 0.9986718404009566, 1.0]]}}, "Ig_treated": {"sum_sq": 23.01959685071397, "df": 1.0, "F": 0.24647803113164457, "pvalue": 0.6263173949141092}, "A12_treated": {"sum_sq": 76.77960135364063, "df": 1.0, "F": 0.8527834602738065, "pvalue": 0.3694837029159255}, "Batch": {"sum_sq": 26.79364630997843, "df": 1.0, "F": 0.37935731318376675, "pvalue": 0.5478311485334737}, "Quant": {"sum_sq": 0.14682978218868364, "df": 1.0, "F": 0.0015484509060632817, "pvalue": 0.9690978811331362}}}