{"1": {"Mouse_ID": {}, "Treatment": {"sum_sq": 116.90127777368971, "df": 2.0, "F": 0.07647894831858298, "pvalue": 0.9267312735502781, "tukey_hsd": {"groups": ["A12", "B1-8", "PBS"], "pvalues": [[1.0, 0.9967949128249599, 0.9536060285310987], [0.9967949128249599, 1.0, 0.9275431080307125], [0.9536060285310987, 0.9275431080307125, 1.0]]}}, "Ig_treated": {"sum_sq": 112.45012645882883, "df": 1.0, "F": 0.15688185855466633, "pvalue": 0.6972756582405064}, "A12_treated": {"sum_sq": 12.075668749074612, "df": 1.0, "F": 0.016700884962002543, "pvalue": 0.8987847701737324}, "TMT": {"sum_sq": 866.8444592793385, "df": 1.0, "F": 1.1777366866901964, "pvalue": 0.29615166532200665}, "Quant": {"sum_sq": 6.173048239467498, "df": 1.0, "F": 0.008533092177332736, "pvalue": 0.9275470490226114}}, "2": {"Mouse_ID": {}, "Treatment": {"sum_sq": 3229.1941089767392, "df": 2.0, "F": 4.531959726257933, "pvalue": 0.028869329920773398, "tukey_hsd": {"groups": ["A12", "B1-8", "PBS"], "pvalues": [[1.0, 0.02341376865966538, 0.2048381061669965], [0.02341376865966538, 1.0, 0.4735797380143175], [0.2048381061669965, 0.4735797380143175, 1.0]]}}, "Ig_treated": {"sum_sq": 42.62891454435127, "df": 1.0, "F": 0.07995481433378548, "pvalue": 0.7809840890853954}, "A12_treated": {"sum_sq": 2719.767373416371, "df": 1.0, "F": 7.434279523351317, "pvalue": 0.014935296885558176}, "TMT": {"sum_sq": 7.53248056152503, "df": 1.0, "F": 0.013993508049537228, "pvalue": 0.9075150993193605}, "Quant": {"sum_sq": 1.0439384485650107, "df": 1.0, "F": 0.0019485128871687388, "pvalue": 0.9653374569423092}}, "3": {"Mouse_ID": {}, "Treatment": {"sum_sq": 995.2879110938777, "df": 2.0, "F": 1.4405983855181035, "pvalue": 0.26773803729273143, "tukey_hsd": {"groups": ["A12", "B1-8", "PBS"], "pvalues": [[1.0, 0.3117827898971469, 0.9949118844692506], [0.3117827898971469, 1.0, 0.3562775614842082], [0.9949118844692506, 0.3562775614842082, 1.0]]}}, "Ig_treated": {"sum_sq": 201.64538138397646, "df": 1.0, "F": 0.5399455452470928, "pvalue": 0.4730886076274665}, "A12_treated": {"sum_sq": 299.1958975102582, "df": 1.0, "F": 0.8144529182738388, "pvalue": 0.3801928208016945}, "TMT": {"sum_sq": 1218.4483785656253, "df": 1.0, "F": 3.4889499530636465, "pvalue": 0.08285342866449194}, "Quant": {"sum_sq": 18.559023765165644, "df": 1.0, "F": 0.048218039913365415, "pvalue": 0.8289704819365954}}, "4": {"Mouse_ID": {}, "Treatment": {"sum_sq": 356.2481851889294, "df": 2.0, "F": 0.6234021867751238, "pvalue": 0.5494457379849985, "tukey_hsd": {"groups": ["A12", "B1-8", "PBS"], "pvalues": [[1.0, 0.5883914566863355, 0.9974064731889716], [0.5883914566863355, 1.0, 0.6298564869238925], [0.9974064731889716, 0.6298564869238925, 1.0]]}}, "Ig_treated": {"sum_sq": 70.80625730430684, "df": 1.0, "F": 0.2478246882861415, "pvalue": 0.6253834568778435}, "A12_treated": {"sum_sq": 108.66393802314421, "df": 1.0, "F": 0.3835040349381832, "pvalue": 0.544451830768516}, "TMT": {"sum_sq": 574.4677495825223, "df": 1.0, "F": 2.002534117381497, "pvalue": 0.17889398511997}, "Quant": {"sum_sq": 682.0392136088119, "df": 1.0, "F": 2.7556136564946794, "pvalue": 0.11638208831379193}}, "5": {"Mouse_ID": {}, "Treatment": {"sum_sq": 1317.5172921989601, "df": 2.0, "F": 6.595825346098259, "pvalue": 0.008806039932760249, "tukey_hsd": {"groups": ["A12", "B1-8", "PBS"], "pvalues": [[1.0, 0.4343971767121564, 0.08444133176313129], [0.4343971767121564, 1.0, 0.007232991274850109], [0.08444133176313129, 0.007232991274850109, 1.0]]}}, "Ig_treated": {"sum_sq": 1157.2174228884946, "df": 1.0, "F": 11.164487543268462, "pvalue": 0.004142320850558425}, "A12_treated": {"sum_sq": 36.53280833901101, "df": 1.0, "F": 0.21032804024930363, "pvalue": 0.6526785168782974}, "TMT": {"sum_sq": 16.00235210869631, "df": 1.0, "F": 0.12725595727166636, "pvalue": 0.7266136577225738}, "Quant": {"sum_sq": 1359.7048446559102, "df": 1.0, "F": 14.94243967259527, "pvalue": 0.0013696946578810546}}, "6": {"Mouse_ID": {}, "Treatment": {"sum_sq": 984.501118948491, "df": 2.0, "F": 4.139406106929754, "pvalue": 0.037023571915669774, "tukey_hsd": {"groups": ["A12", "B1-8", "PBS"], "pvalues": [[1.0, 0.29814277078286944, 0.02938146275358533], [0.29814277078286944, 1.0, 0.40235808193268263], [0.02938146275358533, 0.40235808193268263, 1.0]]}}, "Ig_treated": {"sum_sq": 699.8892867409207, "df": 1.0, "F": 5.413998221046416, "pvalue": 0.033433515392419746}, "A12_treated": {"sum_sq": 774.9510260971808, "df": 1.0, "F": 6.220376493357075, "pvalue": 0.0239583554763622}, "TMT": {"sum_sq": 3.9895385200846816, "df": 1.0, "F": 0.022860917323764638, "pvalue": 0.881976356504009}, "Quant": {"sum_sq": 538.2117046211422, "df": 1.0, "F": 3.86150159344909, "pvalue": 0.0670135610354131}}, "7": {"Mouse_ID": {}, "Treatment": {"sum_sq": 130.21210368446103, "df": 2.0, "F": 0.47768603255678854, "pvalue": 0.6293357788349572, "tukey_hsd": {"groups": ["A12", "B1-8", "PBS"], "pvalues": [[1.0, 0.6968643379625244, 0.6661919572424175], [0.6968643379625244, 1.0, 0.9985679784508165], [0.6661919572424175, 0.9985679784508165, 1.0]]}}, "Ig_treated": {"sum_sq": 38.60440918410334, "df": 1.0, "F": 0.2891678837800101, "pvalue": 0.5981550283741862}, "A12_treated": {"sum_sq": 129.857802213187, "df": 1.0, "F": 1.0161146141447681, "pvalue": 0.32844466889220025}, "TMT": {"sum_sq": 7.218588806859693, "df": 1.0, "F": 0.052536526448779285, "pvalue": 0.8220215240034596}, "Quant": {"sum_sq": 171.29469637593314, "df": 1.0, "F": 1.3680748042786461, "pvalue": 0.2592724217186812}}, "8": {"Mouse_ID": {}, "Treatment": {"sum_sq": 109.3842459817443, "df": 2.0, "F": 0.43969598974753155, "pvalue": 0.6522745338170882, "tukey_hsd": {"groups": ["A12", "B1-8", "PBS"], "pvalues": [[1.0, 0.7088321498888499, 0.9996790746584471], [0.7088321498888499, 1.0, 0.6944189015599618], [0.9996790746584471, 0.6944189015599618, 1.0]]}}, "Ig_treated": {"sum_sq": 29.818884607881124, "df": 1.0, "F": 0.24525150855805344, "pvalue": 0.6271708136536389}, "A12_treated": {"sum_sq": 24.945656150242257, "df": 1.0, "F": 0.20465796624584814, "pvalue": 0.6570604181092372}, "TMT": {"sum_sq": 76.67405746128543, "df": 1.0, "F": 0.6962076385712868, "pvalue": 0.41807151899614525}, "Quant": {"sum_sq": 80.9131768020889, "df": 1.0, "F": 0.6834372379322693, "pvalue": 0.4205638822484806}}, "9": {"Mouse_ID": {}, "Treatment": {"sum_sq": 53.11050118250204, "df": 2.0, "F": 0.2365106823663321, "pvalue": 0.7922659731611204, "tukey_hsd": {"groups": ["A12", "B1-8", "PBS"], "pvalues": [[1.0, 0.7849928352545396, 0.8841450603208948], [0.7849928352545396, 1.0, 0.9795562046111419], [0.8841450603208948, 0.9795562046111419, 1.0]]}}, "Ig_treated": {"sum_sq": 2.9543832700573294, "df": 1.0, "F": 0.027255316057327623, "pvalue": 0.8709395365250652}, "A12_treated": {"sum_sq": 48.89775694836546, "df": 1.0, "F": 0.46337548405165396, "pvalue": 0.5057831241747348}, "TMT": {"sum_sq": 0.11785467205600167, "df": 1.0, "F": 0.0012489600724760288, "pvalue": 0.9723070777565999}, "Quant": {"sum_sq": 0.20743090646318382, "df": 1.0, "F": 0.0019106033588091652, "pvalue": 0.9656760734668104}}, "10": {"Mouse_ID": {}, "Treatment": {"sum_sq": 77.0110928682939, "df": 2.0, "F": 0.4010119166183497, "pvalue": 0.676611070513662, "tukey_hsd": {"groups": ["A12", "B1-8", "PBS"], "pvalues": [[1.0, 0.7383121587335064, 0.7093264943996616], [0.7383121587335064, 1.0, 0.9986718404009566], [0.7093264943996616, 0.9986718404009566, 1.0]]}}, "Ig_treated": {"sum_sq": 23.0195968507138, "df": 1.0, "F": 0.24647803113164302, "pvalue": 0.6263173949141092}, "A12_treated": {"sum_sq": 76.77960135364006, "df": 1.0, "F": 0.8527834602738011, "pvalue": 0.36948370291592675}, "TMT": {"sum_sq": 26.79364630997926, "df": 1.0, "F": 0.37935731318377874, "pvalue": 0.5478311485334677}, "Quant": {"sum_sq": 0.14682978218871015, "df": 1.0, "F": 0.0015484509060635636, "pvalue": 0.9690978811331362}}}