{"1": {"Mouse_ID": {}, "Treatment": {"sum_sq": 122.59489212471259, "df": 2.0, "F": 0.0794474482722859, "pvalue": 0.924012570158743, "tukey_hsd": {"groups": ["A12", "B1-8", "PBS"], "pvalues": [[1.0, 0.9983665918693408, 0.9470463697322554], [0.9983665918693408, 1.0, 0.9279715799920354], [0.9470463697322554, 0.9279715799920354, 1.0]]}}, "Ig_treated": {"sum_sq": 120.30691471221495, "df": 1.0, "F": 0.1662918772010958, "pvalue": 0.6888331078377162}, "A12_treated": {"sum_sq": 17.424530656592093, "df": 1.0, "F": 0.02387253845069844, "pvalue": 0.8791418676522841}, "Batch": {"sum_sq": 854.5478972678878, "df": 1.0, "F": 1.1472603788340505, "pvalue": 0.30224181724628935}, "Quant": {"sum_sq": 5.903176656967876, "df": 1.0, "F": 0.008079696521715153, "pvalue": 0.9294925185571803}}, "2": {"Mouse_ID": {}, "Treatment": {"sum_sq": 3280.293343162371, "df": 2.0, "F": 4.616392312378202, "pvalue": 0.02739425693561558, "tukey_hsd": {"groups": ["A12", "B1-8", "PBS"], "pvalues": [[1.0, 0.02219551589941071, 0.19833871123234348], [0.02219551589941071, 1.0, 0.46969045305015666], [0.19833871123234348, 0.46969045305015666, 1.0]]}}, "Ig_treated": {"sum_sq": 44.42570015094038, "df": 1.0, "F": 0.08298846491020696, "pvalue": 0.7769859165043438}, "A12_treated": {"sum_sq": 2766.3617891007284, "df": 1.0, "F": 7.574864850997523, "pvalue": 0.014168456845634992}, "Batch": {"sum_sq": 8.17336762148842, "df": 1.0, "F": 0.015132262839442245, "pvalue": 0.9038451052891947}, "Quant": {"sum_sq": 1.4985539766679665, "df": 1.0, "F": 0.002785381399258815, "pvalue": 0.9585631452365235}}, "3": {"Mouse_ID": {}, "Treatment": {"sum_sq": 975.6924711168408, "df": 2.0, "F": 1.4030278846373918, "pvalue": 0.276329005105833, "tukey_hsd": {"groups": ["A12", "B1-8", "PBS"], "pvalues": [[1.0, 0.3270288500794365, 0.9977176038725245], [0.3270288500794365, 1.0, 0.3572876348337094], [0.9977176038725245, 0.3572876348337094, 1.0]]}}, "Ig_treated": {"sum_sq": 212.191307172449, "df": 1.0, "F": 0.5678171373503887, "pvalue": 0.46207309271819974}, "A12_treated": {"sum_sq": 277.09625856539776, "df": 1.0, "F": 0.7496381969808158, "pvalue": 0.3993878516716921}, "Batch": {"sum_sq": 1216.0869734206135, "df": 1.0, "F": 3.4688128664777733, "pvalue": 0.08365427478738904}, "Quant": {"sum_sq": 21.267721596854845, "df": 1.0, "F": 0.05515069223076596, "pvalue": 0.8173105267784967}}, "4": {"Mouse_ID": {}, "Treatment": {"sum_sq": 359.20495249235483, "df": 2.0, "F": 0.6219614665509794, "pvalue": 0.5501771383653881, "tukey_hsd": {"groups": ["A12", "B1-8", "PBS"], "pvalues": [[1.0, 0.5850452127393371, 0.9961362701224802], [0.5850452127393371, 1.0, 0.6356734021180603], [0.9961362701224802, 0.6356734021180603, 1.0]]}}, "Ig_treated": {"sum_sq": 67.50627580614551, "df": 1.0, "F": 0.2336253181529405, "pvalue": 0.6353965262012932}, "A12_treated": {"sum_sq": 114.12437151228143, "df": 1.0, "F": 0.39898409359014037, "pvalue": 0.5365354952578383}, "Batch": {"sum_sq": 584.274259371178, "df": 1.0, "F": 2.0180450860886845, "pvalue": 0.17732672805749747}, "Quant": {"sum_sq": 675.8424296696658, "df": 1.0, "F": 2.69335025954946, "pvalue": 0.12027514607627626}}, "5": {"Mouse_ID": {}, "Treatment": {"sum_sq": 1797.661497106529, "df": 2.0, "F": 12.777086242184463, "pvalue": 0.0005759938722496699, "tukey_hsd": {"groups": ["A12", "B1-8", "PBS"], "pvalues": [[1.0, 0.8451834673840882, 0.0026992975678479247], [0.8451834673840882, 1.0, 0.0008991406399670998], [0.0026992975678479247, 0.0008991406399670998, 1.0]]}}, "Ig_treated": {"sum_sq": 1775.9416361232845, "df": 1.0, "F": 26.385344317214024, "pvalue": 9.944657670983527e-05}, "A12_treated": {"sum_sq": 290.18737430810717, "df": 1.0, "F": 1.81177412627929, "pvalue": 0.19705850472043457}, "Batch": {"sum_sq": 19.307006162587555, "df": 1.0, "F": 0.12476717048411076, "pvalue": 0.7291826526278302}, "Quant": {"sum_sq": 1909.412743513448, "df": 1.0, "F": 32.381622715493926, "pvalue": 3.3460776413106944e-05}}, "6": {"Mouse_ID": {}, "Treatment": {"sum_sq": 550.4572769197378, "df": 2.0, "F": 1.8322235485621192, "pvalue": 0.19412030895514795, "tukey_hsd": {"groups": ["A12", "B1-8", "PBS"], "pvalues": [[1.0, 0.23625165438070417, 0.27276099467018133], [0.23625165438070417, 1.0, 0.9949963502002841], [0.27276099467018133, 0.9949963502002841, 1.0]]}}, "Ig_treated": {"sum_sq": 114.56944824828787, "df": 1.0, "F": 0.6816763423607349, "pvalue": 0.42115080455706166}, "A12_treated": {"sum_sq": 549.0900682125056, "df": 1.0, "F": 3.896670747955668, "pvalue": 0.06590544740628156}, "Batch": {"sum_sq": 0.6274106091229834, "df": 1.0, "F": 0.004169988166138166, "pvalue": 0.9494250454931128}, "Quant": {"sum_sq": 43.46204390563981, "df": 1.0, "F": 0.25193289444619016, "pvalue": 0.6225539267226079}}, "7": {"Mouse_ID": {}, "Treatment": {"sum_sq": 120.46630308213466, "df": 2.0, "F": 0.44012828434072104, "pvalue": 0.6520082362944821, "tukey_hsd": {"groups": ["A12", "B1-8", "PBS"], "pvalues": [[1.0, 0.726419157734636, 0.6792586249843876], [0.726419157734636, 1.0, 0.9965621200868835], [0.6792586249843876, 0.9965621200868835, 1.0]]}}, "Ig_treated": {"sum_sq": 39.302235398983115, "df": 1.0, "F": 0.29467903561748016, "pvalue": 0.5947194705721635}, "A12_treated": {"sum_sq": 119.61125593713103, "df": 1.0, "F": 0.9318877623020867, "pvalue": 0.3487381672111807}, "Batch": {"sum_sq": 3.6928413161811373, "df": 1.0, "F": 0.026905638296357566, "pvalue": 0.8720525580689311}, "Quant": {"sum_sq": 164.55665595947374, "df": 1.0, "F": 1.310742320755316, "pvalue": 0.2690981312835594}}, "8": {"Mouse_ID": {}, "Treatment": {"sum_sq": 131.41312097304237, "df": 2.0, "F": 0.5312319276647847, "pvalue": 0.5985400525069434, "tukey_hsd": {"groups": ["A12", "B1-8", "PBS"], "pvalues": [[1.0, 0.6490810122333281, 0.9999061741076061], [0.6490810122333281, 1.0, 0.6569752914817113], [0.9999061741076061, 0.6569752914817113, 1.0]]}}, "Ig_treated": {"sum_sq": 31.42353149366566, "df": 1.0, "F": 0.257135649626759, "pvalue": 0.6190120614381734}, "A12_treated": {"sum_sq": 34.30407936523198, "df": 1.0, "F": 0.2811210360832193, "pvalue": 0.6032486462012974}, "Batch": {"sum_sq": 72.34321072055845, "df": 1.0, "F": 0.6270046302722628, "pvalue": 0.441666879532306}, "Quant": {"sum_sq": 77.52950223184737, "df": 1.0, "F": 0.6497370715353414, "pvalue": 0.43202459628034195}}, "9": {"Mouse_ID": {}, "Treatment": {"sum_sq": 50.434196555190525, "df": 2.0, "F": 0.22503906716348782, "pvalue": 0.8011324850717245, "tukey_hsd": {"groups": ["A12", "B1-8", "PBS"], "pvalues": [[1.0, 0.7999669712583352, 0.8765184857614572], [0.7999669712583352, 1.0, 0.9876678469310456], [0.8765184857614572, 0.9876678469310456, 1.0]]}}, "Ig_treated": {"sum_sq": 4.3468318236298495, "df": 1.0, "F": 0.040273254651514184, "pvalue": 0.8434760335782945}, "A12_treated": {"sum_sq": 47.90990329663488, "df": 1.0, "F": 0.4553707098676424, "pvalue": 0.5094298874914585}, "Batch": {"sum_sq": 0.6305101013870622, "df": 1.0, "F": 0.006941860128033394, "pvalue": 0.9347784261098194}, "Quant": {"sum_sq": 0.9643833442107338, "df": 1.0, "F": 0.008917513918317636, "pvalue": 0.9259380333954594}}, "10": {"Mouse_ID": {}, "Treatment": {"sum_sq": 77.34373397854864, "df": 2.0, "F": 0.40703615648529784, "pvalue": 0.6727543896850172, "tukey_hsd": {"groups": ["A12", "B1-8", "PBS"], "pvalues": [[1.0, 0.7393604426336235, 0.7022071651682147], [0.7393604426336235, 1.0, 0.9978260242610533], [0.7022071651682147, 0.9978260242610533, 1.0]]}}, "Ig_treated": {"sum_sq": 24.17677568844688, "df": 1.0, "F": 0.261672277675502, "pvalue": 0.615960591685965}, "A12_treated": {"sum_sq": 76.96863514948048, "df": 1.0, "F": 0.8639051551137139, "pvalue": 0.36645981222830426}, "Batch": {"sum_sq": 14.850411705491357, "df": 1.0, "F": 0.2115658891682691, "pvalue": 0.6526049940335422}, "Quant": {"sum_sq": 0.45908627098425586, "df": 1.0, "F": 0.004890363460879459, "pvalue": 0.9451150539770181}}}