{"1": {"Mouse_ID": {}, "Treatment": {"sum_sq": 122.59489212471276, "df": 2.0, "F": 0.07944744827228598, "pvalue": 0.924012570158743, "tukey_hsd": {"groups": ["A12", "B1-8", "PBS"], "pvalues": [[1.0, 0.998366591869341, 0.9470463697322552], [0.998366591869341, 1.0, 0.9279715799920354], [0.9470463697322552, 0.9279715799920354, 1.0]]}}, "Ig_treated": {"sum_sq": 120.30691471221512, "df": 1.0, "F": 0.16629187720109603, "pvalue": 0.6888331078377162}, "A12_treated": {"sum_sq": 17.42453065659238, "df": 1.0, "F": 0.02387253845069882, "pvalue": 0.8791418676522841}, "Batch": {"sum_sq": 854.5478972678883, "df": 1.0, "F": 1.147260378834051, "pvalue": 0.30224181724628935}, "Quant": {"sum_sq": 5.903176656967832, "df": 1.0, "F": 0.008079696521715089, "pvalue": 0.9294925185571803}}, "2": {"Mouse_ID": {}, "Treatment": {"sum_sq": 3280.2933431623487, "df": 2.0, "F": 4.616392312378182, "pvalue": 0.02739425693561595, "tukey_hsd": {"groups": ["A12", "B1-8", "PBS"], "pvalues": [[1.0, 0.022195515899410934, 0.19833871123234437], [0.022195515899410934, 1.0, 0.469690453050158], [0.19833871123234437, 0.469690453050158, 1.0]]}}, "Ig_treated": {"sum_sq": 44.425700150940216, "df": 1.0, "F": 0.08298846491020699, "pvalue": 0.7769859165043438}, "A12_treated": {"sum_sq": 2766.361789100712, "df": 1.0, "F": 7.574864850997502, "pvalue": 0.014168456845635091}, "Batch": {"sum_sq": 8.173367621488037, "df": 1.0, "F": 0.015132262839441593, "pvalue": 0.9038451052891947}, "Quant": {"sum_sq": 1.4985539766679337, "df": 1.0, "F": 0.0027853813992587653, "pvalue": 0.9585631452365235}}, "3": {"Mouse_ID": {}, "Treatment": {"sum_sq": 975.6924711168426, "df": 2.0, "F": 1.4030278846373927, "pvalue": 0.276329005105833, "tukey_hsd": {"groups": ["A12", "B1-8", "PBS"], "pvalues": [[1.0, 0.32702885007943616, 0.9977176038725244], [0.32702885007943616, 1.0, 0.35728763483370996], [0.9977176038725244, 0.35728763483370996, 1.0]]}}, "Ig_treated": {"sum_sq": 212.19130717244843, "df": 1.0, "F": 0.5678171373503864, "pvalue": 0.4620730927182013}, "A12_treated": {"sum_sq": 277.0962585653992, "df": 1.0, "F": 0.7496381969808189, "pvalue": 0.3993878516716909}, "Batch": {"sum_sq": 1216.0869734206215, "df": 1.0, "F": 3.4688128664777964, "pvalue": 0.08365427478738799}, "Quant": {"sum_sq": 21.267721596854212, "df": 1.0, "F": 0.05515069223076426, "pvalue": 0.8173105267784967}}, "4": {"Mouse_ID": {}, "Treatment": {"sum_sq": 359.2049524923557, "df": 2.0, "F": 0.6219614665509832, "pvalue": 0.5501771383653861, "tukey_hsd": {"groups": ["A12", "B1-8", "PBS"], "pvalues": [[1.0, 0.5850452127393344, 0.99613627012248], [0.5850452127393344, 1.0, 0.6356734021180594], [0.99613627012248, 0.6356734021180594, 1.0]]}}, "Ig_treated": {"sum_sq": 67.5062758061452, "df": 1.0, "F": 0.23362531815294008, "pvalue": 0.6353965262012957}, "A12_treated": {"sum_sq": 114.12437151228242, "df": 1.0, "F": 0.3989840935901453, "pvalue": 0.5365354952578373}, "Batch": {"sum_sq": 584.2742593711738, "df": 1.0, "F": 2.0180450860886743, "pvalue": 0.17732672805749847}, "Quant": {"sum_sq": 675.8424296696629, "df": 1.0, "F": 2.6933502595494563, "pvalue": 0.12027514607627675}}, "5": {"Mouse_ID": {}, "Treatment": {"sum_sq": 1797.6614971065694, "df": 2.0, "F": 12.777086242185224, "pvalue": 0.0005759938722495078, "tukey_hsd": {"groups": ["A12", "B1-8", "PBS"], "pvalues": [[1.0, 0.8451834673841546, 0.0026992975678467035], [0.8451834673841546, 1.0, 0.0008991406399668778], [0.0026992975678467035, 0.0008991406399668778, 1.0]]}}, "Ig_treated": {"sum_sq": 1775.9416361233339, "df": 1.0, "F": 26.38534431721597, "pvalue": 9.944657670979747e-05}, "A12_treated": {"sum_sq": 290.1873743081522, "df": 1.0, "F": 1.8117741262796025, "pvalue": 0.1970585047203979}, "Batch": {"sum_sq": 19.307006162587868, "df": 1.0, "F": 0.12476717048410962, "pvalue": 0.729182652627832}, "Quant": {"sum_sq": 1909.4127435134765, "df": 1.0, "F": 32.38162271549539, "pvalue": 3.346077641309865e-05}}, "6": {"Mouse_ID": {}, "Treatment": {"sum_sq": 550.4572769196966, "df": 2.0, "F": 1.8322235485619534, "pvalue": 0.1941203089551737, "tukey_hsd": {"groups": ["A12", "B1-8", "PBS"], "pvalues": [[1.0, 0.23625165438070117, 0.27276099467025094], [0.23625165438070117, 1.0, 0.9949963502002651], [0.27276099467025094, 0.9949963502002651, 1.0]]}}, "Ig_treated": {"sum_sq": 114.56944824823613, "df": 1.0, "F": 0.6816763423604152, "pvalue": 0.4211508045571688}, "A12_treated": {"sum_sq": 549.0900682124598, "df": 1.0, "F": 3.8966707479552714, "pvalue": 0.06590544740629399}, "Batch": {"sum_sq": 0.6274106091225417, "df": 1.0, "F": 0.00416998816613535, "pvalue": 0.9494250454931317}, "Quant": {"sum_sq": 43.46204390560699, "df": 1.0, "F": 0.25193289444599737, "pvalue": 0.622553926722741}}, "7": {"Mouse_ID": {}, "Treatment": {"sum_sq": 120.46630308213561, "df": 2.0, "F": 0.4401282843407247, "pvalue": 0.6520082362944799, "tukey_hsd": {"groups": ["A12", "B1-8", "PBS"], "pvalues": [[1.0, 0.7264191577346408, 0.6792586249843802], [0.7264191577346408, 1.0, 0.9965621200868817], [0.6792586249843802, 0.9965621200868817, 1.0]]}}, "Ig_treated": {"sum_sq": 39.30223539898587, "df": 1.0, "F": 0.2946790356175012, "pvalue": 0.5947194705721508}, "A12_treated": {"sum_sq": 119.61125593713153, "df": 1.0, "F": 0.9318877623020908, "pvalue": 0.3487381672111798}, "Batch": {"sum_sq": 3.6928413161810143, "df": 1.0, "F": 0.02690563829635663, "pvalue": 0.8720525580689311}, "Quant": {"sum_sq": 164.55665595947713, "df": 1.0, "F": 1.3107423207553448, "pvalue": 0.26909813128355425}}, "8": {"Mouse_ID": {}, "Treatment": {"sum_sq": 131.4131209730432, "df": 2.0, "F": 0.5312319276647877, "pvalue": 0.5985400525069418, "tukey_hsd": {"groups": ["A12", "B1-8", "PBS"], "pvalues": [[1.0, 0.6490810122333266, 0.9999061741076061], [0.6490810122333266, 1.0, 0.6569752914817102], [0.9999061741076061, 0.6569752914817102, 1.0]]}}, "Ig_treated": {"sum_sq": 31.423531493665802, "df": 1.0, "F": 0.2571356496267599, "pvalue": 0.6190120614381711}, "A12_treated": {"sum_sq": 34.304079365232255, "df": 1.0, "F": 0.2811210360832212, "pvalue": 0.6032486462012974}, "Batch": {"sum_sq": 72.34321072055839, "df": 1.0, "F": 0.627004630272262, "pvalue": 0.441666879532306}, "Quant": {"sum_sq": 77.52950223184823, "df": 1.0, "F": 0.6497370715353479, "pvalue": 0.43202459628033985}}, "9": {"Mouse_ID": {}, "Treatment": {"sum_sq": 50.43419655519133, "df": 2.0, "F": 0.2250390671634915, "pvalue": 0.8011324850717219, "tukey_hsd": {"groups": ["A12", "B1-8", "PBS"], "pvalues": [[1.0, 0.799966971258332, 0.8765184857614556], [0.799966971258332, 1.0, 0.9876678469310451], [0.8765184857614556, 0.9876678469310451, 1.0]]}}, "Ig_treated": {"sum_sq": 4.34683182362987, "df": 1.0, "F": 0.040273254651514365, "pvalue": 0.8434760335782945}, "A12_treated": {"sum_sq": 47.90990329663562, "df": 1.0, "F": 0.4553707098676497, "pvalue": 0.509429887491455}, "Batch": {"sum_sq": 0.6305101013870412, "df": 1.0, "F": 0.006941860128033147, "pvalue": 0.9347784261098194}, "Quant": {"sum_sq": 0.9643833442107751, "df": 1.0, "F": 0.008917513918318017, "pvalue": 0.9259380333954448}}, "10": {"Mouse_ID": {}, "Treatment": {"sum_sq": 77.34373397854705, "df": 2.0, "F": 0.4070361564852892, "pvalue": 0.6727543896850225, "tukey_hsd": {"groups": ["A12", "B1-8", "PBS"], "pvalues": [[1.0, 0.739360442633629, 0.702207165168219], [0.739360442633629, 1.0, 0.9978260242610532], [0.702207165168219, 0.9978260242610532, 1.0]]}}, "Ig_treated": {"sum_sq": 24.176775688446586, "df": 1.0, "F": 0.2616722776754989, "pvalue": 0.6159605916859674}, "A12_treated": {"sum_sq": 76.96863514947889, "df": 1.0, "F": 0.8639051551136954, "pvalue": 0.36645981222830887}, "Batch": {"sum_sq": 14.85041170549251, "df": 1.0, "F": 0.21156588916828536, "pvalue": 0.65260499403353}, "Quant": {"sum_sq": 0.4590862709843245, "df": 1.0, "F": 0.004890363460880192, "pvalue": 0.9451150539770181}}}