{"1": {"Mouse_ID": {}, "Treatment": {"sum_sq": 122.59489212471298, "df": 2.0, "F": 0.07944744827228595, "pvalue": 0.924012570158743, "tukey_hsd": {"groups": ["A12", "B1-8", "PBS"], "pvalues": [[1.0, 0.9983665918693411, 0.9470463697322546], [0.9983665918693411, 1.0, 0.9279715799920358], [0.9470463697322546, 0.9279715799920358, 1.0]]}}, "Ig_treated": {"sum_sq": 120.30691471221554, "df": 1.0, "F": 0.16629187720109617, "pvalue": 0.6888331078377162}, "A12_treated": {"sum_sq": 17.424530656592996, "df": 1.0, "F": 0.023872538450699615, "pvalue": 0.8791418676522841}, "Batch": {"sum_sq": 854.5478972678899, "df": 1.0, "F": 1.14726037883405, "pvalue": 0.3022418172462896}, "Quant": {"sum_sq": 5.90317665696783, "df": 1.0, "F": 0.008079696521715068, "pvalue": 0.9294925185571803}}, "2": {"Mouse_ID": {}, "Treatment": {"sum_sq": 3280.2933431623633, "df": 2.0, "F": 4.616392312378192, "pvalue": 0.027394256935615764, "tukey_hsd": {"groups": ["A12", "B1-8", "PBS"], "pvalues": [[1.0, 0.022195515899410934, 0.1983387112323438], [0.022195515899410934, 1.0, 0.4696904530501578], [0.1983387112323438, 0.4696904530501578, 1.0]]}}, "Ig_treated": {"sum_sq": 44.42570015094047, "df": 1.0, "F": 0.08298846491020724, "pvalue": 0.7769859165043438}, "A12_treated": {"sum_sq": 2766.3617891007216, "df": 1.0, "F": 7.574864850997511, "pvalue": 0.01416845684563505}, "Batch": {"sum_sq": 8.173367621487966, "df": 1.0, "F": 0.015132262839441421, "pvalue": 0.9038451052891947}, "Quant": {"sum_sq": 1.498553976667956, "df": 1.0, "F": 0.0027853813992587987, "pvalue": 0.9585631452365235}}, "3": {"Mouse_ID": {}, "Treatment": {"sum_sq": 975.6924711168456, "df": 2.0, "F": 1.4030278846373971, "pvalue": 0.2763290051058317, "tukey_hsd": {"groups": ["A12", "B1-8", "PBS"], "pvalues": [[1.0, 0.3270288500794356, 0.9977176038725245], [0.3270288500794356, 1.0, 0.3572876348337083], [0.9977176038725245, 0.3572876348337083, 1.0]]}}, "Ig_treated": {"sum_sq": 212.19130717245025, "df": 1.0, "F": 0.5678171373503911, "pvalue": 0.4620730927181983}, "A12_treated": {"sum_sq": 277.0962585653987, "df": 1.0, "F": 0.7496381969808172, "pvalue": 0.3993878516716909}, "Batch": {"sum_sq": 1216.0869734206203, "df": 1.0, "F": 3.4688128664777906, "pvalue": 0.08365427478738828}, "Quant": {"sum_sq": 21.2677215968548, "df": 1.0, "F": 0.05515069223076576, "pvalue": 0.8173105267784967}}, "4": {"Mouse_ID": {}, "Treatment": {"sum_sq": 359.20495249235705, "df": 2.0, "F": 0.6219614665509807, "pvalue": 0.5501771383653871, "tukey_hsd": {"groups": ["A12", "B1-8", "PBS"], "pvalues": [[1.0, 0.5850452127393357, 0.9961362701224801], [0.5850452127393357, 1.0, 0.6356734021180601], [0.9961362701224801, 0.6356734021180601, 1.0]]}}, "Ig_treated": {"sum_sq": 67.50627580614564, "df": 1.0, "F": 0.23362531815293985, "pvalue": 0.6353965262012957}, "A12_treated": {"sum_sq": 114.12437151228255, "df": 1.0, "F": 0.39898409359014264, "pvalue": 0.5365354952578373}, "Batch": {"sum_sq": 584.2742593711786, "df": 1.0, "F": 2.0180450860886756, "pvalue": 0.17732672805749808}, "Quant": {"sum_sq": 675.8424296696666, "df": 1.0, "F": 2.6933502595494487, "pvalue": 0.12027514607627718}}, "5": {"Mouse_ID": {}, "Treatment": {"sum_sq": 1797.6614971065424, "df": 2.0, "F": 12.777086242184732, "pvalue": 0.0005759938722496127, "tukey_hsd": {"groups": ["A12", "B1-8", "PBS"], "pvalues": [[1.0, 0.8451834673841139, 0.0026992975678477027], [0.8451834673841139, 1.0, 0.0008991406399669888], [0.0026992975678477027, 0.0008991406399669888, 1.0]]}}, "Ig_treated": {"sum_sq": 1775.9416361233011, "df": 1.0, "F": 26.38534431721471, "pvalue": 9.944657670982186e-05}, "A12_treated": {"sum_sq": 290.18737430812405, "df": 1.0, "F": 1.8117741262794078, "pvalue": 0.19705850472042094}, "Batch": {"sum_sq": 19.307006162587687, "df": 1.0, "F": 0.12476717048411035, "pvalue": 0.7291826526278302}, "Quant": {"sum_sq": 1909.4127435134596, "df": 1.0, "F": 32.38162271549457, "pvalue": 3.3460776413103306e-05}}, "6": {"Mouse_ID": {}, "Treatment": {"sum_sq": 550.4572769197238, "df": 2.0, "F": 1.8322235485620613, "pvalue": 0.194120308955157, "tukey_hsd": {"groups": ["A12", "B1-8", "PBS"], "pvalues": [[1.0, 0.2362516543807024, 0.27276099467020665], [0.2362516543807024, 1.0, 0.9949963502002769], [0.27276099467020665, 0.9949963502002769, 1.0]]}}, "Ig_treated": {"sum_sq": 114.56944824826867, "df": 1.0, "F": 0.6816763423606156, "pvalue": 0.4211508045571023}, "A12_treated": {"sum_sq": 549.0900682124899, "df": 1.0, "F": 3.8966707479555276, "pvalue": 0.06590544740628583}, "Batch": {"sum_sq": 0.6274106091228774, "df": 1.0, "F": 0.004169988166137495, "pvalue": 0.9494250454931128}, "Quant": {"sum_sq": 43.46204390562793, "df": 1.0, "F": 0.2519328944461201, "pvalue": 0.6225539267226556}}, "7": {"Mouse_ID": {}, "Treatment": {"sum_sq": 120.4663030821357, "df": 2.0, "F": 0.4401282843407248, "pvalue": 0.6520082362944799, "tukey_hsd": {"groups": ["A12", "B1-8", "PBS"], "pvalues": [[1.0, 0.7264191577346344, 0.679258624984385], [0.7264191577346344, 1.0, 0.9965621200868834], [0.679258624984385, 0.9965621200868834, 1.0]]}}, "Ig_treated": {"sum_sq": 39.30223539898363, "df": 1.0, "F": 0.29467903561748404, "pvalue": 0.5947194705721611}, "A12_treated": {"sum_sq": 119.61125593713201, "df": 1.0, "F": 0.9318877623020944, "pvalue": 0.3487381672111793}, "Batch": {"sum_sq": 3.6928413161811093, "df": 1.0, "F": 0.02690563829635734, "pvalue": 0.8720525580689311}, "Quant": {"sum_sq": 164.5566559594751, "df": 1.0, "F": 1.3107423207553273, "pvalue": 0.26909813128355753}}, "8": {"Mouse_ID": {}, "Treatment": {"sum_sq": 131.41312097304075, "df": 2.0, "F": 0.5312319276647788, "pvalue": 0.5985400525069466, "tukey_hsd": {"groups": ["A12", "B1-8", "PBS"], "pvalues": [[1.0, 0.649081012233333, 0.9999061741076061], [0.649081012233333, 1.0, 0.6569752914817127], [0.9999061741076061, 0.6569752914817127, 1.0]]}}, "Ig_treated": {"sum_sq": 31.4235314936659, "df": 1.0, "F": 0.2571356496267615, "pvalue": 0.6190120614381711}, "A12_treated": {"sum_sq": 34.30407936523091, "df": 1.0, "F": 0.28112103608321093, "pvalue": 0.6032486462013045}, "Batch": {"sum_sq": 72.3432107205583, "df": 1.0, "F": 0.6270046302722642, "pvalue": 0.44166687953230543}, "Quant": {"sum_sq": 77.529502231847, "df": 1.0, "F": 0.6497370715353394, "pvalue": 0.43202459628034195}}, "9": {"Mouse_ID": {}, "Treatment": {"sum_sq": 50.43419655518987, "df": 2.0, "F": 0.22503906716348449, "pvalue": 0.8011324850717273, "tukey_hsd": {"groups": ["A12", "B1-8", "PBS"], "pvalues": [[1.0, 0.7999669712583374, 0.8765184857614595], [0.7999669712583374, 1.0, 0.9876678469310454], [0.8765184857614595, 0.9876678469310454, 1.0]]}}, "Ig_treated": {"sum_sq": 4.346831823629694, "df": 1.0, "F": 0.04027325465151267, "pvalue": 0.8434760335782945}, "A12_treated": {"sum_sq": 47.909903296634205, "df": 1.0, "F": 0.45537070986763517, "pvalue": 0.509429887491461}, "Batch": {"sum_sq": 0.6305101013870147, "df": 1.0, "F": 0.0069418601280328346, "pvalue": 0.9347784261098268}, "Quant": {"sum_sq": 0.9643833442107075, "df": 1.0, "F": 0.008917513918317377, "pvalue": 0.9259380333954594}}, "10": {"Mouse_ID": {}, "Treatment": {"sum_sq": 77.34373397854766, "df": 2.0, "F": 0.4070361564852914, "pvalue": 0.6727543896850214, "tukey_hsd": {"groups": ["A12", "B1-8", "PBS"], "pvalues": [[1.0, 0.7393604426336261, 0.702207165168219], [0.7393604426336261, 1.0, 0.9978260242610535], [0.702207165168219, 0.9978260242610535, 1.0]]}}, "Ig_treated": {"sum_sq": 24.17677568844637, "df": 1.0, "F": 0.2616722776754958, "pvalue": 0.6159605916859698}, "A12_treated": {"sum_sq": 76.96863514947954, "df": 1.0, "F": 0.8639051551137005, "pvalue": 0.3664598122283084}, "Batch": {"sum_sq": 14.850411705492785, "df": 1.0, "F": 0.2115658891682883, "pvalue": 0.6526049940335288}, "Quant": {"sum_sq": 0.4590862709843088, "df": 1.0, "F": 0.00489036346088001, "pvalue": 0.9451150539770181}}}