{"1": {"Mouse_ID": {}, "Treatment": {"sum_sq": 116.90127777368897, "df": 2.0, "F": 0.07647894831858254, "pvalue": 0.9267312735502781, "tukey_hsd": {"groups": ["A12", "B1-8", "PBS"], "pvalues": [[1.0, 0.99679491282496, 0.9536060285310987], [0.99679491282496, 1.0, 0.927543108030713], [0.9536060285310987, 0.927543108030713, 1.0]]}}, "Ig_treated": {"sum_sq": 112.45012645882811, "df": 1.0, "F": 0.1568818585546654, "pvalue": 0.6972756582405064}, "A12_treated": {"sum_sq": 12.075668749074728, "df": 1.0, "F": 0.01670088496200271, "pvalue": 0.8987847701737324}, "TMT": {"sum_sq": 866.8444592793394, "df": 1.0, "F": 1.1777366866901982, "pvalue": 0.29615166532200626}, "Quant": {"sum_sq": 6.173048239467641, "df": 1.0, "F": 0.008533092177332939, "pvalue": 0.9275470490226114}}, "2": {"Mouse_ID": {}, "Treatment": {"sum_sq": 3229.194108976726, "df": 2.0, "F": 4.531959726257923, "pvalue": 0.028869329920773592, "tukey_hsd": {"groups": ["A12", "B1-8", "PBS"], "pvalues": [[1.0, 0.0234137686596656, 0.2048381061669975], [0.0234137686596656, 1.0, 0.4735797380143185], [0.2048381061669975, 0.4735797380143185, 1.0]]}}, "Ig_treated": {"sum_sq": 42.62891454435108, "df": 1.0, "F": 0.07995481433378535, "pvalue": 0.7809840890853954}, "A12_treated": {"sum_sq": 2719.7673734163586, "df": 1.0, "F": 7.434279523351299, "pvalue": 0.01493529688555828}, "TMT": {"sum_sq": 7.532480561524664, "df": 1.0, "F": 0.013993508049536587, "pvalue": 0.9075150993193656}, "Quant": {"sum_sq": 1.0439384485649748, "df": 1.0, "F": 0.0019485128871686767, "pvalue": 0.9653374569423092}}, "3": {"Mouse_ID": {}, "Treatment": {"sum_sq": 995.2879110938806, "df": 2.0, "F": 1.4405983855181113, "pvalue": 0.2677380372927298, "tukey_hsd": {"groups": ["A12", "B1-8", "PBS"], "pvalues": [[1.0, 0.31178278989714536, 0.9949118844692506], [0.31178278989714536, 1.0, 0.3562775614842064], [0.9949118844692506, 0.3562775614842064, 1.0]]}}, "Ig_treated": {"sum_sq": 201.64538138397725, "df": 1.0, "F": 0.539945545247096, "pvalue": 0.4730886076274651}, "A12_treated": {"sum_sq": 299.1958975102588, "df": 1.0, "F": 0.8144529182738421, "pvalue": 0.38019282080169337}, "TMT": {"sum_sq": 1218.4483785656223, "df": 1.0, "F": 3.4889499530636425, "pvalue": 0.08285342866449204}, "Quant": {"sum_sq": 18.55902376516605, "df": 1.0, "F": 0.04821803991336657, "pvalue": 0.8289704819365954}}, "4": {"Mouse_ID": {}, "Treatment": {"sum_sq": 356.2481851889269, "df": 2.0, "F": 0.6234021867751223, "pvalue": 0.5494457379849995, "tukey_hsd": {"groups": ["A12", "B1-8", "PBS"], "pvalues": [[1.0, 0.5883914566863366, 0.9974064731889716], [0.5883914566863366, 1.0, 0.629856486923893], [0.9974064731889716, 0.629856486923893, 1.0]]}}, "Ig_treated": {"sum_sq": 70.80625730430654, "df": 1.0, "F": 0.24782468828614151, "pvalue": 0.6253834568778435}, "A12_treated": {"sum_sq": 108.66393802314325, "df": 1.0, "F": 0.3835040349381815, "pvalue": 0.5444518307685179}, "TMT": {"sum_sq": 574.4677495825215, "df": 1.0, "F": 2.0025341173815043, "pvalue": 0.1788939851199694}, "Quant": {"sum_sq": 682.0392136088102, "df": 1.0, "F": 2.755613656494686, "pvalue": 0.11638208831379178}}, "5": {"Mouse_ID": {}, "Treatment": {"sum_sq": 1317.517292198919, "df": 2.0, "F": 6.5958253460978895, "pvalue": 0.008806039932761986, "tukey_hsd": {"groups": ["A12", "B1-8", "PBS"], "pvalues": [[1.0, 0.4343971767121404, 0.08444133176314961], [0.4343971767121404, 1.0, 0.007232991274851441], [0.08444133176314961, 0.007232991274851441, 1.0]]}}, "Ig_treated": {"sum_sq": 1157.217422888442, "df": 1.0, "F": 11.164487543267626, "pvalue": 0.004142320850559522}, "A12_treated": {"sum_sq": 36.532808339001654, "df": 1.0, "F": 0.21032804024924934, "pvalue": 0.6526785168783407}, "TMT": {"sum_sq": 16.002352108696066, "df": 1.0, "F": 0.12725595727166594, "pvalue": 0.7266136577225738}, "Quant": {"sum_sq": 1359.7048446558595, "df": 1.0, "F": 14.942439672594237, "pvalue": 0.0013696946578814419}}, "6": {"Mouse_ID": {}, "Treatment": {"sum_sq": 984.5011189485269, "df": 2.0, "F": 4.139406106929996, "pvalue": 0.03702357191566399, "tukey_hsd": {"groups": ["A12", "B1-8", "PBS"], "pvalues": [[1.0, 0.2981427707828782, 0.029381462753580445], [0.2981427707828782, 1.0, 0.40235808193262657], [0.029381462753580445, 0.40235808193262657, 1.0]]}}, "Ig_treated": {"sum_sq": 699.8892867409703, "df": 1.0, "F": 5.4139982210469375, "pvalue": 0.03343351539241234}, "A12_treated": {"sum_sq": 774.9510260971875, "df": 1.0, "F": 6.22037649335716, "pvalue": 0.023958355476361406}, "TMT": {"sum_sq": 3.9895385200851026, "df": 1.0, "F": 0.02286091732376691, "pvalue": 0.881976356504005}, "Quant": {"sum_sq": 538.2117046211881, "df": 1.0, "F": 3.861501593449504, "pvalue": 0.06701356103540004}}, "7": {"Mouse_ID": {}, "Treatment": {"sum_sq": 130.21210368446134, "df": 2.0, "F": 0.47768603255679165, "pvalue": 0.6293357788349555, "tukey_hsd": {"groups": ["A12", "B1-8", "PBS"], "pvalues": [[1.0, 0.6968643379625227, 0.666191957242416], [0.6968643379625227, 1.0, 0.9985679784508166], [0.666191957242416, 0.9985679784508166, 1.0]]}}, "Ig_treated": {"sum_sq": 38.604409184103375, "df": 1.0, "F": 0.2891678837800116, "pvalue": 0.5981550283741862}, "A12_treated": {"sum_sq": 129.85780221318743, "df": 1.0, "F": 1.0161146141447754, "pvalue": 0.32844466889219887}, "TMT": {"sum_sq": 7.218588806859793, "df": 1.0, "F": 0.052536526448780214, "pvalue": 0.8220215240034596}, "Quant": {"sum_sq": 171.2946963759327, "df": 1.0, "F": 1.368074804278648, "pvalue": 0.2592724217186809}}, "8": {"Mouse_ID": {}, "Treatment": {"sum_sq": 109.38424598174488, "df": 2.0, "F": 0.43969598974753493, "pvalue": 0.6522745338170859, "tukey_hsd": {"groups": ["A12", "B1-8", "PBS"], "pvalues": [[1.0, 0.7088321498888457, 0.9996790746584472], [0.7088321498888457, 1.0, 0.6944189015599618], [0.9996790746584472, 0.6944189015599618, 1.0]]}}, "Ig_treated": {"sum_sq": 29.81888460788056, "df": 1.0, "F": 0.24525150855804922, "pvalue": 0.6271708136536414}, "A12_treated": {"sum_sq": 24.945656150243078, "df": 1.0, "F": 0.20465796624585536, "pvalue": 0.6570604181092317}, "TMT": {"sum_sq": 76.67405746128566, "df": 1.0, "F": 0.6962076385712875, "pvalue": 0.41807151899614525}, "Quant": {"sum_sq": 80.91317680208928, "df": 1.0, "F": 0.683437237932274, "pvalue": 0.4205638822484794}}, "9": {"Mouse_ID": {}, "Treatment": {"sum_sq": 53.1105011825001, "df": 2.0, "F": 0.2365106823663235, "pvalue": 0.7922659731611271, "tukey_hsd": {"groups": ["A12", "B1-8", "PBS"], "pvalues": [[1.0, 0.7849928352545469, 0.8841450603208969], [0.7849928352545469, 1.0, 0.9795562046111436], [0.8841450603208969, 0.9795562046111436, 1.0]]}}, "Ig_treated": {"sum_sq": 2.954383270057412, "df": 1.0, "F": 0.027255316057328425, "pvalue": 0.8709395365250652}, "A12_treated": {"sum_sq": 48.897756948363956, "df": 1.0, "F": 0.4633754840516399, "pvalue": 0.5057831241747417}, "TMT": {"sum_sq": 0.11785467205609361, "df": 1.0, "F": 0.0012489600724770091, "pvalue": 0.9723070777565826}, "Quant": {"sum_sq": 0.20743090646321824, "df": 1.0, "F": 0.0019106033588094855, "pvalue": 0.9656760734668104}}, "10": {"Mouse_ID": {}, "Treatment": {"sum_sq": 77.0110928682948, "df": 2.0, "F": 0.40101191661835395, "pvalue": 0.6766110705136597, "tukey_hsd": {"groups": ["A12", "B1-8", "PBS"], "pvalues": [[1.0, 0.7383121587335031, 0.7093264943996598], [0.7383121587335031, 1.0, 0.9986718404009568], [0.7093264943996598, 0.9986718404009568, 1.0]]}}, "Ig_treated": {"sum_sq": 23.0195968507138, "df": 1.0, "F": 0.24647803113164266, "pvalue": 0.6263173949141116}, "A12_treated": {"sum_sq": 76.77960135364096, "df": 1.0, "F": 0.8527834602738101, "pvalue": 0.3694837029159251}, "TMT": {"sum_sq": 26.793646309978534, "df": 1.0, "F": 0.3793573131837679, "pvalue": 0.5478311485334737}, "Quant": {"sum_sq": 0.14682978218867346, "df": 1.0, "F": 0.0015484509060631744, "pvalue": 0.9690978811331362}}}