{"1": {"Mouse_ID": {}, "Treatment": {"sum_sq": 122.59489212471297, "df": 2.0, "F": 0.079447448272286, "pvalue": 0.924012570158743, "tukey_hsd": {"groups": ["A12", "B1-8", "PBS"], "pvalues": [[1.0, 0.9983665918693411, 0.9470463697322546], [0.9983665918693411, 1.0, 0.9279715799920357], [0.9470463697322546, 0.9279715799920357, 1.0]]}}, "Ig_treated": {"sum_sq": 120.30691471221535, "df": 1.0, "F": 0.1662918772010961, "pvalue": 0.6888331078377162}, "A12_treated": {"sum_sq": 17.424530656592882, "df": 1.0, "F": 0.023872538450699476, "pvalue": 0.8791418676522841}, "Batch": {"sum_sq": 854.5478972678895, "df": 1.0, "F": 1.1472603788340505, "pvalue": 0.30224181724628935}, "Quant": {"sum_sq": 5.903176656967839, "df": 1.0, "F": 0.008079696521715087, "pvalue": 0.9294925185571803}}, "2": {"Mouse_ID": {}, "Treatment": {"sum_sq": 3280.29334316236, "df": 2.0, "F": 4.616392312378196, "pvalue": 0.02739425693561569, "tukey_hsd": {"groups": ["A12", "B1-8", "PBS"], "pvalues": [[1.0, 0.022195515899410934, 0.1983387112323436], [0.022195515899410934, 1.0, 0.46969045305015766], [0.1983387112323436, 0.46969045305015766, 1.0]]}}, "Ig_treated": {"sum_sq": 44.42570015094041, "df": 1.0, "F": 0.08298846491020724, "pvalue": 0.7769859165043438}, "A12_treated": {"sum_sq": 2766.3617891007198, "df": 1.0, "F": 7.5748648509975185, "pvalue": 0.01416845684563501}, "Batch": {"sum_sq": 8.173367621488126, "df": 1.0, "F": 0.015132262839441744, "pvalue": 0.9038451052891947}, "Quant": {"sum_sq": 1.4985539766679903, "df": 1.0, "F": 0.0027853813992588673, "pvalue": 0.9585631452365235}}, "3": {"Mouse_ID": {}, "Treatment": {"sum_sq": 975.6924711168424, "df": 2.0, "F": 1.4030278846373925, "pvalue": 0.276329005105833, "tukey_hsd": {"groups": ["A12", "B1-8", "PBS"], "pvalues": [[1.0, 0.3270288500794363, 0.9977176038725243], [0.3270288500794363, 1.0, 0.3572876348337102], [0.9977176038725243, 0.3572876348337102, 1.0]]}}, "Ig_treated": {"sum_sq": 212.1913071724482, "df": 1.0, "F": 0.5678171373503857, "pvalue": 0.4620730927182013}, "A12_treated": {"sum_sq": 277.0962585653991, "df": 1.0, "F": 0.7496381969808187, "pvalue": 0.3993878516716909}, "Batch": {"sum_sq": 1216.0869734206206, "df": 1.0, "F": 3.468812866477792, "pvalue": 0.08365427478738828}, "Quant": {"sum_sq": 21.267721596854088, "df": 1.0, "F": 0.05515069223076393, "pvalue": 0.8173105267784967}}, "4": {"Mouse_ID": {}, "Treatment": {"sum_sq": 359.20495249235813, "df": 2.0, "F": 0.6219614665509843, "pvalue": 0.5501771383653851, "tukey_hsd": {"groups": ["A12", "B1-8", "PBS"], "pvalues": [[1.0, 0.5850452127393334, 0.9961362701224797], [0.5850452127393334, 1.0, 0.6356734021180596], [0.9961362701224797, 0.6356734021180596, 1.0]]}}, "Ig_treated": {"sum_sq": 67.50627580614496, "df": 1.0, "F": 0.23362531815293802, "pvalue": 0.6353965262012957}, "A12_treated": {"sum_sq": 114.12437151228394, "df": 1.0, "F": 0.3989840935901485, "pvalue": 0.5365354952578354}, "Batch": {"sum_sq": 584.2742593711771, "df": 1.0, "F": 2.0180450860886756, "pvalue": 0.17732672805749808}, "Quant": {"sum_sq": 675.8424296696642, "df": 1.0, "F": 2.693350259549445, "pvalue": 0.12027514607627733}}, "5": {"Mouse_ID": {}, "Treatment": {"sum_sq": 1797.6614971065435, "df": 2.0, "F": 12.777086242184833, "pvalue": 0.0005759938722495907, "tukey_hsd": {"groups": ["A12", "B1-8", "PBS"], "pvalues": [[1.0, 0.8451834673841188, 0.0026992975678473696], [0.8451834673841188, 1.0, 0.0008991406399669888], [0.0026992975678473696, 0.0008991406399669888, 1.0]]}}, "Ig_treated": {"sum_sq": 1775.9416361233036, "df": 1.0, "F": 26.385344317214965, "pvalue": 9.94465767098169e-05}, "A12_treated": {"sum_sq": 290.1873743081276, "df": 1.0, "F": 1.8117741262794365, "pvalue": 0.19705850472041697}, "Batch": {"sum_sq": 19.3070061625877, "df": 1.0, "F": 0.12476717048411048, "pvalue": 0.7291826526278302}, "Quant": {"sum_sq": 1909.4127435134596, "df": 1.0, "F": 32.3816227154948, "pvalue": 3.346077641310201e-05}}, "6": {"Mouse_ID": {}, "Treatment": {"sum_sq": 550.4572769197162, "df": 2.0, "F": 1.8322235485620344, "pvalue": 0.19412030895516122, "tukey_hsd": {"groups": ["A12", "B1-8", "PBS"], "pvalues": [[1.0, 0.23625165438070372, 0.2727609946702154], [0.23625165438070372, 1.0, 0.994996350200275], [0.2727609946702154, 0.994996350200275, 1.0]]}}, "Ig_treated": {"sum_sq": 114.56944824826273, "df": 1.0, "F": 0.6816763423605804, "pvalue": 0.4211508045571133}, "A12_treated": {"sum_sq": 549.0900682124818, "df": 1.0, "F": 3.8966707479554676, "pvalue": 0.06590544740628772}, "Batch": {"sum_sq": 0.6274106091227524, "df": 1.0, "F": 0.00416998816613669, "pvalue": 0.9494250454931222}, "Quant": {"sum_sq": 43.46204390562368, "df": 1.0, "F": 0.2519328944460956, "pvalue": 0.6225539267226732}}, "7": {"Mouse_ID": {}, "Treatment": {"sum_sq": 120.46630308213648, "df": 2.0, "F": 0.44012828434072626, "pvalue": 0.6520082362944787, "tukey_hsd": {"groups": ["A12", "B1-8", "PBS"], "pvalues": [[1.0, 0.7264191577346354, 0.6792586249843828], [0.7264191577346354, 1.0, 0.9965621200868829], [0.6792586249843828, 0.9965621200868829, 1.0]]}}, "Ig_treated": {"sum_sq": 39.302235398984486, "df": 1.0, "F": 0.29467903561748937, "pvalue": 0.59471947057216}, "A12_treated": {"sum_sq": 119.61125593713282, "df": 1.0, "F": 0.9318877623020974, "pvalue": 0.34873816721117834}, "Batch": {"sum_sq": 3.6928413161811564, "df": 1.0, "F": 0.02690563829635757, "pvalue": 0.8720525580689311}, "Quant": {"sum_sq": 164.55665595947727, "df": 1.0, "F": 1.3107423207553406, "pvalue": 0.269098131283555}}, "8": {"Mouse_ID": {}, "Treatment": {"sum_sq": 131.4131209730416, "df": 2.0, "F": 0.5312319276647827, "pvalue": 0.5985400525069444, "tukey_hsd": {"groups": ["A12", "B1-8", "PBS"], "pvalues": [[1.0, 0.6490810122333306, 0.9999061741076061], [0.6490810122333306, 1.0, 0.6569752914817111], [0.9999061741076061, 0.6569752914817111, 1.0]]}}, "Ig_treated": {"sum_sq": 31.423531493665966, "df": 1.0, "F": 0.25713564962676205, "pvalue": 0.6190120614381711}, "A12_treated": {"sum_sq": 34.30407936523129, "df": 1.0, "F": 0.28112103608321415, "pvalue": 0.603248646201302}, "Batch": {"sum_sq": 72.3432107205579, "df": 1.0, "F": 0.6270046302722607, "pvalue": 0.44166687953230666}, "Quant": {"sum_sq": 77.52950223184646, "df": 1.0, "F": 0.649737071535335, "pvalue": 0.4320245962803446}}, "9": {"Mouse_ID": {}, "Treatment": {"sum_sq": 50.434196555190276, "df": 2.0, "F": 0.22503906716348768, "pvalue": 0.8011324850717245, "tukey_hsd": {"groups": ["A12", "B1-8", "PBS"], "pvalues": [[1.0, 0.799966971258335, 0.8765184857614573], [0.799966971258335, 1.0, 0.9876678469310455], [0.8765184857614573, 0.9876678469310455, 1.0]]}}, "Ig_treated": {"sum_sq": 4.346831823629808, "df": 1.0, "F": 0.04027325465151397, "pvalue": 0.8434760335782945}, "A12_treated": {"sum_sq": 47.90990329663466, "df": 1.0, "F": 0.45537070986764216, "pvalue": 0.5094298874914602}, "Batch": {"sum_sq": 0.6305101013870749, "df": 1.0, "F": 0.006941860128033544, "pvalue": 0.9347784261098194}, "Quant": {"sum_sq": 0.9643833442106647, "df": 1.0, "F": 0.008917513918317032, "pvalue": 0.9259380333954594}}, "10": {"Mouse_ID": {}, "Treatment": {"sum_sq": 77.34373397854738, "df": 2.0, "F": 0.4070361564852911, "pvalue": 0.6727543896850214, "tukey_hsd": {"groups": ["A12", "B1-8", "PBS"], "pvalues": [[1.0, 0.7393604426336269, 0.7022071651682188], [0.7393604426336269, 1.0, 0.9978260242610534], [0.7022071651682188, 0.9978260242610534, 1.0]]}}, "Ig_treated": {"sum_sq": 24.176775688446387, "df": 1.0, "F": 0.2616722776754967, "pvalue": 0.6159605916859674}, "A12_treated": {"sum_sq": 76.96863514947925, "df": 1.0, "F": 0.8639051551136996, "pvalue": 0.3664598122283084}, "Batch": {"sum_sq": 14.850411705492432, "df": 1.0, "F": 0.211565889168284, "pvalue": 0.6526049940335312}, "Quant": {"sum_sq": 0.45908627098428495, "df": 1.0, "F": 0.00489036346087977, "pvalue": 0.9451150539770181}}}