{"1": {"Mouse_ID": {}, "Treatment": {"sum_sq": 122.59489212471323, "df": 2.0, "F": 0.07944744827228613, "pvalue": 0.924012570158743, "tukey_hsd": {"groups": ["A12", "B1-8", "PBS"], "pvalues": [[1.0, 0.998366591869341, 0.9470463697322551], [0.998366591869341, 1.0, 0.9279715799920353], [0.9470463697322551, 0.9279715799920353, 1.0]]}}, "Ig_treated": {"sum_sq": 120.30691471221547, "df": 1.0, "F": 0.16629187720109617, "pvalue": 0.6888331078377162}, "A12_treated": {"sum_sq": 17.424530656592445, "df": 1.0, "F": 0.02387253845069887, "pvalue": 0.8791418676522841}, "Batch": {"sum_sq": 854.547897267889, "df": 1.0, "F": 1.147260378834049, "pvalue": 0.3022418172462896}, "Quant": {"sum_sq": 5.903176656967782, "df": 1.0, "F": 0.008079696521715004, "pvalue": 0.9294925185571803}}, "2": {"Mouse_ID": {}, "Treatment": {"sum_sq": 3280.2933431623655, "df": 2.0, "F": 4.616392312378188, "pvalue": 0.02739425693561584, "tukey_hsd": {"groups": ["A12", "B1-8", "PBS"], "pvalues": [[1.0, 0.022195515899410934, 0.19833871123234403], [0.022195515899410934, 1.0, 0.46969045305015833], [0.19833871123234403, 0.46969045305015833, 1.0]]}}, "Ig_treated": {"sum_sq": 44.425700150940564, "df": 1.0, "F": 0.0829884649102073, "pvalue": 0.7769859165043438}, "A12_treated": {"sum_sq": 2766.3617891007243, "df": 1.0, "F": 7.574864850997509, "pvalue": 0.014168456845635072}, "Batch": {"sum_sq": 8.173367621488229, "df": 1.0, "F": 0.01513226283944189, "pvalue": 0.9038451052891947}, "Quant": {"sum_sq": 1.4985539766680152, "df": 1.0, "F": 0.002785381399258906, "pvalue": 0.9585631452365235}}, "3": {"Mouse_ID": {}, "Treatment": {"sum_sq": 975.6924711168379, "df": 2.0, "F": 1.403027884637385, "pvalue": 0.2763290051058347, "tukey_hsd": {"groups": ["A12", "B1-8", "PBS"], "pvalues": [[1.0, 0.3270288500794376, 0.9977176038725244], [0.3270288500794376, 1.0, 0.3572876348337112], [0.9977176038725244, 0.3572876348337112, 1.0]]}}, "Ig_treated": {"sum_sq": 212.1913071724479, "df": 1.0, "F": 0.5678171373503849, "pvalue": 0.4620730927182013}, "A12_treated": {"sum_sq": 277.09625856539765, "df": 1.0, "F": 0.7496381969808147, "pvalue": 0.3993878516716921}, "Batch": {"sum_sq": 1216.086973420626, "df": 1.0, "F": 3.468812866477813, "pvalue": 0.08365427478738749}, "Quant": {"sum_sq": 21.267721596853725, "df": 1.0, "F": 0.055150692230763, "pvalue": 0.8173105267784967}}, "4": {"Mouse_ID": {}, "Treatment": {"sum_sq": 359.2049524923593, "df": 2.0, "F": 0.6219614665509872, "pvalue": 0.5501771383653842, "tukey_hsd": {"groups": ["A12", "B1-8", "PBS"], "pvalues": [[1.0, 0.5850452127393322, 0.9961362701224797], [0.5850452127393322, 1.0, 0.6356734021180582], [0.9961362701224797, 0.6356734021180582, 1.0]]}}, "Ig_treated": {"sum_sq": 67.50627580614534, "df": 1.0, "F": 0.23362531815293963, "pvalue": 0.6353965262012957}, "A12_treated": {"sum_sq": 114.12437151228393, "df": 1.0, "F": 0.3989840935901489, "pvalue": 0.5365354952578354}, "Batch": {"sum_sq": 584.2742593711716, "df": 1.0, "F": 2.018045086088656, "pvalue": 0.17732672805750033}, "Quant": {"sum_sq": 675.8424296696637, "df": 1.0, "F": 2.6933502595494465, "pvalue": 0.12027514607627718}}, "5": {"Mouse_ID": {}, "Treatment": {"sum_sq": 1797.661497106514, "df": 2.0, "F": 12.777086242184192, "pvalue": 0.0005759938722497282, "tukey_hsd": {"groups": ["A12", "B1-8", "PBS"], "pvalues": [[1.0, 0.8451834673840652, 0.002699297567848369], [0.8451834673840652, 1.0, 0.0008991406399670998], [0.002699297567848369, 0.0008991406399670998, 1.0]]}}, "Ig_treated": {"sum_sq": 1775.9416361232666, "df": 1.0, "F": 26.385344317213317, "pvalue": 9.94465767098489e-05}, "A12_treated": {"sum_sq": 290.18737430809125, "df": 1.0, "F": 1.811774126279179, "pvalue": 0.19705850472044747}, "Batch": {"sum_sq": 19.3070061625875, "df": 1.0, "F": 0.12476717048411164, "pvalue": 0.7291826526278287}, "Quant": {"sum_sq": 1909.4127435134349, "df": 1.0, "F": 32.38162271549328, "pvalue": 3.346077641311064e-05}}, "6": {"Mouse_ID": {}, "Treatment": {"sum_sq": 550.4572769197504, "df": 2.0, "F": 1.8322235485621707, "pvalue": 0.1941203089551399, "tukey_hsd": {"groups": ["A12", "B1-8", "PBS"], "pvalues": [[1.0, 0.23625165438070495, 0.272760994670159], [0.23625165438070495, 1.0, 0.99499635020029], [0.272760994670159, 0.99499635020029, 1.0]]}}, "Ig_treated": {"sum_sq": 114.5694482483042, "df": 1.0, "F": 0.6816763423608357, "pvalue": 0.4211508045570289}, "A12_treated": {"sum_sq": 549.09006821252, "df": 1.0, "F": 3.896670747955794, "pvalue": 0.06590544740627752}, "Batch": {"sum_sq": 0.6274106091230448, "df": 1.0, "F": 0.004169988166138535, "pvalue": 0.9494250454931128}, "Quant": {"sum_sq": 43.462043905650184, "df": 1.0, "F": 0.2519328944462511, "pvalue": 0.6225539267225665}}, "7": {"Mouse_ID": {}, "Treatment": {"sum_sq": 120.46630308213636, "df": 2.0, "F": 0.4401282843407251, "pvalue": 0.6520082362944799, "tukey_hsd": {"groups": ["A12", "B1-8", "PBS"], "pvalues": [[1.0, 0.7264191577346362, 0.6792586249843833], [0.7264191577346362, 1.0, 0.9965621200868828], [0.6792586249843833, 0.9965621200868828, 1.0]]}}, "Ig_treated": {"sum_sq": 39.30223539898454, "df": 1.0, "F": 0.2946790356174895, "pvalue": 0.59471947057216}, "A12_treated": {"sum_sq": 119.61125593713263, "df": 1.0, "F": 0.9318877623020946, "pvalue": 0.3487381672111793}, "Batch": {"sum_sq": 3.6928413161812514, "df": 1.0, "F": 0.02690563829635822, "pvalue": 0.8720525580689275}, "Quant": {"sum_sq": 164.55665595947787, "df": 1.0, "F": 1.3107423207553444, "pvalue": 0.26909813128355425}}, "8": {"Mouse_ID": {}, "Treatment": {"sum_sq": 131.41312097304208, "df": 2.0, "F": 0.5312319276647841, "pvalue": 0.5985400525069434, "tukey_hsd": {"groups": ["A12", "B1-8", "PBS"], "pvalues": [[1.0, 0.6490810122333286, 0.9999061741076061], [0.6490810122333286, 1.0, 0.6569752914817117], [0.9999061741076061, 0.6569752914817117, 1.0]]}}, "Ig_treated": {"sum_sq": 31.423531493665603, "df": 1.0, "F": 0.25713564962675883, "pvalue": 0.6190120614381734}, "A12_treated": {"sum_sq": 34.304079365231864, "df": 1.0, "F": 0.2811210360832187, "pvalue": 0.6032486462012998}, "Batch": {"sum_sq": 72.34321072055842, "df": 1.0, "F": 0.6270046302722628, "pvalue": 0.441666879532306}, "Quant": {"sum_sq": 77.52950223184705, "df": 1.0, "F": 0.6497370715353394, "pvalue": 0.43202459628034195}}, "9": {"Mouse_ID": {}, "Treatment": {"sum_sq": 50.434196555188855, "df": 2.0, "F": 0.2250390671634807, "pvalue": 0.8011324850717301, "tukey_hsd": {"groups": ["A12", "B1-8", "PBS"], "pvalues": [[1.0, 0.7999669712583404, 0.8765184857614612], [0.7999669712583404, 1.0, 0.9876678469310457], [0.8765184857614612, 0.9876678469310457, 1.0]]}}, "Ig_treated": {"sum_sq": 4.346831823629635, "df": 1.0, "F": 0.04027325465151229, "pvalue": 0.8434760335782945}, "A12_treated": {"sum_sq": 47.909903296633274, "df": 1.0, "F": 0.4553707098676279, "pvalue": 0.5094298874914662}, "Batch": {"sum_sq": 0.6305101013871258, "df": 1.0, "F": 0.006941860128034112, "pvalue": 0.9347784261098194}, "Quant": {"sum_sq": 0.9643833442108534, "df": 1.0, "F": 0.008917513918318765, "pvalue": 0.9259380333954448}}, "10": {"Mouse_ID": {}, "Treatment": {"sum_sq": 77.34373397854883, "df": 2.0, "F": 0.4070361564852987, "pvalue": 0.6727543896850167, "tukey_hsd": {"groups": ["A12", "B1-8", "PBS"], "pvalues": [[1.0, 0.7393604426336225, 0.7022071651682145], [0.7393604426336225, 1.0, 0.9978260242610534], [0.7022071651682145, 0.9978260242610534, 1.0]]}}, "Ig_treated": {"sum_sq": 24.17677568844681, "df": 1.0, "F": 0.2616722776755011, "pvalue": 0.615960591685965}, "A12_treated": {"sum_sq": 76.96863514948066, "df": 1.0, "F": 0.8639051551137156, "pvalue": 0.36645981222830376}, "Batch": {"sum_sq": 14.850411705491725, "df": 1.0, "F": 0.21156588916827385, "pvalue": 0.6526049940335399}, "Quant": {"sum_sq": 0.45908627098426097, "df": 1.0, "F": 0.004890363460879511, "pvalue": 0.9451150539770181}}}