{"1": {"Mouse_ID": {}, "Treatment": {"sum_sq": 122.59489212471304, "df": 2.0, "F": 0.07944744827228616, "pvalue": 0.924012570158743, "tukey_hsd": {"groups": ["A12", "B1-8", "PBS"], "pvalues": [[1.0, 0.998366591869341, 0.9470463697322549], [0.998366591869341, 1.0, 0.9279715799920353], [0.9470463697322549, 0.9279715799920353, 1.0]]}}, "Ig_treated": {"sum_sq": 120.30691471221547, "df": 1.0, "F": 0.16629187720109645, "pvalue": 0.6888331078377162}, "A12_treated": {"sum_sq": 17.424530656592623, "df": 1.0, "F": 0.023872538450699147, "pvalue": 0.8791418676522841}, "Batch": {"sum_sq": 854.5478972678886, "df": 1.0, "F": 1.1472603788340507, "pvalue": 0.30224181724628935}, "Quant": {"sum_sq": 5.903176656967745, "df": 1.0, "F": 0.008079696521714967, "pvalue": 0.9294925185571803}}, "2": {"Mouse_ID": {}, "Treatment": {"sum_sq": 3280.2933431623633, "df": 2.0, "F": 4.616392312378198, "pvalue": 0.027394256935615657, "tukey_hsd": {"groups": ["A12", "B1-8", "PBS"], "pvalues": [[1.0, 0.022195515899410934, 0.1983387112323438], [0.022195515899410934, 1.0, 0.4696904530501569], [0.1983387112323438, 0.4696904530501569, 1.0]]}}, "Ig_treated": {"sum_sq": 44.42570015094019, "df": 1.0, "F": 0.0829884649102068, "pvalue": 0.7769859165043438}, "A12_treated": {"sum_sq": 2766.3617891007193, "df": 1.0, "F": 7.574864850997513, "pvalue": 0.01416845684563503}, "Batch": {"sum_sq": 8.173367621487914, "df": 1.0, "F": 0.015132262839441336, "pvalue": 0.9038451052891947}, "Quant": {"sum_sq": 1.498553976667852, "df": 1.0, "F": 0.0027853813992586083, "pvalue": 0.9585631452365235}}, "3": {"Mouse_ID": {}, "Treatment": {"sum_sq": 975.6924711168455, "df": 2.0, "F": 1.4030278846373987, "pvalue": 0.2763290051058314, "tukey_hsd": {"groups": ["A12", "B1-8", "PBS"], "pvalues": [[1.0, 0.32702885007943494, 0.9977176038725244], [0.32702885007943494, 1.0, 0.35728763483370785], [0.9977176038725244, 0.35728763483370785, 1.0]]}}, "Ig_treated": {"sum_sq": 212.19130717244997, "df": 1.0, "F": 0.5678171373503909, "pvalue": 0.4620730927181983}, "A12_treated": {"sum_sq": 277.0962585653991, "df": 1.0, "F": 0.7496381969808191, "pvalue": 0.3993878516716909}, "Batch": {"sum_sq": 1216.0869734206153, "df": 1.0, "F": 3.4688128664777764, "pvalue": 0.08365427478738885}, "Quant": {"sum_sq": 21.26772159685503, "df": 1.0, "F": 0.055150692230766414, "pvalue": 0.8173105267784909}}, "4": {"Mouse_ID": {}, "Treatment": {"sum_sq": 359.2049524923524, "df": 2.0, "F": 0.6219614665509753, "pvalue": 0.5501771383653906, "tukey_hsd": {"groups": ["A12", "B1-8", "PBS"], "pvalues": [[1.0, 0.585045212739338, 0.99613627012248], [0.585045212739338, 1.0, 0.6356734021180628], [0.99613627012248, 0.6356734021180628, 1.0]]}}, "Ig_treated": {"sum_sq": 67.50627580614444, "df": 1.0, "F": 0.23362531815293677, "pvalue": 0.6353965262012984}, "A12_treated": {"sum_sq": 114.1243715122814, "df": 1.0, "F": 0.39898409359014053, "pvalue": 0.5365354952578383}, "Batch": {"sum_sq": 584.2742593711781, "df": 1.0, "F": 2.018045086088686, "pvalue": 0.17732672805749705}, "Quant": {"sum_sq": 675.8424296696622, "df": 1.0, "F": 2.6933502595494443, "pvalue": 0.12027514607627733}}, "5": {"Mouse_ID": {}, "Treatment": {"sum_sq": 1797.6614971065244, "df": 2.0, "F": 12.777086242184454, "pvalue": 0.0005759938722496718, "tukey_hsd": {"groups": ["A12", "B1-8", "PBS"], "pvalues": [[1.0, 0.8451834673840857, 0.0026992975678480358], [0.8451834673840857, 1.0, 0.0008991406399670998], [0.0026992975678480358, 0.0008991406399670998, 1.0]]}}, "Ig_treated": {"sum_sq": 1775.9416361232784, "df": 1.0, "F": 26.38534431721396, "pvalue": 9.944657670983634e-05}, "A12_treated": {"sum_sq": 290.18737430810506, "df": 1.0, "F": 1.8117741262792795, "pvalue": 0.19705850472043587}, "Batch": {"sum_sq": 19.307006162587562, "df": 1.0, "F": 0.12476717048411119, "pvalue": 0.7291826526278302}, "Quant": {"sum_sq": 1909.4127435134421, "df": 1.0, "F": 32.38162271549387, "pvalue": 3.346077641310727e-05}}, "6": {"Mouse_ID": {}, "Treatment": {"sum_sq": 550.457276919737, "df": 2.0, "F": 1.8322235485621232, "pvalue": 0.19412030895514734, "tukey_hsd": {"groups": ["A12", "B1-8", "PBS"], "pvalues": [[1.0, 0.23625165438070383, 0.2727609946701799], [0.23625165438070383, 1.0, 0.9949963502002843], [0.2727609946701799, 0.9949963502002843, 1.0]]}}, "Ig_treated": {"sum_sq": 114.56944824828837, "df": 1.0, "F": 0.68167634236074, "pvalue": 0.4211508045570611}, "A12_treated": {"sum_sq": 549.090068212505, "df": 1.0, "F": 3.8966707479556777, "pvalue": 0.06590544740628121}, "Batch": {"sum_sq": 0.6274106091229938, "df": 1.0, "F": 0.004169988166138242, "pvalue": 0.9494250454931128}, "Quant": {"sum_sq": 43.46204390564038, "df": 1.0, "F": 0.25193289444619427, "pvalue": 0.6225539267226055}}, "7": {"Mouse_ID": {}, "Treatment": {"sum_sq": 120.46630308213649, "df": 2.0, "F": 0.4401282843407276, "pvalue": 0.6520082362944781, "tukey_hsd": {"groups": ["A12", "B1-8", "PBS"], "pvalues": [[1.0, 0.7264191577346335, 0.6792586249843828], [0.7264191577346335, 1.0, 0.9965621200868833], [0.6792586249843828, 0.9965621200868833, 1.0]]}}, "Ig_treated": {"sum_sq": 39.30223539898407, "df": 1.0, "F": 0.2946790356174871, "pvalue": 0.59471947057216}, "A12_treated": {"sum_sq": 119.61125593713285, "df": 1.0, "F": 0.9318877623021007, "pvalue": 0.3487381672111772}, "Batch": {"sum_sq": 3.6928413161811697, "df": 1.0, "F": 0.026905638296357746, "pvalue": 0.8720525580689311}, "Quant": {"sum_sq": 164.55665595947676, "df": 1.0, "F": 1.3107423207553406, "pvalue": 0.269098131283555}}, "8": {"Mouse_ID": {}, "Treatment": {"sum_sq": 131.4131209730405, "df": 2.0, "F": 0.5312319276647767, "pvalue": 0.5985400525069476, "tukey_hsd": {"groups": ["A12", "B1-8", "PBS"], "pvalues": [[1.0, 0.6490810122333343, 0.9999061741076061], [0.6490810122333343, 1.0, 0.656975291481714], [0.9999061741076061, 0.656975291481714, 1.0]]}}, "Ig_treated": {"sum_sq": 31.423531493665806, "df": 1.0, "F": 0.2571356496267602, "pvalue": 0.6190120614381711}, "A12_treated": {"sum_sq": 34.30407936523085, "df": 1.0, "F": 0.28112103608320993, "pvalue": 0.6032486462013045}, "Batch": {"sum_sq": 72.34321072055803, "df": 1.0, "F": 0.6270046302722625, "pvalue": 0.441666879532306}, "Quant": {"sum_sq": 77.52950223184716, "df": 1.0, "F": 0.6497370715353398, "pvalue": 0.43202459628034195}}, "9": {"Mouse_ID": {}, "Treatment": {"sum_sq": 50.434196555191036, "df": 2.0, "F": 0.22503906716349065, "pvalue": 0.8011324850717225, "tukey_hsd": {"groups": ["A12", "B1-8", "PBS"], "pvalues": [[1.0, 0.7999669712583319, 0.8765184857614574], [0.7999669712583319, 1.0, 0.9876678469310445], [0.8765184857614574, 0.9876678469310445, 1.0]]}}, "Ig_treated": {"sum_sq": 4.346831823629656, "df": 1.0, "F": 0.04027325465151248, "pvalue": 0.8434760335782945}, "A12_treated": {"sum_sq": 47.9099032966352, "df": 1.0, "F": 0.4553707098676466, "pvalue": 0.5094298874914568}, "Batch": {"sum_sq": 0.6305101013869825, "df": 1.0, "F": 0.006941860128032493, "pvalue": 0.9347784261098268}, "Quant": {"sum_sq": 0.9643833442105981, "df": 1.0, "F": 0.0089175139183164, "pvalue": 0.9259380333954594}}, "10": {"Mouse_ID": {}, "Treatment": {"sum_sq": 77.3437339785477, "df": 2.0, "F": 0.4070361564852929, "pvalue": 0.6727543896850202, "tukey_hsd": {"groups": ["A12", "B1-8", "PBS"], "pvalues": [[1.0, 0.7393604426336254, 0.7022071651682182], [0.7393604426336254, 1.0, 0.9978260242610535], [0.7022071651682182, 0.9978260242610535, 1.0]]}}, "Ig_treated": {"sum_sq": 24.17677568844639, "df": 1.0, "F": 0.2616722776754968, "pvalue": 0.6159605916859674}, "A12_treated": {"sum_sq": 76.96863514947957, "df": 1.0, "F": 0.8639051551137036, "pvalue": 0.3664598122283075}, "Batch": {"sum_sq": 14.850411705491823, "df": 1.0, "F": 0.21156588916827587, "pvalue": 0.6526049940335386}, "Quant": {"sum_sq": 0.45908627098424915, "df": 1.0, "F": 0.00489036346087939, "pvalue": 0.9451150539770181}}}