{"1": {"Mouse_ID": {}, "Treatment": {"sum_sq": 116.90127777369024, "df": 2.0, "F": 0.07647894831858319, "pvalue": 0.9267312735502773, "tukey_hsd": {"groups": ["A12", "B1-8", "PBS"], "pvalues": [[1.0, 0.9967949128249592, 0.9536060285311001], [0.9967949128249592, 1.0, 0.9275431080307114], [0.9536060285311001, 0.9275431080307114, 1.0]]}}, "Ig_treated": {"sum_sq": 112.45012645882842, "df": 1.0, "F": 0.1568818585546655, "pvalue": 0.6972756582405064}, "A12_treated": {"sum_sq": 12.07566874907324, "df": 1.0, "F": 0.016700884962000617, "pvalue": 0.8987847701737431}, "TMT": {"sum_sq": 866.8444592793402, "df": 1.0, "F": 1.1777366866901975, "pvalue": 0.29615166532200626}, "Quant": {"sum_sq": 6.173048239467471, "df": 1.0, "F": 0.008533092177332688, "pvalue": 0.9275470490226114}}, "2": {"Mouse_ID": {}, "Treatment": {"sum_sq": 3229.194108976753, "df": 2.0, "F": 4.531959726257933, "pvalue": 0.028869329920773398, "tukey_hsd": {"groups": ["A12", "B1-8", "PBS"], "pvalues": [[1.0, 0.02341376865966538, 0.20483810616699671], [0.02341376865966538, 1.0, 0.47357973801431763], [0.20483810616699671, 0.47357973801431763, 1.0]]}}, "Ig_treated": {"sum_sq": 42.62891454435144, "df": 1.0, "F": 0.07995481433378546, "pvalue": 0.7809840890853954}, "A12_treated": {"sum_sq": 2719.767373416381, "df": 1.0, "F": 7.434279523351313, "pvalue": 0.014935296885558195}, "TMT": {"sum_sq": 7.532480561525893, "df": 1.0, "F": 0.013993508049538772, "pvalue": 0.9075150993193501}, "Quant": {"sum_sq": 1.0439384485650485, "df": 1.0, "F": 0.0019485128871688008, "pvalue": 0.9653374569423092}}, "3": {"Mouse_ID": {}, "Treatment": {"sum_sq": 995.2879110938823, "df": 2.0, "F": 1.4405983855181113, "pvalue": 0.2677380372927298, "tukey_hsd": {"groups": ["A12", "B1-8", "PBS"], "pvalues": [[1.0, 0.3117827898971457, 0.9949118844692508], [0.3117827898971457, 1.0, 0.3562775614842062], [0.9949118844692508, 0.3562775614842062, 1.0]]}}, "Ig_treated": {"sum_sq": 201.64538138397816, "df": 1.0, "F": 0.5399455452470977, "pvalue": 0.4730886076274651}, "A12_treated": {"sum_sq": 299.1958975102584, "df": 1.0, "F": 0.8144529182738396, "pvalue": 0.3801928208016945}, "TMT": {"sum_sq": 1218.4483785656182, "df": 1.0, "F": 3.488949953063621, "pvalue": 0.08285342866449288}, "Quant": {"sum_sq": 18.559023765166796, "df": 1.0, "F": 0.04821803991336843, "pvalue": 0.8289704819365892}}, "4": {"Mouse_ID": {}, "Treatment": {"sum_sq": 356.24818518892675, "df": 2.0, "F": 0.623402186775122, "pvalue": 0.5494457379849995, "tukey_hsd": {"groups": ["A12", "B1-8", "PBS"], "pvalues": [[1.0, 0.5883914566863364, 0.9974064731889715], [0.5883914566863364, 1.0, 0.6298564869238936], [0.9974064731889715, 0.6298564869238936, 1.0]]}}, "Ig_treated": {"sum_sq": 70.80625730430611, "df": 1.0, "F": 0.2478246882861401, "pvalue": 0.6253834568778435}, "A12_treated": {"sum_sq": 108.66393802314356, "df": 1.0, "F": 0.3835040349381827, "pvalue": 0.544451830768516}, "TMT": {"sum_sq": 574.467749582525, "df": 1.0, "F": 2.002534117381519, "pvalue": 0.17889398511996799}, "Quant": {"sum_sq": 682.0392136088111, "df": 1.0, "F": 2.7556136564946914, "pvalue": 0.11638208831379132}}, "5": {"Mouse_ID": {}, "Treatment": {"sum_sq": 1317.5172921989038, "df": 2.0, "F": 6.595825346097753, "pvalue": 0.008806039932762619, "tukey_hsd": {"groups": ["A12", "B1-8", "PBS"], "pvalues": [[1.0, 0.4343971767121345, 0.08444133176315616], [0.4343971767121345, 1.0, 0.007232991274851774], [0.08444133176315616, 0.007232991274851774, 1.0]]}}, "Ig_treated": {"sum_sq": 1157.2174228884228, "df": 1.0, "F": 11.164487543267319, "pvalue": 0.004142320850559916}, "A12_treated": {"sum_sq": 36.53280833899817, "df": 1.0, "F": 0.21032804024922905, "pvalue": 0.6526785168783548}, "TMT": {"sum_sq": 16.002352108695494, "df": 1.0, "F": 0.1272559572716619, "pvalue": 0.726613657722577}, "Quant": {"sum_sq": 1359.7048446558401, "df": 1.0, "F": 14.942439672593828, "pvalue": 0.0013696946578815928}}, "6": {"Mouse_ID": {}, "Treatment": {"sum_sq": 984.501118948543, "df": 2.0, "F": 4.1394061069301, "pvalue": 0.037023571915661545, "tukey_hsd": {"groups": ["A12", "B1-8", "PBS"], "pvalues": [[1.0, 0.2981427707828779, 0.029381462753578114], [0.2981427707828779, 1.0, 0.40235808193260736], [0.029381462753578114, 0.40235808193260736, 1.0]]}}, "Ig_treated": {"sum_sq": 699.8892867409892, "df": 1.0, "F": 5.413998221047131, "pvalue": 0.033433515392409595}, "A12_treated": {"sum_sq": 774.9510260971939, "df": 1.0, "F": 6.22037649335723, "pvalue": 0.023958355476360747}, "TMT": {"sum_sq": 3.9895385200853135, "df": 1.0, "F": 0.02286091732376806, "pvalue": 0.881976356504001}, "Quant": {"sum_sq": 538.211704621207, "df": 1.0, "F": 3.8615015934496704, "pvalue": 0.06701356103539471}}, "7": {"Mouse_ID": {}, "Treatment": {"sum_sq": 130.21210368445946, "df": 2.0, "F": 0.477686032556784, "pvalue": 0.62933577883496, "tukey_hsd": {"groups": ["A12", "B1-8", "PBS"], "pvalues": [[1.0, 0.6968643379625263, 0.6661919572424206], [0.6968643379625263, 1.0, 0.9985679784508167], [0.6661919572424206, 0.9985679784508167, 1.0]]}}, "Ig_treated": {"sum_sq": 38.60440918410265, "df": 1.0, "F": 0.2891678837800058, "pvalue": 0.5981550283741885}, "A12_treated": {"sum_sq": 129.85780221318544, "df": 1.0, "F": 1.0161146141447581, "pvalue": 0.32844466889220253}, "TMT": {"sum_sq": 7.21858880685967, "df": 1.0, "F": 0.05253652644877928, "pvalue": 0.8220215240034596}, "Quant": {"sum_sq": 171.29469637593104, "df": 1.0, "F": 1.3680748042786324, "pvalue": 0.2592724217186836}}, "8": {"Mouse_ID": {}, "Treatment": {"sum_sq": 109.38424598174512, "df": 2.0, "F": 0.43969598974753654, "pvalue": 0.6522745338170848, "tukey_hsd": {"groups": ["A12", "B1-8", "PBS"], "pvalues": [[1.0, 0.7088321498888436, 0.9996790746584473], [0.7088321498888436, 1.0, 0.694418901559962], [0.9996790746584473, 0.694418901559962, 1.0]]}}, "Ig_treated": {"sum_sq": 29.818884607880165, "df": 1.0, "F": 0.24525150855804626, "pvalue": 0.627170813653644}, "A12_treated": {"sum_sq": 24.945656150243508, "df": 1.0, "F": 0.2046579662458592, "pvalue": 0.6570604181092288}, "TMT": {"sum_sq": 76.67405746128588, "df": 1.0, "F": 0.6962076385712892, "pvalue": 0.4180715189961447}, "Quant": {"sum_sq": 80.91317680208952, "df": 1.0, "F": 0.6834372379322771, "pvalue": 0.4205638822484782}}, "9": {"Mouse_ID": {}, "Treatment": {"sum_sq": 53.110501182500094, "df": 2.0, "F": 0.2365106823663223, "pvalue": 0.7922659731611279, "tukey_hsd": {"groups": ["A12", "B1-8", "PBS"], "pvalues": [[1.0, 0.7849928352545479, 0.8841450603208976], [0.7849928352545479, 1.0, 0.9795562046111437], [0.8841450603208976, 0.9795562046111437, 1.0]]}}, "Ig_treated": {"sum_sq": 2.9543832700574, "df": 1.0, "F": 0.02725531605732818, "pvalue": 0.8709395365250652}, "A12_treated": {"sum_sq": 48.89775694836392, "df": 1.0, "F": 0.4633754840516373, "pvalue": 0.5057831241747417}, "TMT": {"sum_sq": 0.11785467205608575, "df": 1.0, "F": 0.001248960072476922, "pvalue": 0.9723070777565826}, "Quant": {"sum_sq": 0.2074309064632636, "df": 1.0, "F": 0.0019106033588098936, "pvalue": 0.9656760734668104}}, "10": {"Mouse_ID": {}, "Treatment": {"sum_sq": 77.01109286829674, "df": 2.0, "F": 0.4010119166183632, "pvalue": 0.6766110705136537, "tukey_hsd": {"groups": ["A12", "B1-8", "PBS"], "pvalues": [[1.0, 0.7383121587334989, 0.7093264943996538], [0.7383121587334989, 1.0, 0.9986718404009566], [0.7093264943996538, 0.9986718404009566, 1.0]]}}, "Ig_treated": {"sum_sq": 23.019596850714585, "df": 1.0, "F": 0.24647803113165034, "pvalue": 0.6263173949141041}, "A12_treated": {"sum_sq": 76.77960135364289, "df": 1.0, "F": 0.85278346027383, "pvalue": 0.3694837029159191}, "TMT": {"sum_sq": 26.7936463099774, "df": 1.0, "F": 0.37935731318375165, "pvalue": 0.5478311485334814}, "Quant": {"sum_sq": 0.146829782188689, "df": 1.0, "F": 0.0015484509060633331, "pvalue": 0.9690978811331362}}}