{"1": {"Mouse_ID": {}, "Treatment": {"sum_sq": 116.90127777368957, "df": 2.0, "F": 0.07647894831858285, "pvalue": 0.9267312735502781, "tukey_hsd": {"groups": ["A12", "B1-8", "PBS"], "pvalues": [[1.0, 0.9967949128249596, 0.9536060285310994], [0.9967949128249596, 1.0, 0.927543108030712], [0.9536060285310994, 0.927543108030712, 1.0]]}}, "Ig_treated": {"sum_sq": 112.45012645882835, "df": 1.0, "F": 0.15688185855466552, "pvalue": 0.6972756582405064}, "A12_treated": {"sum_sq": 12.075668749073966, "df": 1.0, "F": 0.016700884962001637, "pvalue": 0.8987847701737324}, "TMT": {"sum_sq": 866.8444592793385, "df": 1.0, "F": 1.177736686690196, "pvalue": 0.29615166532200665}, "Quant": {"sum_sq": 6.173048239467632, "df": 1.0, "F": 0.008533092177332917, "pvalue": 0.9275470490226114}}, "2": {"Mouse_ID": {}, "Treatment": {"sum_sq": 3229.1941089767397, "df": 2.0, "F": 4.531959726257935, "pvalue": 0.028869329920773398, "tukey_hsd": {"groups": ["A12", "B1-8", "PBS"], "pvalues": [[1.0, 0.02341376865966538, 0.20483810616699671], [0.02341376865966538, 1.0, 0.4735797380143171], [0.20483810616699671, 0.4735797380143171, 1.0]]}}, "Ig_treated": {"sum_sq": 42.62891454435101, "df": 1.0, "F": 0.07995481433378498, "pvalue": 0.7809840890853954}, "A12_treated": {"sum_sq": 2719.767373416371, "df": 1.0, "F": 7.434279523351317, "pvalue": 0.014935296885558176}, "TMT": {"sum_sq": 7.532480561525389, "df": 1.0, "F": 0.013993508049537896, "pvalue": 0.9075150993193605}, "Quant": {"sum_sq": 1.0439384485649912, "df": 1.0, "F": 0.0019485128871687017, "pvalue": 0.9653374569423092}}, "3": {"Mouse_ID": {}, "Treatment": {"sum_sq": 995.2879110938791, "df": 2.0, "F": 1.4405983855181066, "pvalue": 0.2677380372927309, "tukey_hsd": {"groups": ["A12", "B1-8", "PBS"], "pvalues": [[1.0, 0.3117827898971465, 0.9949118844692507], [0.3117827898971465, 1.0, 0.35627756148420686], [0.9949118844692507, 0.35627756148420686, 1.0]]}}, "Ig_treated": {"sum_sq": 201.6453813839776, "df": 1.0, "F": 0.5399455452470964, "pvalue": 0.4730886076274651}, "A12_treated": {"sum_sq": 299.19589751025745, "df": 1.0, "F": 0.8144529182738373, "pvalue": 0.3801928208016955}, "TMT": {"sum_sq": 1218.4483785656207, "df": 1.0, "F": 3.4889499530636328, "pvalue": 0.08285342866449252}, "Quant": {"sum_sq": 18.559023765166366, "df": 1.0, "F": 0.048218039913367323, "pvalue": 0.8289704819365892}}, "4": {"Mouse_ID": {}, "Treatment": {"sum_sq": 356.24818518892425, "df": 2.0, "F": 0.6234021867751152, "pvalue": 0.549445737985003, "tukey_hsd": {"groups": ["A12", "B1-8", "PBS"], "pvalues": [[1.0, 0.5883914566863399, 0.9974064731889716], [0.5883914566863399, 1.0, 0.6298564869238965], [0.9974064731889716, 0.6298564869238965, 1.0]]}}, "Ig_treated": {"sum_sq": 70.8062573043057, "df": 1.0, "F": 0.24782468828613785, "pvalue": 0.625383456877846}, "A12_treated": {"sum_sq": 108.66393802314273, "df": 1.0, "F": 0.3835040349381786, "pvalue": 0.5444518307685198}, "TMT": {"sum_sq": 574.4677495825242, "df": 1.0, "F": 2.0025341173815088, "pvalue": 0.17889398511996904}, "Quant": {"sum_sq": 682.0392136088078, "df": 1.0, "F": 2.755613656494666, "pvalue": 0.1163820883137928}}, "5": {"Mouse_ID": {}, "Treatment": {"sum_sq": 1317.5172921990109, "df": 2.0, "F": 6.595825346098779, "pvalue": 0.008806039932757822, "tukey_hsd": {"groups": ["A12", "B1-8", "PBS"], "pvalues": [[1.0, 0.4343971767121799, 0.08444133176310586], [0.4343971767121799, 1.0, 0.007232991274848222], [0.08444133176310586, 0.007232991274848222, 1.0]]}}, "Ig_treated": {"sum_sq": 1157.2174228885622, "df": 1.0, "F": 11.16448754326964, "pvalue": 0.004142320850556885}, "A12_treated": {"sum_sq": 36.532808339024314, "df": 1.0, "F": 0.21032804024938195, "pvalue": 0.6526785168782374}, "TMT": {"sum_sq": 16.00235210869737, "df": 1.0, "F": 0.12725595727167346, "pvalue": 0.7266136577225657}, "Quant": {"sum_sq": 1359.7048446559763, "df": 1.0, "F": 14.94243967259678, "pvalue": 0.0013696946578804915}}, "6": {"Mouse_ID": {}, "Treatment": {"sum_sq": 984.5011189484346, "df": 2.0, "F": 4.1394061069293935, "pvalue": 0.037023571915678434, "tukey_hsd": {"groups": ["A12", "B1-8", "PBS"], "pvalues": [[1.0, 0.29814277078286, 0.02938146275359288], [0.29814277078286, 1.0, 0.402358081932761], [0.02938146275359288, 0.402358081932761, 1.0]]}}, "Ig_treated": {"sum_sq": 699.8892867408478, "df": 1.0, "F": 5.413998221045668, "pvalue": 0.03343351539243034}, "A12_treated": {"sum_sq": 774.9510260971657, "df": 1.0, "F": 6.22037649335692, "pvalue": 0.023958355476363727}, "TMT": {"sum_sq": 3.989538520084026, "df": 1.0, "F": 0.022860917323761155, "pvalue": 0.881976356504021}, "Quant": {"sum_sq": 538.2117046210719, "df": 1.0, "F": 3.861501593448469, "pvalue": 0.0670135610354329}}, "7": {"Mouse_ID": {}, "Treatment": {"sum_sq": 130.21210368446245, "df": 2.0, "F": 0.47768603255679437, "pvalue": 0.6293357788349538, "tukey_hsd": {"groups": ["A12", "B1-8", "PBS"], "pvalues": [[1.0, 0.6968643379625226, 0.6661919572424138], [0.6968643379625226, 1.0, 0.9985679784508164], [0.6661919572424138, 0.9985679784508164, 1.0]]}}, "Ig_treated": {"sum_sq": 38.60440918410408, "df": 1.0, "F": 0.28916788378001596, "pvalue": 0.5981550283741817}, "A12_treated": {"sum_sq": 129.85780221318836, "df": 1.0, "F": 1.0161146141447799, "pvalue": 0.3284446688921979}, "TMT": {"sum_sq": 7.218588806859754, "df": 1.0, "F": 0.05253652644877973, "pvalue": 0.8220215240034596}, "Quant": {"sum_sq": 171.29469637593408, "df": 1.0, "F": 1.368074804278655, "pvalue": 0.2592724217186795}}, "8": {"Mouse_ID": {}, "Treatment": {"sum_sq": 109.38424598174453, "df": 2.0, "F": 0.43969598974753415, "pvalue": 0.6522745338170866, "tukey_hsd": {"groups": ["A12", "B1-8", "PBS"], "pvalues": [[1.0, 0.7088321498888477, 0.9996790746584471], [0.7088321498888477, 1.0, 0.6944189015599607], [0.9996790746584471, 0.6944189015599607, 1.0]]}}, "Ig_treated": {"sum_sq": 29.818884607880978, "df": 1.0, "F": 0.24525150855805306, "pvalue": 0.6271708136536389}, "A12_treated": {"sum_sq": 24.945656150242492, "df": 1.0, "F": 0.20465796624585084, "pvalue": 0.6570604181092344}, "TMT": {"sum_sq": 76.6740574612853, "df": 1.0, "F": 0.6962076385712865, "pvalue": 0.4180715189961458}, "Quant": {"sum_sq": 80.91317680208837, "df": 1.0, "F": 0.6834372379322671, "pvalue": 0.42056388224848196}}, "9": {"Mouse_ID": {}, "Treatment": {"sum_sq": 53.110501182500705, "df": 2.0, "F": 0.23651068236632578, "pvalue": 0.7922659731611251, "tukey_hsd": {"groups": ["A12", "B1-8", "PBS"], "pvalues": [[1.0, 0.7849928352545449, 0.8841450603208965], [0.7849928352545449, 1.0, 0.979556204611143], [0.8841450603208965, 0.979556204611143, 1.0]]}}, "Ig_treated": {"sum_sq": 2.9543832700573778, "df": 1.0, "F": 0.027255316057328043, "pvalue": 0.8709395365250652}, "A12_treated": {"sum_sq": 48.897756948364396, "df": 1.0, "F": 0.46337548405164325, "pvalue": 0.5057831241747399}, "TMT": {"sum_sq": 0.11785467205605792, "df": 1.0, "F": 0.0012489600724766242, "pvalue": 0.9723070777565826}, "Quant": {"sum_sq": 0.20743090646322562, "df": 1.0, "F": 0.001910603358809549, "pvalue": 0.9656760734668104}}, "10": {"Mouse_ID": {}, "Treatment": {"sum_sq": 77.01109286829325, "df": 2.0, "F": 0.40101191661834545, "pvalue": 0.676611070513665, "tukey_hsd": {"groups": ["A12", "B1-8", "PBS"], "pvalues": [[1.0, 0.7383121587335074, 0.7093264943996651], [0.7383121587335074, 1.0, 0.9986718404009568], [0.7093264943996651, 0.9986718404009568, 1.0]]}}, "Ig_treated": {"sum_sq": 23.01959685071327, "df": 1.0, "F": 0.24647803113163697, "pvalue": 0.6263173949141143}, "A12_treated": {"sum_sq": 76.77960135363946, "df": 1.0, "F": 0.8527834602737929, "pvalue": 0.36948370291592986}, "TMT": {"sum_sq": 26.793646309978822, "df": 1.0, "F": 0.3793573131837723, "pvalue": 0.5478311485334703}, "Quant": {"sum_sq": 0.14682978218867007, "df": 1.0, "F": 0.0015484509060631386, "pvalue": 0.9690978811331362}}}