{"1": {"Seqn": {}, "ID": {}, "Group": {"sum_sq": 116.90127777369044, "df": 2.0, "F": 0.07647894831858322, "pvalue": 0.9267312735502773, "tukey_hsd": {"groups": ["A12", "B1-8", "PBS"], "pvalues": [[1.0, 0.9967949128249594, 0.9536060285310998], [0.9967949128249594, 1.0, 0.9275431080307115], [0.9536060285310998, 0.9275431080307115, 1.0]]}}, "Ig": {"sum_sq": 112.4501264588288, "df": 1.0, "F": 0.15688185855466583, "pvalue": 0.6972756582405064}, "Control": {"sum_sq": 12.075668749073536, "df": 1.0, "F": 0.016700884962001002, "pvalue": 0.8987847701737324}, "TMT": {"sum_sq": 866.8444592793421, "df": 1.0, "F": 1.1777366866901984, "pvalue": 0.29615166532200593}, "Tag": {"sum_sq": 2615.4636590621253, "df": 8.0, "F": 0.26748481987433925, "pvalue": 0.9578518813232492, "tukey_hsd": {}}, "ID_metabo": {}, "Quant": {"sum_sq": 789.511664366774, "df": 1.0, "F": 1.225739221013453, "pvalue": 0.285676246081327}}, "2": {"Seqn": {}, "ID": {}, "Group": {"sum_sq": 3229.1941089767547, "df": 2.0, "F": 4.531959726257934, "pvalue": 0.028869329920773398, "tukey_hsd": {"groups": ["A12", "B1-8", "PBS"], "pvalues": [[1.0, 0.02341376865966538, 0.20483810616699638], [0.02341376865966538, 1.0, 0.47357973801431774], [0.20483810616699638, 0.47357973801431774, 1.0]]}}, "Ig": {"sum_sq": 42.62891454435153, "df": 1.0, "F": 0.0799548143337856, "pvalue": 0.7809840890853954}, "Control": {"sum_sq": 2719.7673734163836, "df": 1.0, "F": 7.43427952335132, "pvalue": 0.014935296885558154}, "TMT": {"sum_sq": 7.5324805615254835, "df": 1.0, "F": 0.013993508049538006, "pvalue": 0.9075150993193605}, "Tag": {"sum_sq": 6850.749281557108, "df": 8.0, "F": 8.652954217338474, "pvalue": 0.0050433258165891014, "tukey_hsd": {}}, "ID_metabo": {}, "Quant": {"sum_sq": 951.8637402300009, "df": 1.0, "F": 1.8797280431971726, "pvalue": 0.19053054584953713}}, "3": {"Seqn": {}, "ID": {}, "Group": {"sum_sq": 995.2879110938794, "df": 2.0, "F": 1.4405983855181115, "pvalue": 0.2677380372927298, "tukey_hsd": {"groups": ["A12", "B1-8", "PBS"], "pvalues": [[1.0, 0.31178278989714525, 0.9949118844692507], [0.31178278989714525, 1.0, 0.35627756148420564], [0.9949118844692507, 0.35627756148420564, 1.0]]}}, "Ig": {"sum_sq": 201.64538138397785, "df": 1.0, "F": 0.5399455452470984, "pvalue": 0.4730886076274651}, "Control": {"sum_sq": 299.19589751025796, "df": 1.0, "F": 0.8144529182738406, "pvalue": 0.3801928208016945}, "TMT": {"sum_sq": 1218.448378565617, "df": 1.0, "F": 3.48894995306363, "pvalue": 0.08285342866449252}, "Tag": {"sum_sq": 1885.2629123536456, "df": 8.0, "F": 0.3906780910436199, "pvalue": 0.8942984623738267, "tukey_hsd": {}}, "ID_metabo": {}, "Quant": {"sum_sq": 8.33728031561577, "df": 1.0, "F": 0.02042118239737555, "pvalue": 0.8882689582923577}}, "4": {"Seqn": {}, "ID": {}, "Group": {"sum_sq": 356.24818518892613, "df": 2.0, "F": 0.6234021867751189, "pvalue": 0.549445737985001, "tukey_hsd": {"groups": ["A12", "B1-8", "PBS"], "pvalues": [[1.0, 0.5883914566863383, 0.9974064731889717], [0.5883914566863383, 1.0, 0.6298564869238944], [0.9974064731889717, 0.6298564869238944, 1.0]]}}, "Ig": {"sum_sq": 70.80625730430643, "df": 1.0, "F": 0.24782468828614038, "pvalue": 0.6253834568778435}, "Control": {"sum_sq": 108.66393802314286, "df": 1.0, "F": 0.38350403493817903, "pvalue": 0.5444518307685179}, "TMT": {"sum_sq": 574.4677495825255, "df": 1.0, "F": 2.002534117381514, "pvalue": 0.1788939851199684}, "Tag": {"sum_sq": 3199.652756567147, "df": 8.0, "F": 2.012721179710442, "pvalue": 0.18611948768225733, "tukey_hsd": {}}, "ID_metabo": {}, "Quant": {"sum_sq": 506.2276719764886, "df": 1.0, "F": 1.9393743508345465, "pvalue": 0.1840365217169864}}, "5": {"Seqn": {}, "ID": {}, "Group": {"sum_sq": 1317.5172921988803, "df": 2.0, "F": 6.595825346097492, "pvalue": 0.008806039932763845, "tukey_hsd": {"groups": ["A12", "B1-8", "PBS"], "pvalues": [[1.0, 0.4343971767121215, 0.08444133176316937], [0.4343971767121215, 1.0, 0.007232991274852774], [0.08444133176316937, 0.007232991274852774, 1.0]]}}, "Ig": {"sum_sq": 1157.2174228883894, "df": 1.0, "F": 11.164487543266711, "pvalue": 0.00414232085056072}, "Control": {"sum_sq": 36.532808338991224, "df": 1.0, "F": 0.21032804024918797, "pvalue": 0.6526785168783868}, "TMT": {"sum_sq": 16.00235210869534, "df": 1.0, "F": 0.12725595727166142, "pvalue": 0.7266136577225786}, "Tag": {"sum_sq": 1226.0723210896047, "df": 8.0, "F": 1.949078617578937, "pvalue": 0.19723164449104938, "tukey_hsd": {}}, "ID_metabo": {}, "Quant": {"sum_sq": 246.29770478644167, "df": 1.0, "F": 1.5497645645688565, "pvalue": 0.23226915816868451}}, "6": {"Seqn": {}, "ID": {}, "Group": {"sum_sq": 984.501118948571, "df": 2.0, "F": 4.1394061069302674, "pvalue": 0.037023571915657576, "tukey_hsd": {"groups": ["A12", "B1-8", "PBS"], "pvalues": [[1.0, 0.2981427707828842, 0.029381462753574894], [0.2981427707828842, 1.0, 0.4023580819325684], [0.029381462753574894, 0.4023580819325684, 1.0]]}}, "Ig": {"sum_sq": 699.8892867410264, "df": 1.0, "F": 5.413998221047496, "pvalue": 0.03343351539240441}, "Control": {"sum_sq": 774.9510260972005, "df": 1.0, "F": 6.220376493357281, "pvalue": 0.02395835547636022}, "TMT": {"sum_sq": 3.989538520085619, "df": 1.0, "F": 0.022860917323769627, "pvalue": 0.881976356503997}, "Tag": {"sum_sq": 2111.4925769008255, "df": 8.0, "F": 5.503824427800735, "pvalue": 0.018312720523890078, "tukey_hsd": {}}, "ID_metabo": {}, "Quant": {"sum_sq": 5.3330456790604615, "df": 1.0, "F": 0.030150042328747524, "pvalue": 0.8644717987044098}}, "7": {"Seqn": {}, "ID": {}, "Group": {"sum_sq": 130.21210368446214, "df": 2.0, "F": 0.4776860325567928, "pvalue": 0.6293357788349544, "tukey_hsd": {"groups": ["A12", "B1-8", "PBS"], "pvalues": [[1.0, 0.6968643379625242, 0.6661919572424135], [0.6968643379625242, 1.0, 0.9985679784508161], [0.6661919572424135, 0.9985679784508161, 1.0]]}}, "Ig": {"sum_sq": 38.604409184104455, "df": 1.0, "F": 0.2891678837800185, "pvalue": 0.5981550283741817}, "Control": {"sum_sq": 129.85780221318808, "df": 1.0, "F": 1.0161146141447766, "pvalue": 0.32844466889219887}, "TMT": {"sum_sq": 7.218588806859877, "df": 1.0, "F": 0.05253652644878058, "pvalue": 0.822021524003457}, "Tag": {"sum_sq": 1248.2872354502783, "df": 8.0, "F": 1.6002509540715923, "pvalue": 0.2746009493721242, "tukey_hsd": {}}, "ID_metabo": {}, "Quant": {"sum_sq": 33.68746079195655, "df": 1.0, "F": 0.2536597229768733, "pvalue": 0.6218255637850907}}, "8": {"Seqn": {}, "ID": {}, "Group": {"sum_sq": 109.38424598174448, "df": 2.0, "F": 0.4396959897475347, "pvalue": 0.6522745338170859, "tukey_hsd": {"groups": ["A12", "B1-8", "PBS"], "pvalues": [[1.0, 0.708832149888844, 0.9996790746584474], [0.708832149888844, 1.0, 0.6944189015599636], [0.9996790746584474, 0.6944189015599636, 1.0]]}}, "Ig": {"sum_sq": 29.818884607879824, "df": 1.0, "F": 0.2452515085580439, "pvalue": 0.627170813653644}, "Control": {"sum_sq": 24.94565615024355, "df": 1.0, "F": 0.20465796624585994, "pvalue": 0.6570604181092259}, "TMT": {"sum_sq": 76.67405746128603, "df": 1.0, "F": 0.696207638571293, "pvalue": 0.4180715189961435}, "Tag": {"sum_sq": 838.9231393995243, "df": 8.0, "F": 0.9416004139465826, "pvalue": 0.5382800600213301, "tukey_hsd": {}}, "ID_metabo": {}, "Quant": {"sum_sq": 4.9446925807033635, "df": 1.0, "F": 0.03788963782760926, "pvalue": 0.848276773385202}}, "9": {"Seqn": {}, "ID": {}, "Group": {"sum_sq": 53.110501182501416, "df": 2.0, "F": 0.23651068236632944, "pvalue": 0.7922659731611223, "tukey_hsd": {"groups": ["A12", "B1-8", "PBS"], "pvalues": [[1.0, 0.7849928352545422, 0.8841450603208949], [0.7849928352545422, 1.0, 0.9795562046111428], [0.8841450603208949, 0.9795562046111428, 1.0]]}}, "Ig": {"sum_sq": 2.95438327005742, "df": 1.0, "F": 0.027255316057328484, "pvalue": 0.8709395365250652}, "Control": {"sum_sq": 48.89775694836503, "df": 1.0, "F": 0.46337548405165024, "pvalue": 0.5057831241747366}, "TMT": {"sum_sq": 0.11785467205603736, "df": 1.0, "F": 0.0012489600724764117, "pvalue": 0.9723070777565826}, "Tag": {"sum_sq": 559.003408823881, "df": 8.0, "F": 0.6417437388166572, "pvalue": 0.7268267191864017,