{"1": {"Mouse_ID": {}, "Treatment": {"sum_sq": 122.59489212471271, "df": 2.0, "F": 0.0794474482722858, "pvalue": 0.924012570158743, "tukey_hsd": {"groups": ["A12", "B1-8", "PBS"], "pvalues": [[1.0, 0.998366591869341, 0.9470463697322551], [0.998366591869341, 1.0, 0.9279715799920357], [0.9470463697322551, 0.9279715799920357, 1.0]]}}, "Ig_treated": {"sum_sq": 120.3069147122152, "df": 1.0, "F": 0.16629187720109584, "pvalue": 0.6888331078377162}, "A12_treated": {"sum_sq": 17.424530656592545, "df": 1.0, "F": 0.023872538450699008, "pvalue": 0.8791418676522841}, "Batch": {"sum_sq": 854.547897267891, "df": 1.0, "F": 1.1472603788340523, "pvalue": 0.30224181724628935}, "Quant": {"sum_sq": 5.903176656967805, "df": 1.0, "F": 0.008079696521715038, "pvalue": 0.9294925185571803}}, "2": {"Mouse_ID": {}, "Treatment": {"sum_sq": 3280.2933431623655, "df": 2.0, "F": 4.616392312378192, "pvalue": 0.027394256935615764, "tukey_hsd": {"groups": ["A12", "B1-8", "PBS"], "pvalues": [[1.0, 0.022195515899410934, 0.1983387112323438], [0.022195515899410934, 1.0, 0.46969045305015766], [0.1983387112323438, 0.46969045305015766, 1.0]]}}, "Ig_treated": {"sum_sq": 44.425700150940514, "df": 1.0, "F": 0.08298846491020725, "pvalue": 0.7769859165043438}, "A12_treated": {"sum_sq": 2766.3617891007248, "df": 1.0, "F": 7.574864850997513, "pvalue": 0.01416845684563503}, "Batch": {"sum_sq": 8.173367621488127, "df": 1.0, "F": 0.015132262839441704, "pvalue": 0.9038451052891947}, "Quant": {"sum_sq": 1.4985539766679428, "df": 1.0, "F": 0.0027853813992587723, "pvalue": 0.9585631452365235}}, "3": {"Mouse_ID": {}, "Treatment": {"sum_sq": 975.6924711168439, "df": 2.0, "F": 1.403027884637394, "pvalue": 0.27632900510583247, "tukey_hsd": {"groups": ["A12", "B1-8", "PBS"], "pvalues": [[1.0, 0.32702885007943494, 0.9977176038725242], [0.32702885007943494, 1.0, 0.35728763483371007], [0.9977176038725242, 0.35728763483371007, 1.0]]}}, "Ig_treated": {"sum_sq": 212.1913071724478, "df": 1.0, "F": 0.5678171373503841, "pvalue": 0.4620730927182013}, "A12_treated": {"sum_sq": 277.0962585654005, "df": 1.0, "F": 0.749638196980822, "pvalue": 0.3993878516716898}, "Batch": {"sum_sq": 1216.0869734206194, "df": 1.0, "F": 3.468812866477787, "pvalue": 0.08365427478738846}, "Quant": {"sum_sq": 21.26772159685399, "df": 1.0, "F": 0.05515069223076364, "pvalue": 0.8173105267784967}}, "4": {"Mouse_ID": {}, "Treatment": {"sum_sq": 359.2049524923581, "df": 2.0, "F": 0.6219614665509823, "pvalue": 0.5501771383653871, "tukey_hsd": {"groups": ["A12", "B1-8", "PBS"], "pvalues": [[1.0, 0.585045212739336, 0.9961362701224802], [0.585045212739336, 1.0, 0.6356734021180588], [0.9961362701224802, 0.6356734021180588, 1.0]]}}, "Ig_treated": {"sum_sq": 67.50627580614633, "df": 1.0, "F": 0.23362531815294213, "pvalue": 0.6353965262012932}, "A12_treated": {"sum_sq": 114.12437151228211, "df": 1.0, "F": 0.3989840935901407, "pvalue": 0.5365354952578383}, "Batch": {"sum_sq": 584.2742593711777, "df": 1.0, "F": 2.0180450860886707, "pvalue": 0.17732672805749888}, "Quant": {"sum_sq": 675.8424296696697, "df": 1.0, "F": 2.6933502595494616, "pvalue": 0.12027514607627626}}, "5": {"Mouse_ID": {}, "Treatment": {"sum_sq": 1797.6614971065205, "df": 2.0, "F": 12.777086242184398, "pvalue": 0.0005759938722496841, "tukey_hsd": {"groups": ["A12", "B1-8", "PBS"], "pvalues": [[1.0, 0.8451834673840792, 0.0026992975678480358], [0.8451834673840792, 1.0, 0.0008991406399670998], [0.0026992975678480358, 0.0008991406399670998, 1.0]]}}, "Ig_treated": {"sum_sq": 1775.9416361232738, "df": 1.0, "F": 26.3853443172138, "pvalue": 9.944657670983948e-05}, "A12_treated": {"sum_sq": 290.1873743081007, "df": 1.0, "F": 1.8117741262792502, "pvalue": 0.19705850472043923}, "Batch": {"sum_sq": 19.30700616258731, "df": 1.0, "F": 0.12476717048410989, "pvalue": 0.7291826526278302}, "Quant": {"sum_sq": 1909.4127435134358, "df": 1.0, "F": 32.38162271549359, "pvalue": 3.346077641310888e-05}}, "6": {"Mouse_ID": {}, "Treatment": {"sum_sq": 550.4572769197388, "df": 2.0, "F": 1.8322235485621308, "pvalue": 0.19412030895514634, "tukey_hsd": {"groups": ["A12", "B1-8", "PBS"], "pvalues": [[1.0, 0.2362516543807045, 0.27276099467017545], [0.2362516543807045, 1.0, 0.9949963502002857], [0.27276099467017545, 0.9949963502002857, 1.0]]}}, "Ig_treated": {"sum_sq": 114.56944824829199, "df": 1.0, "F": 0.6816763423607626, "pvalue": 0.42115080455705267}, "A12_treated": {"sum_sq": 549.0900682125075, "df": 1.0, "F": 3.896670747955699, "pvalue": 0.06590544740628053}, "Batch": {"sum_sq": 0.6274106091229493, "df": 1.0, "F": 0.004169988166137938, "pvalue": 0.9494250454931128}, "Quant": {"sum_sq": 43.46204390564214, "df": 1.0, "F": 0.2519328944462046, "pvalue": 0.6225539267225979}}, "7": {"Mouse_ID": {}, "Treatment": {"sum_sq": 120.46630308213588, "df": 2.0, "F": 0.4401282843407257, "pvalue": 0.6520082362944792, "tukey_hsd": {"groups": ["A12", "B1-8", "PBS"], "pvalues": [[1.0, 0.7264191577346368, 0.6792586249843824], [0.7264191577346368, 1.0, 0.9965621200868826], [0.6792586249843824, 0.9965621200868826, 1.0]]}}, "Ig_treated": {"sum_sq": 39.30223539898469, "df": 1.0, "F": 0.2946790356174922, "pvalue": 0.5947194705721578}, "A12_treated": {"sum_sq": 119.61125593713204, "df": 1.0, "F": 0.9318877623020948, "pvalue": 0.3487381672111793}, "Batch": {"sum_sq": 3.6928413161810005, "df": 1.0, "F": 0.026905638296356546, "pvalue": 0.8720525580689311}, "Quant": {"sum_sq": 164.55665595947613, "df": 1.0, "F": 1.3107423207553361, "pvalue": 0.26909813128355614}}, "8": {"Mouse_ID": {}, "Treatment": {"sum_sq": 131.41312097304154, "df": 2.0, "F": 0.5312319276647808, "pvalue": 0.5985400525069455, "tukey_hsd": {"groups": ["A12", "B1-8", "PBS"], "pvalues": [[1.0, 0.6490810122333298, 0.999906174107606], [0.6490810122333298, 1.0, 0.6569752914817142], [0.999906174107606, 0.6569752914817142, 1.0]]}}, "Ig_treated": {"sum_sq": 31.423531493665244, "df": 1.0, "F": 0.25713564962675534, "pvalue": 0.619012061438176}, "A12_treated": {"sum_sq": 34.304079365232006, "df": 1.0, "F": 0.28112103608321937, "pvalue": 0.6032486462012974}, "Batch": {"sum_sq": 72.34321072055799, "df": 1.0, "F": 0.6270046302722602, "pvalue": 0.44166687953230666}, "Quant": {"sum_sq": 77.5295022318487, "df": 1.0, "F": 0.6497370715353525, "pvalue": 0.4320245962803385}}, "9": {"Mouse_ID": {}, "Treatment": {"sum_sq": 50.43419655519169, "df": 2.0, "F": 0.22503906716349303, "pvalue": 0.8011324850717204, "tukey_hsd": {"groups": ["A12", "B1-8", "PBS"], "pvalues": [[1.0, 0.79996697125833, 0.8765184857614561], [0.79996697125833, 1.0, 0.9876678469310444], [0.8765184857614561, 0.9876678469310444, 1.0]]}}, "Ig_treated": {"sum_sq": 4.346831823629729, "df": 1.0, "F": 0.04027325465151303, "pvalue": 0.8434760335782945}, "A12_treated": {"sum_sq": 47.90990329663586, "df": 1.0, "F": 0.4553707098676517, "pvalue": 0.509429887491455}, "Batch": {"sum_sq": 0.6305101013869578, "df": 1.0, "F": 0.0069418601280322005, "pvalue": 0.9347784261098268}, "Quant": {"sum_sq": 0.9643833442106309, "df": 1.0, "F": 0.008917513918316676, "pvalue": 0.9259380333954594}}, "10": {"Mouse_ID": {}, "Treatment": {"sum_sq": 77.34373397854765, "df": 2.0, "F": 0.4070361564852915, "pvalue": 0.6727543896850214, "tukey_hsd": {"groups": ["A12", "B1-8", "PBS"], "pvalues": [[1.0, 0.739360442633628, 0.7022071651682176], [0.739360442633628, 1.0, 0.9978260242610532], [0.7022071651682176, 0.9978260242610532, 1.0]]}}, "Ig_treated": {"sum_sq": 24.176775688446803, "df": 1.0, "F": 0.26167227767550066, "pvalue": 0.615960591685965}, "A12_treated": {"sum_sq": 76.96863514947947, "df": 1.0, "F": 0.8639051551137001, "pvalue": 0.3664598122283084}, "Batch": {"sum_sq": 14.850411705492295, "df": 1.0, "F": 0.21156588916828153, "pvalue": 0.6526049940335326}, "Quant": {"sum_sq": 0.4590862709842806, "df": 1.0, "F": 0.004890363460879713, "pvalue": 0.9451150539770181}}}