{"1": {"Mouse_ID": {}, "Treatment": {"sum_sq": 122.59489212471199, "df": 2.0, "F": 0.07944744827228553, "pvalue": 0.9240125701587438, "tukey_hsd": {"groups": ["A12", "B1-8", "PBS"], "pvalues": [[1.0, 0.9983665918693412, 0.9470463697322548], [0.9983665918693412, 1.0, 0.9279715799920364], [0.9470463697322548, 0.9279715799920364, 1.0]]}}, "Ig_treated": {"sum_sq": 120.30691471221466, "df": 1.0, "F": 0.16629187720109545, "pvalue": 0.6888331078377162}, "A12_treated": {"sum_sq": 17.424530656593078, "df": 1.0, "F": 0.0238725384506998, "pvalue": 0.8791418676522841}, "Batch": {"sum_sq": 854.5478972678878, "df": 1.0, "F": 1.1472603788340505, "pvalue": 0.30224181724628935}, "Quant": {"sum_sq": 5.903176656967934, "df": 1.0, "F": 0.008079696521715233, "pvalue": 0.9294925185571803}}, "2": {"Mouse_ID": {}, "Treatment": {"sum_sq": 3280.2933431623533, "df": 2.0, "F": 4.61639231237819, "pvalue": 0.027394256935615802, "tukey_hsd": {"groups": ["A12", "B1-8", "PBS"], "pvalues": [[1.0, 0.022195515899410934, 0.19833871123234426], [0.022195515899410934, 1.0, 0.46969045305015744], [0.19833871123234426, 0.46969045305015744, 1.0]]}}, "Ig_treated": {"sum_sq": 44.425700150940116, "df": 1.0, "F": 0.08298846491020682, "pvalue": 0.7769859165043438}, "A12_treated": {"sum_sq": 2766.361789100713, "df": 1.0, "F": 7.574864850997509, "pvalue": 0.014168456845635072}, "Batch": {"sum_sq": 8.173367621487793, "df": 1.0, "F": 0.015132262839441147, "pvalue": 0.9038451052891996}, "Quant": {"sum_sq": 1.4985539766679206, "df": 1.0, "F": 0.002785381399258741, "pvalue": 0.9585631452365235}}, "3": {"Mouse_ID": {}, "Treatment": {"sum_sq": 975.6924711168438, "df": 2.0, "F": 1.4030278846373945, "pvalue": 0.27632900510583247, "tukey_hsd": {"groups": ["A12", "B1-8", "PBS"], "pvalues": [[1.0, 0.3270288500794356, 0.9977176038725244], [0.3270288500794356, 1.0, 0.3572876348337094], [0.9977176038725244, 0.3572876348337094, 1.0]]}}, "Ig_treated": {"sum_sq": 212.19130717244886, "df": 1.0, "F": 0.5678171373503874, "pvalue": 0.46207309271819974}, "A12_treated": {"sum_sq": 277.09625856539895, "df": 1.0, "F": 0.7496381969808181, "pvalue": 0.3993878516716909}, "Batch": {"sum_sq": 1216.08697342062, "df": 1.0, "F": 3.46881286647779, "pvalue": 0.08365427478738828}, "Quant": {"sum_sq": 21.26772159685451, "df": 1.0, "F": 0.05515069223076503, "pvalue": 0.8173105267784967}}, "4": {"Mouse_ID": {}, "Treatment": {"sum_sq": 359.2049524923561, "df": 2.0, "F": 0.6219614665509813, "pvalue": 0.5501771383653871, "tukey_hsd": {"groups": ["A12", "B1-8", "PBS"], "pvalues": [[1.0, 0.5850452127393353, 0.9961362701224798], [0.5850452127393353, 1.0, 0.6356734021180603], [0.9961362701224798, 0.6356734021180603, 1.0]]}}, "Ig_treated": {"sum_sq": 67.5062758061452, "df": 1.0, "F": 0.2336253181529391, "pvalue": 0.6353965262012957}, "A12_treated": {"sum_sq": 114.12437151228276, "df": 1.0, "F": 0.3989840935901448, "pvalue": 0.5365354952578373}, "Batch": {"sum_sq": 584.274259371177, "df": 1.0, "F": 2.0180450860886774, "pvalue": 0.17732672805749808}, "Quant": {"sum_sq": 675.8424296696647, "df": 1.0, "F": 2.693350259549451, "pvalue": 0.12027514607627687}}, "5": {"Mouse_ID": {}, "Treatment": {"sum_sq": 1797.6614971065117, "df": 2.0, "F": 12.77708624218422, "pvalue": 0.0005759938722497217, "tukey_hsd": {"groups": ["A12", "B1-8", "PBS"], "pvalues": [[1.0, 0.8451834673840596, 0.002699297567848369], [0.8451834673840596, 1.0, 0.0008991406399670998], [0.002699297567848369, 0.0008991406399670998, 1.0]]}}, "Ig_treated": {"sum_sq": 1775.9416361232616, "df": 1.0, "F": 26.385344317213317, "pvalue": 9.94465767098489e-05}, "A12_treated": {"sum_sq": 290.1873743080881, "df": 1.0, "F": 1.8117741262791618, "pvalue": 0.19705850472044956}, "Batch": {"sum_sq": 19.307006162587157, "df": 1.0, "F": 0.1247671704841098, "pvalue": 0.7291826526278302}, "Quant": {"sum_sq": 1909.4127435134264, "df": 1.0, "F": 32.3816227154931, "pvalue": 3.346077641311165e-05}}, "6": {"Mouse_ID": {}, "Treatment": {"sum_sq": 550.4572769197513, "df": 2.0, "F": 1.8322235485621823, "pvalue": 0.1941203089551379, "tukey_hsd": {"groups": ["A12", "B1-8", "PBS"], "pvalues": [[1.0, 0.23625165438070472, 0.2727609946701546], [0.23625165438070472, 1.0, 0.9949963502002911], [0.2727609946701546, 0.9949963502002911, 1.0]]}}, "Ig_treated": {"sum_sq": 114.56944824830691, "df": 1.0, "F": 0.6816763423608552, "pvalue": 0.4211508045570218}, "A12_treated": {"sum_sq": 549.0900682125215, "df": 1.0, "F": 3.896670747955823, "pvalue": 0.06590544740627666}, "Batch": {"sum_sq": 0.6274106091231174, "df": 1.0, "F": 0.00416998816613903, "pvalue": 0.9494250454931128}, "Quant": {"sum_sq": 43.4620439056524, "df": 1.0, "F": 0.25193289444626504, "pvalue": 0.6225539267225564}}, "7": {"Mouse_ID": {}, "Treatment": {"sum_sq": 120.46630308213572, "df": 2.0, "F": 0.4401282843407231, "pvalue": 0.652008236294481, "tukey_hsd": {"groups": ["A12", "B1-8", "PBS"], "pvalues": [[1.0, 0.7264191577346357, 0.6792586249843855], [0.7264191577346357, 1.0, 0.9965621200868833], [0.6792586249843855, 0.9965621200868833, 1.0]]}}, "Ig_treated": {"sum_sq": 39.302235398983846, "df": 1.0, "F": 0.2946790356174844, "pvalue": 0.5947194705721611}, "A12_treated": {"sum_sq": 119.61125593713207, "df": 1.0, "F": 0.9318877623020907, "pvalue": 0.3487381672111798}, "Batch": {"sum_sq": 3.69284131618119, "df": 1.0, "F": 0.026905638296357805, "pvalue": 0.8720525580689311}, "Quant": {"sum_sq": 164.55665595947661, "df": 1.0, "F": 1.3107423207553341, "pvalue": 0.26909813128355614}}, "8": {"Mouse_ID": {}, "Treatment": {"sum_sq": 131.41312097303975, "df": 2.0, "F": 0.5312319276647736, "pvalue": 0.5985400525069497, "tukey_hsd": {"groups": ["A12", "B1-8", "PBS"], "pvalues": [[1.0, 0.6490810122333337, 0.9999061741076061], [0.6490810122333337, 1.0, 0.6569752914817171], [0.9999061741076061, 0.6569752914817171, 1.0]]}}, "Ig_treated": {"sum_sq": 31.423531493664996, "df": 1.0, "F": 0.2571356496267535, "pvalue": 0.619012061438176}, "A12_treated": {"sum_sq": 34.30407936523135, "df": 1.0, "F": 0.28112103608321415, "pvalue": 0.603248646201302}, "Batch": {"sum_sq": 72.343210720558, "df": 1.0, "F": 0.6270046302722614, "pvalue": 0.44166687953230666}, "Quant": {"sum_sq": 77.52950223184868, "df": 1.0, "F": 0.6497370715353531, "pvalue": 0.4320245962803385}}, "9": {"Mouse_ID": {}, "Treatment": {"sum_sq": 50.43419655519019, "df": 2.0, "F": 0.22503906716348684, "pvalue": 0.8011324850717252, "tukey_hsd": {"groups": ["A12", "B1-8", "PBS"], "pvalues": [[1.0, 0.7999669712583348, 0.8765184857614593], [0.7999669712583348, 1.0, 0.9876678469310447], [0.8765184857614593, 0.9876678469310447, 1.0]]}}, "Ig_treated": {"sum_sq": 4.346831823629587, "df": 1.0, "F": 0.04027325465151184, "pvalue": 0.8434760335782945}, "A12_treated": {"sum_sq": 47.909903296634404, "df": 1.0, "F": 0.4553707098676389, "pvalue": 0.5094298874914602}, "Batch": {"sum_sq": 0.6305101013869805, "df": 1.0, "F": 0.0069418601280324685, "pvalue": 0.9347784261098268}, "Quant": {"sum_sq": 0.9643833442107698, "df": 1.0, "F": 0.00891751391831799, "pvalue": 0.9259380333954448}}, "10": {"Mouse_ID": {}, "Treatment": {"sum_sq": 77.3437339785488, "df": 2.0, "F": 0.4070361564852987, "pvalue": 0.6727543896850167, "tukey_hsd": {"groups": ["A12", "B1-8", "PBS"], "pvalues": [[1.0, 0.7393604426336227, 0.7022071651682142], [0.7393604426336227, 1.0, 0.9978260242610534], [0.7022071651682142, 0.9978260242610534, 1.0]]}}, "Ig_treated": {"sum_sq": 24.176775688446835, "df": 1.0, "F": 0.26167227767550144, "pvalue": 0.615960591685965}, "A12_treated": {"sum_sq": 76.9686351494807, "df": 1.0, "F": 0.863905155113716, "pvalue": 0.36645981222830376}, "Batch": {"sum_sq": 14.850411705491956, "df": 1.0, "F": 0.21156588916827762, "pvalue": 0.6526049940335374}, "Quant": {"sum_sq": 0.45908627098429267, "df": 1.0, "F": 0.004890363460879848, "pvalue": 0.9451150539770181}}}