{"1": {"Mouse_ID": {}, "Treatment": {"sum_sq": 116.90127777369005, "df": 2.0, "F": 0.07647894831858323, "pvalue": 0.9267312735502773, "tukey_hsd": {"groups": ["A12", "B1-8", "PBS"], "pvalues": [[1.0, 0.9967949128249594, 0.9536060285310998], [0.9967949128249594, 1.0, 0.9275431080307115], [0.9536060285310998, 0.9275431080307115, 1.0]]}}, "Ig_treated": {"sum_sq": 112.45012645882828, "df": 1.0, "F": 0.1568818585546656, "pvalue": 0.6972756582405064}, "A12_treated": {"sum_sq": 12.075668749073436, "df": 1.0, "F": 0.016700884962000916, "pvalue": 0.8987847701737324}, "TMT": {"sum_sq": 866.8444592793394, "df": 1.0, "F": 1.1777366866901986, "pvalue": 0.29615166532200593}, "Quant": {"sum_sq": 6.173048239467468, "df": 1.0, "F": 0.008533092177332698, "pvalue": 0.9275470490226114}}, "2": {"Mouse_ID": {}, "Treatment": {"sum_sq": 3229.194108976738, "df": 2.0, "F": 4.531959726257927, "pvalue": 0.028869329920773516, "tukey_hsd": {"groups": ["A12", "B1-8", "PBS"], "pvalues": [[1.0, 0.02341376865966538, 0.20483810616699683], [0.02341376865966538, 1.0, 0.4735797380143183], [0.20483810616699683, 0.4735797380143183, 1.0]]}}, "Ig_treated": {"sum_sq": 42.62891454435136, "df": 1.0, "F": 0.07995481433378562, "pvalue": 0.7809840890853954}, "A12_treated": {"sum_sq": 2719.76737341637, "df": 1.0, "F": 7.434279523351312, "pvalue": 0.014935296885558218}, "TMT": {"sum_sq": 7.532480561525359, "df": 1.0, "F": 0.013993508049537836, "pvalue": 0.9075150993193605}, "Quant": {"sum_sq": 1.0439384485650067, "df": 1.0, "F": 0.00194851288716873, "pvalue": 0.9653374569423092}}, "3": {"Mouse_ID": {}, "Treatment": {"sum_sq": 995.2879110938773, "df": 2.0, "F": 1.4405983855181066, "pvalue": 0.2677380372927309, "tukey_hsd": {"groups": ["A12", "B1-8", "PBS"], "pvalues": [[1.0, 0.31178278989714636, 0.9949118844692507], [0.31178278989714636, 1.0, 0.3562775614842071], [0.9949118844692507, 0.3562775614842071, 1.0]]}}, "Ig_treated": {"sum_sq": 201.6453813839768, "df": 1.0, "F": 0.5399455452470953, "pvalue": 0.4730886076274651}, "A12_treated": {"sum_sq": 299.19589751025745, "df": 1.0, "F": 0.8144529182738387, "pvalue": 0.3801928208016945}, "TMT": {"sum_sq": 1218.448378565623, "df": 1.0, "F": 3.4889499530636483, "pvalue": 0.08285342866449183}, "Quant": {"sum_sq": 18.559023765165755, "df": 1.0, "F": 0.04821803991336582, "pvalue": 0.8289704819365954}}, "4": {"Mouse_ID": {}, "Treatment": {"sum_sq": 356.2481851889274, "df": 2.0, "F": 0.6234021867751255, "pvalue": 0.5494457379849975, "tukey_hsd": {"groups": ["A12", "B1-8", "PBS"], "pvalues": [[1.0, 0.5883914566863351, 0.9974064731889716], [0.5883914566863351, 1.0, 0.6298564869238918], [0.9974064731889716, 0.6298564869238918, 1.0]]}}, "Ig_treated": {"sum_sq": 70.80625730430638, "df": 1.0, "F": 0.24782468828614182, "pvalue": 0.6253834568778435}, "A12_treated": {"sum_sq": 108.66393802314354, "df": 1.0, "F": 0.3835040349381839, "pvalue": 0.544451830768516}, "TMT": {"sum_sq": 574.4677495825171, "df": 1.0, "F": 2.0025341173814946, "pvalue": 0.1788939851199705}, "Quant": {"sum_sq": 682.0392136088082, "df": 1.0, "F": 2.7556136564946874, "pvalue": 0.11638208831379165}}, "5": {"Mouse_ID": {}, "Treatment": {"sum_sq": 1317.5172921989172, "df": 2.0, "F": 6.595825346097854, "pvalue": 0.00880603993276215, "tukey_hsd": {"groups": ["A12", "B1-8", "PBS"], "pvalues": [[1.0, 0.4343971767121385, 0.08444133176315127], [0.4343971767121385, 1.0, 0.007232991274851552], [0.08444133176315127, 0.007232991274851552, 1.0]]}}, "Ig_treated": {"sum_sq": 1157.2174228884385, "df": 1.0, "F": 11.164487543267542, "pvalue": 0.0041423208505596285}, "A12_treated": {"sum_sq": 36.53280833900076, "df": 1.0, "F": 0.21032804024924376, "pvalue": 0.6526785168783436}, "TMT": {"sum_sq": 16.002352108695927, "df": 1.0, "F": 0.12725595727166486, "pvalue": 0.7266136577225754}, "Quant": {"sum_sq": 1359.7048446558574, "df": 1.0, "F": 14.942439672594144, "pvalue": 0.0013696946578814766}}, "6": {"Mouse_ID": {}, "Treatment": {"sum_sq": 984.5011189485374, "df": 2.0, "F": 4.139406106930034, "pvalue": 0.03702357191566312, "tukey_hsd": {"groups": ["A12", "B1-8", "PBS"], "pvalues": [[1.0, 0.2981427707828772, 0.029381462753579557], [0.2981427707828772, 1.0, 0.4023580819326207], [0.029381462753579557, 0.4023580819326207, 1.0]]}}, "Ig_treated": {"sum_sq": 699.8892867409797, "df": 1.0, "F": 5.413998221047001, "pvalue": 0.03343351539241145}, "A12_treated": {"sum_sq": 774.9510260971939, "df": 1.0, "F": 6.220376493357191, "pvalue": 0.023958355476361107}, "TMT": {"sum_sq": 3.989538520085314, "df": 1.0, "F": 0.02286091732376799, "pvalue": 0.881976356504001}, "Quant": {"sum_sq": 538.2117046211971, "df": 1.0, "F": 3.8615015934495616, "pvalue": 0.06701356103539821}}, "7": {"Mouse_ID": {}, "Treatment": {"sum_sq": 130.21210368446103, "df": 2.0, "F": 0.4776860325567888, "pvalue": 0.6293357788349572, "tukey_hsd": {"groups": ["A12", "B1-8", "PBS"], "pvalues": [[1.0, 0.696864337962525, 0.666191957242417], [0.696864337962525, 1.0, 0.9985679784508165], [0.666191957242417, 0.9985679784508165, 1.0]]}}, "Ig_treated": {"sum_sq": 38.604409184103545, "df": 1.0, "F": 0.2891678837800119, "pvalue": 0.598155028374184}, "A12_treated": {"sum_sq": 129.85780221318691, "df": 1.0, "F": 1.016114614144768, "pvalue": 0.32844466889220025}, "TMT": {"sum_sq": 7.2185888068597395, "df": 1.0, "F": 0.05253652644877966, "pvalue": 0.8220215240034596}, "Quant": {"sum_sq": 171.29469637593223, "df": 1.0, "F": 1.3680748042786386, "pvalue": 0.2592724217186825}}, "8": {"Mouse_ID": {}, "Treatment": {"sum_sq": 109.38424598174406, "df": 2.0, "F": 0.43969598974753177, "pvalue": 0.6522745338170882, "tukey_hsd": {"groups": ["A12", "B1-8", "PBS"], "pvalues": [[1.0, 0.7088321498888462, 0.9996790746584473], [0.7088321498888462, 1.0, 0.6944189015599646], [0.9996790746584473, 0.6944189015599646, 1.0]]}}, "Ig_treated": {"sum_sq": 29.818884607879923, "df": 1.0, "F": 0.24525150855804412, "pvalue": 0.627170813653644}, "A12_treated": {"sum_sq": 24.945656150243252, "df": 1.0, "F": 0.204657966245857, "pvalue": 0.6570604181092288}, "TMT": {"sum_sq": 76.67405746128644, "df": 1.0, "F": 0.6962076385712975, "pvalue": 0.4180715189961418}, "Quant": {"sum_sq": 80.91317680208991, "df": 1.0, "F": 0.6834372379322802, "pvalue": 0.4205638822484774}}, "9": {"Mouse_ID": {}, "Treatment": {"sum_sq": 53.11050118250157, "df": 2.0, "F": 0.2365106823663302, "pvalue": 0.7922659731611217, "tukey_hsd": {"groups": ["A12", "B1-8", "PBS"], "pvalues": [[1.0, 0.7849928352545408, 0.8841450603208963], [0.7849928352545408, 1.0, 0.9795562046111416], [0.8841450603208963, 0.9795562046111416, 1.0]]}}, "Ig_treated": {"sum_sq": 2.954383270057227, "df": 1.0, "F": 0.027255316057326704, "pvalue": 0.8709395365250652}, "A12_treated": {"sum_sq": 48.897756948364986, "df": 1.0, "F": 0.4633754840516499, "pvalue": 0.5057831241747366}, "TMT": {"sum_sq": 0.1178546720559823, "df": 1.0, "F": 0.0012489600724758226, "pvalue": 0.9723070777565999}, "Quant": {"sum_sq": 0.20743090646320933, "df": 1.0, "F": 0.001910603358809402, "pvalue": 0.9656760734668104}}, "10": {"Mouse_ID": {}, "Treatment": {"sum_sq": 77.01109286829427, "df": 2.0, "F": 0.401011916618352, "pvalue": 0.6766110705136609, "tukey_hsd": {"groups": ["A12", "B1-8", "PBS"], "pvalues": [[1.0, 0.7383121587335058, 0.7093264943996598], [0.7383121587335058, 1.0, 0.9986718404009565], [0.7093264943996598, 0.9986718404009565, 1.0]]}}, "Ig_treated": {"sum_sq": 23.019596850714038, "df": 1.0, "F": 0.24647803113164585, "pvalue": 0.6263173949141092}, "A12_treated": {"sum_sq": 76.77960135364043, "df": 1.0, "F": 0.852783460273806, "pvalue": 0.3694837029159255}, "TMT": {"sum_sq": 26.79364630997739, "df": 1.0, "F": 0.3793573131837533, "pvalue": 0.5478311485334806}, "Quant": {"sum_sq": 0.14682978218864437, "df": 1.0, "F": 0.0015484509060628706, "pvalue": 0.9690978811331362}}}