{"1": {"Mouse_ID": {}, "Treatment": {"sum_sq": 122.5948921247122, "df": 2.0, "F": 0.07944744827228553, "pvalue": 0.9240125701587438, "tukey_hsd": {"groups": ["A12", "B1-8", "PBS"], "pvalues": [[1.0, 0.9983665918693411, 0.9470463697322549], [0.9983665918693411, 1.0, 0.927971579992036], [0.9470463697322549, 0.927971579992036, 1.0]]}}, "Ig_treated": {"sum_sq": 120.30691471221485, "df": 1.0, "F": 0.1662918772010954, "pvalue": 0.6888331078377162}, "A12_treated": {"sum_sq": 17.424530656592818, "df": 1.0, "F": 0.0238725384506994, "pvalue": 0.8791418676522841}, "Batch": {"sum_sq": 854.5478972678906, "df": 1.0, "F": 1.1472603788340523, "pvalue": 0.30224181724628935}, "Quant": {"sum_sq": 5.903176656967957, "df": 1.0, "F": 0.008079696521715248, "pvalue": 0.9294925185571803}}, "2": {"Mouse_ID": {}, "Treatment": {"sum_sq": 3280.293343162359, "df": 2.0, "F": 4.6163923123781885, "pvalue": 0.02739425693561584, "tukey_hsd": {"groups": ["A12", "B1-8", "PBS"], "pvalues": [[1.0, 0.022195515899410934, 0.1983387112323438], [0.022195515899410934, 1.0, 0.46969045305015744], [0.1983387112323438, 0.46969045305015744, 1.0]]}}, "Ig_treated": {"sum_sq": 44.42570015094038, "df": 1.0, "F": 0.0829884649102071, "pvalue": 0.7769859165043438}, "A12_treated": {"sum_sq": 2766.361789100721, "df": 1.0, "F": 7.574864850997512, "pvalue": 0.01416845684563503}, "Batch": {"sum_sq": 8.173367621488095, "df": 1.0, "F": 0.01513226283944167, "pvalue": 0.9038451052891947}, "Quant": {"sum_sq": 1.4985539766680087, "df": 1.0, "F": 0.0027853813992588985, "pvalue": 0.9585631452365235}}, "3": {"Mouse_ID": {}, "Treatment": {"sum_sq": 975.6924711168435, "df": 2.0, "F": 1.4030278846373947, "pvalue": 0.27632900510583247, "tukey_hsd": {"groups": ["A12", "B1-8", "PBS"], "pvalues": [[1.0, 0.3270288500794356, 0.9977176038725244], [0.3270288500794356, 1.0, 0.3572876348337094], [0.9977176038725244, 0.3572876348337094, 1.0]]}}, "Ig_treated": {"sum_sq": 212.19130717244866, "df": 1.0, "F": 0.567817137350387, "pvalue": 0.46207309271819974}, "A12_treated": {"sum_sq": 277.09625856539935, "df": 1.0, "F": 0.7496381969808195, "pvalue": 0.3993878516716909}, "Batch": {"sum_sq": 1216.0869734206171, "df": 1.0, "F": 3.4688128664777818, "pvalue": 0.08365427478738857}, "Quant": {"sum_sq": 21.267721596854354, "df": 1.0, "F": 0.055150692230764624, "pvalue": 0.8173105267784967}}, "4": {"Mouse_ID": {}, "Treatment": {"sum_sq": 359.2049524923564, "df": 2.0, "F": 0.6219614665509816, "pvalue": 0.5501771383653871, "tukey_hsd": {"groups": ["A12", "B1-8", "PBS"], "pvalues": [[1.0, 0.5850452127393357, 0.9961362701224801], [0.5850452127393357, 1.0, 0.6356734021180593], [0.9961362701224801, 0.6356734021180593, 1.0]]}}, "Ig_treated": {"sum_sq": 67.50627580614575, "df": 1.0, "F": 0.23362531815294105, "pvalue": 0.6353965262012932}, "A12_treated": {"sum_sq": 114.12437151228198, "df": 1.0, "F": 0.39898409359014203, "pvalue": 0.5365354952578383}, "Batch": {"sum_sq": 584.274259371177, "df": 1.0, "F": 2.018045086088677, "pvalue": 0.17732672805749808}, "Quant": {"sum_sq": 675.842429669667, "df": 1.0, "F": 2.6933502595494616, "pvalue": 0.12027514607627626}}, "5": {"Mouse_ID": {}, "Treatment": {"sum_sq": 1797.6614971065958, "df": 2.0, "F": 12.777086242185845, "pvalue": 0.0005759938722493755, "tukey_hsd": {"groups": ["A12", "B1-8", "PBS"], "pvalues": [[1.0, 0.8451834673842025, 0.0026992975678459263], [0.8451834673842025, 1.0, 0.0008991406399667667], [0.0026992975678459263, 0.0008991406399667667, 1.0]]}}, "Ig_treated": {"sum_sq": 1775.9416361233689, "df": 1.0, "F": 26.385344317217573, "pvalue": 9.944657670976643e-05}, "A12_treated": {"sum_sq": 290.1873743081852, "df": 1.0, "F": 1.8117741262798384, "pvalue": 0.1970585047203701}, "Batch": {"sum_sq": 19.307006162588163, "df": 1.0, "F": 0.12476717048410928, "pvalue": 0.729182652627832}, "Quant": {"sum_sq": 1909.4127435135001, "df": 1.0, "F": 32.381622715496924, "pvalue": 3.346077641308993e-05}}, "6": {"Mouse_ID": {}, "Treatment": {"sum_sq": 550.4572769196709, "df": 2.0, "F": 1.832223548561847, "pvalue": 0.1941203089551904, "tukey_hsd": {"groups": ["A12", "B1-8", "PBS"], "pvalues": [[1.0, 0.23625165438069806, 0.2727609946702969], [0.23625165438069806, 1.0, 0.9949963502002522], [0.2727609946702969, 0.9949963502002522, 1.0]]}}, "Ig_treated": {"sum_sq": 114.56944824820127, "df": 1.0, "F": 0.6816763423601989, "pvalue": 0.42115080455724085}, "A12_treated": {"sum_sq": 549.0900682124305, "df": 1.0, "F": 3.8966707479550142, "pvalue": 0.06590544740630194}, "Batch": {"sum_sq": 0.6274106091222817, "df": 1.0, "F": 0.004169988166133705, "pvalue": 0.949425045493141}, "Quant": {"sum_sq": 43.462043905585126, "df": 1.0, "F": 0.25193289444586864, "pvalue": 0.6225539267228289}}, "7": {"Mouse_ID": {}, "Treatment": {"sum_sq": 120.46630308213295, "df": 2.0, "F": 0.4401282843407128, "pvalue": 0.6520082362944873, "tukey_hsd": {"groups": ["A12", "B1-8", "PBS"], "pvalues": [[1.0, 0.7264191577346386, 0.6792586249843933], [0.7264191577346386, 1.0, 0.9965621200868839], [0.6792586249843933, 0.9965621200868839, 1.0]]}}, "Ig_treated": {"sum_sq": 39.30223539898203, "df": 1.0, "F": 0.2946790356174709, "pvalue": 0.5947194705721702}, "A12_treated": {"sum_sq": 119.61125593712947, "df": 1.0, "F": 0.9318877623020705, "pvalue": 0.34873816721118434}, "Batch": {"sum_sq": 3.692841316181075, "df": 1.0, "F": 0.026905638296356983, "pvalue": 0.8720525580689311}, "Quant": {"sum_sq": 164.55665595947335, "df": 1.0, "F": 1.3107423207553077, "pvalue": 0.2690981312835612}}, "8": {"Mouse_ID": {}, "Treatment": {"sum_sq": 131.41312097304015, "df": 2.0, "F": 0.5312319276647738, "pvalue": 0.5985400525069497, "tukey_hsd": {"groups": ["A12", "B1-8", "PBS"], "pvalues": [[1.0, 0.6490810122333366, 0.9999061741076062], [0.6490810122333366, 1.0, 0.6569752914817141], [0.9999061741076062, 0.6569752914817141, 1.0]]}}, "Ig_treated": {"sum_sq": 31.423531493666154, "df": 1.0, "F": 0.25713564962676244, "pvalue": 0.6190120614381711}, "A12_treated": {"sum_sq": 34.304079365230386, "df": 1.0, "F": 0.2811210360832053, "pvalue": 0.6032486462013067}, "Batch": {"sum_sq": 72.3432107205586, "df": 1.0, "F": 0.6270046302722667, "pvalue": 0.4416668795323043}, "Quant": {"sum_sq": 77.5295022318472, "df": 1.0, "F": 0.6497370715353384, "pvalue": 0.4320245962803433}}, "9": {"Mouse_ID": {}, "Treatment": {"sum_sq": 50.43419655519114, "df": 2.0, "F": 0.2250390671634908, "pvalue": 0.8011324850717225, "tukey_hsd": {"groups": ["A12", "B1-8", "PBS"], "pvalues": [[1.0, 0.7999669712583316, 0.8765184857614576], [0.7999669712583316, 1.0, 0.9876678469310444], [0.8765184857614576, 0.9876678469310444, 1.0]]}}, "Ig_treated": {"sum_sq": 4.346831823629616, "df": 1.0, "F": 0.04027325465151204, "pvalue": 0.8434760335782945}, "A12_treated": {"sum_sq": 47.90990329663527, "df": 1.0, "F": 0.45537070986764666, "pvalue": 0.5094298874914568}, "Batch": {"sum_sq": 0.6305101013869211, "df": 1.0, "F": 0.006941860128031802, "pvalue": 0.9347784261098268}, "Quant": {"sum_sq": 0.9643833442106303, "df": 1.0, "F": 0.008917513918316685, "pvalue": 0.9259380333954594}}, "10": {"Mouse_ID": {}, "Treatment": {"sum_sq": 77.34373397854841, "df": 2.0, "F": 0.4070361564852959, "pvalue": 0.672754389685019, "tukey_hsd": {"groups": ["A12", "B1-8", "PBS"], "pvalues": [[1.0, 0.7393604426336251, 0.702207165168215], [0.7393604426336251, 1.0, 0.9978260242610532], [0.702207165168215, 0.9978260242610532, 1.0]]}}, "Ig_treated": {"sum_sq": 24.17677568844698, "df": 1.0, "F": 0.2616722776755026, "pvalue": 0.615960591685965}, "A12_treated": {"sum_sq": 76.96863514948028, "df": 1.0, "F": 0.8639051551137098, "pvalue": 0.36645981222830526}, "Batch": {"sum_sq": 14.850411705492158, "df": 1.0, "F": 0.21156588916827967, "pvalue": 0.652604994033535}, "Quant": {"sum_sq": 0.45908627098432614, "df": 1.0, "F": 0.004890363460880198, "pvalue": 0.9451150539770181}}}