{"1": {"Mouse_ID": {}, "Treatment": {"sum_sq": 116.90127777369021, "df": 2.0, "F": 0.0764789483185833, "pvalue": 0.9267312735502773, "tukey_hsd": {"groups": ["A12", "B1-8", "PBS"], "pvalues": [[1.0, 0.9967949128249594, 0.9536060285310995], [0.9967949128249594, 1.0, 0.9275431080307115], [0.9536060285310995, 0.9275431080307115, 1.0]]}}, "Ig_treated": {"sum_sq": 112.45012645882862, "df": 1.0, "F": 0.15688185855466605, "pvalue": 0.6972756582405064}, "A12_treated": {"sum_sq": 12.07566874907365, "df": 1.0, "F": 0.016700884962001214, "pvalue": 0.8987847701737324}, "TMT": {"sum_sq": 866.8444592793412, "df": 1.0, "F": 1.1777366866902008, "pvalue": 0.2961516653220057}, "Quant": {"sum_sq": 6.173048239467311, "df": 1.0, "F": 0.00853309217733248, "pvalue": 0.9275470490226114}}, "2": {"Mouse_ID": {}, "Treatment": {"sum_sq": 3229.194108976762, "df": 2.0, "F": 4.531959726257938, "pvalue": 0.02886932992077332, "tukey_hsd": {"groups": ["A12", "B1-8", "PBS"], "pvalues": [[1.0, 0.02341376865966527, 0.20483810616699638], [0.02341376865966527, 1.0, 0.4735797380143164], [0.20483810616699638, 0.4735797380143164, 1.0]]}}, "Ig_treated": {"sum_sq": 42.62891454435123, "df": 1.0, "F": 0.07995481433378489, "pvalue": 0.7809840890853954}, "A12_treated": {"sum_sq": 2719.767373416387, "df": 1.0, "F": 7.434279523351316, "pvalue": 0.014935296885558195}, "TMT": {"sum_sq": 7.532480561525746, "df": 1.0, "F": 0.013993508049538474, "pvalue": 0.9075150993193605}, "Quant": {"sum_sq": 1.0439384485649736, "df": 1.0, "F": 0.0019485128871686568, "pvalue": 0.9653374569423092}}, "3": {"Mouse_ID": {}, "Treatment": {"sum_sq": 995.2879110938809, "df": 2.0, "F": 1.4405983855181073, "pvalue": 0.26773803729273066, "tukey_hsd": {"groups": ["A12", "B1-8", "PBS"], "pvalues": [[1.0, 0.3117827898971467, 0.9949118844692509], [0.3117827898971467, 1.0, 0.35627756148420664], [0.9949118844692509, 0.35627756148420664, 1.0]]}}, "Ig_treated": {"sum_sq": 201.64538138397845, "df": 1.0, "F": 0.5399455452470978, "pvalue": 0.4730886076274651}, "A12_treated": {"sum_sq": 299.1958975102575, "df": 1.0, "F": 0.814452918273836, "pvalue": 0.3801928208016955}, "TMT": {"sum_sq": 1218.4483785656191, "df": 1.0, "F": 3.488949953063618, "pvalue": 0.08285342866449308}, "Quant": {"sum_sq": 18.559023765166813, "df": 1.0, "F": 0.04821803991336841, "pvalue": 0.8289704819365892}}, "4": {"Mouse_ID": {}, "Treatment": {"sum_sq": 356.2481851889249, "df": 2.0, "F": 0.6234021867751167, "pvalue": 0.549445737985002, "tukey_hsd": {"groups": ["A12", "B1-8", "PBS"], "pvalues": [[1.0, 0.588391456686339, 0.9974064731889716], [0.588391456686339, 1.0, 0.6298564869238956], [0.9974064731889716, 0.6298564869238956, 1.0]]}}, "Ig_treated": {"sum_sq": 70.80625730430593, "df": 1.0, "F": 0.24782468828613877, "pvalue": 0.625383456877846}, "A12_treated": {"sum_sq": 108.66393802314286, "df": 1.0, "F": 0.3835040349381792, "pvalue": 0.5444518307685179}, "TMT": {"sum_sq": 574.4677495825255, "df": 1.0, "F": 2.0025341173815145, "pvalue": 0.1788939851199684}, "Quant": {"sum_sq": 682.0392136088105, "df": 1.0, "F": 2.75561365649468, "pvalue": 0.11638208831379193}}, "5": {"Mouse_ID": {}, "Treatment": {"sum_sq": 1317.5172921989522, "df": 2.0, "F": 6.595825346098183, "pvalue": 0.008806039932760606, "tukey_hsd": {"groups": ["A12", "B1-8", "PBS"], "pvalues": [[1.0, 0.4343971767121517, 0.08444133176313551], [0.4343971767121517, 1.0, 0.007232991274850442], [0.08444133176313551, 0.007232991274850442, 1.0]]}}, "Ig_treated": {"sum_sq": 1157.2174228884835, "df": 1.0, "F": 11.164487543268278, "pvalue": 0.004142320850558665}, "A12_treated": {"sum_sq": 36.53280833900881, "df": 1.0, "F": 0.21032804024929075, "pvalue": 0.6526785168783087}, "TMT": {"sum_sq": 16.00235210869623, "df": 1.0, "F": 0.12725595727166616, "pvalue": 0.7266136577225738}, "Quant": {"sum_sq": 1359.704844655898, "df": 1.0, "F": 14.942439672595011, "pvalue": 0.0013696946578811513}}, "6": {"Mouse_ID": {}, "Treatment": {"sum_sq": 984.5011189484998, "df": 2.0, "F": 4.139406106929808, "pvalue": 0.037023571915668484, "tukey_hsd": {"groups": ["A12", "B1-8", "PBS"], "pvalues": [[1.0, 0.29814277078287066, 0.02938146275358433], [0.29814277078287066, 1.0, 0.4023580819326713], [0.02938146275358433, 0.4023580819326713, 1.0]]}}, "Ig_treated": {"sum_sq": 699.8892867409313, "df": 1.0, "F": 5.413998221046523, "pvalue": 0.033433515392418206}, "A12_treated": {"sum_sq": 774.9510260971832, "df": 1.0, "F": 6.2203764933571, "pvalue": 0.023958355476361964}, "TMT": {"sum_sq": 3.9895385200848663, "df": 1.0, "F": 0.022860917323765658, "pvalue": 0.881976356504009}, "Quant": {"sum_sq": 538.2117046211513, "df": 1.0, "F": 3.861501593449169, "pvalue": 0.06701356103541067}}, "7": {"Mouse_ID": {}, "Treatment": {"sum_sq": 130.21210368446287, "df": 2.0, "F": 0.4776860325567962, "pvalue": 0.6293357788349527, "tukey_hsd": {"groups": ["A12", "B1-8", "PBS"], "pvalues": [[1.0, 0.6968643379625235, 0.6661919572424109], [0.6968643379625235, 1.0, 0.998567978450816], [0.6661919572424109, 0.998567978450816, 1.0]]}}, "Ig_treated": {"sum_sq": 38.60440918410498, "df": 1.0, "F": 0.28916788378002295, "pvalue": 0.5981550283741781}, "A12_treated": {"sum_sq": 129.85780221318868, "df": 1.0, "F": 1.016114614144783, "pvalue": 0.32844466889219714}, "TMT": {"sum_sq": 7.218588806859849, "df": 1.0, "F": 0.052536526448780374, "pvalue": 0.8220215240034596}, "Quant": {"sum_sq": 171.29469637593564, "df": 1.0, "F": 1.368074804278669, "pvalue": 0.25927242171867737}}, "8": {"Mouse_ID": {}, "Treatment": {"sum_sq": 109.38424598174474, "df": 2.0, "F": 0.4396959897475345, "pvalue": 0.6522745338170866, "tukey_hsd": {"groups": ["A12", "B1-8", "PBS"], "pvalues": [[1.0, 0.7088321498888466, 0.9996790746584472], [0.7088321498888466, 1.0, 0.6944189015599617], [0.9996790746584472, 0.6944189015599617, 1.0]]}}, "Ig_treated": {"sum_sq": 29.818884607880648, "df": 1.0, "F": 0.24525150855805003, "pvalue": 0.6271708136536414}, "A12_treated": {"sum_sq": 24.945656150242908, "df": 1.0, "F": 0.204657966245854, "pvalue": 0.6570604181092317}, "TMT": {"sum_sq": 76.67405746128559, "df": 1.0, "F": 0.6962076385712883, "pvalue": 0.41807151899614525}, "Quant": {"sum_sq": 80.9131768020892, "df": 1.0, "F": 0.6834372379322735, "pvalue": 0.4205638822484794}}, "9": {"Mouse_ID": {}, "Treatment": {"sum_sq": 53.11050118250158, "df": 2.0, "F": 0.23651068236632983, "pvalue": 0.7922659731611223, "tukey_hsd": {"groups": ["A12", "B1-8", "PBS"], "pvalues": [[1.0, 0.7849928352545419, 0.8841450603208947], [0.7849928352545419, 1.0, 0.9795562046111427], [0.8841450603208947, 0.9795562046111427, 1.0]]}}, "Ig_treated": {"sum_sq": 2.954383270057428, "df": 1.0, "F": 0.027255316057328522, "pvalue": 0.8709395365250652}, "A12_treated": {"sum_sq": 48.897756948365185, "df": 1.0, "F": 0.4633754840516512, "pvalue": 0.5057831241747366}, "TMT": {"sum_sq": 0.11785467205604583, "df": 1.0, "F": 0.001248960072476497, "pvalue": 0.9723070777565826}, "Quant": {"sum_sq": 0.2074309064632239, "df": 1.0, "F": 0.0019106033588095343, "pvalue": 0.9656760734668104}}, "10": {"Mouse_ID": {}, "Treatment": {"sum_sq": 77.01109286829278, "df": 2.0, "F": 0.401011916618343, "pvalue": 0.6766110705136668, "tukey_hsd": {"groups": ["A12", "B1-8", "PBS"], "pvalues": [[1.0, 0.7383121587335104, 0.7093264943996653], [0.7383121587335104, 1.0, 0.9986718404009566], [0.7093264943996653, 0.9986718404009566, 1.0]]}}, "Ig_treated": {"sum_sq": 23.01959685071353, "df": 1.0, "F": 0.2464780311316398, "pvalue": 0.6263173949141116}, "A12_treated": {"sum_sq": 76.77960135363891, "df": 1.0, "F": 0.8527834602737864, "pvalue": 0.3694837029159303}, "TMT": {"sum_sq": 26.793646309979135, "df": 1.0, "F": 0.3793573131837771, "pvalue": 0.5478311485334686}, "Quant": {"sum_sq": 0.14682978218866263, "df": 1.0, "F": 0.0015484509060630603, "pvalue": 0.9690978811331362}}}