{"1": {"Mouse_ID": {}, "Treatment": {"sum_sq": 122.59489212471276, "df": 2.0, "F": 0.07944744827228585, "pvalue": 0.924012570158743, "tukey_hsd": {"groups": ["A12", "B1-8", "PBS"], "pvalues": [[1.0, 0.9983665918693411, 0.9470463697322549], [0.9983665918693411, 1.0, 0.9279715799920358], [0.9470463697322549, 0.9279715799920358, 1.0]]}}, "Ig_treated": {"sum_sq": 120.30691471221506, "df": 1.0, "F": 0.16629187720109564, "pvalue": 0.6888331078377162}, "A12_treated": {"sum_sq": 17.42453065659275, "df": 1.0, "F": 0.02387253845069929, "pvalue": 0.8791418676522841}, "Batch": {"sum_sq": 854.5478972678892, "df": 1.0, "F": 1.1472603788340496, "pvalue": 0.3022418172462896}, "Quant": {"sum_sq": 5.903176656967917, "df": 1.0, "F": 0.008079696521715191, "pvalue": 0.9294925185571803}}, "2": {"Mouse_ID": {}, "Treatment": {"sum_sq": 3280.2933431623633, "df": 2.0, "F": 4.616392312378198, "pvalue": 0.027394256935615657, "tukey_hsd": {"groups": ["A12", "B1-8", "PBS"], "pvalues": [[1.0, 0.022195515899410823, 0.1983387112323438], [0.022195515899410823, 1.0, 0.46969045305015666], [0.1983387112323438, 0.46969045305015666, 1.0]]}}, "Ig_treated": {"sum_sq": 44.42570015094016, "df": 1.0, "F": 0.08298846491020671, "pvalue": 0.7769859165043438}, "A12_treated": {"sum_sq": 2766.361789100721, "df": 1.0, "F": 7.574864850997515, "pvalue": 0.01416845684563503}, "Batch": {"sum_sq": 8.173367621488138, "df": 1.0, "F": 0.01513226283944175, "pvalue": 0.9038451052891947}, "Quant": {"sum_sq": 1.4985539766679299, "df": 1.0, "F": 0.0027853813992587528, "pvalue": 0.9585631452365235}}, "3": {"Mouse_ID": {}, "Treatment": {"sum_sq": 975.6924711168487, "df": 2.0, "F": 1.4030278846374005, "pvalue": 0.2763290051058314, "tukey_hsd": {"groups": ["A12", "B1-8", "PBS"], "pvalues": [[1.0, 0.3270288500794347, 0.9977176038725245], [0.3270288500794347, 1.0, 0.3572876348337072], [0.9977176038725245, 0.3572876348337072, 1.0]]}}, "Ig_treated": {"sum_sq": 212.19130717245105, "df": 1.0, "F": 0.5678171373503925, "pvalue": 0.4620730927181983}, "A12_treated": {"sum_sq": 277.0962585653995, "df": 1.0, "F": 0.7496381969808185, "pvalue": 0.3993878516716909}, "Batch": {"sum_sq": 1216.0869734206165, "df": 1.0, "F": 3.4688128664777698, "pvalue": 0.08365427478738914}, "Quant": {"sum_sq": 21.267721596855655, "df": 1.0, "F": 0.05515069223076792, "pvalue": 0.8173105267784909}}, "4": {"Mouse_ID": {}, "Treatment": {"sum_sq": 359.2049524923522, "df": 2.0, "F": 0.6219614665509751, "pvalue": 0.5501771383653906, "tukey_hsd": {"groups": ["A12", "B1-8", "PBS"], "pvalues": [[1.0, 0.5850452127393382, 0.9961362701224798], [0.5850452127393382, 1.0, 0.6356734021180632], [0.9961362701224798, 0.6356734021180632, 1.0]]}}, "Ig_treated": {"sum_sq": 67.50627580614426, "df": 1.0, "F": 0.23362531815293625, "pvalue": 0.6353965262012984}, "A12_treated": {"sum_sq": 114.12437151228154, "df": 1.0, "F": 0.3989840935901411, "pvalue": 0.5365354952578383}, "Batch": {"sum_sq": 584.2742593711794, "df": 1.0, "F": 2.018045086088691, "pvalue": 0.17732672805749666}, "Quant": {"sum_sq": 675.8424296696612, "df": 1.0, "F": 2.6933502595494403, "pvalue": 0.12027514607627766}}, "5": {"Mouse_ID": {}, "Treatment": {"sum_sq": 1797.6614971065585, "df": 2.0, "F": 12.777086242185069, "pvalue": 0.0005759938722495402, "tukey_hsd": {"groups": ["A12", "B1-8", "PBS"], "pvalues": [[1.0, 0.8451834673841401, 0.0026992975678469255], [0.8451834673841401, 1.0, 0.0008991406399668778], [0.0026992975678469255, 0.0008991406399668778, 1.0]]}}, "Ig_treated": {"sum_sq": 1775.9416361233216, "df": 1.0, "F": 26.385344317215576, "pvalue": 9.944657670980507e-05}, "A12_treated": {"sum_sq": 290.1873743081422, "df": 1.0, "F": 1.8117741262795357, "pvalue": 0.1970585047204059}, "Batch": {"sum_sq": 19.307006162588134, "df": 1.0, "F": 0.12476717048411222, "pvalue": 0.7291826526278287}, "Quant": {"sum_sq": 1909.4127435134696, "df": 1.0, "F": 32.3816227154952, "pvalue": 3.3460776413099755e-05}}, "6": {"Mouse_ID": {}, "Treatment": {"sum_sq": 550.4572769197063, "df": 2.0, "F": 1.832223548561994, "pvalue": 0.19412030895516727, "tukey_hsd": {"groups": ["A12", "B1-8", "PBS"], "pvalues": [[1.0, 0.23625165438070073, 0.2727609946702352], [0.23625165438070073, 1.0, 0.994996350200269], [0.2727609946702352, 0.994996350200269, 1.0]]}}, "Ig_treated": {"sum_sq": 114.5694482482471, "df": 1.0, "F": 0.6816763423604835, "pvalue": 0.42115080455714615}, "A12_treated": {"sum_sq": 549.0900682124701, "df": 1.0, "F": 3.8966707479553664, "pvalue": 0.06590544740629098}, "Batch": {"sum_sq": 0.6274106091226289, "df": 1.0, "F": 0.0041699881661359075, "pvalue": 0.9494250454931222}, "Quant": {"sum_sq": 43.4620439056142, "df": 1.0, "F": 0.2519328944460399, "pvalue": 0.6225539267227121}}, "7": {"Mouse_ID": {}, "Treatment": {"sum_sq": 120.4663030821352, "df": 2.0, "F": 0.44012828434072143, "pvalue": 0.6520082362944821, "tukey_hsd": {"groups": ["A12", "B1-8", "PBS"], "pvalues": [[1.0, 0.7264191577346397, 0.6792586249843842], [0.7264191577346397, 1.0, 0.9965621200868825], [0.6792586249843842, 0.9965621200868825, 1.0]]}}, "Ig_treated": {"sum_sq": 39.30223539898478, "df": 1.0, "F": 0.2946790356174918, "pvalue": 0.5947194705721578}, "A12_treated": {"sum_sq": 119.61125593713138, "df": 1.0, "F": 0.9318877623020861, "pvalue": 0.3487381672111807}, "Batch": {"sum_sq": 3.69284131618114, "df": 1.0, "F": 0.026905638296357438, "pvalue": 0.8720525580689311}, "Quant": {"sum_sq": 164.5566559594768, "df": 1.0, "F": 1.3107423207553373, "pvalue": 0.26909813128355575}}, "8": {"Mouse_ID": {}, "Treatment": {"sum_sq": 131.41312097304197, "df": 2.0, "F": 0.5312319276647808, "pvalue": 0.5985400525069455, "tukey_hsd": {"groups": ["A12", "B1-8", "PBS"], "pvalues": [[1.0, 0.6490810122333298, 0.999906174107606], [0.6490810122333298, 1.0, 0.656975291481714], [0.999906174107606, 0.656975291481714, 1.0]]}}, "Ig_treated": {"sum_sq": 31.423531493665383, "df": 1.0, "F": 0.2571356496267557, "pvalue": 0.619012061438176}, "A12_treated": {"sum_sq": 34.30407936523205, "df": 1.0, "F": 0.28112103608321887, "pvalue": 0.6032486462012974}, "Batch": {"sum_sq": 72.34321072055887, "df": 1.0, "F": 0.6270046302722659, "pvalue": 0.44166687953230477}, "Quant": {"sum_sq": 77.5295022318484, "df": 1.0, "F": 0.6497370715353479, "pvalue": 0.43202459628033985}}, "9": {"Mouse_ID": {}, "Treatment": {"sum_sq": 50.43419655519051, "df": 2.0, "F": 0.2250390671634877, "pvalue": 0.8011324850717245, "tukey_hsd": {"groups": ["A12", "B1-8", "PBS"], "pvalues": [[1.0, 0.7999669712583348, 0.8765184857614579], [0.7999669712583348, 1.0, 0.9876678469310453], [0.8765184857614579, 0.9876678469310453, 1.0]]}}, "Ig_treated": {"sum_sq": 4.346831823629762, "df": 1.0, "F": 0.04027325465151336, "pvalue": 0.8434760335782945}, "A12_treated": {"sum_sq": 47.909903296634795, "df": 1.0, "F": 0.4553707098676415, "pvalue": 0.5094298874914602}, "Batch": {"sum_sq": 0.6305101013869887, "df": 1.0, "F": 0.006941860128032562, "pvalue": 0.9347784261098268}, "Quant": {"sum_sq": 0.9643833442106972, "df": 1.0, "F": 0.008917513918317294, "pvalue": 0.9259380333954594}}, "10": {"Mouse_ID": {}, "Treatment": {"sum_sq": 77.34373397854658, "df": 2.0, "F": 0.40703615648528535, "pvalue": 0.6727543896850255, "tukey_hsd": {"groups": ["A12", "B1-8", "PBS"], "pvalues": [[1.0, 0.73936044263363, 0.7022071651682222], [0.73936044263363, 1.0, 0.9978260242610535], [0.7022071651682222, 0.9978260242610535, 1.0]]}}, "Ig_treated": {"sum_sq": 24.17677568844616, "df": 1.0, "F": 0.26167227767549345, "pvalue": 0.6159605916859698}, "A12_treated": {"sum_sq": 76.96863514947842, "df": 1.0, "F": 0.863905155113687, "pvalue": 0.36645981222831114}, "Batch": {"sum_sq": 14.850411705492876, "df": 1.0, "F": 0.21156588916828944, "pvalue": 0.6526049940335277}, "Quant": {"sum_sq": 0.4590862709842153, "df": 1.0, "F": 0.004890363460879014, "pvalue": 0.9451150539770181}}}