{"1": {"Mouse_ID": {}, "Treatment": {"sum_sq": 122.59489212471276, "df": 2.0, "F": 0.07944744827228589, "pvalue": 0.924012570158743, "tukey_hsd": {"groups": ["A12", "B1-8", "PBS"], "pvalues": [[1.0, 0.998366591869341, 0.947046369732255], [0.998366591869341, 1.0, 0.9279715799920356], [0.947046369732255, 0.9279715799920356, 1.0]]}}, "Ig_treated": {"sum_sq": 120.30691471221533, "df": 1.0, "F": 0.16629187720109606, "pvalue": 0.6888331078377162}, "A12_treated": {"sum_sq": 17.42453065659256, "df": 1.0, "F": 0.02387253845069904, "pvalue": 0.8791418676522841}, "Batch": {"sum_sq": 854.5478972678886, "df": 1.0, "F": 1.1472603788340494, "pvalue": 0.3022418172462896}, "Quant": {"sum_sq": 5.90317665696787, "df": 1.0, "F": 0.008079696521715128, "pvalue": 0.9294925185571803}}, "2": {"Mouse_ID": {}, "Treatment": {"sum_sq": 3280.293343162355, "df": 2.0, "F": 4.616392312378175, "pvalue": 0.02739425693561606, "tukey_hsd": {"groups": ["A12", "B1-8", "PBS"], "pvalues": [[1.0, 0.022195515899410934, 0.1983387112323447], [0.022195515899410934, 1.0, 0.4696904530501589], [0.1983387112323447, 0.4696904530501589, 1.0]]}}, "Ig_treated": {"sum_sq": 44.42570015094045, "df": 1.0, "F": 0.0829884649102072, "pvalue": 0.7769859165043438}, "A12_treated": {"sum_sq": 2766.3617891007175, "df": 1.0, "F": 7.574864850997491, "pvalue": 0.01416845684563513}, "Batch": {"sum_sq": 8.173367621487763, "df": 1.0, "F": 0.015132262839441043, "pvalue": 0.9038451052891996}, "Quant": {"sum_sq": 1.498553976667943, "df": 1.0, "F": 0.0027853813992587744, "pvalue": 0.9585631452365235}}, "3": {"Mouse_ID": {}, "Treatment": {"sum_sq": 975.6924711168515, "df": 2.0, "F": 1.4030278846374062, "pvalue": 0.2763290051058295, "tukey_hsd": {"groups": ["A12", "B1-8", "PBS"], "pvalues": [[1.0, 0.3270288500794326, 0.9977176038725243], [0.3270288500794326, 1.0, 0.3572876348337064], [0.9977176038725243, 0.3572876348337064, 1.0]]}}, "Ig_treated": {"sum_sq": 212.19130717245034, "df": 1.0, "F": 0.5678171373503911, "pvalue": 0.4620730927181983}, "A12_treated": {"sum_sq": 277.0962585654018, "df": 1.0, "F": 0.7496381969808255, "pvalue": 0.3993878516716891}, "Batch": {"sum_sq": 1216.0869734206178, "df": 1.0, "F": 3.4688128664777795, "pvalue": 0.08365427478738875}, "Quant": {"sum_sq": 21.26772159685539, "df": 1.0, "F": 0.05515069223076728, "pvalue": 0.8173105267784909}}, "4": {"Mouse_ID": {}, "Treatment": {"sum_sq": 359.2049524923549, "df": 2.0, "F": 0.6219614665509778, "pvalue": 0.5501771383653891, "tukey_hsd": {"groups": ["A12", "B1-8", "PBS"], "pvalues": [[1.0, 0.5850452127393369, 0.99613627012248], [0.5850452127393369, 1.0, 0.6356734021180614], [0.99613627012248, 0.6356734021180614, 1.0]]}}, "Ig_treated": {"sum_sq": 67.50627580614527, "df": 1.0, "F": 0.23362531815293894, "pvalue": 0.6353965262012957}, "A12_treated": {"sum_sq": 114.12437151228204, "df": 1.0, "F": 0.3989840935901416, "pvalue": 0.5365354952578383}, "Batch": {"sum_sq": 584.2742593711803, "df": 1.0, "F": 2.0180450860886867, "pvalue": 0.17732672805749705}, "Quant": {"sum_sq": 675.8424296696663, "df": 1.0, "F": 2.6933502595494536, "pvalue": 0.12027514607627675}}, "5": {"Mouse_ID": {}, "Treatment": {"sum_sq": 1797.6614971065605, "df": 2.0, "F": 12.777086242185083, "pvalue": 0.0005759938722495369, "tukey_hsd": {"groups": ["A12", "B1-8", "PBS"], "pvalues": [[1.0, 0.84518346738414, 0.0026992975678469255], [0.84518346738414, 1.0, 0.0008991406399668778], [0.0026992975678469255, 0.0008991406399668778, 1.0]]}}, "Ig_treated": {"sum_sq": 1775.9416361233234, "df": 1.0, "F": 26.385344317215615, "pvalue": 9.944657670980435e-05}, "A12_treated": {"sum_sq": 290.1873743081426, "df": 1.0, "F": 1.811774126279537, "pvalue": 0.19705850472040543}, "Batch": {"sum_sq": 19.30700616258778, "df": 1.0, "F": 0.12476717048410985, "pvalue": 0.7291826526278302}, "Quant": {"sum_sq": 1909.4127435134694, "df": 1.0, "F": 32.38162271549508, "pvalue": 3.346077641310044e-05}}, "6": {"Mouse_ID": {}, "Treatment": {"sum_sq": 550.4572769197076, "df": 2.0, "F": 1.8322235485619984, "pvalue": 0.19412030895516685, "tukey_hsd": {"groups": ["A12", "B1-8", "PBS"], "pvalues": [[1.0, 0.23625165438070073, 0.2727609946702336], [0.23625165438070073, 1.0, 0.9949963502002694], [0.2727609946702336, 0.9949963502002694, 1.0]]}}, "Ig_treated": {"sum_sq": 114.5694482482483, "df": 1.0, "F": 0.6816763423604907, "pvalue": 0.4211508045571436}, "A12_treated": {"sum_sq": 549.0900682124717, "df": 1.0, "F": 3.8966707479553775, "pvalue": 0.06590544740629063}, "Batch": {"sum_sq": 0.6274106091226274, "df": 1.0, "F": 0.004169988166135894, "pvalue": 0.9494250454931222}, "Quant": {"sum_sq": 43.462043905614884, "df": 1.0, "F": 0.2519328944460437, "pvalue": 0.6225539267227096}}, "7": {"Mouse_ID": {}, "Treatment": {"sum_sq": 120.4663030821354, "df": 2.0, "F": 0.4401282843407233, "pvalue": 0.652008236294481, "tukey_hsd": {"groups": ["A12", "B1-8", "PBS"], "pvalues": [[1.0, 0.7264191577346373, 0.6792586249843843], [0.7264191577346373, 1.0, 0.9965621200868828], [0.6792586249843843, 0.9965621200868828, 1.0]]}}, "Ig_treated": {"sum_sq": 39.30223539898431, "df": 1.0, "F": 0.2946790356174889, "pvalue": 0.59471947057216}, "A12_treated": {"sum_sq": 119.61125593713162, "df": 1.0, "F": 0.9318877623020903, "pvalue": 0.3487381672111798}, "Batch": {"sum_sq": 3.6928413161810347, "df": 1.0, "F": 0.026905638296356737, "pvalue": 0.8720525580689311}, "Quant": {"sum_sq": 164.5566559594756, "df": 1.0, "F": 1.31074232075533, "pvalue": 0.2690981312835568}}, "8": {"Mouse_ID": {}, "Treatment": {"sum_sq": 131.4131209730411, "df": 2.0, "F": 0.5312319276647782, "pvalue": 0.5985400525069466, "tukey_hsd": {"groups": ["A12", "B1-8", "PBS"], "pvalues": [[1.0, 0.6490810122333317, 0.9999061741076061], [0.6490810122333317, 1.0, 0.6569752914817144], [0.9999061741076061, 0.6569752914817144, 1.0]]}}, "Ig_treated": {"sum_sq": 31.423531493665436, "df": 1.0, "F": 0.2571356496267567, "pvalue": 0.6190120614381734}, "A12_treated": {"sum_sq": 34.30407936523154, "df": 1.0, "F": 0.2811210360832152, "pvalue": 0.603248646201302}, "Batch": {"sum_sq": 72.34321072055863, "df": 1.0, "F": 0.6270046302722656, "pvalue": 0.44166687953230477}, "Quant": {"sum_sq": 77.52950223184858, "df": 1.0, "F": 0.649737071535351, "pvalue": 0.4320245962803385}}, "9": {"Mouse_ID": {}, "Treatment": {"sum_sq": 50.434196555190844, "df": 2.0, "F": 0.2250390671634898, "pvalue": 0.8011324850717232, "tukey_hsd": {"groups": ["A12", "B1-8", "PBS"], "pvalues": [[1.0, 0.7999669712583332, 0.8765184857614569], [0.7999669712583332, 1.0, 0.9876678469310451], [0.8765184857614569, 0.9876678469310451, 1.0]]}}, "Ig_treated": {"sum_sq": 4.346831823629781, "df": 1.0, "F": 0.040273254651513636, "pvalue": 0.8434760335782945}, "A12_treated": {"sum_sq": 47.90990329663514, "df": 1.0, "F": 0.455370709867646, "pvalue": 0.5094298874914568}, "Batch": {"sum_sq": 0.630510101386997, "df": 1.0, "F": 0.006941860128032662, "pvalue": 0.9347784261098268}, "Quant": {"sum_sq": 0.9643833442106228, "df": 1.0, "F": 0.008917513918316626, "pvalue": 0.9259380333954594}}, "10": {"Mouse_ID": {}, "Treatment": {"sum_sq": 77.34373397854657, "df": 2.0, "F": 0.40703615648528746, "pvalue": 0.6727543896850238, "tukey_hsd": {"groups": ["A12", "B1-8", "PBS"], "pvalues": [[1.0, 0.7393604426336275, 0.7022071651682218], [0.7393604426336275, 1.0, 0.9978260242610537], [0.7022071651682218, 0.9978260242610537, 1.0]]}}, "Ig_treated": {"sum_sq": 24.176775688445872, "df": 1.0, "F": 0.26167227767549167, "pvalue": 0.6159605916859723}, "A12_treated": {"sum_sq": 76.9686351494785, "df": 1.0, "F": 0.863905155113693, "pvalue": 0.36645981222831003}, "Batch": {"sum_sq": 14.850411705492608, "df": 1.0, "F": 0.21156588916828736, "pvalue": 0.6526049940335288}, "Quant": {"sum_sq": 0.4590862709842534, "df": 1.0, "F": 0.004890363460879446, "pvalue": 0.9451150539770181}}}