{"1": {"Mouse_ID": {}, "Treatment": {"sum_sq": 116.90127777368994, "df": 2.0, "F": 0.07647894831858326, "pvalue": 0.9267312735502773, "tukey_hsd": {"groups": ["A12", "B1-8", "PBS"], "pvalues": [[1.0, 0.9967949128249597, 0.9536060285310989], [0.9967949128249597, 1.0, 0.9275431080307119], [0.9536060285310989, 0.9275431080307119, 1.0]]}}, "Ig_treated": {"sum_sq": 112.45012645882866, "df": 1.0, "F": 0.15688185855466635, "pvalue": 0.6972756582405064}, "A12_treated": {"sum_sq": 12.075668749074275, "df": 1.0, "F": 0.016700884962002102, "pvalue": 0.8987847701737324}, "TMT": {"sum_sq": 866.8444592793376, "df": 1.0, "F": 1.1777366866901975, "pvalue": 0.29615166532200626}, "Quant": {"sum_sq": 6.173048239467393, "df": 1.0, "F": 0.008533092177332606, "pvalue": 0.9275470490226114}}, "2": {"Mouse_ID": {}, "Treatment": {"sum_sq": 3229.194108976738, "df": 2.0, "F": 4.531959726257925, "pvalue": 0.028869329920773554, "tukey_hsd": {"groups": ["A12", "B1-8", "PBS"], "pvalues": [[1.0, 0.02341376865966549, 0.20483810616699705], [0.02341376865966549, 1.0, 0.4735797380143185], [0.20483810616699705, 0.4735797380143185, 1.0]]}}, "Ig_treated": {"sum_sq": 42.62891454435146, "df": 1.0, "F": 0.07995481433378579, "pvalue": 0.7809840890853954}, "A12_treated": {"sum_sq": 2719.7673734163695, "df": 1.0, "F": 7.434279523351305, "pvalue": 0.01493529688555826}, "TMT": {"sum_sq": 7.532480561524955, "df": 1.0, "F": 0.01399350804953708, "pvalue": 0.9075150993193605}, "Quant": {"sum_sq": 1.0439384485650112, "df": 1.0, "F": 0.0019485128871687377, "pvalue": 0.9653374569423092}}, "3": {"Mouse_ID": {}, "Treatment": {"sum_sq": 995.2879110938861, "df": 2.0, "F": 1.4405983855181204, "pvalue": 0.2677380372927277, "tukey_hsd": {"groups": ["A12", "B1-8", "PBS"], "pvalues": [[1.0, 0.3117827898971429, 0.9949118844692505], [0.3117827898971429, 1.0, 0.3562775614842042], [0.9949118844692505, 0.3562775614842042, 1.0]]}}, "Ig_treated": {"sum_sq": 201.64538138397816, "df": 1.0, "F": 0.5399455452470984, "pvalue": 0.4730886076274651}, "A12_treated": {"sum_sq": 299.19589751026075, "df": 1.0, "F": 0.8144529182738476, "pvalue": 0.38019282080169226}, "TMT": {"sum_sq": 1218.448378565614, "df": 1.0, "F": 3.4889499530636114, "pvalue": 0.08285342866449336}, "Quant": {"sum_sq": 18.559023765167307, "df": 1.0, "F": 0.04821803991336983, "pvalue": 0.8289704819365892}}, "4": {"Mouse_ID": {}, "Treatment": {"sum_sq": 356.2481851889227, "df": 2.0, "F": 0.6234021867751145, "pvalue": 0.549445737985003, "tukey_hsd": {"groups": ["A12", "B1-8", "PBS"], "pvalues": [[1.0, 0.5883914566863406, 0.9974064731889717], [0.5883914566863406, 1.0, 0.6298564869238967], [0.9974064731889717, 0.6298564869238967, 1.0]]}}, "Ig_treated": {"sum_sq": 70.80625730430565, "df": 1.0, "F": 0.24782468828613846, "pvalue": 0.625383456877846}, "A12_treated": {"sum_sq": 108.66393802314198, "df": 1.0, "F": 0.383504034938177, "pvalue": 0.5444518307685198}, "TMT": {"sum_sq": 574.4677495825268, "df": 1.0, "F": 2.0025341173815265, "pvalue": 0.17889398511996712}, "Quant": {"sum_sq": 682.0392136088093, "df": 1.0, "F": 2.7556136564946825, "pvalue": 0.11638208831379193}}, "5": {"Mouse_ID": {}, "Treatment": {"sum_sq": 1317.5172921990318, "df": 2.0, "F": 6.595825346098984, "pvalue": 0.008806039932756858, "tukey_hsd": {"groups": ["A12", "B1-8", "PBS"], "pvalues": [[1.0, 0.4343971767121908, 0.0844413317630952], [0.4343971767121908, 1.0, 0.007232991274847667], [0.0844413317630952, 0.007232991274847667, 1.0]]}}, "Ig_treated": {"sum_sq": 1157.217422888591, "df": 1.0, "F": 11.16448754327012, "pvalue": 0.004142320850556263}, "A12_treated": {"sum_sq": 36.53280833902998, "df": 1.0, "F": 0.21032804024941512, "pvalue": 0.6526785168782137}, "TMT": {"sum_sq": 16.00235210869714, "df": 1.0, "F": 0.12725595727167083, "pvalue": 0.7266136577225688}, "Quant": {"sum_sq": 1359.7048446560007, "df": 1.0, "F": 14.942439672597315, "pvalue": 0.0013696946578802905}}, "6": {"Mouse_ID": {}, "Treatment": {"sum_sq": 984.5011189484183, "df": 2.0, "F": 4.139406106929269, "pvalue": 0.0370235719156814, "tukey_hsd": {"groups": ["A12", "B1-8", "PBS"], "pvalues": [[1.0, 0.298142770782856, 0.029381462753595322], [0.298142770782856, 1.0, 0.4023580819327891], [0.029381462753595322, 0.4023580819327891, 1.0]]}}, "Ig_treated": {"sum_sq": 699.8892867408243, "df": 1.0, "F": 5.4139982210454045, "pvalue": 0.03343351539243409}, "A12_treated": {"sum_sq": 774.9510260971638, "df": 1.0, "F": 6.220376493356873, "pvalue": 0.02395835547636419}, "TMT": {"sum_sq": 3.989538520083827, "df": 1.0, "F": 0.02286091732376006, "pvalue": 0.881976356504025}, "Quant": {"sum_sq": 538.2117046210499, "df": 1.0, "F": 3.8615015934482595, "pvalue": 0.06701356103543958}}, "7": {"Mouse_ID": {}, "Treatment": {"sum_sq": 130.21210368446125, "df": 2.0, "F": 0.47768603255678976, "pvalue": 0.6293357788349566, "tukey_hsd": {"groups": ["A12", "B1-8", "PBS"], "pvalues": [[1.0, 0.6968643379625259, 0.6661919572424152], [0.6968643379625259, 1.0, 0.9985679784508161], [0.6661919572424152, 0.9985679784508161, 1.0]]}}, "Ig_treated": {"sum_sq": 38.60440918410414, "df": 1.0, "F": 0.2891678837800165, "pvalue": 0.5981550283741817}, "A12_treated": {"sum_sq": 129.85780221318717, "df": 1.0, "F": 1.0161146141447703, "pvalue": 0.32844466889220025}, "TMT": {"sum_sq": 7.218588806859473, "df": 1.0, "F": 0.0525365264487777, "pvalue": 0.8220215240034622}, "Quant": {"sum_sq": 171.29469637593243, "df": 1.0, "F": 1.3680748042786408, "pvalue": 0.25927242171868187}}, "8": {"Mouse_ID": {}, "Treatment": {"sum_sq": 109.38424598174512, "df": 2.0, "F": 0.4396959897475371, "pvalue": 0.6522745338170848, "tukey_hsd": {"groups": ["A12", "B1-8", "PBS"], "pvalues": [[1.0, 0.7088321498888432, 0.9996790746584473], [0.7088321498888432, 1.0, 0.6944189015599618], [0.9996790746584473, 0.6944189015599618, 1.0]]}}, "Ig_treated": {"sum_sq": 29.818884607880165, "df": 1.0, "F": 0.2452515085580465, "pvalue": 0.627170813653644}, "A12_treated": {"sum_sq": 24.945656150243536, "df": 1.0, "F": 0.2046579662458597, "pvalue": 0.6570604181092259}, "TMT": {"sum_sq": 76.67405746128632, "df": 1.0, "F": 0.6962076385712966, "pvalue": 0.4180715189961425}, "Quant": {"sum_sq": 80.91317680208999, "df": 1.0, "F": 0.6834372379322821, "pvalue": 0.4205638822484774}}, "9": {"Mouse_ID": {}, "Treatment": {"sum_sq": 53.11050118250056, "df": 2.0, "F": 0.23651068236632564, "pvalue": 0.7922659731611258, "tukey_hsd": {"groups": ["A12", "B1-8", "PBS"], "pvalues": [[1.0, 0.7849928352545441, 0.8841450603208987], [0.7849928352545441, 1.0, 0.9795562046111418], [0.8841450603208987, 0.9795562046111418, 1.0]]}}, "Ig_treated": {"sum_sq": 2.9543832700571366, "df": 1.0, "F": 0.02725531605732588, "pvalue": 0.8709395365250736}, "A12_treated": {"sum_sq": 48.897756948364005, "df": 1.0, "F": 0.46337548405164064, "pvalue": 0.5057831241747417}, "TMT": {"sum_sq": 0.11785467205601677, "df": 1.0, "F": 0.0012489600724761897, "pvalue": 0.9723070777565826}, "Quant": {"sum_sq": 0.20743090646324042, "df": 1.0, "F": 0.0019106033588096893, "pvalue": 0.9656760734668104}}, "10": {"Mouse_ID": {}, "Treatment": {"sum_sq": 77.0110928682937, "df": 2.0, "F": 0.4010119166183489, "pvalue": 0.6766110705136626, "tukey_hsd": {"groups": ["A12", "B1-8", "PBS"], "pvalues": [[1.0, 0.7383121587335089, 0.7093264943996604], [0.7383121587335089, 1.0, 0.9986718404009562], [0.7093264943996604, 0.9986718404009562, 1.0]]}}, "Ig_treated": {"sum_sq": 23.01959685071421, "df": 1.0, "F": 0.24647803113164768, "pvalue": 0.6263173949141065}, "A12_treated": {"sum_sq": 76.7796013536398, "df": 1.0, "F": 0.8527834602737986, "pvalue": 0.36948370291592775}, "TMT": {"sum_sq": 26.79364630997822, "df": 1.0, "F": 0.3793573131837644, "pvalue": 0.5478311485334754}, "Quant": {"sum_sq": 0.14682978218866746, "df": 1.0, "F": 0.0015484509060631143, "pvalue": 0.9690978811331362}}}