{"1": {"Mouse_ID": {}, "Treatment": {"sum_sq": 122.59489212471317, "df": 2.0, "F": 0.07944744827228614, "pvalue": 0.924012570158743, "tukey_hsd": {"groups": ["A12", "B1-8", "PBS"], "pvalues": [[1.0, 0.9983665918693411, 0.9470463697322548], [0.9983665918693411, 1.0, 0.9279715799920355], [0.9470463697322548, 0.9279715799920355, 1.0]]}}, "Ig_treated": {"sum_sq": 120.30691471221552, "df": 1.0, "F": 0.1662918772010963, "pvalue": 0.6888331078377162}, "A12_treated": {"sum_sq": 17.424530656592765, "df": 1.0, "F": 0.023872538450699317, "pvalue": 0.8791418676522841}, "Batch": {"sum_sq": 854.5478972678887, "df": 1.0, "F": 1.1472603788340496, "pvalue": 0.3022418172462896}, "Quant": {"sum_sq": 5.903176656967813, "df": 1.0, "F": 0.00807969652171505, "pvalue": 0.9294925185571803}}, "2": {"Mouse_ID": {}, "Treatment": {"sum_sq": 3280.2933431623596, "df": 2.0, "F": 4.616392312378192, "pvalue": 0.027394256935615764, "tukey_hsd": {"groups": ["A12", "B1-8", "PBS"], "pvalues": [[1.0, 0.022195515899410934, 0.1983387112323438], [0.022195515899410934, 1.0, 0.4696904530501579], [0.1983387112323438, 0.4696904530501579, 1.0]]}}, "Ig_treated": {"sum_sq": 44.425700150940514, "df": 1.0, "F": 0.0829884649102074, "pvalue": 0.7769859165043438}, "A12_treated": {"sum_sq": 2766.361789100721, "df": 1.0, "F": 7.574864850997518, "pvalue": 0.01416845684563501}, "Batch": {"sum_sq": 8.173367621488117, "df": 1.0, "F": 0.015132262839441718, "pvalue": 0.9038451052891947}, "Quant": {"sum_sq": 1.4985539766679996, "df": 1.0, "F": 0.0027853813992588833, "pvalue": 0.9585631452365235}}, "3": {"Mouse_ID": {}, "Treatment": {"sum_sq": 975.6924711168441, "df": 2.0, "F": 1.4030278846373956, "pvalue": 0.2763290051058322, "tukey_hsd": {"groups": ["A12", "B1-8", "PBS"], "pvalues": [[1.0, 0.32702885007943583, 0.9977176038725244], [0.32702885007943583, 1.0, 0.3572876348337093], [0.9977176038725244, 0.3572876348337093, 1.0]]}}, "Ig_treated": {"sum_sq": 212.19130717244906, "df": 1.0, "F": 0.5678171373503882, "pvalue": 0.46207309271819974}, "A12_treated": {"sum_sq": 277.09625856539907, "df": 1.0, "F": 0.7496381969808188, "pvalue": 0.3993878516716909}, "Batch": {"sum_sq": 1216.0869734206174, "df": 1.0, "F": 3.4688128664777826, "pvalue": 0.08365427478738857}, "Quant": {"sum_sq": 21.26772159685462, "df": 1.0, "F": 0.05515069223076533, "pvalue": 0.8173105267784967}}, "4": {"Mouse_ID": {}, "Treatment": {"sum_sq": 359.20495249235734, "df": 2.0, "F": 0.6219614665509813, "pvalue": 0.5501771383653871, "tukey_hsd": {"groups": ["A12", "B1-8", "PBS"], "pvalues": [[1.0, 0.585045212739335, 0.9961362701224798], [0.585045212739335, 1.0, 0.6356734021180606], [0.9961362701224798, 0.6356734021180606, 1.0]]}}, "Ig_treated": {"sum_sq": 67.50627580614506, "df": 1.0, "F": 0.23362531815293783, "pvalue": 0.6353965262012957}, "A12_treated": {"sum_sq": 114.12437151228346, "df": 1.0, "F": 0.39898409359014597, "pvalue": 0.5365354952578354}, "Batch": {"sum_sq": 584.2742593711791, "df": 1.0, "F": 2.0180450860886783, "pvalue": 0.17732672805749808}, "Quant": {"sum_sq": 675.8424296696656, "df": 1.0, "F": 2.693350259549445, "pvalue": 0.12027514607627733}}, "5": {"Mouse_ID": {}, "Treatment": {"sum_sq": 1797.6614971065635, "df": 2.0, "F": 12.777086242185186, "pvalue": 0.0005759938722495161, "tukey_hsd": {"groups": ["A12", "B1-8", "PBS"], "pvalues": [[1.0, 0.8451834673841466, 0.0026992975678469255], [0.8451834673841466, 1.0, 0.0008991406399668778], [0.0026992975678469255, 0.0008991406399668778, 1.0]]}}, "Ig_treated": {"sum_sq": 1775.9416361233277, "df": 1.0, "F": 26.385344317215857, "pvalue": 9.944657670979976e-05}, "A12_treated": {"sum_sq": 290.18737430814724, "df": 1.0, "F": 1.8117741262795715, "pvalue": 0.19705850472040126}, "Batch": {"sum_sq": 19.3070061625879, "df": 1.0, "F": 0.12476717048411046, "pvalue": 0.7291826526278302}, "Quant": {"sum_sq": 1909.4127435134728, "df": 1.0, "F": 32.38162271549541, "pvalue": 3.346077641309855e-05}}, "6": {"Mouse_ID": {}, "Treatment": {"sum_sq": 550.4572769197006, "df": 2.0, "F": 1.8322235485619727, "pvalue": 0.19412030895517068, "tukey_hsd": {"groups": ["A12", "B1-8", "PBS"], "pvalues": [[1.0, 0.23625165438070161, 0.2727609946702434], [0.23625165438070161, 1.0, 0.9949963502002671], [0.2727609946702434, 0.9949963502002671, 1.0]]}}, "Ig_treated": {"sum_sq": 114.56944824824153, "df": 1.0, "F": 0.6816763423604494, "pvalue": 0.42115080455715703}, "A12_treated": {"sum_sq": 549.0900682124641, "df": 1.0, "F": 3.8966707479553144, "pvalue": 0.06590544740629253}, "Batch": {"sum_sq": 0.6274106091226066, "df": 1.0, "F": 0.0041699881661357765, "pvalue": 0.9494250454931222}, "Quant": {"sum_sq": 43.4620439056103, "df": 1.0, "F": 0.2519328944460171, "pvalue": 0.6225539267227274}}, "7": {"Mouse_ID": {}, "Treatment": {"sum_sq": 120.46630308213551, "df": 2.0, "F": 0.4401282843407239, "pvalue": 0.6520082362944805, "tukey_hsd": {"groups": ["A12", "B1-8", "PBS"], "pvalues": [[1.0, 0.7264191577346376, 0.6792586249843837], [0.7264191577346376, 1.0, 0.9965621200868827], [0.6792586249843837, 0.9965621200868827, 1.0]]}}, "Ig_treated": {"sum_sq": 39.302235398984486, "df": 1.0, "F": 0.2946790356174903, "pvalue": 0.5947194705721578}, "A12_treated": {"sum_sq": 119.61125593713174, "df": 1.0, "F": 0.9318877623020915, "pvalue": 0.3487381672111793}, "Batch": {"sum_sq": 3.692841316181184, "df": 1.0, "F": 0.02690563829635783, "pvalue": 0.8720525580689311}, "Quant": {"sum_sq": 164.55665595947755, "df": 1.0, "F": 1.3107423207553472, "pvalue": 0.2690981312835535}}, "8": {"Mouse_ID": {}, "Treatment": {"sum_sq": 131.41312097304242, "df": 2.0, "F": 0.5312319276647867, "pvalue": 0.5985400525069429, "tukey_hsd": {"groups": ["A12", "B1-8", "PBS"], "pvalues": [[1.0, 0.6490810122333281, 0.9999061741076061], [0.6490810122333281, 1.0, 0.6569752914817099], [0.9999061741076061, 0.6569752914817099, 1.0]]}}, "Ig_treated": {"sum_sq": 31.423531493665934, "df": 1.0, "F": 0.2571356496267621, "pvalue": 0.6190120614381711}, "A12_treated": {"sum_sq": 34.30407936523177, "df": 1.0, "F": 0.2811210360832184, "pvalue": 0.6032486462012998}, "Batch": {"sum_sq": 72.34321072055768, "df": 1.0, "F": 0.6270046302722577, "pvalue": 0.4416668795323079}, "Quant": {"sum_sq": 77.52950223184655, "df": 1.0, "F": 0.6497370715353363, "pvalue": 0.4320245962803433}}, "9": {"Mouse_ID": {}, "Treatment": {"sum_sq": 50.43419655519036, "df": 2.0, "F": 0.22503906716348704, "pvalue": 0.8011324850717252, "tukey_hsd": {"groups": ["A12", "B1-8", "PBS"], "pvalues": [[1.0, 0.7999669712583354, 0.8765184857614577], [0.7999669712583354, 1.0, 0.9876678469310455], [0.8765184857614577, 0.9876678469310455, 1.0]]}}, "Ig_treated": {"sum_sq": 4.346831823629795, "df": 1.0, "F": 0.040273254651513685, "pvalue": 0.8434760335782945}, "A12_treated": {"sum_sq": 47.90990329663474, "df": 1.0, "F": 0.455370709867641, "pvalue": 0.5094298874914602}, "Batch": {"sum_sq": 0.6305101013870714, "df": 1.0, "F": 0.0069418601280334955, "pvalue": 0.9347784261098194}, "Quant": {"sum_sq": 0.9643833442107911, "df": 1.0, "F": 0.008917513918318165, "pvalue": 0.9259380333954448}}, "10": {"Mouse_ID": {}, "Treatment": {"sum_sq": 77.34373397854732, "df": 2.0, "F": 0.40703615648529023, "pvalue": 0.672754389685022, "tukey_hsd": {"groups": ["A12", "B1-8", "PBS"], "pvalues": [[1.0, 0.7393604426336267, 0.70220716516822], [0.7393604426336267, 1.0, 0.9978260242610536], [0.70220716516822, 0.9978260242610536, 1.0]]}}, "Ig_treated": {"sum_sq": 24.176775688446206, "df": 1.0, "F": 0.2616722776754944, "pvalue": 0.6159605916859698}, "A12_treated": {"sum_sq": 76.96863514947921, "df": 1.0, "F": 0.863905155113698, "pvalue": 0.3664598122283084}, "Batch": {"sum_sq": 14.850411705492254, "df": 1.0, "F": 0.2115658891682813, "pvalue": 0.652604994033535}, "Quant": {"sum_sq": 0.4590862709842512, "df": 1.0, "F": 0.004890363460879405, "pvalue": 0.9451150539770181}}}