{"1": {"Mouse_ID": {}, "Treatment": {"sum_sq": 122.59489212471246, "df": 2.0, "F": 0.07944744827228595, "pvalue": 0.924012570158743, "tukey_hsd": {"groups": ["A12", "B1-8", "PBS"], "pvalues": [[1.0, 0.9983665918693411, 0.9470463697322545], [0.9983665918693411, 1.0, 0.9279715799920359], [0.9470463697322545, 0.9279715799920359, 1.0]]}}, "Ig_treated": {"sum_sq": 120.30691471221498, "df": 1.0, "F": 0.16629187720109612, "pvalue": 0.6888331078377162}, "A12_treated": {"sum_sq": 17.42453065659305, "df": 1.0, "F": 0.023872538450699785, "pvalue": 0.8791418676522841}, "Batch": {"sum_sq": 854.5478972678851, "df": 1.0, "F": 1.1472603788340483, "pvalue": 0.30224181724629}, "Quant": {"sum_sq": 5.903176656967816, "df": 1.0, "F": 0.008079696521715083, "pvalue": 0.9294925185571803}}, "2": {"Mouse_ID": {}, "Treatment": {"sum_sq": 3280.2933431623587, "df": 2.0, "F": 4.616392312378192, "pvalue": 0.027394256935615764, "tukey_hsd": {"groups": ["A12", "B1-8", "PBS"], "pvalues": [[1.0, 0.022195515899410934, 0.19833871123234437], [0.022195515899410934, 1.0, 0.469690453050157], [0.19833871123234437, 0.469690453050157, 1.0]]}}, "Ig_treated": {"sum_sq": 44.42570015093996, "df": 1.0, "F": 0.08298846491020641, "pvalue": 0.7769859165043485}, "A12_treated": {"sum_sq": 2766.361789100716, "df": 1.0, "F": 7.574864850997504, "pvalue": 0.014168456845635072}, "Batch": {"sum_sq": 8.173367621487866, "df": 1.0, "F": 0.01513226283944126, "pvalue": 0.9038451052891947}, "Quant": {"sum_sq": 1.4985539766679101, "df": 1.0, "F": 0.0027853813992587176, "pvalue": 0.9585631452365235}}, "3": {"Mouse_ID": {}, "Treatment": {"sum_sq": 975.6924711168426, "df": 2.0, "F": 1.4030278846373918, "pvalue": 0.276329005105833, "tukey_hsd": {"groups": ["A12", "B1-8", "PBS"], "pvalues": [[1.0, 0.3270288500794363, 0.9977176038725244], [0.3270288500794363, 1.0, 0.35728763483370996], [0.9977176038725244, 0.35728763483370996, 1.0]]}}, "Ig_treated": {"sum_sq": 212.19130717244894, "df": 1.0, "F": 0.5678171373503873, "pvalue": 0.46207309271819974}, "A12_treated": {"sum_sq": 277.09625856539856, "df": 1.0, "F": 0.7496381969808167, "pvalue": 0.3993878516716909}, "Batch": {"sum_sq": 1216.0869734206212, "df": 1.0, "F": 3.4688128664777933, "pvalue": 0.08365427478738817}, "Quant": {"sum_sq": 21.26772159685418, "df": 1.0, "F": 0.055150692230764145, "pvalue": 0.8173105267784967}}, "4": {"Mouse_ID": {}, "Treatment": {"sum_sq": 359.204952492356, "df": 2.0, "F": 0.6219614665509805, "pvalue": 0.5501771383653881, "tukey_hsd": {"groups": ["A12", "B1-8", "PBS"], "pvalues": [[1.0, 0.5850452127393357, 0.99613627012248], [0.5850452127393357, 1.0, 0.6356734021180604], [0.99613627012248, 0.6356734021180604, 1.0]]}}, "Ig_treated": {"sum_sq": 67.5062758061452, "df": 1.0, "F": 0.23362531815293883, "pvalue": 0.6353965262012957}, "A12_treated": {"sum_sq": 114.12437151228248, "df": 1.0, "F": 0.39898409359014336, "pvalue": 0.5365354952578373}, "Batch": {"sum_sq": 584.2742593711765, "df": 1.0, "F": 2.0180450860886734, "pvalue": 0.17732672805749847}, "Quant": {"sum_sq": 675.8424296696647, "df": 1.0, "F": 2.6933502595494483, "pvalue": 0.12027514607627718}}, "5": {"Mouse_ID": {}, "Treatment": {"sum_sq": 1797.6614971066047, "df": 2.0, "F": 12.777086242186, "pvalue": 0.0005759938722493418, "tukey_hsd": {"groups": ["A12", "B1-8", "PBS"], "pvalues": [[1.0, 0.8451834673842182, 0.0026992975678455933], [0.8451834673842182, 1.0, 0.0008991406399667667], [0.0026992975678455933, 0.0008991406399667667, 1.0]]}}, "Ig_treated": {"sum_sq": 1775.9416361233814, "df": 1.0, "F": 26.38534431721801, "pvalue": 9.944657670975787e-05}, "A12_treated": {"sum_sq": 290.18737430819584, "df": 1.0, "F": 1.8117741262799105, "pvalue": 0.1970585047203618}, "Batch": {"sum_sq": 19.307006162588273, "df": 1.0, "F": 0.12476717048410937, "pvalue": 0.729182652627832}, "Quant": {"sum_sq": 1909.4127435135063, "df": 1.0, "F": 32.381622715497166, "pvalue": 3.3460776413088554e-05}}, "6": {"Mouse_ID": {}, "Treatment": {"sum_sq": 550.4572769196579, "df": 2.0, "F": 1.8322235485617924, "pvalue": 0.19412030895519883, "tukey_hsd": {"groups": ["A12", "B1-8", "PBS"], "pvalues": [[1.0, 0.23625165438069895, 0.27276099467031845], [0.23625165438069895, 1.0, 0.9949963502002469], [0.27276099467031845, 0.9949963502002469, 1.0]]}}, "Ig_treated": {"sum_sq": 114.56944824818639, "df": 1.0, "F": 0.6816763423601062, "pvalue": 0.4211508045572717}, "A12_treated": {"sum_sq": 549.0900682124156, "df": 1.0, "F": 3.896670747954881, "pvalue": 0.06590544740630605}, "Batch": {"sum_sq": 0.6274106091222079, "df": 1.0, "F": 0.0041699881661332325, "pvalue": 0.949425045493141}, "Quant": {"sum_sq": 43.462043905575484, "df": 1.0, "F": 0.2519328944458117, "pvalue": 0.6225539267228679}}, "7": {"Mouse_ID": {}, "Treatment": {"sum_sq": 120.466303082136, "df": 2.0, "F": 0.44012828434072643, "pvalue": 0.6520082362944787, "tukey_hsd": {"groups": ["A12", "B1-8", "PBS"], "pvalues": [[1.0, 0.7264191577346366, 0.6792586249843817], [0.7264191577346366, 1.0, 0.9965621200868826], [0.6792586249843817, 0.9965621200868826, 1.0]]}}, "Ig_treated": {"sum_sq": 39.302235398984855, "df": 1.0, "F": 0.29467903561749365, "pvalue": 0.5947194705721555}, "A12_treated": {"sum_sq": 119.61125593713219, "df": 1.0, "F": 0.9318877623020966, "pvalue": 0.34873816721117834}, "Batch": {"sum_sq": 3.692841316181109, "df": 1.0, "F": 0.02690563829635734, "pvalue": 0.8720525580689311}, "Quant": {"sum_sq": 164.55665595947661, "df": 1.0, "F": 1.3107423207553413, "pvalue": 0.269098131283555}}, "8": {"Mouse_ID": {}, "Treatment": {"sum_sq": 131.41312097304169, "df": 2.0, "F": 0.5312319276647813, "pvalue": 0.5985400525069455, "tukey_hsd": {"groups": ["A12", "B1-8", "PBS"], "pvalues": [[1.0, 0.6490810122333314, 0.9999061741076061], [0.6490810122333314, 1.0, 0.6569752914817115], [0.9999061741076061, 0.6569752914817115, 1.0]]}}, "Ig_treated": {"sum_sq": 31.42353149366602, "df": 1.0, "F": 0.2571356496267618, "pvalue": 0.6190120614381711}, "A12_treated": {"sum_sq": 34.30407936523126, "df": 1.0, "F": 0.2811210360832131, "pvalue": 0.603248646201302}, "Batch": {"sum_sq": 72.34321072055828, "df": 1.0, "F": 0.6270046302722625, "pvalue": 0.441666879532306}, "Quant": {"sum_sq": 77.5295022318473, "df": 1.0, "F": 0.6497370715353403, "pvalue": 0.43202459628034195}}, "9": {"Mouse_ID": {}, "Treatment": {"sum_sq": 50.434196555189985, "df": 2.0, "F": 0.22503906716348537, "pvalue": 0.8011324850717266, "tukey_hsd": {"groups": ["A12", "B1-8", "PBS"], "pvalues": [[1.0, 0.799966971258337, 0.8765184857614581], [0.799966971258337, 1.0, 0.9876678469310458], [0.8765184857614581, 0.9876678469310458, 1.0]]}}, "Ig_treated": {"sum_sq": 4.34683182362983, "df": 1.0, "F": 0.04027325465151401, "pvalue": 0.8434760335782945}, "A12_treated": {"sum_sq": 47.90990329663445, "df": 1.0, "F": 0.45537070986763817, "pvalue": 0.509429887491461}, "Batch": {"sum_sq": 0.6305101013869907, "df": 1.0, "F": 0.0069418601280325926, "pvalue": 0.9347784261098268}, "Quant": {"sum_sq": 0.9643833442106753, "df": 1.0, "F": 0.008917513918317094, "pvalue": 0.9259380333954594}}, "10": {"Mouse_ID": {}, "Treatment": {"sum_sq": 77.34373397854708, "df": 2.0, "F": 0.40703615648528846, "pvalue": 0.6727543896850231, "tukey_hsd": {"groups": ["A12", "B1-8", "PBS"], "pvalues": [[1.0, 0.7393604426336284, 0.7022071651682202], [0.7393604426336284, 1.0, 0.9978260242610534], [0.7022071651682202, 0.9978260242610534, 1.0]]}}, "Ig_treated": {"sum_sq": 24.17677568844637, "df": 1.0, "F": 0.26167227767549595, "pvalue": 0.6159605916859674}, "A12_treated": {"sum_sq": 76.96863514947897, "df": 1.0, "F": 0.8639051551136944, "pvalue": 0.36645981222830887}, "Batch": {"sum_sq": 14.850411705492757, "df": 1.0, "F": 0.2115658891682878, "pvalue": 0.6526049940335288}, "Quant": {"sum_sq": 0.4590862709842947, "df": 1.0, "F": 0.004890363460879865, "pvalue": 0.9451150539770181}}}