{"1": {"Mouse_ID": {}, "Treatment": {"sum_sq": 122.59489212471259, "df": 2.0, "F": 0.07944744827228582, "pvalue": 0.924012570158743, "tukey_hsd": {"groups": ["A12", "B1-8", "PBS"], "pvalues": [[1.0, 0.9983665918693408, 0.9470463697322555], [0.9983665918693408, 1.0, 0.9279715799920353], [0.9470463697322555, 0.9279715799920353, 1.0]]}}, "Ig_treated": {"sum_sq": 120.30691471221489, "df": 1.0, "F": 0.16629187720109553, "pvalue": 0.6888331078377162}, "A12_treated": {"sum_sq": 17.424530656592015, "df": 1.0, "F": 0.023872538450698307, "pvalue": 0.8791418676522841}, "Batch": {"sum_sq": 854.5478972678902, "df": 1.0, "F": 1.1472603788340527, "pvalue": 0.302241817246289}, "Quant": {"sum_sq": 5.903176656967842, "df": 1.0, "F": 0.008079696521715097, "pvalue": 0.9294925185571803}}, "2": {"Mouse_ID": {}, "Treatment": {"sum_sq": 3280.2933431623587, "df": 2.0, "F": 4.616392312378199, "pvalue": 0.027394256935615657, "tukey_hsd": {"groups": ["A12", "B1-8", "PBS"], "pvalues": [[1.0, 0.022195515899410823, 0.1983387112323438], [0.022195515899410823, 1.0, 0.469690453050157], [0.1983387112323438, 0.469690453050157, 1.0]]}}, "Ig_treated": {"sum_sq": 44.42570015094021, "df": 1.0, "F": 0.08298846491020695, "pvalue": 0.7769859165043438}, "A12_treated": {"sum_sq": 2766.3617891007166, "df": 1.0, "F": 7.574864850997519, "pvalue": 0.014168456845634992}, "Batch": {"sum_sq": 8.17336762148851, "df": 1.0, "F": 0.015132262839442467, "pvalue": 0.9038451052891947}, "Quant": {"sum_sq": 1.4985539766679812, "df": 1.0, "F": 0.0027853813992588534, "pvalue": 0.9585631452365235}}, "3": {"Mouse_ID": {}, "Treatment": {"sum_sq": 975.692471116833, "df": 2.0, "F": 1.4030278846373776, "pvalue": 0.2763290051058363, "tukey_hsd": {"groups": ["A12", "B1-8", "PBS"], "pvalues": [[1.0, 0.3270288500794396, 0.9977176038725245], [0.3270288500794396, 1.0, 0.3572876348337126], [0.9977176038725245, 0.3572876348337126, 1.0]]}}, "Ig_treated": {"sum_sq": 212.19130717244755, "df": 1.0, "F": 0.5678171373503842, "pvalue": 0.4620730927182013}, "A12_treated": {"sum_sq": 277.0962585653959, "df": 1.0, "F": 0.7496381969808098, "pvalue": 0.39938785167169333}, "Batch": {"sum_sq": 1216.0869734206278, "df": 1.0, "F": 3.46881286647782, "pvalue": 0.08365427478738721}, "Quant": {"sum_sq": 21.26772159685321, "df": 1.0, "F": 0.055150692230761675, "pvalue": 0.8173105267785026}}, "4": {"Mouse_ID": {}, "Treatment": {"sum_sq": 359.2049524923602, "df": 2.0, "F": 0.6219614665509903, "pvalue": 0.5501771383653826, "tukey_hsd": {"groups": ["A12", "B1-8", "PBS"], "pvalues": [[1.0, 0.585045212739331, 0.9961362701224798], [0.585045212739331, 1.0, 0.6356734021180561], [0.9961362701224798, 0.6356734021180561, 1.0]]}}, "Ig_treated": {"sum_sq": 67.50627580614602, "df": 1.0, "F": 0.23362531815294246, "pvalue": 0.6353965262012932}, "A12_treated": {"sum_sq": 114.12437151228377, "df": 1.0, "F": 0.3989840935901493, "pvalue": 0.5365354952578354}, "Batch": {"sum_sq": 584.274259371169, "df": 1.0, "F": 2.0180450860886507, "pvalue": 0.17732672805750055}, "Quant": {"sum_sq": 675.8424296696653, "df": 1.0, "F": 2.69335025954946, "pvalue": 0.12027514607627626}}, "5": {"Mouse_ID": {}, "Treatment": {"sum_sq": 1797.6614971065562, "df": 2.0, "F": 12.777086242185034, "pvalue": 0.0005759938722495479, "tukey_hsd": {"groups": ["A12", "B1-8", "PBS"], "pvalues": [[1.0, 0.8451834673841337, 0.0026992975678470366], [0.8451834673841337, 1.0, 0.0008991406399668778], [0.0026992975678470366, 0.0008991406399668778, 1.0]]}}, "Ig_treated": {"sum_sq": 1775.9416361233193, "df": 1.0, "F": 26.385344317215477, "pvalue": 9.944657670980701e-05}, "A12_treated": {"sum_sq": 290.18737430813854, "df": 1.0, "F": 1.8117741262795102, "pvalue": 0.19705850472040873}, "Batch": {"sum_sq": 19.307006162587715, "df": 1.0, "F": 0.12476717048410955, "pvalue": 0.729182652627832}, "Quant": {"sum_sq": 1909.4127435134662, "df": 1.0, "F": 32.381622715495006, "pvalue": 3.346077641310081e-05}}, "6": {"Mouse_ID": {}, "Treatment": {"sum_sq": 550.4572769197085, "df": 2.0, "F": 1.8322235485619993, "pvalue": 0.19412030895516685, "tukey_hsd": {"groups": ["A12", "B1-8", "PBS"], "pvalues": [[1.0, 0.2362516543807024, 0.2727609946702313], [0.2362516543807024, 1.0, 0.9949963502002706], [0.2727609946702313, 0.9949963502002706, 1.0]]}}, "Ig_treated": {"sum_sq": 114.56944824825092, "df": 1.0, "F": 0.681676342360506, "pvalue": 0.4211508045571377}, "A12_treated": {"sum_sq": 549.0900682124726, "df": 1.0, "F": 3.8966707479553797, "pvalue": 0.06590544740629055}, "Batch": {"sum_sq": 0.627410609122693, "df": 1.0, "F": 0.004169988166136317, "pvalue": 0.9494250454931222}, "Quant": {"sum_sq": 43.4620439056163, "df": 1.0, "F": 0.2519328944460519, "pvalue": 0.622553926722702}}, "7": {"Mouse_ID": {}, "Treatment": {"sum_sq": 120.4663030821367, "df": 2.0, "F": 0.44012828434072737, "pvalue": 0.6520082362944781, "tukey_hsd": {"groups": ["A12", "B1-8", "PBS"], "pvalues": [[1.0, 0.7264191577346333, 0.6792586249843835], [0.7264191577346333, 1.0, 0.9965621200868834], [0.6792586249843835, 0.9965621200868834, 1.0]]}}, "Ig_treated": {"sum_sq": 39.30223539898401, "df": 1.0, "F": 0.294679035617486, "pvalue": 0.5947194705721611}, "A12_treated": {"sum_sq": 119.611255937133, "df": 1.0, "F": 0.9318877623020996, "pvalue": 0.3487381672111772}, "Batch": {"sum_sq": 3.692841316181272, "df": 1.0, "F": 0.02690563829635842, "pvalue": 0.8720525580689275}, "Quant": {"sum_sq": 164.55665595947718, "df": 1.0, "F": 1.3107423207553408, "pvalue": 0.269098131283555}}, "8": {"Mouse_ID": {}, "Treatment": {"sum_sq": 131.41312097304044, "df": 2.0, "F": 0.5312319276647763, "pvalue": 0.5985400525069476, "tukey_hsd": {"groups": ["A12", "B1-8", "PBS"], "pvalues": [[1.0, 0.6490810122333339, 0.9999061741076061], [0.6490810122333339, 1.0, 0.6569752914817139], [0.9999061741076061, 0.6569752914817139, 1.0]]}}, "Ig_treated": {"sum_sq": 31.42353149366579, "df": 1.0, "F": 0.2571356496267601, "pvalue": 0.6190120614381711}, "A12_treated": {"sum_sq": 34.30407936523089, "df": 1.0, "F": 0.2811210360832103, "pvalue": 0.6032486462013045}, "Batch": {"sum_sq": 72.34321072055867, "df": 1.0, "F": 0.6270046302722673, "pvalue": 0.4416668795323043}, "Quant": {"sum_sq": 77.52950223184719, "df": 1.0, "F": 0.64973707153534, "pvalue": 0.43202459628034195}}, "9": {"Mouse_ID": {}, "Treatment": {"sum_sq": 50.43419655519054, "df": 2.0, "F": 0.22503906716348804, "pvalue": 0.8011324850717245, "tukey_hsd": {"groups": ["A12", "B1-8", "PBS"], "pvalues": [[1.0, 0.7999669712583347, 0.8765184857614571], [0.7999669712583347, 1.0, 0.9876678469310455], [0.8765184857614571, 0.9876678469310455, 1.0]]}}, "Ig_treated": {"sum_sq": 4.34683182362983, "df": 1.0, "F": 0.04027325465151403, "pvalue": 0.8434760335782945}, "A12_treated": {"sum_sq": 47.90990329663491, "df": 1.0, "F": 0.455370709867643, "pvalue": 0.5094298874914585}, "Batch": {"sum_sq": 0.6305101013869636, "df": 1.0, "F": 0.006941860128032278, "pvalue": 0.9347784261098268}, "Quant": {"sum_sq": 0.964383344210652, "df": 1.0, "F": 0.008917513918316886, "pvalue": 0.9259380333954594}}, "10": {"Mouse_ID": {}, "Treatment": {"sum_sq": 77.34373397854746, "df": 2.0, "F": 0.4070361564852916, "pvalue": 0.6727543896850208, "tukey_hsd": {"groups": ["A12", "B1-8", "PBS"], "pvalues": [[1.0, 0.7393604426336268, 0.7022071651682185], [0.7393604426336268, 1.0, 0.9978260242610534], [0.7022071651682185, 0.9978260242610534, 1.0]]}}, "Ig_treated": {"sum_sq": 24.176775688446423, "df": 1.0, "F": 0.2616722776754972, "pvalue": 0.6159605916859674}, "A12_treated": {"sum_sq": 76.9686351494793, "df": 1.0, "F": 0.8639051551137006, "pvalue": 0.3664598122283075}, "Batch": {"sum_sq": 14.850411705492295, "df": 1.0, "F": 0.21156588916828292, "pvalue": 0.6526049940335326}, "Quant": {"sum_sq": 0.45908627098427907, "df": 1.0, "F": 0.004890363460879709, "pvalue": 0.9451150539770181}}}