{"1": {"Mouse_ID": {}, "Treatment": {"sum_sq": 122.59489212471317, "df": 2.0, "F": 0.07944744827228616, "pvalue": 0.924012570158743, "tukey_hsd": {"groups": ["A12", "B1-8", "PBS"], "pvalues": [[1.0, 0.9983665918693408, 0.9470463697322552], [0.9983665918693408, 1.0, 0.9279715799920352], [0.9470463697322552, 0.9279715799920352, 1.0]]}}, "Ig_treated": {"sum_sq": 120.30691471221539, "df": 1.0, "F": 0.16629187720109617, "pvalue": 0.6888331078377162}, "A12_treated": {"sum_sq": 17.424530656592225, "df": 1.0, "F": 0.023872538450698578, "pvalue": 0.8791418676522841}, "Batch": {"sum_sq": 854.5478972678899, "df": 1.0, "F": 1.1472603788340516, "pvalue": 0.30224181724628935}, "Quant": {"sum_sq": 5.903176656967765, "df": 1.0, "F": 0.008079696521714988, "pvalue": 0.9294925185571803}}, "2": {"Mouse_ID": {}, "Treatment": {"sum_sq": 3280.2933431623555, "df": 2.0, "F": 4.616392312378186, "pvalue": 0.027394256935615875, "tukey_hsd": {"groups": ["A12", "B1-8", "PBS"], "pvalues": [[1.0, 0.022195515899410934, 0.19833871123234403], [0.022195515899410934, 1.0, 0.46969045305015866], [0.19833871123234403, 0.46969045305015866, 1.0]]}}, "Ig_treated": {"sum_sq": 44.425700150940685, "df": 1.0, "F": 0.08298846491020778, "pvalue": 0.7769859165043438}, "A12_treated": {"sum_sq": 2766.361789100717, "df": 1.0, "F": 7.574864850997509, "pvalue": 0.014168456845635072}, "Batch": {"sum_sq": 8.173367621487966, "df": 1.0, "F": 0.015132262839441442, "pvalue": 0.9038451052891947}, "Quant": {"sum_sq": 1.4985539766679665, "df": 1.0, "F": 0.0027853813992588226, "pvalue": 0.9585631452365235}}, "3": {"Mouse_ID": {}, "Treatment": {"sum_sq": 975.692471116839, "df": 2.0, "F": 1.4030278846373878, "pvalue": 0.27632900510583414, "tukey_hsd": {"groups": ["A12", "B1-8", "PBS"], "pvalues": [[1.0, 0.32702885007943716, 0.9977176038725244], [0.32702885007943716, 1.0, 0.3572876348337112], [0.9977176038725244, 0.3572876348337112, 1.0]]}}, "Ig_treated": {"sum_sq": 212.19130717244775, "df": 1.0, "F": 0.5678171373503846, "pvalue": 0.4620730927182013}, "A12_treated": {"sum_sq": 277.09625856539816, "df": 1.0, "F": 0.7496381969808164, "pvalue": 0.3993878516716921}, "Batch": {"sum_sq": 1216.0869734206267, "df": 1.0, "F": 3.4688128664778173, "pvalue": 0.08365427478738721}, "Quant": {"sum_sq": 21.267721596853345, "df": 1.0, "F": 0.05515069223076202, "pvalue": 0.8173105267785026}}, "4": {"Mouse_ID": {}, "Treatment": {"sum_sq": 359.2049524923593, "df": 2.0, "F": 0.6219614665509883, "pvalue": 0.5501771383653836, "tukey_hsd": {"groups": ["A12", "B1-8", "PBS"], "pvalues": [[1.0, 0.5850452127393321, 0.99613627012248], [0.5850452127393321, 1.0, 0.6356734021180566], [0.99613627012248, 0.6356734021180566, 1.0]]}}, "Ig_treated": {"sum_sq": 67.50627580614604, "df": 1.0, "F": 0.2336253181529424, "pvalue": 0.6353965262012932}, "A12_treated": {"sum_sq": 114.12437151228333, "df": 1.0, "F": 0.3989840935901474, "pvalue": 0.5365354952578354}, "Batch": {"sum_sq": 584.2742593711704, "df": 1.0, "F": 2.0180450860886547, "pvalue": 0.17732672805750033}, "Quant": {"sum_sq": 675.8424296696654, "df": 1.0, "F": 2.6933502595494585, "pvalue": 0.12027514607627642}}, "5": {"Mouse_ID": {}, "Treatment": {"sum_sq": 1797.661497106505, "df": 2.0, "F": 12.777086242184083, "pvalue": 0.0005759938722497508, "tukey_hsd": {"groups": ["A12", "B1-8", "PBS"], "pvalues": [[1.0, 0.845183467384054, 0.00269929756784848], [0.845183467384054, 1.0, 0.0008991406399670998], [0.00269929756784848, 0.0008991406399670998, 1.0]]}}, "Ig_treated": {"sum_sq": 1775.9416361232554, "df": 1.0, "F": 26.385344317213022, "pvalue": 9.944657670985446e-05}, "A12_treated": {"sum_sq": 290.1873743080835, "df": 1.0, "F": 1.811774126279129, "pvalue": 0.19705850472045344}, "Batch": {"sum_sq": 19.307006162587268, "df": 1.0, "F": 0.12476717048411076, "pvalue": 0.7291826526278302}, "Quant": {"sum_sq": 1909.4127435134264, "df": 1.0, "F": 32.38162271549304, "pvalue": 3.346077641311202e-05}}, "6": {"Mouse_ID": {}, "Treatment": {"sum_sq": 550.4572769197587, "df": 2.0, "F": 1.8322235485622107, "pvalue": 0.19412030895513346, "tukey_hsd": {"groups": ["A12", "B1-8", "PBS"], "pvalues": [[1.0, 0.23625165438070383, 0.2727609946701446], [0.23625165438070383, 1.0, 0.9949963502002934], [0.2727609946701446, 0.9949963502002934, 1.0]]}}, "Ig_treated": {"sum_sq": 114.56944824831383, "df": 1.0, "F": 0.6816763423608972, "pvalue": 0.4211508045570076}, "A12_treated": {"sum_sq": 549.0900682125293, "df": 1.0, "F": 3.896670747955887, "pvalue": 0.06590544740627469}, "Batch": {"sum_sq": 0.6274106091231593, "df": 1.0, "F": 0.004169988166139296, "pvalue": 0.9494250454931034}, "Quant": {"sum_sq": 43.46204390565678, "df": 1.0, "F": 0.2519328944462905, "pvalue": 0.6225539267225388}}, "7": {"Mouse_ID": {}, "Treatment": {"sum_sq": 120.4663030821333, "df": 2.0, "F": 0.4401282843407155, "pvalue": 0.6520082362944856, "tukey_hsd": {"groups": ["A12", "B1-8", "PBS"], "pvalues": [[1.0, 0.7264191577346404, 0.6792586249843895], [0.7264191577346404, 1.0, 0.9965621200868832], [0.6792586249843895, 0.9965621200868832, 1.0]]}}, "Ig_treated": {"sum_sq": 39.30223539898328, "df": 1.0, "F": 0.29467903561748127, "pvalue": 0.5947194705721635}, "A12_treated": {"sum_sq": 119.61125593712963, "df": 1.0, "F": 0.9318877623020746, "pvalue": 0.3487381672111837}, "Batch": {"sum_sq": 3.692841316180957, "df": 1.0, "F": 0.026905638296356203, "pvalue": 0.8720525580689384}, "Quant": {"sum_sq": 164.55665595947318, "df": 1.0, "F": 1.31074232075531, "pvalue": 0.2690981312835605}}, "8": {"Mouse_ID": {}, "Treatment": {"sum_sq": 131.41312097304132, "df": 2.0, "F": 0.5312319276647794, "pvalue": 0.5985400525069466, "tukey_hsd": {"groups": ["A12", "B1-8", "PBS"], "pvalues": [[1.0, 0.6490810122333304, 0.999906174107606], [0.6490810122333304, 1.0, 0.6569752914817151], [0.999906174107606, 0.6569752914817151, 1.0]]}}, "Ig_treated": {"sum_sq": 31.423531493665116, "df": 1.0, "F": 0.2571356496267541, "pvalue": 0.619012061438176}, "A12_treated": {"sum_sq": 34.304079365231985, "df": 1.0, "F": 0.28112103608321903, "pvalue": 0.6032486462012974}, "Batch": {"sum_sq": 72.34321072055805, "df": 1.0, "F": 0.6270046302722595, "pvalue": 0.4416668795323073}, "Quant": {"sum_sq": 77.52950223184894, "df": 1.0, "F": 0.6497370715353541, "pvalue": 0.4320245962803372}}, "9": {"Mouse_ID": {}, "Treatment": {"sum_sq": 50.43419655518988, "df": 2.0, "F": 0.2250390671634848, "pvalue": 0.8011324850717266, "tukey_hsd": {"groups": ["A12", "B1-8", "PBS"], "pvalues": [[1.0, 0.7999669712583366, 0.8765184857614601], [0.7999669712583366, 1.0, 0.9876678469310449], [0.8765184857614601, 0.9876678469310449, 1.0]]}}, "Ig_treated": {"sum_sq": 4.346831823629601, "df": 1.0, "F": 0.04027325465151186, "pvalue": 0.8434760335782945}, "A12_treated": {"sum_sq": 47.909903296634134, "df": 1.0, "F": 0.45537070986763506, "pvalue": 0.5094298874914628}, "Batch": {"sum_sq": 0.6305101013869651, "df": 1.0, "F": 0.0069418601280322925, "pvalue": 0.9347784261098268}, "Quant": {"sum_sq": 0.964383344210726, "df": 1.0, "F": 0.008917513918317561, "pvalue": 0.9259380333954594}}, "10": {"Mouse_ID": {}, "Treatment": {"sum_sq": 77.34373397854783, "df": 2.0, "F": 0.4070361564852928, "pvalue": 0.6727543896850202, "tukey_hsd": {"groups": ["A12", "B1-8", "PBS"], "pvalues": [[1.0, 0.7393604426336243, 0.7022071651682193], [0.7393604426336243, 1.0, 0.9978260242610538], [0.7022071651682193, 0.9978260242610538, 1.0]]}}, "Ig_treated": {"sum_sq": 24.176775688446096, "df": 1.0, "F": 0.261672277675493, "pvalue": 0.6159605916859698}, "A12_treated": {"sum_sq": 76.96863514947972, "df": 1.0, "F": 0.8639051551137035, "pvalue": 0.3664598122283075}, "Batch": {"sum_sq": 14.850411705492366, "df": 1.0, "F": 0.21156588916828292, "pvalue": 0.6526049940335326}, "Quant": {"sum_sq": 0.4590862709842793, "df": 1.0, "F": 0.0048903634608797, "pvalue": 0.9451150539770181}}}