{"1": {"Mouse_ID": {}, "Treatment": {"sum_sq": 116.90127777368961, "df": 2.0, "F": 0.07647894831858296, "pvalue": 0.9267312735502781, "tukey_hsd": {"groups": ["A12", "B1-8", "PBS"], "pvalues": [[1.0, 0.9967949128249599, 0.9536060285310987], [0.9967949128249599, 1.0, 0.9275431080307124], [0.9536060285310987, 0.9275431080307124, 1.0]]}}, "Ig_treated": {"sum_sq": 112.45012645882872, "df": 1.0, "F": 0.15688185855466624, "pvalue": 0.6972756582405064}, "A12_treated": {"sum_sq": 12.075668749074632, "df": 1.0, "F": 0.016700884962002574, "pvalue": 0.8987847701737324}, "TMT": {"sum_sq": 866.8444592793381, "df": 1.0, "F": 1.1777366866901962, "pvalue": 0.29615166532200665}, "Quant": {"sum_sq": 6.173048239467525, "df": 1.0, "F": 0.008533092177332776, "pvalue": 0.9275470490226114}}, "2": {"Mouse_ID": {}, "Treatment": {"sum_sq": 3229.1941089767347, "df": 2.0, "F": 4.531959726257924, "pvalue": 0.028869329920773592, "tukey_hsd": {"groups": ["A12", "B1-8", "PBS"], "pvalues": [[1.0, 0.0234137686596656, 0.20483810616699705], [0.0234137686596656, 1.0, 0.4735797380143193], [0.20483810616699705, 0.4735797380143193, 1.0]]}}, "Ig_treated": {"sum_sq": 42.628914544351524, "df": 1.0, "F": 0.07995481433378598, "pvalue": 0.7809840890853954}, "A12_treated": {"sum_sq": 2719.7673734163654, "df": 1.0, "F": 7.4342795233513, "pvalue": 0.01493529688555828}, "TMT": {"sum_sq": 7.53248056152474, "df": 1.0, "F": 0.013993508049536694, "pvalue": 0.9075150993193656}, "Quant": {"sum_sq": 1.0439384485650582, "df": 1.0, "F": 0.0019485128871688277, "pvalue": 0.9653374569423092}}, "3": {"Mouse_ID": {}, "Treatment": {"sum_sq": 995.2879110938904, "df": 2.0, "F": 1.4405983855181261, "pvalue": 0.26773803729272666, "tukey_hsd": {"groups": ["A12", "B1-8", "PBS"], "pvalues": [[1.0, 0.31178278989714125, 0.9949118844692504], [0.31178278989714125, 1.0, 0.3562775614842031], [0.9949118844692504, 0.3562775614842031, 1.0]]}}, "Ig_treated": {"sum_sq": 201.64538138397845, "df": 1.0, "F": 0.5399455452470986, "pvalue": 0.4730886076274635}, "A12_treated": {"sum_sq": 299.1958975102626, "df": 1.0, "F": 0.8144529182738519, "pvalue": 0.38019282080169114}, "TMT": {"sum_sq": 1218.4483785656143, "df": 1.0, "F": 3.4889499530636088, "pvalue": 0.08285342866449336}, "Quant": {"sum_sq": 18.559023765167343, "df": 1.0, "F": 0.04821803991336988, "pvalue": 0.8289704819365892}}, "4": {"Mouse_ID": {}, "Treatment": {"sum_sq": 356.24818518892204, "df": 2.0, "F": 0.6234021867751122, "pvalue": 0.5494457379850044, "tukey_hsd": {"groups": ["A12", "B1-8", "PBS"], "pvalues": [[1.0, 0.5883914566863415, 0.9974064731889717], [0.5883914566863415, 1.0, 0.6298564869238974], [0.9974064731889717, 0.6298564869238974, 1.0]]}}, "Ig_treated": {"sum_sq": 70.80625730430562, "df": 1.0, "F": 0.24782468828613793, "pvalue": 0.625383456877846}, "A12_treated": {"sum_sq": 108.66393802314165, "df": 1.0, "F": 0.3835040349381753, "pvalue": 0.5444518307685198}, "TMT": {"sum_sq": 574.4677495825281, "df": 1.0, "F": 2.0025341173815283, "pvalue": 0.17889398511996693}, "Quant": {"sum_sq": 682.0392136088097, "df": 1.0, "F": 2.7556136564946794, "pvalue": 0.11638208831379193}}, "5": {"Mouse_ID": {}, "Treatment": {"sum_sq": 1317.5172921989783, "df": 2.0, "F": 6.59582534609847, "pvalue": 0.008806039932759257, "tukey_hsd": {"groups": ["A12", "B1-8", "PBS"], "pvalues": [[1.0, 0.4343971767121674, 0.08444133176312074], [0.4343971767121674, 1.0, 0.007232991274849443], [0.08444133176312074, 0.007232991274849443, 1.0]]}}, "Ig_treated": {"sum_sq": 1157.2174228885208, "df": 1.0, "F": 11.164487543268951, "pvalue": 0.004142320850557788}, "A12_treated": {"sum_sq": 36.532808339016675, "df": 1.0, "F": 0.21032804024933738, "pvalue": 0.6526785168782723}, "TMT": {"sum_sq": 16.002352108696694, "df": 1.0, "F": 0.12725595727166897, "pvalue": 0.7266136577225706}, "Quant": {"sum_sq": 1359.7048446559354, "df": 1.0, "F": 14.942439672595903, "pvalue": 0.001369694657880819}}, "6": {"Mouse_ID": {}, "Treatment": {"sum_sq": 984.5011189484701, "df": 2.0, "F": 4.139406106929628, "pvalue": 0.037023571915672834, "tukey_hsd": {"groups": ["A12", "B1-8", "PBS"], "pvalues": [[1.0, 0.29814277078286455, 0.029381462753587995], [0.29814277078286455, 1.0, 0.40235808193271194], [0.029381462753587995, 0.40235808193271194, 1.0]]}}, "Ig_treated": {"sum_sq": 699.8892867408929, "df": 1.0, "F": 5.41399822104614, "pvalue": 0.03343351539242366}, "A12_treated": {"sum_sq": 774.9510260971757, "df": 1.0, "F": 6.220376493357034, "pvalue": 0.02395835547636263}, "TMT": {"sum_sq": 3.9895385200844413, "df": 1.0, "F": 0.022860917323763406, "pvalue": 0.881976356504013}, "Quant": {"sum_sq": 538.2117046211158, "df": 1.0, "F": 3.861501593448863, "pvalue": 0.06701356103542033}}, "7": {"Mouse_ID": {}, "Treatment": {"sum_sq": 130.21210368445998, "df": 2.0, "F": 0.4776860325567831, "pvalue": 0.6293357788349605, "tukey_hsd": {"groups": ["A12", "B1-8", "PBS"], "pvalues": [[1.0, 0.6968643379625252, 0.6661919572424223], [0.6968643379625252, 1.0, 0.9985679784508169], [0.6661919572424223, 0.9985679784508169, 1.0]]}}, "Ig_treated": {"sum_sq": 38.60440918410227, "df": 1.0, "F": 0.28916788378000124, "pvalue": 0.5981550283741908}, "A12_treated": {"sum_sq": 129.8578022131861, "df": 1.0, "F": 1.0161146141447577, "pvalue": 0.32844466889220253}, "TMT": {"sum_sq": 7.218588806859693, "df": 1.0, "F": 0.05253652644877915, "pvalue": 0.8220215240034596}, "Quant": {"sum_sq": 171.29469637593132, "df": 1.0, "F": 1.3680748042786264, "pvalue": 0.2592724217186843}}, "8": {"Mouse_ID": {}, "Treatment": {"sum_sq": 109.38424598174471, "df": 2.0, "F": 0.4396959897475329, "pvalue": 0.6522745338170871, "tukey_hsd": {"groups": ["A12", "B1-8", "PBS"], "pvalues": [[1.0, 0.7088321498888476, 0.9996790746584472], [0.7088321498888476, 1.0, 0.6944189015599621], [0.9996790746584472, 0.6944189015599621, 1.0]]}}, "Ig_treated": {"sum_sq": 29.818884607880772, "df": 1.0, "F": 0.24525150855805025, "pvalue": 0.6271708136536414}, "A12_treated": {"sum_sq": 24.94565615024281, "df": 1.0, "F": 0.20465796624585256, "pvalue": 0.6570604181092317}, "TMT": {"sum_sq": 76.6740574612861, "df": 1.0, "F": 0.6962076385712919, "pvalue": 0.41807151899614403}, "Quant": {"sum_sq": 80.91317680208925, "df": 1.0, "F": 0.6834372379322717, "pvalue": 0.4205638822484806}}, "9": {"Mouse_ID": {}, "Treatment": {"sum_sq": 53.11050118250132, "df": 2.0, "F": 0.23651068236632874, "pvalue": 0.792265973161123, "tukey_hsd": {"groups": ["A12", "B1-8", "PBS"], "pvalues": [[1.0, 0.7849928352545417, 0.8841450603208973], [0.7849928352545417, 1.0, 0.9795562046111415], [0.8841450603208973, 0.9795562046111415, 1.0]]}}, "Ig_treated": {"sum_sq": 2.9543832700571806, "df": 1.0, "F": 0.027255316057326253, "pvalue": 0.8709395365250736}, "A12_treated": {"sum_sq": 48.897756948364716, "df": 1.0, "F": 0.4633754840516467, "pvalue": 0.5057831241747384}, "TMT": {"sum_sq": 0.11785467205598352, "df": 1.0, "F": 0.001248960072475836, "pvalue": 0.9723070777565999}, "Quant": {"sum_sq": 0.20743090646320395, "df": 1.0, "F": 0.001910603358809351, "pvalue": 0.9656760734668104}}, "10": {"Mouse_ID": {}, "Treatment": {"sum_sq": 77.01109286829295, "df": 2.0, "F": 0.40101191661834346, "pvalue": 0.6766110705136662, "tukey_hsd": {"groups": ["A12", "B1-8", "PBS"], "pvalues": [[1.0, 0.7383121587335104, 0.709326494399665], [0.7383121587335104, 1.0, 0.9986718404009566], [0.709326494399665, 0.9986718404009566, 1.0]]}}, "Ig_treated": {"sum_sq": 23.01959685071361, "df": 1.0, "F": 0.24647803113164043, "pvalue": 0.6263173949141116}, "A12_treated": {"sum_sq": 76.7796013536391, "df": 1.0, "F": 0.8527834602737876, "pvalue": 0.3694837029159303}, "TMT": {"sum_sq": 26.7936463099792, "df": 1.0, "F": 0.3793573131837763, "pvalue": 0.5478311485334686}, "Quant": {"sum_sq": 0.14682978218866424, "df": 1.0, "F": 0.001548450906063076, "pvalue": 0.9690978811331362}}}