{"1": {"sample": {}, "condition": {"sum_sq": 169.55806208955977, "df": 1.0, "F": 2.2138618722428904, "pvalue": 0.15895128715358292}}, "2": {"sample": {}, "condition": {"sum_sq": 2.8903864523725282, "df": 1.0, "F": 0.07597525376232439, "pvalue": 0.7868542523528079}}, "3": {"sample": {}, "condition": {"sum_sq": 46.451664144807935, "df": 1.0, "F": 1.7323645859739643, "pvalue": 0.20925274015598244}}, "4": {"sample": {}, "condition": {"sum_sq": 7.329495218731425, "df": 1.0, "F": 0.3031238929319059, "pvalue": 0.5906082223897327}}, "5": {"sample": {}, "condition": {"sum_sq": 48.902318750697006, "df": 1.0, "F": 2.83434026808845, "pvalue": 0.11442470906124233}}, "6": {"sample": {}, "condition": {"sum_sq": 3.3428011733940903, "df": 1.0, "F": 0.18412214053794448, "pvalue": 0.6743839951964186}}, "7": {"sample": {}, "condition": {"sum_sq": 37.218861425616936, "df": 1.0, "F": 3.959710404013045, "pvalue": 0.06649993091062484}}, "8": {"sample": {}, "condition": {"sum_sq": 14.699488107141107, "df": 1.0, "F": 1.597891488485107, "pvalue": 0.22684397403652898}}, "9": {"sample": {}, "condition": {"sum_sq": 2.0183854492210194, "df": 1.0, "F": 0.2225871476066523, "pvalue": 0.6443444212120554}}, "10": {"sample": {}, "condition": {"sum_sq": 1.8844612819633748, "df": 1.0, "F": 0.23142554253364794, "pvalue": 0.6379005196085241}}}