{"1": {"Sample_ID": {}, "WHO_3G": {"sum_sq": 5483.206469110771, "df": 2.0, "F": 100.9746870678473, "pvalue": 9.480583956516265e-27, "tukey_hsd": {"groups": ["mild", "moderate", "severe"], "pvalues": [[1.0, 0.0, 0.0], [0.0, 1.0, 0.5408018812317148], [0.0, 0.5408018812317148, 1.0]]}}, "WHO_2G": {"sum_sq": 5452.711772933892, "df": 1.0, "F": 200.6286021498428, "pvalue": 9.27667977917727e-28}, "Sex": {"sum_sq": 954.2976360811416, "df": 1.0, "F": 15.107905101410461, "pvalue": 0.0001638472635513335}, "Age": {"sum_sq": 679.3224445812032, "df": 1.0, "F": 10.392715097808075, "pvalue": 0.0016140603814961516}, "BMI": {"sum_sq": 21.281426839652863, "df": 1.0, "F": 0.8524680546342344, "pvalue": 0.3585972983585375}}, "2": {"Sample_ID": {}, "WHO_3G": {"sum_sq": 659.7764758854487, "df": 2.0, "F": 11.457513912823522, "pvalue": 2.7166815536813053e-05, "tukey_hsd": {"groups": ["mild", "moderate", "severe"], "pvalues": [[1.0, 0.6499380640733353, 3.1276048347628205e-05], [0.6499380640733353, 1.0, 0.000316128992894793], [3.1276048347628205e-05, 0.000316128992894793, 1.0]]}}, "WHO_2G": {"sum_sq": 198.97239153881222, "df": 1.0, "F": 6.169992767151894, "pvalue": 0.014317196198499168}, "Sex": {"sum_sq": 90.14280150162602, "df": 1.0, "F": 2.7217821484499463, "pvalue": 0.10149815850429059}, "Age": {"sum_sq": 840.8569638219702, "df": 1.0, "F": 31.012685788998848, "pvalue": 1.4961095184626875e-07}, "BMI": {"sum_sq": 49.253229647390185, "df": 1.0, "F": 1.2657853898522067, "pvalue": 0.2638816141051468}}, "3": {"Sample_ID": {}, "WHO_3G": {"sum_sq": 348.4151697937925, "df": 2.0, "F": 8.835969427559954, "pvalue": 0.00025855119861647373, "tukey_hsd": {"groups": ["mild", "moderate", "severe"], "pvalues": [[1.0, 0.3162371618051725, 0.013963054509213979], [0.3162371618051725, 1.0, 0.00014873569891915572], [0.013963054509213979, 0.00014873569891915572, 1.0]]}}, "WHO_2G": {"sum_sq": 0.6060435642929678, "df": 1.0, "F": 0.027127601961262883, "pvalue": 0.8694425534807624}, "Sex": {"sum_sq": 8.074269181544668, "df": 1.0, "F": 0.36238798251784027, "pvalue": 0.5482733503238644}, "Age": {"sum_sq": 473.80004313916726, "df": 1.0, "F": 25.53500195992245, "pvalue": 1.5031765024383543e-06}, "BMI": {"sum_sq": 94.14732362201669, "df": 1.0, "F": 3.4412545599426245, "pvalue": 0.06722566550179734}}, "4": {"Sample_ID": {}, "WHO_3G": {"sum_sq": 201.22522552882882, "df": 2.0, "F": 5.446695198023795, "pvalue": 0.005404094319998505, "tukey_hsd": {"groups": ["mild", "moderate", "severe"], "pvalues": [[1.0, 0.5460582547823556, 0.05811713423136389], [0.5460582547823556, 1.0, 0.0036823537301974296], [0.05811713423136389, 0.0036823537301974296, 1.0]]}}, "WHO_2G": {"sum_sq": 1.0110033158615395, "df": 1.0, "F": 0.050737470547998265, "pvalue": 0.8221527906822934}, "Sex": {"sum_sq": 27.89345185789902, "df": 1.0, "F": 1.415113374811419, "pvalue": 0.2364640439956886}, "Age": {"sum_sq": 26.01916134143912, "df": 1.0, "F": 1.3190219522978412, "pvalue": 0.25296070131349285}, "BMI": {"sum_sq": 42.74894498378364, "df": 1.0, "F": 2.1967727605152385, "pvalue": 0.14218016967811845}}, "5": {"Sample_ID": {}, "WHO_3G": {"sum_sq": 20.75991060362241, "df": 2.0, "F": 0.5788023105566862, "pvalue": 0.5620765110584729, "tukey_hsd": {"groups": ["mild", "moderate", "severe"], "pvalues": [[1.0, 0.7216479541169741, 0.9455324033856688], [0.7216479541169741, 1.0, 0.5848281105079653], [0.9455324033856688, 0.5848281105079653, 1.0]]}}, "WHO_2G": {"sum_sq": 3.198937294320807, "df": 1.0, "F": 0.17840732389953531, "pvalue": 0.6734711931283682}, "Sex": {"sum_sq": 147.92281574623874, "df": 1.0, "F": 8.81924202216047, "pvalue": 0.0035745719547299348}, "Age": {"sum_sq": 32.46356981524107, "df": 1.0, "F": 1.8344720978199218, "pvalue": 0.17804347293072145}, "BMI": {"sum_sq": 12.674145767505504, "df": 1.0, "F": 0.7349293662501122, "pvalue": 0.393819411871427}}, "6": {"Sample_ID": {}, "WHO_3G": {"sum_sq": 116.52866806177582, "df": 2.0, "F": 4.4496322614269, "pvalue": 0.013606445099236034, "tukey_hsd": {"groups": ["mild", "moderate", "severe"], "pvalues": [[1.0, 0.020514426391024854, 0.9902510925535615], [0.020514426391024854, 1.0, 0.07775435049326707], [0.9902510925535615, 0.07775435049326707, 1.0]]}}, "WHO_2G": {"sum_sq": 54.02105428890321, "df": 1.0, "F": 4.004674848944537, "pvalue": 0.04754013206760264}, "Sex": {"sum_sq": 4.379188442924382, "df": 1.0, "F": 0.3153527851785898, "pvalue": 0.5754193741853235}, "Age": {"sum_sq": 28.57607836074213, "df": 1.0, "F": 2.0869025955648177, "pvalue": 0.15106905761350736}, "BMI": {"sum_sq": 0.12802867142211696, "df": 1.0, "F": 0.01104320441784278, "pvalue": 0.9165668443607144}}, "7": {"Sample_ID": {}, "WHO_3G": {"sum_sq": 37.75002951655387, "df": 2.0, "F": 1.521038631092604, "pvalue": 0.22253285033324155, "tukey_hsd": {"groups": ["mild", "moderate", "severe"], "pvalues": [[1.0, 0.7045262590086951, 0.19303489680666686], [0.7045262590086951, 1.0, 0.5013874762438035], [0.19303489680666686, 0.5013874762438035, 1.0]]}}, "WHO_2G": {"sum_sq": 22.082901040737525, "df": 1.0, "F": 1.7758157279547804, "pvalue": 0.18508806356335225}, "Sex": {"sum_sq": 8.414221046550544, "df": 1.0, "F": 0.6707388215393805, "pvalue": 0.41435282447674604}, "Age": {"sum_sq": 5.545897629433625, "df": 1.0, "F": 0.4412835070143971, "pvalue": 0.5077271490740918}, "BMI": {"sum_sq": 35.67677656017152, "df": 1.0, "F": 3.909980896200528, "pvalue": 0.05140168437728206}}, "8": {"Sample_ID": {}, "WHO_3G": {"sum_sq": 30.312787705408866, "df": 2.0, "F": 1.4453652365721341, "pvalue": 0.23960221867158144, "tukey_hsd": {"groups": ["mild", "moderate", "severe"], "pvalues": [[1.0, 0.23277370545157727, 0.48893885902983913], [0.23277370545157727, 1.0, 0.9742045368842832], [0.48893885902983913, 0.9742045368842832, 1.0]]}}, "WHO_2G": {"sum_sq": 29.815567084527515, "df": 1.0, "F": 2.865148164137273, "pvalue": 0.09300839880917426}, "Sex": {"sum_sq": 2.1364708197640248, "df": 1.0, "F": 0.20102806194430453, "pvalue": 0.6546685137327877}, "Age": {"sum_sq": 4.743924206240752, "df": 1.0, "F": 0.44725037516993327, "pvalue": 0.5048767966621147}, "BMI": {"sum_sq": 5.266895984436362, "df": 1.0, "F": 0.4736568099123529, "pvalue": 0.4932759982627005}}, "9": {"Sample_ID": {}, "WHO_3G": {"sum_sq": 50.194886878047825, "df": 2.0, "F": 2.637884048481009, "pvalue": 0.0755235883931237, "tukey_hsd": {"groups": ["mild", "moderate", "severe"], "pvalues": [[1.0, 0.26910815688571654, 0.7038177667323571], [0.26910815688571654, 1.0, 0.08247837257086243], [0.7038177667323571, 0.08247837257086243, 1.0]]}}, "WHO_2G": {"sum_sq": 5.85575939364974, "df": 1.0, "F": 0.5979638276354039, "pvalue": 0.44081584390805906}, "Sex": {"sum_sq": 23.24502991992088, "df": 1.0, "F": 2.4078836737116505, "pvalue": 0.12325370597955573}, "Age": {"sum_sq": 38.34302600131341, "df": 1.0, "F": 4.022164209557758, "pvalue": 0.04706546031973216}, "BMI": {"sum_sq": 47.36498289915958, "df": 1.0, "F": 5.05564900753513, "pvalue": 0.02726233285850959}}, "10": {"Sample_ID": {}, "WHO_3G": {"sum_sq": 12.743526000648467, "df": 2.0, "F": 0.7048808404029157, "pvalue": 0.49613657252090637, "tukey_hsd": {"groups": ["mild", "moderate", "severe"], "pvalues": [[1.0, 0.7313318997944884, 0.47968822633031716], [0.7313318997944884, 1.0, 0.8438812531432461], [0.47968822633031716, 0.8438812531432461, 1.0]]}}, "WHO_2G": {"sum_sq": 9.95479378482439, "df": 1.0, "F": 1.1073821738048883, "pvalue": 0.29468172849425667}, "Sex": {"sum_sq": 0.21488527139681327, "df": 1.0, "F": 0.023698657353250187, "pvalue": 0.877902403986762}, "Age": {"sum_sq": 8.457085588378572, "df": 1.0, "F": 0.9395232252082243, "pvalue": 0.33427225294180285}, "BMI": {"sum_sq": 93.67618813723618, "df": 1.0, "F": 11.432392056213807, "pvalue": 0.001113151787347805}}}