{"1": {"Mouse_ID": {}, "Treatment": {"sum_sq": 116.90127777369068, "df": 2.0, "F": 0.07647894831858358, "pvalue": 0.9267312735502773, "tukey_hsd": {"groups": ["A12", "B1-8", "PBS"], "pvalues": [[1.0, 0.9967949128249595, 0.9536060285310992], [0.9967949128249595, 1.0, 0.9275431080307114], [0.9536060285310992, 0.9275431080307114, 1.0]]}}, "Ig_treated": {"sum_sq": 112.45012645882912, "df": 1.0, "F": 0.15688185855466663, "pvalue": 0.6972756582405064}, "A12_treated": {"sum_sq": 12.075668749073868, "df": 1.0, "F": 0.016700884962001505, "pvalue": 0.8987847701737324}, "TMT": {"sum_sq": 866.8444592793365, "df": 1.0, "F": 1.177736686690193, "pvalue": 0.29615166532200743}, "Quant": {"sum_sq": 6.173048239467386, "df": 1.0, "F": 0.008533092177332575, "pvalue": 0.9275470490226114}}, "2": {"Mouse_ID": {}, "Treatment": {"sum_sq": 3229.1941089767415, "df": 2.0, "F": 4.531959726257938, "pvalue": 0.02886932992077332, "tukey_hsd": {"groups": ["A12", "B1-8", "PBS"], "pvalues": [[1.0, 0.02341376865966527, 0.20483810616699583], [0.02341376865966527, 1.0, 0.47357973801431763], [0.20483810616699583, 0.47357973801431763, 1.0]]}}, "Ig_treated": {"sum_sq": 42.628914544351574, "df": 1.0, "F": 0.07995481433378605, "pvalue": 0.7809840890853954}, "A12_treated": {"sum_sq": 2719.7673734163727, "df": 1.0, "F": 7.434279523351324, "pvalue": 0.014935296885558131}, "TMT": {"sum_sq": 7.532480561525438, "df": 1.0, "F": 0.013993508049537985, "pvalue": 0.9075150993193605}, "Quant": {"sum_sq": 1.0439384485650802, "df": 1.0, "F": 0.0019485128871688678, "pvalue": 0.9653374569423092}}, "3": {"Mouse_ID": {}, "Treatment": {"sum_sq": 995.2879110938818, "df": 2.0, "F": 1.4405983855181157, "pvalue": 0.26773803729272905, "tukey_hsd": {"groups": ["A12", "B1-8", "PBS"], "pvalues": [[1.0, 0.31178278989714425, 0.9949118844692508], [0.31178278989714425, 1.0, 0.3562775614842044], [0.9949118844692508, 0.3562775614842044, 1.0]]}}, "Ig_treated": {"sum_sq": 201.6453813839786, "df": 1.0, "F": 0.5399455452471004, "pvalue": 0.4730886076274635}, "A12_treated": {"sum_sq": 299.1958975102584, "df": 1.0, "F": 0.8144529182738421, "pvalue": 0.38019282080169337}, "TMT": {"sum_sq": 1218.4483785656123, "df": 1.0, "F": 3.488949953063612, "pvalue": 0.08285342866449336}, "Quant": {"sum_sq": 18.559023765167375, "df": 1.0, "F": 0.04821803991337007, "pvalue": 0.8289704819365892}}, "4": {"Mouse_ID": {}, "Treatment": {"sum_sq": 356.24818518892374, "df": 2.0, "F": 0.6234021867751132, "pvalue": 0.549445737985004, "tukey_hsd": {"groups": ["A12", "B1-8", "PBS"], "pvalues": [[1.0, 0.5883914566863406, 0.9974064731889716], [0.5883914566863406, 1.0, 0.6298564869238976], [0.9974064731889716, 0.6298564869238976, 1.0]]}}, "Ig_treated": {"sum_sq": 70.80625730430546, "df": 1.0, "F": 0.24782468828613652, "pvalue": 0.625383456877846}, "A12_treated": {"sum_sq": 108.66393802314263, "df": 1.0, "F": 0.3835040349381775, "pvalue": 0.5444518307685198}, "TMT": {"sum_sq": 574.4677495825288, "df": 1.0, "F": 2.002534117381523, "pvalue": 0.17889398511996757}, "Quant": {"sum_sq": 682.0392136088096, "df": 1.0, "F": 2.7556136564946683, "pvalue": 0.1163820883137928}}, "5": {"Mouse_ID": {}, "Treatment": {"sum_sq": 1317.517292198911, "df": 2.0, "F": 6.595825346097801, "pvalue": 0.008806039932762398, "tukey_hsd": {"groups": ["A12", "B1-8", "PBS"], "pvalues": [[1.0, 0.43439717671213696, 0.08444133176315383], [0.43439717671213696, 1.0, 0.007232991274851663], [0.08444133176315383, 0.007232991274851663, 1.0]]}}, "Ig_treated": {"sum_sq": 1157.2174228884314, "df": 1.0, "F": 11.164487543267429, "pvalue": 0.004142320850559776}, "A12_treated": {"sum_sq": 36.5328083389995, "df": 1.0, "F": 0.2103280402492365, "pvalue": 0.6526785168783491}, "TMT": {"sum_sq": 16.002352108695984, "df": 1.0, "F": 0.12725595727166542, "pvalue": 0.7266136577225738}, "Quant": {"sum_sq": 1359.7048446558524, "df": 1.0, "F": 14.942439672594048, "pvalue": 0.001369694657881511}}, "6": {"Mouse_ID": {}, "Treatment": {"sum_sq": 984.5011189485339, "df": 2.0, "F": 4.139406106930044, "pvalue": 0.037023571915662884, "tukey_hsd": {"groups": ["A12", "B1-8", "PBS"], "pvalues": [[1.0, 0.29814277078287943, 0.029381462753579446], [0.29814277078287943, 1.0, 0.4023580819326157], [0.029381462753579446, 0.4023580819326157, 1.0]]}}, "Ig_treated": {"sum_sq": 699.8892867409801, "df": 1.0, "F": 5.4139982210470405, "pvalue": 0.03343351539241086}, "A12_treated": {"sum_sq": 774.951026097189, "df": 1.0, "F": 6.220376493357178, "pvalue": 0.023958355476361208}, "TMT": {"sum_sq": 3.9895385200851905, "df": 1.0, "F": 0.022860917323767372, "pvalue": 0.881976356504005}, "Quant": {"sum_sq": 538.2117046211986, "df": 1.0, "F": 3.8615015934495975, "pvalue": 0.06701356103539707}}, "7": {"Mouse_ID": {}, "Treatment": {"sum_sq": 130.21210368446137, "df": 2.0, "F": 0.47768603255679165, "pvalue": 0.6293357788349555, "tukey_hsd": {"groups": ["A12", "B1-8", "PBS"], "pvalues": [[1.0, 0.6968643379625235, 0.6661919572424153], [0.6968643379625235, 1.0, 0.9985679784508165], [0.6661919572424153, 0.9985679784508165, 1.0]]}}, "Ig_treated": {"sum_sq": 38.60440918410363, "df": 1.0, "F": 0.2891678837800134, "pvalue": 0.598155028374184}, "A12_treated": {"sum_sq": 129.85780221318734, "df": 1.0, "F": 1.0161146141447746, "pvalue": 0.32844466889219887}, "TMT": {"sum_sq": 7.2185888068597075, "df": 1.0, "F": 0.05253652644877962, "pvalue": 0.8220215240034596}, "Quant": {"sum_sq": 171.29469637593192, "df": 1.0, "F": 1.3680748042786406, "pvalue": 0.25927242171868187}}, "8": {"Mouse_ID": {}, "Treatment": {"sum_sq": 109.3842459817454, "df": 2.0, "F": 0.4396959897475378, "pvalue": 0.6522745338170842, "tukey_hsd": {"groups": ["A12", "B1-8", "PBS"], "pvalues": [[1.0, 0.7088321498888439, 0.9996790746584473], [0.7088321498888439, 1.0, 0.6944189015599607], [0.9996790746584473, 0.6944189015599607, 1.0]]}}, "Ig_treated": {"sum_sq": 29.818884607880516, "df": 1.0, "F": 0.24525150855804925, "pvalue": 0.6271708136536414}, "A12_treated": {"sum_sq": 24.94565615024334, "df": 1.0, "F": 0.20465796624585786, "pvalue": 0.6570604181092288}, "TMT": {"sum_sq": 76.67405746128615, "df": 1.0, "F": 0.6962076385712938, "pvalue": 0.4180715189961435}, "Quant": {"sum_sq": 80.9131768020895, "df": 1.0, "F": 0.6834372379322771, "pvalue": 0.4205638822484782}}, "9": {"Mouse_ID": {}, "Treatment": {"sum_sq": 53.110501182500784, "df": 2.0, "F": 0.23651068236632627, "pvalue": 0.7922659731611251, "tukey_hsd": {"groups": ["A12", "B1-8", "PBS"], "pvalues": [[1.0, 0.7849928352545446, 0.8841450603208967], [0.7849928352545446, 1.0, 0.9795562046111429], [0.8841450603208967, 0.9795562046111429, 1.0]]}}, "Ig_treated": {"sum_sq": 2.954383270057345, "df": 1.0, "F": 0.027255316057327762, "pvalue": 0.8709395365250652}, "A12_treated": {"sum_sq": 48.897756948364446, "df": 1.0, "F": 0.4633754840516441, "pvalue": 0.5057831241747399}, "TMT": {"sum_sq": 0.11785467205608637, "df": 1.0, "F": 0.0012489600724769285, "pvalue": 0.9723070777565826}, "Quant": {"sum_sq": 0.20743090646322648, "df": 1.0, "F": 0.0019106033588095585, "pvalue": 0.9656760734668104}}, "10": {"Mouse_ID": {}, "Treatment": {"sum_sq": 77.01109286829369, "df": 2.0, "F": 0.4010119166183478, "pvalue": 0.6766110705136632, "tukey_hsd": {"groups": ["A12", "B1-8", "PBS"], "pvalues": [[1.0, 0.7383121587335079, 0.7093264943996621], [0.7383121587335079, 1.0, 0.9986718404009565], [0.7093264943996621, 0.9986718404009565, 1.0]]}}, "Ig_treated": {"sum_sq": 23.01959685071385, "df": 1.0, "F": 0.24647803113164313, "pvalue": 0.6263173949141092}, "A12_treated": {"sum_sq": 76.77960135363988, "df": 1.0, "F": 0.8527834602737974, "pvalue": 0.36948370291592775}, "TMT": {"sum_sq": 26.79364630997885, "df": 1.0, "F": 0.3793573131837724, "pvalue": 0.5478311485334703}, "Quant": {"sum_sq": 0.14682978218866993, "df": 1.0, "F": 0.0015484509060631369, "pvalue": 0.9690978811331362}}}