{"1": {"Mouse_ID": {}, "Treatment": {"sum_sq": 122.59489212471291, "df": 2.0, "F": 0.07944744827228609, "pvalue": 0.924012570158743, "tukey_hsd": {"groups": ["A12", "B1-8", "PBS"], "pvalues": [[1.0, 0.9983665918693411, 0.9470463697322544], [0.9983665918693411, 1.0, 0.9279715799920358], [0.9470463697322544, 0.9279715799920358, 1.0]]}}, "Ig_treated": {"sum_sq": 120.30691471221539, "df": 1.0, "F": 0.1662918772010964, "pvalue": 0.6888331078377162}, "A12_treated": {"sum_sq": 17.424530656593085, "df": 1.0, "F": 0.023872538450699796, "pvalue": 0.8791418676522841}, "Batch": {"sum_sq": 854.5478972678872, "df": 1.0, "F": 1.147260378834049, "pvalue": 0.3022418172462896}, "Quant": {"sum_sq": 5.903176656967779, "df": 1.0, "F": 0.008079696521715017, "pvalue": 0.9294925185571803}}, "2": {"Mouse_ID": {}, "Treatment": {"sum_sq": 3280.29334316236, "df": 2.0, "F": 4.616392312378192, "pvalue": 0.027394256935615764, "tukey_hsd": {"groups": ["A12", "B1-8", "PBS"], "pvalues": [[1.0, 0.022195515899410934, 0.1983387112323438], [0.022195515899410934, 1.0, 0.4696904530501572], [0.1983387112323438, 0.4696904530501572, 1.0]]}}, "Ig_treated": {"sum_sq": 44.42570015094023, "df": 1.0, "F": 0.08298846491020687, "pvalue": 0.7769859165043438}, "A12_treated": {"sum_sq": 2766.3617891007193, "df": 1.0, "F": 7.5748648509975105, "pvalue": 0.01416845684563505}, "Batch": {"sum_sq": 8.173367621487937, "df": 1.0, "F": 0.015132262839441383, "pvalue": 0.9038451052891947}, "Quant": {"sum_sq": 1.4985539766679454, "df": 1.0, "F": 0.0027853813992587823, "pvalue": 0.9585631452365235}}, "3": {"Mouse_ID": {}, "Treatment": {"sum_sq": 975.6924711168488, "df": 2.0, "F": 1.4030278846374025, "pvalue": 0.2763290051058306, "tukey_hsd": {"groups": ["A12", "B1-8", "PBS"], "pvalues": [[1.0, 0.32702885007943383, 0.9977176038725244], [0.32702885007943383, 1.0, 0.3572876348337073], [0.9977176038725244, 0.3572876348337073, 1.0]]}}, "Ig_treated": {"sum_sq": 212.19130717245025, "df": 1.0, "F": 0.5678171373503912, "pvalue": 0.4620730927181983}, "A12_treated": {"sum_sq": 277.0962585654005, "df": 1.0, "F": 0.7496381969808223, "pvalue": 0.3993878516716898}, "Batch": {"sum_sq": 1216.0869734206165, "df": 1.0, "F": 3.4688128664777755, "pvalue": 0.08365427478738885}, "Quant": {"sum_sq": 21.267721596855367, "df": 1.0, "F": 0.05515069223076724, "pvalue": 0.8173105267784909}}, "4": {"Mouse_ID": {}, "Treatment": {"sum_sq": 359.2049524923545, "df": 2.0, "F": 0.6219614665509785, "pvalue": 0.5501771383653891, "tukey_hsd": {"groups": ["A12", "B1-8", "PBS"], "pvalues": [[1.0, 0.5850452127393369, 0.9961362701224801], [0.5850452127393369, 1.0, 0.6356734021180609], [0.9961362701224801, 0.6356734021180609, 1.0]]}}, "Ig_treated": {"sum_sq": 67.50627580614521, "df": 1.0, "F": 0.23362531815293924, "pvalue": 0.6353965262012957}, "A12_treated": {"sum_sq": 114.12437151228181, "df": 1.0, "F": 0.3989840935901416, "pvalue": 0.5365354952578383}, "Batch": {"sum_sq": 584.2742593711804, "df": 1.0, "F": 2.018045086088692, "pvalue": 0.17732672805749666}, "Quant": {"sum_sq": 675.8424296696658, "df": 1.0, "F": 2.693350259549457, "pvalue": 0.12027514607627642}}, "5": {"Mouse_ID": {}, "Treatment": {"sum_sq": 1797.6614971065112, "df": 2.0, "F": 12.77708624218415, "pvalue": 0.000575993872249736, "tukey_hsd": {"groups": ["A12", "B1-8", "PBS"], "pvalues": [[1.0, 0.8451834673840601, 0.00269929756784848], [0.8451834673840601, 1.0, 0.0008991406399670998], [0.00269929756784848, 0.0008991406399670998, 1.0]]}}, "Ig_treated": {"sum_sq": 1775.9416361232613, "df": 1.0, "F": 26.38534431721317, "pvalue": 9.94465767098518e-05}, "A12_treated": {"sum_sq": 290.1873743080876, "df": 1.0, "F": 1.811774126279156, "pvalue": 0.19705850472045006}, "Batch": {"sum_sq": 19.307006162587435, "df": 1.0, "F": 0.12476717048411147, "pvalue": 0.7291826526278302}, "Quant": {"sum_sq": 1909.4127435134312, "df": 1.0, "F": 32.38162271549314, "pvalue": 3.3460776413111464e-05}}, "6": {"Mouse_ID": {}, "Treatment": {"sum_sq": 550.4572769197514, "df": 2.0, "F": 1.8322235485621823, "pvalue": 0.1941203089551379, "tukey_hsd": {"groups": ["A12", "B1-8", "PBS"], "pvalues": [[1.0, 0.23625165438070583, 0.2727609946701536], [0.23625165438070583, 1.0, 0.9949963502002918], [0.2727609946701536, 0.9949963502002918, 1.0]]}}, "Ig_treated": {"sum_sq": 114.56944824830838, "df": 1.0, "F": 0.6816763423608639, "pvalue": 0.42115080455701914}, "A12_treated": {"sum_sq": 549.0900682125214, "df": 1.0, "F": 3.8966707479558216, "pvalue": 0.06590544740627675}, "Batch": {"sum_sq": 0.6274106091231461, "df": 1.0, "F": 0.004169988166139211, "pvalue": 0.9494250454931128}, "Quant": {"sum_sq": 43.46204390565298, "df": 1.0, "F": 0.25193289444626843, "pvalue": 0.6225539267225539}}, "7": {"Mouse_ID": {}, "Treatment": {"sum_sq": 120.4663030821363, "df": 2.0, "F": 0.44012828434072754, "pvalue": 0.6520082362944781, "tukey_hsd": {"groups": ["A12", "B1-8", "PBS"], "pvalues": [[1.0, 0.7264191577346351, 0.6792586249843817], [0.7264191577346351, 1.0, 0.9965621200868828], [0.6792586249843817, 0.9965621200868828, 1.0]]}}, "Ig_treated": {"sum_sq": 39.3022353989846, "df": 1.0, "F": 0.2946790356174916, "pvalue": 0.5947194705721578}, "A12_treated": {"sum_sq": 119.61125593713258, "df": 1.0, "F": 0.9318877623020998, "pvalue": 0.3487381672111772}, "Batch": {"sum_sq": 3.692841316181017, "df": 1.0, "F": 0.026905638296356678, "pvalue": 0.8720525580689311}, "Quant": {"sum_sq": 164.55665595947556, "df": 1.0, "F": 1.3107423207553321, "pvalue": 0.2690981312835568}}, "8": {"Mouse_ID": {}, "Treatment": {"sum_sq": 131.41312097304095, "df": 2.0, "F": 0.5312319276647771, "pvalue": 0.5985400525069476, "tukey_hsd": {"groups": ["A12", "B1-8", "PBS"], "pvalues": [[1.0, 0.6490810122333324, 0.9999061741076061], [0.6490810122333324, 1.0, 0.6569752914817152], [0.9999061741076061, 0.6569752914817152, 1.0]]}}, "Ig_treated": {"sum_sq": 31.42353149366539, "df": 1.0, "F": 0.2571356496267561, "pvalue": 0.6190120614381734}, "A12_treated": {"sum_sq": 34.30407936523152, "df": 1.0, "F": 0.28112103608321476, "pvalue": 0.603248646201302}, "Batch": {"sum_sq": 72.34321072055802, "df": 1.0, "F": 0.6270046302722596, "pvalue": 0.44166687953230666}, "Quant": {"sum_sq": 77.52950223184874, "df": 1.0, "F": 0.6497370715353517, "pvalue": 0.4320245962803385}}, "9": {"Mouse_ID": {}, "Treatment": {"sum_sq": 50.43419655519111, "df": 2.0, "F": 0.22503906716349026, "pvalue": 0.8011324850717225, "tukey_hsd": {"groups": ["A12", "B1-8", "PBS"], "pvalues": [[1.0, 0.7999669712583326, 0.8765184857614569], [0.7999669712583326, 1.0, 0.9876678469310449], [0.8765184857614569, 0.9876678469310449, 1.0]]}}, "Ig_treated": {"sum_sq": 4.346831823629757, "df": 1.0, "F": 0.04027325465151328, "pvalue": 0.8434760335782945}, "A12_treated": {"sum_sq": 47.90990329663536, "df": 1.0, "F": 0.4553707098676468, "pvalue": 0.5094298874914568}, "Batch": {"sum_sq": 0.6305101013868942, "df": 1.0, "F": 0.0069418601280314945, "pvalue": 0.9347784261098268}, "Quant": {"sum_sq": 0.964383344210641, "df": 1.0, "F": 0.008917513918316767, "pvalue": 0.9259380333954594}}, "10": {"Mouse_ID": {}, "Treatment": {"sum_sq": 77.34373397854687, "df": 2.0, "F": 0.4070361564852877, "pvalue": 0.6727543896850238, "tukey_hsd": {"groups": ["A12", "B1-8", "PBS"], "pvalues": [[1.0, 0.7393604426336289, 0.702207165168221], [0.7393604426336289, 1.0, 0.9978260242610535], [0.702207165168221, 0.9978260242610535, 1.0]]}}, "Ig_treated": {"sum_sq": 24.176775688446213, "df": 1.0, "F": 0.26167227767549445, "pvalue": 0.6159605916859698}, "A12_treated": {"sum_sq": 76.9686351494787, "df": 1.0, "F": 0.863905155113692, "pvalue": 0.36645981222831003}, "Batch": {"sum_sq": 14.850411705492172, "df": 1.0, "F": 0.21156588916828023, "pvalue": 0.652604994033535}, "Quant": {"sum_sq": 0.4590862709842596, "df": 1.0, "F": 0.004890363460879495, "pvalue": 0.9451150539770181}}}