{"1": {"Seqn": {}, "ID": {"sum_sq": 193.6975654936915, "df": 1.0, "F": 0.34819843544922113, "pvalue": 0.5633764451961603}, "Group": {"sum_sq": 941.651984363831, "df": 2.0, "F": 0.8662739610089265, "pvalue": 0.44052327747041375, "tukey_hsd": {"groups": ["A12", "B1-8", "PBS"], "pvalues": [[1.0, 0.42967536202883105, 0.9325075749386866], [0.42967536202883105, 1.0, 0.6371811601160385], [0.9325075749386866, 0.6371811601160385, 1.0]]}}, "Ig": {"sum_sq": 57.19448443228518, "df": 1.0, "F": 0.10126207465335185, "pvalue": 0.7544361493882806}, "Control": {"sum_sq": 482.8609255606167, "df": 1.0, "F": 0.8971570095127592, "pvalue": 0.35763213270667316}, "TMT": {"sum_sq": 769.9217737577345, "df": 1.0, "F": 1.3850408347813457, "pvalue": 0.2588666168557807}, "Tag": {"sum_sq": 3365.4794340292024, "df": 8.0, "F": 0.5677461280437986, "pvalue": 0.7777004414558393, "tukey_hsd": {}}, "ID_metabo": {}, "Quant": {"sum_sq": 49.83145771056993, "df": 1.0, "F": 0.08815410934952614, "pvalue": 0.7703568651047468}}, "2": {"Seqn": {}, "ID": {"sum_sq": 208.58521040349856, "df": 1.0, "F": 0.5023770233811039, "pvalue": 0.48865704352445394}, "Group": {"sum_sq": 1817.0274160773422, "df": 2.0, "F": 2.7067547812111923, "pvalue": 0.09915208899993516, "tukey_hsd": {"groups": ["A12", "B1-8", "PBS"], "pvalues": [[1.0, 0.09349449681399269, 0.2697637457518872], [0.09349449681399269, 1.0, 0.7994189514453631], [0.2697637457518872, 0.7994189514453631, 1.0]]}}, "Ig": {"sum_sq": 105.96571671586926, "df": 1.0, "F": 0.25133570721599063, "pvalue": 0.6229634223785268}, "Control": {"sum_sq": 1678.549699421477, "df": 1.0, "F": 5.191544272219602, "pvalue": 0.03676533026562774}, "TMT": {"sum_sq": 343.3188498229734, "df": 1.0, "F": 0.8251971226085224, "pvalue": 0.379037190081325}, "Tag": {"sum_sq": 5082.809999983083, "df": 8.0, "F": 4.098534220427624, "pvalue": 0.03953991619774671, "tukey_hsd": {}}, "ID_metabo": {}, "Quant": {"sum_sq": 122.0833059614518, "df": 1.0, "F": 0.29025786179416424, "pvalue": 0.5974721892544514}}, "3": {"Seqn": {}, "ID": {"sum_sq": 66.84858706092473, "df": 1.0, "F": 0.20626522734836628, "pvalue": 0.6558108826567609}, "Group": {"sum_sq": 675.693758853442, "df": 2.0, "F": 1.10730700260511, "pvalue": 0.3560039150885942, "tukey_hsd": {"groups": ["A12", "B1-8", "PBS"], "pvalues": [[1.0, 0.41471030043790935, 0.999483896437073], [0.41471030043790935, 1.0, 0.43099257100859156], [0.999483896437073, 0.43099257100859156, 1.0]]}}, "Ig": {"sum_sq": 157.0362574001576, "df": 1.0, "F": 0.49312115106485843, "pvalue": 0.49262856980423164}, "Control": {"sum_sq": 181.09631922599434, "df": 1.0, "F": 0.5713719745793254, "pvalue": 0.4606989397618477}, "TMT": {"sum_sq": 1175.8801068135092, "df": 1.0, "F": 4.0761652921081355, "pvalue": 0.06306771478315482}, "Tag": {"sum_sq": 1505.274936634387, "df": 8.0, "F": 0.3550862254381316, "pvalue": 0.9149004015661731, "tukey_hsd": {}}, "ID_metabo": {}, "Quant": {"sum_sq": 5.32347082190767, "df": 1.0, "F": 0.016233273621327617, "pvalue": 0.9002035634411787}}, "4": {"Seqn": {}, "ID": {"sum_sq": 283.1046619326259, "df": 1.0, "F": 1.9088677677018222, "pvalue": 0.18607830028918895}, "Group": {"sum_sq": 793.3365238989693, "df": 2.0, "F": 3.1942455089265214, "pvalue": 0.06987685502100291, "tukey_hsd": {"groups": ["A12", "B1-8", "PBS"], "pvalues": [[1.0, 0.058920211192769245, 0.5891360614433092], [0.058920211192769245, 1.0, 0.3135137328103894], [0.5891360614433092, 0.3135137328103894, 1.0]]}}, "Ig": {"sum_sq": 10.918018094431437, "df": 1.0, "F": 0.06604095934872856, "pvalue": 0.8004663133769205}, "Control": {"sum_sq": 509.5006168531007, "df": 1.0, "F": 3.7976945080069853, "pvalue": 0.06908036685099896}, "TMT": {"sum_sq": 10.080450122026209, "df": 1.0, "F": 0.07518204883859052, "pvalue": 0.787940208047325}, "Tag": {"sum_sq": 1395.0001678465571, "df": 8.0, "F": 2.4798974136102085, "pvalue": 0.12432058761287841, "tukey_hsd": {}}, "ID_metabo": {}, "Quant": {"sum_sq": 108.00158326268263, "df": 1.0, "F": 0.6781710387700567, "pvalue": 0.422322986702903}}, "5": {"Seqn": {}, "ID": {"sum_sq": 906.1887068034247, "df": 1.0, "F": 9.069917154813517, "pvalue": 0.008276199968285436}, "Group": {"sum_sq": 1526.3411857312963, "df": 2.0, "F": 11.699914886147663, "pvalue": 0.000867390576226601, "tukey_hsd": {"groups": ["A12", "B1-8", "PBS"], "pvalues": [[1.0, 0.9930583461888234, 0.002402463578409675], [0.9930583461888234, 1.0, 0.0019208365334055788], [0.002402463578409675, 0.0019208365334055788, 1.0]]}}, "Ig": {"sum_sq": 1525.5166344087074, "df": 1.0, "F": 24.925329495975188, "pvalue": 0.00013285543169346602}, "Control": {"sum_sq": 351.28275370135754, "df": 1.0, "F": 2.6099613462819775, "pvalue": 0.12573856655381013}, "TMT": {"sum_sq": 16.178625011511272, "df": 1.0, "F": 0.1045051781578958, "pvalue": 0.7512668892320815}, "Tag": {"sum_sq": 1832.9416865140713, "df": 8.0, "F": 4.574501297585264, "pvalue": 0.02990227432221632, "tukey_hsd": {}}, "ID_metabo": {}, "Quant": {"sum_sq": 1569.3738279772272, "df": 1.0, "F": 26.844159232458026, "pvalue": 9.099053617992073e-05}}, "6": {"Seqn": {}, "ID": {"sum_sq": 85.78401127671067, "df": 1.0, "F": 0.7872594146692752, "pvalue": 0.388073203024243}, "Group": {"sum_sq": 99.98562873304552, "df": 2.0, "F": 0.43365314730602134, "pvalue": 0.6560099155063428, "tukey_hsd": {"groups": ["A12", "B1-8", "PBS"], "pvalues": [[1.0, 0.725876698284232, 0.6860552485640359], [0.725876698284232, 1.0, 0.9975414480357321], [0.6860552485640359, 0.9975414480357321, 1.0]]}}, "Ig": {"sum_sq": 31.45108178664512, "df": 1.0, "F": 0.27991058012440556, "pvalue": 0.6040230005371063}, "Control": {"sum_sq": 99.47082219769065, "df": 1.0, "F": 0.9200895006799271, "pvalue": 0.35172326496413164}, "TMT": {"sum_sq": 18.297313626873922, "df": 1.0, "F": 0.16513116748638665, "pvalue": 0.6906192427497717}, "Tag": {"sum_sq": 804.7196285706034, "df": 8.0, "F": 0.92061887774277, "pvalue": 0.5501020369166424, "tukey_hsd": {}}, "ID_metabo": {}, "Quant": {"sum_sq": 200.30982120615357, "df": 1.0, "F": 1.9675349359407817, "pvalue": 0.17981552494098949}}, "7": {"Seqn": {}, "ID": {"sum_sq": 71.25145805919463, "df": 1.0, "F": 0.7421043766121883, "pvalue": 0.401713897654015}, "Group": {"sum_sq": 93.18337523388226, "df": 2.0, "F": 0.4615257457780499, "pvalue": 0.6389798992719935, "tukey_hsd": {"groups": ["A12", "B1-8", "PBS"], "pvalues": [[1.0, 0.6117680724960243, 0.8800447251879274], [0.6117680724960243, 1.0, 0.8830199191744068], [0.8800447251879274, 0.8830199191744068, 1.0]]}}, "Ig": {"sum_sq": 0.0014159256534343224, "df": 1.0, "F": 1.4093602138202875e-05, "pvalue": 0.9970510424066763}, "Control": {"sum_sq": 70.20139308121708, "df": 1.0, "F": 0.7306682036571066, "pvalue": 0.4052846320328426}, "TMT": {"sum_sq": 1.5587018609927203, "df": 1.0, "F": 0.014433195127338434, "pvalue": 0.9060807175156972}, "Tag": {"sum_sq": 1104.4640668747966, "df": 8.0, "F": 2.362770585135899, "pvalue": 0.1370653234474631, "tukey_hsd": {}}, "ID_metabo": {}, "Quant": {"sum_sq": 1.173709055688177, "df": 1.0, "F": 0.011691193611383125, "pvalue": 0.915240214652725}}, "8": {"Seqn": {}, "ID": {"sum_sq": 17.463994558820232, "df": 1.0, "F": 0.19773348848535288, "pvalue": 0.6625129050615066}, "Group": {"sum_sq": 37.23115183209833, "df": 2.0, "F": 0.20040209999916542, "pvalue": 0.820557363532867, "tukey_hsd": {"groups": ["A12", "B1-8", "PBS"], "pvalues": [[1.0, 0.9657409064541593, 0.8067187985135686], [0.9657409064541593, 1.0, 0.9249660123530785], [0.8067187985135686, 0.9249660123530785, 1.0]]}}, "Ig": {"sum_sq": 31.343226858156797, "df": 1.0, "F": 0.3583990892694474, "pvalue": 0.5577779099698776}, "Control": {"sum_sq": 24.01652524677289, "df": 1.0, "F": 0.2731902956858384, "pvalue": 0.608361890343337}, "TMT": {"sum_sq": 1.3909212755456388, "df": 1.0, "F": 0.021719763354612315, "pvalue": 0.8849364233136451}, "Tag": {"sum_sq": 364.01368132971584, "df": 8.0, "F": 0.5965433831573526, "pvalue": 0.757861087841976, "tukey_hsd": {}}, "ID_metabo": {}, "Quant": {"sum_sq": 4.8918421335945785, "df": 1.0, "F": 0.05489874243693926, "pvalue": 0.8177202499636951}},