{"1": {"Mouse_ID": {}, "Treatment": {"sum_sq": 122.59489212471344, "df": 2.0, "F": 0.07944744827228639, "pvalue": 0.924012570158743, "tukey_hsd": {"groups": ["A12", "B1-8", "PBS"], "pvalues": [[1.0, 0.9983665918693408, 0.9470463697322552], [0.9983665918693408, 1.0, 0.927971579992035], [0.9470463697322552, 0.927971579992035, 1.0]]}}, "Ig_treated": {"sum_sq": 120.30691471221557, "df": 1.0, "F": 0.16629187720109653, "pvalue": 0.6888331078377162}, "A12_treated": {"sum_sq": 17.42453065659206, "df": 1.0, "F": 0.023872538450698377, "pvalue": 0.8791418676522841}, "Batch": {"sum_sq": 854.5478972678887, "df": 1.0, "F": 1.1472603788340507, "pvalue": 0.30224181724628935}, "Quant": {"sum_sq": 5.903176656967727, "df": 1.0, "F": 0.008079696521714941, "pvalue": 0.9294925185571803}}, "2": {"Mouse_ID": {}, "Treatment": {"sum_sq": 3280.2933431623474, "df": 2.0, "F": 4.616392312378178, "pvalue": 0.027394256935616024, "tukey_hsd": {"groups": ["A12", "B1-8", "PBS"], "pvalues": [[1.0, 0.022195515899411156, 0.1983387112323447], [0.022195515899411156, 1.0, 0.46969045305015966], [0.1983387112323447, 0.46969045305015966, 1.0]]}}, "Ig_treated": {"sum_sq": 44.425700150940614, "df": 1.0, "F": 0.08298846491020774, "pvalue": 0.7769859165043438}, "A12_treated": {"sum_sq": 2766.361789100709, "df": 1.0, "F": 7.574864850997493, "pvalue": 0.01416845684563513}, "Batch": {"sum_sq": 8.173367621487875, "df": 1.0, "F": 0.015132262839441295, "pvalue": 0.9038451052891947}, "Quant": {"sum_sq": 1.4985539766679863, "df": 1.0, "F": 0.002785381399258864, "pvalue": 0.9585631452365235}}, "3": {"Mouse_ID": {}, "Treatment": {"sum_sq": 975.6924711168399, "df": 2.0, "F": 1.4030278846373894, "pvalue": 0.27632900510583386, "tukey_hsd": {"groups": ["A12", "B1-8", "PBS"], "pvalues": [[1.0, 0.3270288500794365, 0.9977176038725243], [0.3270288500794365, 1.0, 0.3572876348337112], [0.9977176038725243, 0.3572876348337112, 1.0]]}}, "Ig_treated": {"sum_sq": 212.19130717244727, "df": 1.0, "F": 0.5678171373503834, "pvalue": 0.4620730927182013}, "A12_treated": {"sum_sq": 277.0962585653991, "df": 1.0, "F": 0.7496381969808191, "pvalue": 0.3993878516716909}, "Batch": {"sum_sq": 1216.0869734206306, "df": 1.0, "F": 3.468812866477832, "pvalue": 0.08365427478738661}, "Quant": {"sum_sq": 21.267721596852994, "df": 1.0, "F": 0.055150692230761134, "pvalue": 0.8173105267785026}}, "4": {"Mouse_ID": {}, "Treatment": {"sum_sq": 359.20495249235995, "df": 2.0, "F": 0.6219614665509915, "pvalue": 0.5501771383653816, "tukey_hsd": {"groups": ["A12", "B1-8", "PBS"], "pvalues": [[1.0, 0.5850452127393299, 0.9961362701224797], [0.5850452127393299, 1.0, 0.6356734021180559], [0.9961362701224797, 0.6356734021180559, 1.0]]}}, "Ig_treated": {"sum_sq": 67.50627580614552, "df": 1.0, "F": 0.23362531815294135, "pvalue": 0.6353965262012932}, "A12_treated": {"sum_sq": 114.12437151228417, "df": 1.0, "F": 0.39898409359015163, "pvalue": 0.5365354952578336}, "Batch": {"sum_sq": 584.2742593711665, "df": 1.0, "F": 2.018045086088646, "pvalue": 0.17732672805750133}, "Quant": {"sum_sq": 675.8424296696617, "df": 1.0, "F": 2.693350259549451, "pvalue": 0.12027514607627687}}, "5": {"Mouse_ID": {}, "Treatment": {"sum_sq": 1797.6614971065164, "df": 2.0, "F": 12.77708624218423, "pvalue": 0.0005759938722497191, "tukey_hsd": {"groups": ["A12", "B1-8", "PBS"], "pvalues": [[1.0, 0.8451834673840659, 0.002699297567848258], [0.8451834673840659, 1.0, 0.0008991406399670998], [0.002699297567848258, 0.0008991406399670998, 1.0]]}}, "Ig_treated": {"sum_sq": 1775.9416361232666, "df": 1.0, "F": 26.385344317213363, "pvalue": 9.944657670984794e-05}, "A12_treated": {"sum_sq": 290.18737430809193, "df": 1.0, "F": 1.8117741262791849, "pvalue": 0.1970585047204467}, "Batch": {"sum_sq": 19.30700616258731, "df": 1.0, "F": 0.12476717048411032, "pvalue": 0.7291826526278302}, "Quant": {"sum_sq": 1909.412743513436, "df": 1.0, "F": 32.38162271549338, "pvalue": 3.346077641311009e-05}}, "6": {"Mouse_ID": {}, "Treatment": {"sum_sq": 550.4572769197495, "df": 2.0, "F": 1.832223548562168, "pvalue": 0.1941203089551401, "tukey_hsd": {"groups": ["A12", "B1-8", "PBS"], "pvalues": [[1.0, 0.2362516543807056, 0.2727609946701597], [0.2362516543807056, 1.0, 0.9949963502002901], [0.2727609946701597, 0.9949963502002901, 1.0]]}}, "Ig_treated": {"sum_sq": 114.5694482483042, "df": 1.0, "F": 0.6816763423608361, "pvalue": 0.4211508045570276}, "A12_treated": {"sum_sq": 549.090068212519, "df": 1.0, "F": 3.896670747955786, "pvalue": 0.06590544740627785}, "Batch": {"sum_sq": 0.627410609123033, "df": 1.0, "F": 0.004169988166138457, "pvalue": 0.9494250454931128}, "Quant": {"sum_sq": 43.46204390564973, "df": 1.0, "F": 0.2519328944462485, "pvalue": 0.622553926722569}}, "7": {"Mouse_ID": {}, "Treatment": {"sum_sq": 120.46630308213693, "df": 2.0, "F": 0.44012828434072887, "pvalue": 0.652008236294477, "tukey_hsd": {"groups": ["A12", "B1-8", "PBS"], "pvalues": [[1.0, 0.7264191577346326, 0.6792586249843824], [0.7264191577346326, 1.0, 0.9965621200868833], [0.6792586249843824, 0.9965621200868833, 1.0]]}}, "Ig_treated": {"sum_sq": 39.30223539898416, "df": 1.0, "F": 0.2946790356174875, "pvalue": 0.59471947057216}, "A12_treated": {"sum_sq": 119.6112559371332, "df": 1.0, "F": 0.9318877623021024, "pvalue": 0.34873816721117634}, "Batch": {"sum_sq": 3.6928413161811764, "df": 1.0, "F": 0.026905638296357788, "pvalue": 0.8720525580689311}, "Quant": {"sum_sq": 164.55665595947616, "df": 1.0, "F": 1.3107423207553337, "pvalue": 0.26909813128355614}}, "8": {"Mouse_ID": {}, "Treatment": {"sum_sq": 131.41312097304137, "df": 2.0, "F": 0.5312319276647796, "pvalue": 0.5985400525069466, "tukey_hsd": {"groups": ["A12", "B1-8", "PBS"], "pvalues": [[1.0, 0.6490810122333324, 0.9999061741076061], [0.6490810122333324, 1.0, 0.6569752914817129], [0.9999061741076061, 0.6569752914817129, 1.0]]}}, "Ig_treated": {"sum_sq": 31.42353149366587, "df": 1.0, "F": 0.25713564962676033, "pvalue": 0.6190120614381711}, "A12_treated": {"sum_sq": 34.30407936523124, "df": 1.0, "F": 0.2811210360832127, "pvalue": 0.603248646201302}, "Batch": {"sum_sq": 72.34321072055839, "df": 1.0, "F": 0.6270046302722636, "pvalue": 0.44166687953230543}, "Quant": {"sum_sq": 77.52950223184733, "df": 1.0, "F": 0.6497370715353401, "pvalue": 0.43202459628034195}}, "9": {"Mouse_ID": {}, "Treatment": {"sum_sq": 50.43419655519059, "df": 2.0, "F": 0.22503906716348818, "pvalue": 0.8011324850717245, "tukey_hsd": {"groups": ["A12", "B1-8", "PBS"], "pvalues": [[1.0, 0.7999669712583343, 0.876518485761458], [0.7999669712583343, 1.0, 0.987667846931045], [0.876518485761458, 0.987667846931045, 1.0]]}}, "Ig_treated": {"sum_sq": 4.346831823629708, "df": 1.0, "F": 0.04027325465151289, "pvalue": 0.8434760335782945}, "A12_treated": {"sum_sq": 47.909903296634816, "df": 1.0, "F": 0.4553707098676419, "pvalue": 0.5094298874914602}, "Batch": {"sum_sq": 0.6305101013870329, "df": 1.0, "F": 0.006941860128033039, "pvalue": 0.9347784261098268}, "Quant": {"sum_sq": 0.9643833442106756, "df": 1.0, "F": 0.008917513918317101, "pvalue": 0.9259380333954594}}, "10": {"Mouse_ID": {}, "Treatment": {"sum_sq": 77.34373397854819, "df": 2.0, "F": 0.4070361564852949, "pvalue": 0.672754389685019, "tukey_hsd": {"groups": ["A12", "B1-8", "PBS"], "pvalues": [[1.0, 0.7393604426336245, 0.7022071651682169], [0.7393604426336245, 1.0, 0.9978260242610535], [0.7022071651682169, 0.9978260242610535, 1.0]]}}, "Ig_treated": {"sum_sq": 24.176775688446597, "df": 1.0, "F": 0.26167227767549867, "pvalue": 0.6159605916859674}, "A12_treated": {"sum_sq": 76.96863514948006, "df": 1.0, "F": 0.8639051551137078, "pvalue": 0.36645981222830526}, "Batch": {"sum_sq": 14.850411705492334, "df": 1.0, "F": 0.21156588916828292, "pvalue": 0.6526049940335326}, "Quant": {"sum_sq": 0.45908627098429056, "df": 1.0, "F": 0.004890363460879822, "pvalue": 0.9451150539770181}}}