{"1":{"Explained_Variance":0.2240793592},"2":{"Explained_Variance":0.1649510882},"3":{"Explained_Variance":0.1186195493},"4":{"Explained_Variance":0.0898693595},"5":{"Explained_Variance":0.0546579732},"6":{"Explained_Variance":0.0537158157},"7":{"Explained_Variance":0.0416376018},"8":{"Explained_Variance":0.0380634907},"9":{"Explained_Variance":0.0331695635},"10":{"Explained_Variance":0.0287857637}}