{"1":{"Explained_Variance":0.3523628595},"2":{"Explained_Variance":0.1899234065},"3":{"Explained_Variance":0.1308432382},"4":{"Explained_Variance":0.1054416335},"5":{"Explained_Variance":0.0555603479},"6":{"Explained_Variance":0.0401256608},"7":{"Explained_Variance":0.0329850217},"8":{"Explained_Variance":0.026221517},"9":{"Explained_Variance":0.0164423526},"10":{"Explained_Variance":0.0133384632}}