{"1":{"Explained_Variance":0.154170075},"2":{"Explained_Variance":0.0736886337},"3":{"Explained_Variance":0.0486580317},"4":{"Explained_Variance":0.0434078094},"5":{"Explained_Variance":0.0391003202},"6":{"Explained_Variance":0.0303151058},"7":{"Explained_Variance":0.0274632851},"8":{"Explained_Variance":0.0231796044},"9":{"Explained_Variance":0.0214263776},"10":{"Explained_Variance":0.0197484536}}