{"1":{"Explained_Variance":0.2233276268},"2":{"Explained_Variance":0.1646747771},"3":{"Explained_Variance":0.1182042811},"4":{"Explained_Variance":0.0899960532},"5":{"Explained_Variance":0.0547850696},"6":{"Explained_Variance":0.0537380559},"7":{"Explained_Variance":0.0416666796},"8":{"Explained_Variance":0.0381568542},"9":{"Explained_Variance":0.0332663753},"10":{"Explained_Variance":0.0289404651}}