{"1":{"Explained_Variance":0.229472572},"2":{"Explained_Variance":0.1728875757},"3":{"Explained_Variance":0.13252954},"4":{"Explained_Variance":0.067019756},"5":{"Explained_Variance":0.0632021366},"6":{"Explained_Variance":0.046156389},"7":{"Explained_Variance":0.0405604107},"8":{"Explained_Variance":0.036097834},"9":{"Explained_Variance":0.0305261793},"10":{"Explained_Variance":0.0290479513}}