{"1":{"Explained_Variance":0.3055629492},"2":{"Explained_Variance":0.1317675737},"3":{"Explained_Variance":0.1038011783},"4":{"Explained_Variance":0.0851003012},"5":{"Explained_Variance":0.0714693557},"6":{"Explained_Variance":0.0633655624},"7":{"Explained_Variance":0.041537972},"8":{"Explained_Variance":0.0353075126},"9":{"Explained_Variance":0.0317343003},"10":{"Explained_Variance":0.02851482}}