{"1":{"Explained_Variance":0.2227932854},"2":{"Explained_Variance":0.1649308151},"3":{"Explained_Variance":0.1188309907},"4":{"Explained_Variance":0.0893057908},"5":{"Explained_Variance":0.0541670286},"6":{"Explained_Variance":0.0532557279},"7":{"Explained_Variance":0.0418353184},"8":{"Explained_Variance":0.0379982392},"9":{"Explained_Variance":0.0334219738},"10":{"Explained_Variance":0.0291901315}}