{"LD2169":{"1":39.8283734839,"2":8.8179260729,"3":1.1478220705,"4":4.2174430023,"5":-0.3161192885,"6":22.7785497895,"7":-0.4608335995,"8":-4.6067756782,"9":-5.4703620342,"10":16.9365632141},"LD2170":{"1":-0.687446761,"2":-24.1165057486,"3":-20.4937333974,"4":-18.2735727365,"5":11.8371990705,"6":-5.0594946963,"7":-9.2450059288,"8":14.3480792586,"9":-8.0804868284,"10":5.295088856},"LD2171":{"1":20.3407717311,"2":-2.7389184694,"3":6.7746106689,"4":-10.7509004627,"5":-0.9215327472,"6":0.3238168696,"7":6.2040366119,"8":-2.2031816759,"9":17.3220591017,"10":7.7592161996},"LD2243":{"1":-0.850222097,"2":-21.9854341186,"3":-1.4971701308,"4":-9.8694664803,"5":-4.7926153754,"6":-4.7846312803,"7":0.0266181493,"8":1.6272801106,"9":10.5506453346,"10":5.0933138926},"LD2244":{"1":21.3981512167,"2":-10.8390012762,"3":40.1023346674,"4":4.376632341,"5":20.7295274746,"6":-10.4210274915,"7":-19.4901414875,"8":-7.9968219223,"9":-2.9065654265,"10":-1.9817681463},"LD2245":{"1":-36.0814341838,"2":-31.0782812371,"3":0.880542615,"4":-14.8443763532,"5":10.9486180943,"6":17.1097988357,"7":6.2080719352,"8":-10.9699116853,"9":2.6051979121,"10":-9.3258189983},"LD2162":{"1":18.1497127899,"2":8.5582547822,"3":-28.1450447682,"4":-5.0073793074,"5":15.4346314,"6":-8.9928248264,"7":9.0680348002,"8":2.6036341687,"9":0.9709971777,"10":-6.3950957593},"LD2163":{"1":-37.5632702311,"2":8.7483989688,"3":-7.7822088732,"4":6.6691888049,"5":-2.84009061,"6":5.7816607313,"7":-5.4607595657,"8":-14.8465746944,"9":-1.3929994733,"10":4.3043577772},"LD2164":{"1":-13.6045396114,"2":9.3421775574,"3":-14.8513922402,"4":4.3049476572,"5":-5.3176215897,"6":2.3952046265,"7":-12.5852770094,"8":0.5775675673,"9":-12.3062982346,"10":-6.4793208207},"LD2213":{"1":-12.4719746701,"2":13.2499601201,"3":-2.9471070952,"4":26.2309111795,"5":13.0684803064,"6":10.310488551,"7":-5.9717241581,"8":18.4508061745,"9":14.5514416208,"10":-5.1672469967},"LD2214":{"1":24.0161351368,"2":16.9111709519,"3":-24.0758452401,"4":9.0813959894,"5":11.3473963814,"6":-8.0152520401,"7":10.337091813,"8":-12.9583794059,"9":-2.1024059593,"10":-1.8511094463},"LD2215":{"1":-37.599663831,"2":4.5423222708,"3":25.8243700625,"4":10.4736612434,"5":8.9378521741,"6":-10.2100362567,"7":21.2946308642,"8":4.7772733869,"9":-9.1465106421,"10":10.0463877526},"LD2166":{"1":-2.3087400106,"2":28.6432465543,"3":-1.6175184073,"4":-9.9919820569,"5":-9.8829353157,"6":-6.8197401814,"7":-4.4696693456,"8":-3.1165870602,"9":-3.866791228,"10":-2.4091527218},"LD2157":{"1":-24.9154264397,"2":17.1923651786,"3":-4.2586324933,"4":-7.312351298,"5":-13.0804413978,"6":-7.1308662374,"7":-8.7763235832,"8":5.1470222034,"9":4.4222259138,"10":12.571427487},"LD2158":{"1":6.9210935003,"2":38.0218847548,"3":25.2564649268,"4":-18.8193035651,"5":-6.1550414249,"6":7.5410728795,"7":4.0989803782,"8":4.3172881117,"9":1.5519366732,"10":-13.7242751336},"LD2223":{"1":14.2030055514,"2":-20.086889305,"3":9.0511382471,"4":7.7156963809,"5":-20.0121038669,"6":-13.4310452431,"7":4.350690599,"8":1.0439744183,"9":0.6719137404,"10":-6.133256007},"LD2224":{"1":19.5769564299,"2":-22.4267987209,"3":5.3561803098,"4":4.617659527,"5":-12.263930241,"6":11.1601312083,"7":7.6252593388,"8":11.6452555468,"9":-12.8863280796,"10":-3.7539761763},"LD2225":{"1":1.6485179956,"2":-20.7558783359,"3":-8.7248109223,"4":17.1817961345,"5":-16.7212730441,"6":-2.535805238,"7":-2.7536798121,"8":-7.8399488244,"9":5.5123304318,"10":-4.7853349728}}