{"LD2169":{"1":-32.3830685846,"2":-11.0179874232,"3":5.9310649885,"4":-29.0248447549,"5":11.3763407189,"6":-15.2788939677,"7":16.9988345631,"8":-3.2029203919,"9":-2.5902793388,"10":-6.1099670837},"LD2170":{"1":19.9519001921,"2":-27.9546323086,"3":-21.9471970205,"4":-10.9653745141,"5":9.7820038377,"6":23.3349588503,"7":-14.2353292883,"8":-10.6947368605,"9":-3.6154786875,"10":-10.7700971937},"LD2171":{"1":-32.9507693979,"2":-5.1670202995,"3":6.299639883,"4":14.4228176221,"5":-7.8044040158,"6":14.8208667793,"7":11.5534696909,"8":-4.0150417216,"9":0.2695554903,"10":16.6121785023},"LD2243":{"1":21.2277572127,"2":-27.666906931,"3":-0.5650219965,"4":-10.1405567854,"5":-6.1673671164,"6":5.3773025034,"7":-7.2751813534,"8":4.5620744922,"9":-2.0394500737,"10":15.6088567843},"LD2244":{"1":-18.9782553248,"2":-14.3930552753,"3":43.4640047473,"4":10.0809725511,"5":20.3672929377,"6":7.7745223104,"7":-9.327713629,"8":-2.4744868295,"9":22.2820223358,"10":-3.5469087532},"LD2245":{"1":51.480976052,"2":-18.992826939,"3":0.1099264744,"4":4.2611840934,"5":6.5159074186,"6":10.8365855651,"7":24.1593062147,"8":4.1111744159,"9":-0.4629737087,"10":5.7522917953},"LD2162":{"1":-28.2304036206,"2":4.6900895254,"3":-29.5905193463,"4":-1.8901624457,"5":7.6964384708,"6":13.1862400282,"7":0.2866013899,"8":8.7296076672,"9":-4.7949701727,"10":-1.4507794517},"LD2163":{"1":42.4567237296,"2":15.7029343256,"3":-9.9718055311,"4":-9.472916919,"5":4.1417270074,"6":-14.0534578713,"7":12.6724697046,"8":4.7882818456,"9":14.0992716385,"10":-5.730846316},"LD2164":{"1":4.9770488808,"2":17.4676278401,"3":-16.5177931445,"4":7.9683119011,"5":0.3013855674,"6":-4.4255256054,"7":-6.9348471581,"8":-15.7760518853,"9":5.656169925,"10":-7.7509498124},"LD2213":{"1":12.0419243756,"2":15.0891873832,"3":-4.0883701043,"4":0.4053945374,"5":24.0663557389,"6":-22.9099913965,"7":-14.6700303302,"8":-8.1942437584,"9":-9.7540804461,"10":19.0706289142},"LD2214":{"1":-41.2776970487,"2":11.9072849646,"3":-26.4779498092,"4":9.1167790056,"5":8.6914245811,"6":0.0664644606,"7":-0.01584409,"8":20.5868736317,"9":1.7233237684,"10":-0.3077123588},"LD2215":{"1":23.6207652945,"2":27.0047837428,"3":24.2204452453,"4":31.670836284,"5":5.3167398734,"6":2.6783524375,"7":-0.6734367274,"8":12.7908085638,"9":-16.6032992972,"10":-11.5427180762},"LD2166":{"1":-0.2630943905,"2":26.5078619123,"3":-0.5118102012,"4":-22.3109775006,"5":-12.0743277528,"6":2.8178143738,"7":-2.6179181985,"8":2.2656027341,"9":7.9945553267,"10":-4.6067014636},"LD2157":{"1":10.2334837,"2":29.5438839879,"3":-5.8608849533,"4":7.2382337384,"5":-20.1282158814,"6":6.0714523025,"7":-6.0066305304,"8":-9.9189382849,"9":4.3680166069,"10":2.7611124697},"LD2158":{"1":-10.8813174935,"2":32.7454670251,"3":29.0145227163,"4":-25.7233807768,"5":-8.7276987968,"6":9.4471225244,"7":2.5199906345,"8":-3.618817888,"9":-8.7183740969,"10":4.1631116437},"LD2223":{"1":6.8748760302,"2":-31.1068950556,"3":11.2578577851,"4":-9.2625600129,"5":-19.1353307056,"6":-13.930754507,"7":-17.1341995275,"8":20.9164522104,"9":-0.3844271179,"10":-2.1663443635},"LD2224":{"1":-16.3418258372,"2":-28.3026016843,"3":7.0639329661,"4":7.033974522,"5":-8.5368940614,"6":-10.1681426489,"7":5.2217411112,"8":-14.1660047101,"9":-17.7906839938,"10":-11.7419875047},"LD2225":{"1":-11.5590237697,"2":-16.0571947905,"3":-11.830042699,"4":26.5922694543,"5":-15.6813778217,"6":-15.6449161386,"7":5.4787175239,"8":-6.6896332308,"9":10.3611018417,"10":1.7568322678}}