{"LD2169":{"1":-0.8428597656,"2":0.7234313438,"3":5.1834759656,"4":-0.4919362118,"5":-2.4830839516,"6":-1.8580918655,"7":0.0219912733,"8":-0.1318842608,"9":-0.1235130859,"10":0.5153208009},"LD2170":{"1":4.9481292497,"2":-0.8044607671,"3":-2.5339144369,"4":-2.7461636206,"5":-1.4167882739,"6":1.3712771728,"7":-1.3011756167,"8":1.6010275585,"9":-0.7804655272,"10":-0.1061288272},"LD2171":{"1":-6.0975071798,"2":-4.0419451886,"3":-2.3634580461,"4":1.8404743472,"5":-1.8858308884,"6":-0.0508075362,"7":-0.5710799954,"8":0.6916339881,"9":-0.3119321029,"10":-0.7042703274},"LD2243":{"1":6.5862150091,"2":-1.5787527099,"3":-0.2610040285,"4":-0.9405456428,"5":-0.1696711855,"6":-1.0111776864,"7":0.5798897193,"8":-0.0571058721,"9":0.7705030127,"10":-0.0766925543},"LD2244":{"1":-2.37023268,"2":-4.3664911909,"3":4.8964152844,"4":1.4055876369,"5":-0.3575747834,"6":2.3871307463,"7":1.3248673618,"8":2.2430286656,"9":0.5125449245,"10":0.0962453263},"LD2245":{"1":8.2240190851,"2":-3.039724356,"3":-2.9644548245,"4":0.5898304166,"5":-1.2635957124,"6":0.7564616842,"7":1.5372319612,"8":-1.2171087415,"9":0.0870896801,"10":0.2489264959},"LD2162":{"1":-3.7587215509,"2":2.0362065143,"3":-2.8634666801,"4":-1.3668217122,"5":-1.5345072352,"6":-0.8744129839,"7":0.9476661427,"8":0.4173022024,"9":-1.1845260109,"10":0.5352131119},"LD2163":{"1":3.8004624254,"2":3.9039741479,"3":0.4885295071,"4":-0.8316280857,"5":-1.0751003584,"6":-0.3935747547,"7":1.147332768,"8":0.1111010633,"9":1.5520070383,"10":-0.0755869701},"LD2164":{"1":-2.2003170422,"2":3.084580249,"3":-1.2246310417,"4":-1.3926901477,"5":1.2066017633,"6":2.4002146075,"7":-2.1469024624,"8":0.0673167936,"9":1.2219363374,"10":1.7997983989},"LD2213":{"1":-0.7699787605,"2":4.5075094034,"3":3.3868061064,"4":-2.5264903241,"5":0.0128697935,"6":2.5286965563,"7":0.3992267133,"8":-1.7722644804,"9":-1.1136340619,"10":-1.474977403},"LD2214":{"1":-6.9811379351,"2":0.6824882058,"3":-2.2325277225,"4":-2.0258781476,"5":1.1112311994,"6":-0.6456338669,"7":2.4182423505,"8":-0.1516546978,"9":-0.5939917783,"10":0.8912236213},"LD2215":{"1":-0.4179400117,"2":-0.9711759374,"3":-1.297670901,"4":5.0714526827,"5":1.565150834,"6":1.3281464779,"7":0.9133321533,"8":-1.721248669,"9":-0.054985991,"10":0.1801903554},"LD2166":{"1":0.9267000955,"2":4.1982716913,"3":0.5367614195,"4":1.2277202605,"5":1.1234794543,"6":-1.9433694134,"7":0.2825410943,"8":1.0124164163,"9":0.5385263694,"10":-0.1768096089},"LD2157":{"1":-0.4647055767,"2":2.5415932527,"3":-2.908764897,"4":1.4167920272,"5":0.4187371099,"6":-0.2084964579,"7":-1.2218216067,"8":1.0233976178,"9":0.1155004265,"10":-1.6833511349},"LD2158":{"1":0.417328987,"2":3.1774721646,"3":1.1610377759,"4":5.14728479,"5":-0.1869705421,"6":-0.6717545065,"7":-1.1721908768,"8":-0.057395695,"9":-0.511566381,"10":0.3736009455},"LD2223":{"1":4.6808820797,"2":-2.6644403085,"3":1.829650236,"4":-1.1463028601,"5":4.4874678486,"6":-1.0394775604,"7":-0.4190976151,"8":0.7871033011,"9":-1.5229551941,"10":0.2239160524},"LD2224":{"1":-0.6527096112,"2":-3.7225069291,"3":1.448303987,"4":-0.7869756294,"5":-1.3825036383,"6":-1.065660519,"7":-2.3891199042,"8":-1.9182369403,"9":-0.3375325074,"10":0.4801290116},"LD2225":{"1":-5.0276268178,"2":-3.6660295852,"3":-0.2810877037,"4":-2.4437097792,"5":1.8300885661,"6":-1.0094700942,"7":-0.3509334604,"8":-0.9274282499,"9":1.736994852,"10":-1.0467472945}}