{"LD2169":{"1":-32.383068584,"2":-11.0179874223,"3":5.9310649887,"4":-29.0248447539,"5":11.3763406613,"6":-15.2788940153,"7":16.9988345618,"8":-3.2029203986,"9":-2.590279342,"10":-6.1099670773},"LD2170":{"1":19.9519001903,"2":-27.9546323064,"3":-21.9471970249,"4":-10.9653745148,"5":9.7820039257,"6":23.3349588135,"7":-14.2353292858,"8":-10.6947368675,"9":-3.6154786844,"10":-10.7700971964},"LD2171":{"1":-32.9507693983,"2":-5.1670202997,"3":6.2996398821,"4":14.4228176204,"5":-7.8044039647,"6":14.8208668127,"7":11.5534696902,"8":-4.015041713,"9":0.2695554838,"10":16.6121785037},"LD2243":{"1":21.227757212,"2":-27.6669069301,"3":-0.5650219953,"4":-10.1405567866,"5":-6.1673670964,"6":5.3773025282,"7":-7.2751813568,"8":4.5620744945,"9":-2.0394500757,"10":15.6088567779},"LD2244":{"1":-18.9782553233,"2":-14.3930552796,"3":43.4640047453,"4":10.0809725545,"5":20.3672929723,"6":7.7745222333,"7":-9.3277136282,"8":-2.4744868263,"9":22.2820223366,"10":-3.5469087483},"LD2245":{"1":51.4809760527,"2":-18.99282694,"3":0.1099264727,"4":4.2611840922,"5":6.515907455,"6":10.8365855431,"7":24.1593062163,"8":4.1111744209,"9":-0.4629737047,"10":5.7522917946},"LD2162":{"1":-28.230403621,"2":4.6900895276,"3":-29.5905193489,"4":-1.8901624465,"5":7.6964385222,"6":13.1862399985,"7":0.2866013913,"8":8.7296076681,"9":-4.7949701778,"10":-1.4507794502},"LD2163":{"1":42.4567237287,"2":15.7029343259,"3":-9.9718055307,"4":-9.4729169186,"5":4.1417269563,"6":-14.0534578907,"7":12.6724697045,"8":4.7882818471,"9":14.0992716354,"10":-5.730846312},"LD2164":{"1":4.9770488803,"2":17.4676278421,"3":-16.5177931456,"4":7.9683119007,"5":0.301385549,"6":-4.4255256069,"7":-6.9348471562,"8":-15.7760518841,"9":5.6561699344,"10":-7.7509498044},"LD2213":{"1":12.0419243765,"2":15.089187385,"3":-4.0883701039,"4":0.4053945398,"5":24.0663556515,"6":-22.9099914779,"7":-14.6700303278,"8":-8.1942437577,"9":-9.7540804535,"10":19.0706289179},"LD2214":{"1":-41.2776970488,"2":11.9072849638,"3":-26.4779498069,"4":9.1167790025,"5":8.6914245812,"6":0.0664644271,"7":-0.01584409,"8":20.5868736311,"9":1.7233237706,"10":-0.3077123679},"LD2215":{"1":23.6207652954,"2":27.0047837411,"3":24.2204452426,"4":31.6708362845,"5":5.3167398845,"6":2.6783524168,"7":-0.6734367281,"8":12.790808555,"9":-16.6032993007,"10":-11.5427180826},"LD2166":{"1":-0.2630943898,"2":26.5078619126,"3":-0.5118101969,"4":-22.3109775009,"5":-12.0743277404,"6":2.8178144182,"7":-2.6179182014,"8":2.2656027357,"9":7.9945553279,"10":-4.6067014657},"LD2157":{"1":10.2334836972,"2":29.5438839875,"3":-5.8608849522,"4":7.2382337388,"5":-20.1282158583,"6":6.0714523738,"7":-6.0066305322,"8":-9.9189382852,"9":4.3680166061,"10":2.7611124759},"LD2158":{"1":-10.8813174926,"2":32.7454670228,"3":29.0145227224,"4":-25.7233807758,"5":-8.7276987623,"6":9.4471225611,"7":2.5199906363,"8":-3.618817886,"9":-8.7183740897,"10":4.1631116355},"LD2223":{"1":6.8748760317,"2":-31.106895057,"3":11.2578577843,"4":-9.2625600141,"5":-19.1353307541,"6":-13.9307544382,"7":-17.1341995309,"8":20.9164522089,"9":-0.3844271253,"10":-2.1663443648},"LD2224":{"1":-16.3418258372,"2":-28.3026016843,"3":7.063932966,"4":7.0339745243,"5":-8.536894101,"6":-10.1681426167,"7":5.2217411154,"8":-14.1660047174,"9":-17.790683985,"10":-11.741987504},"LD2225":{"1":-11.5590237698,"2":-16.0571947888,"3":-11.8300426987,"4":26.5922694536,"5":-15.6813778818,"6":-15.6449160804,"7":5.4787175214,"8":-6.6896332257,"9":10.361101844,"10":1.756832268}}