{"C1WT1":{"1":-14.7109761698,"2":4.3359459131,"3":-5.6199991656,"4":-1.5428282448,"5":3.9709645569,"6":2.2657340247,"7":-2.0615497373,"8":0.1345895347,"9":1.2869653115,"10":-0.2575785773},"C1WT2":{"1":19.5155784489,"2":12.561954395,"3":-5.4982292737,"4":-4.6849466587,"5":1.164532683,"6":-6.2567444612,"7":-0.1173193136,"8":1.528741716,"9":-0.5698436001,"10":0.737685724},"C1WT3":{"1":9.9263811782,"2":-1.7582500542,"3":1.1144349825,"4":-2.5789340066,"5":7.4381724997,"6":7.2198416733,"7":-2.7454502699,"8":-0.3051284784,"9":-1.5473046645,"10":0.7174225969},"C1WT4":{"1":-2.4753701096,"2":4.8920366483,"3":-3.6090471096,"4":1.7647017468,"5":-5.0130979419,"6":4.1553743972,"7":-5.2074725722,"8":1.0880453239,"9":1.8253255365,"10":-4.3750675381},"C2WT2":{"1":-3.955710136,"2":-2.5229360312,"3":-0.2374425815,"4":9.7574789446,"5":7.9036408738,"6":-3.8115977047,"7":1.428015856,"8":5.4051316412,"9":-3.1412271846,"10":-2.1956894104},"C2WT3":{"1":6.2170777498,"2":-4.1324786815,"3":0.00961196,"4":6.8472157407,"5":3.1778895031,"6":-2.2415265202,"7":-3.1636285828,"8":-5.2759815729,"9":5.9078405549,"10":2.4838592474},"C2WT4":{"1":8.9514662968,"2":-7.6023468434,"3":-1.1635993506,"4":-1.5838331692,"5":-1.9951303699,"6":3.7544047588,"7":0.0039075788,"8":3.7649021966,"9":1.5719243097,"10":1.1099400173},"C2WT6":{"1":2.5744452147,"2":-9.1741526633,"3":1.3731789984,"4":-2.5642462529,"5":-2.6609332305,"6":-1.4288203787,"7":-0.3379555653,"8":1.3276819309,"9":-2.4922824036,"10":4.5249415767},"C1KO2":{"1":-15.4772778246,"2":1.3451004492,"3":1.5563794814,"4":-6.581751654,"5":2.7323733891,"6":-0.3498168052,"7":-2.8784329622,"8":-1.6782791327,"9":-2.4925969283,"10":2.0466793868},"C1KO3":{"1":-8.2466215483,"2":7.7832432371,"3":-2.8159455813,"4":5.9687107554,"5":-4.038098316,"6":2.368237487,"7":4.9632616029,"8":0.9862161769,"9":1.331940709,"10":5.7310978112},"C1KO4":{"1":0.2436693191,"2":3.1983680916,"3":4.9346518723,"4":0.9226562532,"5":-3.3706573177,"6":0.0470737594,"7":-0.1462087622,"8":-3.5970956219,"9":-5.4634464812,"10":0.2247651097},"C1KO6":{"1":6.3539069966,"2":0.4918621865,"3":0.7343876929,"4":0.6200643726,"5":0.4839333415,"6":6.7102987789,"7":7.2348270014,"8":-3.5572802374,"9":-0.7967797212,"10":-3.3109553205},"C1KO9":{"1":-1.7697099739,"2":4.7466575453,"3":16.6128503406,"4":-1.8895538798,"5":0.2564021118,"6":-2.5646023357,"7":0.6417687674,"8":1.7324672606,"9":3.7355939666,"10":-1.3425925693},"C2KO3":{"1":0.4392038803,"2":-3.6014132033,"3":-2.0272147747,"4":4.0511958631,"5":-4.3340376901,"6":-5.3328138238,"7":-1.6410335609,"8":-4.2274884201,"9":-2.5767298652,"10":-2.4352950702},"C2KO5":{"1":-0.732220391,"2":-4.2051878807,"3":-0.157616542,"4":-0.7717221742,"5":-7.256173163,"6":0.1914977967,"7":-1.2445499566,"8":3.890122566,"9":0.5075650697,"10":-1.3580884257},"C2KO9":{"1":-6.8538429312,"2":-6.3584031083,"3":-5.2064009488,"4":-7.7342076362,"5":1.54021907,"6":-4.7265406464,"7":5.2718204764,"8":-1.2166448834,"9":2.913055391,"10":-2.3011245583}}