{"LD2169":{"1":-32.6119200327,"2":-10.2724832576,"3":5.9625947885,"4":-28.8716449262,"5":16.3465404853,"6":-9.4795401143,"7":17.1533249309,"8":-2.5062412732,"9":-2.3616887126,"10":-6.3837937905},"LD2170":{"1":18.8974289671,"2":-28.6078652358,"3":-21.5330458553,"4":-10.531636809,"5":-1.1835270353,"6":25.0598321278,"7":-14.0912439432,"8":-10.8656253175,"9":-3.1885419733,"10":-11.2775642221},"LD2171":{"1":-32.6653960994,"2":-4.9180560881,"3":6.4897503192,"4":14.4328832132,"5":-13.2345930072,"6":10.1781083526,"7":11.8570140827,"8":-3.4626636192,"9":0.2212036107,"10":16.0952043198},"LD2243":{"1":20.8777095877,"2":-27.7404579138,"3":-0.3309118068,"4":-10.1478808295,"5":-7.2760535437,"6":2.1575723953,"7":-6.62412009,"8":4.3840629538,"9":-2.587643438,"10":16.2864672967},"LD2244":{"1":-18.8540085874,"2":-13.5792547213,"3":43.6284479101,"4":10.4933588991,"5":15.0808567552,"6":15.1895063873,"7":-9.6609446815,"8":-1.8735460097,"9":22.4230877019,"10":-3.4909612997},"LD2245":{"1":51.3061987545,"2":-19.1846607601,"3":0.3777247664,"4":3.776521183,"5":2.3552515745,"6":12.5704052572,"7":24.1570032198,"8":4.3348879488,"9":-0.5210309663,"10":6.295441715},"LD2162":{"1":-27.9684236715,"2":4.5360909944,"3":-29.4052680044,"4":-1.7166070801,"5":1.8413300139,"6":15.53306189,"7":-0.2113289205,"8":8.1601669744,"9":-5.3118289184,"10":-1.6855226633},"LD2163":{"1":42.2047345154,"2":15.5457096941,"3":-10.2690865038,"4":-9.6755125587,"5":9.1506160251,"6":-10.7200423092,"7":11.7798867612,"8":5.5299252986,"9":14.3906978386,"10":-7.0864544318},"LD2164":{"1":5.1600706008,"2":17.1587627938,"3":-16.6618368374,"4":8.0335289047,"5":1.8029806063,"6":-3.9463467957,"7":-6.3936477671,"8":-15.8229595865,"9":6.3283065933,"10":-6.1723399348},"LD2213":{"1":11.9225491276,"2":15.0312158254,"3":-4.0837436415,"4":0.235177926,"5":31.263287735,"6":-11.1158890695,"7":-14.4119180339,"8":-9.5923360656,"9":-9.6611783818,"10":18.5407543164},"LD2214":{"1":-41.0839375962,"2":11.8045195501,"3":-26.4629852628,"4":9.3136690235,"5":8.3149797308,"6":3.3792552757,"7":-0.3721079155,"8":20.3109185676,"9":1.0498626884,"10":0.1005738957},"LD2215":{"1":24.023495226,"2":27.168314693,"3":23.8879811596,"4":31.4874338655,"5":3.5741277933,"6":4.1049180906,"7":-0.7554283262,"8":12.3247442245,"9":-17.3435821438,"10":-11.6260567989},"LD2166":{"1":-0.1568101903,"2":26.380346366,"3":-0.8568017103,"4":-22.2073798008,"5":-12.0168423551,"6":-2.1214816061,"7":-2.9293134038,"8":3.1336457744,"9":7.5291573223,"10":-4.0340650359},"LD2157":{"1":10.7418701513,"2":29.3048890139,"3":-6.3810958838,"4":7.1349477045,"5":-21.1388167193,"6":-2.3909022331,"7":-5.6625870285,"8":-9.4786720423,"9":4.58493516,"10":2.366898317},"LD2158":{"1":-10.9372556095,"2":32.7552751123,"3":28.8449294235,"4":-25.4987475119,"5":-11.7139744917,"6":5.1032993216,"7":2.7294088396,"8":-4.3860415516,"9":-8.1791620236,"10":4.2726205948},"LD2223":{"1":6.694493769,"2":-30.9419303472,"3":11.4333267296,"4":-9.4784540093,"5":-11.4418644904,"6":-19.989598366,"7":-17.8914843975,"8":20.4186548421,"9":-1.3975212143,"10":-1.777645265},"LD2224":{"1":-16.3219067807,"2":-28.1604601297,"3":7.2083826917,"4":6.9463275845,"5":-3.8422388013,"6":-12.7278920371,"7":5.5879165336,"8":-15.0560575401,"9":-16.7122644846,"10":-12.4766646391},"LD2225":{"1":-11.2288921315,"2":-16.2799555893,"3":-11.8483622826,"4":26.2740152215,"5":-7.8820602755,"6":-20.7842665673,"7":5.73957014,"8":-5.5528635782,"9":10.7371913416,"10":2.0531076258}}