{"LD2169":{"1":-32.3295434735,"2":-11.2036861148,"3":5.9570430639,"4":-29.2197120499,"5":11.6398785395,"6":-15.2596145964,"7":16.9146668137,"8":-3.6355900034,"9":-2.6367067122,"10":-6.2591531393},"LD2170":{"1":20.0982014736,"2":-27.9970951289,"3":-21.9805146004,"4":-10.8013645737,"5":9.7765762598,"6":23.6386461426,"7":-14.5519238341,"8":-10.6652958447,"9":-3.4790673944,"10":-10.653467417},"LD2171":{"1":-33.084823073,"2":-5.2635913849,"3":6.3111310984,"4":14.4425618816,"5":-7.9466926265,"6":14.7266809734,"7":11.708371494,"8":-4.1433962553,"9":0.2711867675,"10":16.8842655505},"LD2243":{"1":21.4635118563,"2":-27.7921606695,"3":-0.5579734866,"4":-10.1496545653,"5":-6.1327762403,"6":5.3773145465,"7":-7.284019997,"8":4.7775921903,"9":-2.0846989146,"10":15.6071759393},"LD2244":{"1":-19.1281279447,"2":-14.5066028529,"3":43.6366383882,"4":10.3149079576,"5":20.5014281948,"6":7.9620968802,"7":-9.2300821836,"8":-2.0396339817,"9":22.4503851484,"10":-3.59794412},"LD2245":{"1":51.7514618974,"2":-18.9769264019,"3":0.1203350761,"4":4.2762313788,"5":6.4315150366,"6":10.9659608982,"7":24.3537639074,"8":3.8252476544,"9":-0.6857331756,"10":5.6901812303},"LD2162":{"1":-28.3632777405,"2":4.6084012707,"3":-29.7257142097,"4":-2.0072851272,"5":7.5323047972,"6":13.267738072,"7":0.5071175575,"8":8.8977510778,"9":-4.8862899536,"10":-1.5752938797},"LD2163":{"1":42.7083485374,"2":15.8147336573,"3":-10.0034073768,"4":-9.6219063868,"5":4.2239506407,"6":-14.1787488502,"7":12.9145624415,"8":4.7898496732,"9":14.1584394791,"10":-5.8126135854},"LD2164":{"1":4.8877290577,"2":17.6343521769,"3":-16.5951123408,"4":8.1263719267,"5":0.3854042445,"6":-4.315133075,"7":-7.2664273327,"8":-15.8664253498,"9":5.8183399158,"10":-7.8417092687},"LD2213":{"1":12.0334466342,"2":15.2575401511,"3":-4.1822936857,"4":0.5384534157,"5":24.4889860326,"6":-22.8939538873,"7":-14.8514331975,"8":-7.9894488215,"9":-9.7285213956,"10":19.283733748},"LD2214":{"1":-41.5340551212,"2":11.8170681304,"3":-26.6212970292,"4":9.1076808284,"5":8.6375482092,"6":0.0813671509,"7":0.3090147262,"8":20.7640066679,"9":1.4926114924,"10":-0.4508246179},"LD2215":{"1":23.5566341118,"2":27.3510091387,"3":24.2977245195,"4":31.8959859169,"5":5.1617202187,"6":2.6824880821,"7":-0.5383250098,"8":12.7373660704,"9":-16.7459926646,"10":-11.6557059459},"LD2166":{"1":-0.3465295488,"2":26.5780896043,"3":-0.4793788125,"4":-22.5927259567,"5":-12.1234553732,"6":2.7741746095,"7":-2.6094748881,"8":2.3174800512,"9":8.098159762,"10":-4.532898651},"LD2157":{"1":10.1383442575,"2":29.752784218,"3":-5.8478584771,"4":7.2658460451,"5":-20.29193124,"6":6.0207067529,"7":-6.1770383702,"8":-9.8335341954,"9":4.5185167018,"10":2.7638423572},"LD2158":{"1":-11.0419823764,"2":32.8001777864,"3":29.1758049872,"4":-25.9731540249,"5":-8.7694396483,"6":9.4600976653,"7":2.3885860439,"8":-3.7755237903,"9":-8.7910368692,"10":4.2746733915},"LD2223":{"1":7.0282911067,"2":-31.3089869455,"3":11.3305075691,"4":-9.3403505686,"5":-19.2278859644,"6":-14.1795090277,"7":-17.0027596573,"8":21.1240027361,"9":-0.4661941982,"10":-2.1902953477},"LD2224":{"1":-16.2655452355,"2":-28.4532553868,"3":7.0799456519,"4":7.1145412599,"5":-8.6208836078,"6":-10.3280966878,"7":4.9393233809,"8":-14.5114566721,"9":-17.8615489389,"10":-11.8946837588},"LD2225":{"1":-11.572084419,"2":-16.1118512485,"3":-11.9155803356,"4":26.6235726424,"5":-15.6662474731,"6":-15.8022156492,"7":5.4760781051,"8":-6.7729912072,"9":10.5581509499,"10":1.9607175146}}