{"R2pv": 0.1, "R2H0": [0.705469691472292, 0.7552849113014689, 0.762331509804248, 0.7354005444095135, 0.7275835844928417, 0.7562613979236074, 0.6813834988223584, 0.7055250395758078, 0.7523586872090285, 0.696731280498813]}