{"R2pv": 0.1, "R2H0": [0.7635099497305013, 0.7809660392034722, 0.6650503824362568, 0.7822514719005261, 0.7009879138246837, 0.7696027939361703, 0.748452214296892, 0.7342361685906649, 0.7266700566943407, 0.7982642003218506]}