{"1": {"Mouse_ID": {}, "Treatment": {"sum_sq": 421.2699474733075, "df": 2.0, "F": 0.24279818079254312, "pvalue": 0.7879084749225223, "tukey_hsd": {"groups": ["A12", "B1-8", "PBS"], "pvalues": [[1.0, 0.7827087227422268, 0.9883200979765194], [0.7827087227422268, 1.0, 0.8703034393701293], [0.9883200979765194, 0.8703034393701293, 1.0]]}}, "Ig_treated": {"sum_sq": 27.991169301518234, "df": 1.0, "F": 0.0335764048959071, "pvalue": 0.8572380031603041}, "A12_treated": {"sum_sq": 200.19963392649012, "df": 1.0, "F": 0.24374302559469246, "pvalue": 0.6291706877629737}, "TMT": {"sum_sq": 70.97758812814018, "df": 1.0, "F": 0.08545488684942744, "pvalue": 0.7743243057135402}, "Quant": {"sum_sq": 5.0836212663566505, "df": 1.0, "F": 0.0060860394979443625, "pvalue": 0.9389216889279062}}, "2": {"Mouse_ID": {}, "Treatment": {"sum_sq": 2389.95267516793, "df": 2.0, "F": 2.535551567677109, "pvalue": 0.11755239197904009, "tukey_hsd": {"groups": ["A12", "B1-8", "PBS"], "pvalues": [[1.0, 0.10624225114541108, 0.805458246285288], [0.10624225114541108, 1.0, 0.3169716147276115], [0.805458246285288, 0.3169716147276115, 1.0]]}}, "Ig_treated": {"sum_sq": 82.9590571251283, "df": 1.0, "F": 0.13771188139351526, "pvalue": 0.7161216920291611}, "A12_treated": {"sum_sq": 1310.7677866141269, "df": 1.0, "F": 2.546615736491521, "pvalue": 0.1328500928139566}, "TMT": {"sum_sq": 233.58798864225736, "df": 1.0, "F": 0.3948069876076218, "pvalue": 0.5398993306382263}, "Quant": {"sum_sq": 275.3097293659152, "df": 1.0, "F": 0.4676801483108823, "pvalue": 0.5052189568073421}}, "3": {"Mouse_ID": {}, "Treatment": {"sum_sq": 2734.8525397457706, "df": 2.0, "F": 4.572472003587553, "pvalue": 0.031357900489905124, "tukey_hsd": {"groups": ["A12", "B1-8", "PBS"], "pvalues": [[1.0, 0.691288094920895, 0.027469696438409907], [0.691288094920895, 1.0, 0.14049270264960767], [0.027469696438409907, 0.14049270264960767, 1.0]]}}, "Ig_treated": {"sum_sq": 2528.46750892954, "df": 1.0, "F": 8.646199616810543, "pvalue": 0.01074726997277162}, "A12_treated": {"sum_sq": 1483.124195466929, "df": 1.0, "F": 4.0400627835354355, "pvalue": 0.06410874191897084}, "TMT": {"sum_sq": 2.462375075732808, "df": 1.0, "F": 0.005207344367321032, "pvalue": 0.9434938316056436}, "Quant": {"sum_sq": 2726.4197222975786, "df": 1.0, "F": 9.796784001770805, "pvalue": 0.00737947524257664}}, "4": {"Mouse_ID": {}, "Treatment": {"sum_sq": 32.678368444305164, "df": 2.0, "F": 0.05263913532298076, "pvalue": 0.9489234622089885, "tukey_hsd": {"groups": ["A12", "B1-8", "PBS"], "pvalues": [[1.0, 0.9449280353412204, 0.9810465459825156], [0.9449280353412204, 1.0, 0.9908609159976776], [0.9810465459825156, 0.9908609159976776, 1.0]]}}, "Ig_treated": {"sum_sq": 0.6388497983659459, "df": 1.0, "F": 0.0021990096656130343, "pvalue": 0.963260400072086}, "A12_treated": {"sum_sq": 27.50551667561843, "df": 1.0, "F": 0.09530737067902596, "pvalue": 0.7620815185515845}, "TMT": {"sum_sq": 1.416375678606277, "df": 1.0, "F": 0.0048762938418538, "pvalue": 0.9453162494288408}, "Quant": {"sum_sq": 28.494899845007666, "df": 1.0, "F": 0.09875979426594068, "pvalue": 0.7579572674528116}}, "5": {"Mouse_ID": {}, "Treatment": {"sum_sq": 905.2413831985572, "df": 2.0, "F": 2.7913873755209004, "pvalue": 0.09804221910651768, "tukey_hsd": {"groups": ["A12", "B1-8", "PBS"], "pvalues": [[1.0, 0.10926687823972658, 0.9733796701814765], [0.10926687823972658, 1.0, 0.1806228022266375], [0.9733796701814765, 0.1806228022266375, 1.0]]}}, "Ig_treated": {"sum_sq": 123.29694556379012, "df": 1.0, "F": 0.5973107268865485, "pvalue": 0.4524575822804062}, "A12_treated": {"sum_sq": 325.74205018336676, "df": 1.0, "F": 1.6969289609288558, "pvalue": 0.21371143453137348}, "TMT": {"sum_sq": 18.095620641543416, "df": 1.0, "F": 0.08458486832219721, "pvalue": 0.7754417102310086}, "Quant": {"sum_sq": 29.976829724371175, "df": 1.0, "F": 0.14067960058512965, "pvalue": 0.7132273290968159}}, "6": {"Mouse_ID": {}, "Treatment": {"sum_sq": 809.8500589467775, "df": 2.0, "F": 2.40536275921313, "pvalue": 0.1291817965270079, "tukey_hsd": {"groups": ["A12", "B1-8", "PBS"], "pvalues": [[1.0, 0.4644331098957438, 0.1125570558539688], [0.4644331098957438, 1.0, 0.6373984039225359], [0.1125570558539688, 0.6373984039225359, 1.0]]}}, "Ig_treated": {"sum_sq": 560.5153084922389, "df": 1.0, "F": 3.218988852433892, "pvalue": 0.09440628017554291}, "A12_treated": {"sum_sq": 667.1897868702047, "df": 1.0, "F": 4.0069496988031865, "pvalue": 0.06508155899675372}, "TMT": {"sum_sq": 49.592422377934085, "df": 1.0, "F": 0.23545671294940865, "pvalue": 0.6350122044156249}, "Quant": {"sum_sq": 607.6020960608294, "df": 1.0, "F": 3.558130633723018, "pvalue": 0.0801712562960326}}, "7": {"Mouse_ID": {}, "Treatment": {"sum_sq": 247.72152281915845, "df": 2.0, "F": 0.7747331098581893, "pvalue": 0.4809787579615386, "tukey_hsd": {"groups": ["A12", "B1-8", "PBS"], "pvalues": [[1.0, 0.4657807232275739, 0.9488416156638037], [0.4657807232275739, 1.0, 0.6697464502637057], [0.9488416156638037, 0.6697464502637057, 1.0]]}}, "Ig_treated": {"sum_sq": 11.878469102958707, "df": 1.0, "F": 0.07185934741028507, "pvalue": 0.7925578122376835}, "A12_treated": {"sum_sq": 127.61690408170084, "df": 1.0, "F": 0.8126672980502565, "pvalue": 0.38257978557367234}, "TMT": {"sum_sq": 1.9036693809076455, "df": 1.0, "F": 0.011466910982127494, "pvalue": 0.9162420121292933}, "Quant": {"sum_sq": 4.798550613052828, "df": 1.0, "F": 0.02894051562701648, "pvalue": 0.8673503539362216}}, "8": {"Mouse_ID": {}, "Treatment": {"sum_sq": 95.91601163548542, "df": 2.0, "F": 0.3435151710625489, "pvalue": 0.7155200285135063, "tukey_hsd": {"groups": ["A12", "B1-8", "PBS"], "pvalues": [[1.0, 0.887995158357934, 0.9168170358617252], [0.887995158357934, 1.0, 0.6929727918869126], [0.9168170358617252, 0.6929727918869126, 1.0]]}}, "Ig_treated": {"sum_sq": 65.54350909859546, "df": 1.0, "F": 0.4972690908379233, "pvalue": 0.49226907205191217}, "A12_treated": {"sum_sq": 0.2227466454878111, "df": 1.0, "F": 0.001632170081402188, "pvalue": 0.9683446219698005}, "TMT": {"sum_sq": 1.4316065850351758, "df": 1.0, "F": 0.010496700253500694, "pvalue": 0.9198498200009512}, "Quant": {"sum_sq": 310.6910964892697, "df": 1.0, "F": 2.718293368840632, "pvalue": 0.12145404295956119}}, "9": {"Mouse_ID": {}, "Treatment": {"sum_sq": 503.83679328493156, "df": 2.0, "F": 2.8425714425089157, "pvalue": 0.0946030283585735, "tukey_hsd": {"groups": ["A12", "B1-8", "PBS"], "pvalues": [[1.0, 0.9995651243576357, 0.1261234574032266], [0.9995651243576357, 1.0, 0.14002144713320297], [0.1261234574032266, 0.14002144713320297, 1.0]]}}, "Ig_treated": {"sum_sq": 503.76687147856836, "df": 1.0, "F": 6.121240400124529, "pvalue": 0.026771226634417056}, "A12_treated": {"sum_sq": 132.15536809423546, "df": 1.0, "F": 1.2141963025492053, "pvalue": 0.2890861972322416}, "TMT": {"sum_sq": 1.5741409768734673, "df": 1.0, "F": 0.013321090518056465, "pvalue": 0.9097536930274007}, "Quant": {"sum_sq": 77.26631490149256, "df": 1.0, "F": 0.6852128970368107, "pvalue": 0.42168431506651927}}, "10": {"Mouse_ID": {}, "Treatment": {"sum_sq": 58.14244930174335, "df": 2.0, "F": 0.27908231596185556, "pvalue": 0.7608970843112762, "tukey_hsd": {"groups": ["A12", "B1-8", "PBS"], "pvalues": [[1.0, 0.8241775921144867, 0.7837026106265457], [0.8241775921144867, 1.0, 0.9971914181321729], [0.7837026106265457, 0.9971914181321729, 1.0]]}}, "Ig_treated": {"sum_sq": 21.027576001905228, "df": 1.0, "F": 0.2115923890527465, "pvalue": 0.652584819121315}, "A12_treated": {"sum_sq": 57.610932134748, "df": 1.0, "F": 0.5953716462868873, "pvalue": 0.45317726365484223}, "TMT": {"sum_sq": 7.553942927131615, "df": 1.0, "F": 0.07528334954008825, "pvalue": 0.7878011763227553}, "Quant": {"sum_sq": 3.59913347641993, "df": 1.0, "F": 0.03576862466720649, "pvalue": 0.8527084895634572}}}