{"1": {"Mouse_ID": {}, "Treatment": {"sum_sq": 425.3902139183931, "df": 2.0, "F": 0.2450629503961663, "pvalue": 0.7861904630693127, "tukey_hsd": {"groups": ["A12", "B1-8", "PBS"], "pvalues": [[1.0, 0.7809345118756794, 0.9881871429728724], [0.7809345118756794, 1.0, 0.8692411383628397], [0.9881871429728724, 0.8692411383628397, 1.0]]}}, "Ig_treated": {"sum_sq": 28.216959676147948, "df": 1.0, "F": 0.033821301469022784, "pvalue": 0.856724543457707}, "A12_treated": {"sum_sq": 202.25394642077308, "df": 1.0, "F": 0.24609165928364873, "pvalue": 0.6275377142555528}, "TMT": {"sum_sq": 71.42848536735235, "df": 1.0, "F": 0.08593324717464979, "pvalue": 0.7737125684047695}, "Quant": {"sum_sq": 4.975917582983608, "df": 1.0, "F": 0.0059523708259490386, "pvalue": 0.9395947090212852}}, "2": {"Mouse_ID": {}, "Treatment": {"sum_sq": 2393.4095106238196, "df": 2.0, "F": 2.5371194141970856, "pvalue": 0.11741989341951342, "tukey_hsd": {"groups": ["A12", "B1-8", "PBS"], "pvalues": [[1.0, 0.10618387433335641, 0.8063590413226891], [0.10618387433335641, 1.0, 0.3161366739218595], [0.8063590413226891, 0.3161366739218595, 1.0]]}}, "Ig_treated": {"sum_sq": 83.83388195869465, "df": 1.0, "F": 0.1390379358580529, "pvalue": 0.7148240362840037}, "A12_treated": {"sum_sq": 1310.6158512438985, "df": 1.0, "F": 2.5432574113537303, "pvalue": 0.13308582435555205}, "TMT": {"sum_sq": 233.46627965611216, "df": 1.0, "F": 0.39418968850675806, "pvalue": 0.5402120254858191}, "Quant": {"sum_sq": 276.8440778122918, "df": 1.0, "F": 0.46988791973077876, "pvalue": 0.504231883292409}}, "3": {"Mouse_ID": {}, "Treatment": {"sum_sq": 2732.7010173624067, "df": 2.0, "F": 4.565506412090032, "pvalue": 0.03148642883121076, "tukey_hsd": {"groups": ["A12", "B1-8", "PBS"], "pvalues": [[1.0, 0.6905862087725412, 0.027566386733696824], [0.6905862087725412, 1.0, 0.1411759366272849], [0.027566386733696824, 0.1411759366272849, 1.0]]}}, "Ig_treated": {"sum_sq": 2525.5782290671414, "df": 1.0, "F": 8.628719416107778, "pvalue": 0.010810696120915403}, "A12_treated": {"sum_sq": 1483.653390028834, "df": 1.0, "F": 4.041356781262215, "pvalue": 0.0640710781156923}, "TMT": {"sum_sq": 2.5035975814963165, "df": 1.0, "F": 0.005293980010706242, "pvalue": 0.9430265988748269}, "Quant": {"sum_sq": 2723.9955397348313, "df": 1.0, "F": 9.780188656075588, "pvalue": 0.00741846942871863}}, "4": {"Mouse_ID": {}, "Treatment": {"sum_sq": 32.23293355850284, "df": 2.0, "F": 0.05188772487275416, "pvalue": 0.9496310694984492, "tukey_hsd": {"groups": ["A12", "B1-8", "PBS"], "pvalues": [[1.0, 0.9458697234451896, 0.9806958758362094], [0.9458697234451896, 1.0, 0.9914690521859438], [0.9806958758362094, 0.9914690521859438, 1.0]]}}, "Ig_treated": {"sum_sq": 0.7387932631370565, "df": 1.0, "F": 0.002541722602279076, "pvalue": 0.9605035227000266}, "A12_treated": {"sum_sq": 27.402862475123406, "df": 1.0, "F": 0.09489781472904989, "pvalue": 0.7625762017395792}, "TMT": {"sum_sq": 1.3627689098044036, "df": 1.0, "F": 0.0046891490720733986, "pvalue": 0.9463740646664026}, "Quant": {"sum_sq": 28.95917127495169, "df": 1.0, "F": 0.10032603137727313, "pvalue": 0.7561125076522819}}, "5": {"Mouse_ID": {}, "Treatment": {"sum_sq": 976.0749579591902, "df": 2.0, "F": 3.1080665991857357, "pvalue": 0.07885019782562173, "tukey_hsd": {"groups": ["A12", "B1-8", "PBS"], "pvalues": [[1.0, 0.0708797501865005, 0.779836837302502], [0.0708797501865005, 1.0, 0.24519665783593192], [0.779836837302502, 0.24519665783593192, 1.0]]}}, "Ig_treated": {"sum_sq": 37.12194145972219, "df": 1.0, "F": 0.17438374841854087, "pvalue": 0.6825784731305669}, "A12_treated": {"sum_sq": 526.7036996621463, "df": 1.0, "F": 2.960591631693504, "pvalue": 0.10733185463227188}, "TMT": {"sum_sq": 7.254027910338886, "df": 1.0, "F": 0.033738342122093166, "pvalue": 0.8568982628982287}, "Quant": {"sum_sq": 0.1345008878058595, "df": 1.0, "F": 0.0006240849172493542, "pvalue": 0.9804221586656996}}, "6": {"Mouse_ID": {}, "Treatment": {"sum_sq": 743.1728030445366, "df": 2.0, "F": 2.1389603057412465, "pvalue": 0.1573755307690715, "tukey_hsd": {"groups": ["A12", "B1-8", "PBS"], "pvalues": [[1.0, 0.7449934502666777, 0.13801519151740793], [0.7449934502666777, 1.0, 0.44048980950910377], [0.13801519151740793, 0.44048980950910377, 1.0]]}}, "Ig_treated": {"sum_sq": 648.1615264243773, "df": 1.0, "F": 3.855794350560163, "pvalue": 0.06975156777793651}, "A12_treated": {"sum_sq": 466.9110772189177, "df": 1.0, "F": 2.5789480004741527, "pvalue": 0.13060666445169694}, "TMT": {"sum_sq": 60.38066357107288, "df": 1.0, "F": 0.2874106437481203, "pvalue": 0.6002996031867853}, "Quant": {"sum_sq": 638.0687298287156, "df": 1.0, "F": 3.779545245996443, "pvalue": 0.07225833230326352}}, "7": {"Mouse_ID": {}, "Treatment": {"sum_sq": 248.44773877033393, "df": 2.0, "F": 0.776969176293064, "pvalue": 0.48001890115904544, "tukey_hsd": {"groups": ["A12", "B1-8", "PBS"], "pvalues": [[1.0, 0.46526664903935355, 0.9498489599570935], [0.46526664903935355, 1.0, 0.6673991020505898], [0.9498489599570935, 0.6673991020505898, 1.0]]}}, "Ig_treated": {"sum_sq": 12.231686613491457, "df": 1.0, "F": 0.07398122514820281, "pvalue": 0.7895960635137576}, "A12_treated": {"sum_sq": 127.2508770446144, "df": 1.0, "F": 0.8098994428501088, "pvalue": 0.3833690705049653}, "TMT": {"sum_sq": 1.9046748813384131, "df": 1.0, "F": 0.011468925417999041, "pvalue": 0.9162346854782392}, "Quant": {"sum_sq": 4.752686778158852, "df": 1.0, "F": 0.028653216373424523, "pvalue": 0.8680036825702955}}, "8": {"Mouse_ID": {}, "Treatment": {"sum_sq": 101.96175082304944, "df": 2.0, "F": 0.36567428394150914, "pvalue": 0.7006417997807748, "tukey_hsd": {"groups": ["A12", "B1-8", "PBS"], "pvalues": [[1.0, 0.8889109412816489, 0.9044407163076509], [0.8889109412816489, 1.0, 0.6768246836362184], [0.9044407163076509, 0.6768246836362184, 1.0]]}}, "Ig_treated": {"sum_sq": 71.89705227906617, "df": 1.0, "F": 0.5463083175660337, "pvalue": 0.47204152200910443}, "A12_treated": {"sum_sq": 0.06145598774754653, "df": 1.0, "F": 0.00044944869139567495, "pvalue": 0.9833851446969774}, "TMT": {"sum_sq": 1.4987081193822942, "df": 1.0, "F": 0.010968801201042438, "pvalue": 0.9180741139354335}, "Quant": {"sum_sq": 315.8380970228877, "df": 1.0, "F": 2.7661200531102725, "pvalue": 0.11849489374893402}}, "9": {"Mouse_ID": {}, "Treatment": {"sum_sq": 500.9293457842448, "df": 2.0, "F": 2.8046297370623305, "pvalue": 0.09713879142324437, "tukey_hsd": {"groups": ["A12", "B1-8", "PBS"], "pvalues": [[1.0, 0.9998924173069925, 0.1277541730959889], [0.9998924173069925, 1.0, 0.1449136411307833], [0.1277541730959889, 0.1449136411307833, 1.0]]}}, "Ig_treated": {"sum_sq": 500.91191849801095, "df": 1.0, "F": 6.040440141040196, "pvalue": 0.027629680188015465}, "A12_treated": {"sum_sq": 133.99330297813373, "df": 1.0, "F": 1.22777722047852, "pvalue": 0.2865135623169696}, "TMT": {"sum_sq": 1.4982928068076835, "df": 1.0, "F": 0.012633288537650458, "pvalue": 0.9121036239980088}, "Quant": {"sum_sq": 72.83157725959782, "df": 1.0, "F": 0.6416677726248532, "pvalue": 0.43649196984084315}}, "10": {"Mouse_ID": {}, "Treatment": {"sum_sq": 57.46061695562403, "df": 2.0, "F": 0.2756326752622634, "pvalue": 0.7634186563325074, "tukey_hsd": {"groups": ["A12", "B1-8", "PBS"], "pvalues": [[1.0, 0.8250053793632136, 0.7868894198830516], [0.8250053793632136, 1.0, 0.9974946202288254], [0.7868894198830516, 0.9974946202288254, 1.0]]}}, "Ig_treated": {"sum_sq": 20.517758740705254, "df": 1.0, "F": 0.20635892832523534, "pvalue": 0.6565995079675361}, "A12_treated": {"sum_sq": 56.986259611837795, "df": 1.0, "F": 0.5885633850572216, "pvalue": 0.455719159617779}, "TMT": {"sum_sq": 7.485951223493286, "df": 1.0, "F": 0.07459219292446423, "pvalue": 0.7887517817862719}, "Quant": {"sum_sq": 3.7731013873019172, "df": 1.0, "F": 0.037497189669444805, "pvalue": 0.8492376813488992}}}