{"1": {"Mouse_ID": {}, "Treatment": {"sum_sq": 421.269947473308, "df": 2.0, "F": 0.24279818079254428, "pvalue": 0.7879084749225217, "tukey_hsd": {"groups": ["A12", "B1-8", "PBS"], "pvalues": [[1.0, 0.7827087227422258, 0.9883200979765194], [0.7827087227422258, 1.0, 0.8703034393701286], [0.9883200979765194, 0.8703034393701286, 1.0]]}}, "Ig_treated": {"sum_sq": 27.991169301518408, "df": 1.0, "F": 0.033576404895907436, "pvalue": 0.8572380031603041}, "A12_treated": {"sum_sq": 200.1996339264902, "df": 1.0, "F": 0.24374302559469352, "pvalue": 0.6291706877629737}, "Batch": {"sum_sq": 70.97758812814065, "df": 1.0, "F": 0.08545488684942834, "pvalue": 0.7743243057135402}, "Quant": {"sum_sq": 5.083621266356473, "df": 1.0, "F": 0.006086039497944173, "pvalue": 0.9389216889279062}}, "2": {"Mouse_ID": {}, "Treatment": {"sum_sq": 2389.9526751679264, "df": 2.0, "F": 2.5355515676771008, "pvalue": 0.1175523919790408, "tukey_hsd": {"groups": ["A12", "B1-8", "PBS"], "pvalues": [[1.0, 0.10624225114541219, 0.8054582462852911], [0.10624225114541219, 1.0, 0.31697161472761126], [0.8054582462852911, 0.31697161472761126, 1.0]]}}, "Ig_treated": {"sum_sq": 82.95905712513004, "df": 1.0, "F": 0.1377118813935181, "pvalue": 0.7161216920291595}, "A12_treated": {"sum_sq": 1310.767786614119, "df": 1.0, "F": 2.546615736491501, "pvalue": 0.13285009281395813}, "Batch": {"sum_sq": 233.5879886422575, "df": 1.0, "F": 0.3948069876076218, "pvalue": 0.5398993306382263}, "Quant": {"sum_sq": 275.30972936591905, "df": 1.0, "F": 0.4676801483108887, "pvalue": 0.5052189568073391}}, "3": {"Mouse_ID": {}, "Treatment": {"sum_sq": 2734.852539745757, "df": 2.0, "F": 4.572472003587552, "pvalue": 0.031357900489905124, "tukey_hsd": {"groups": ["A12", "B1-8", "PBS"], "pvalues": [[1.0, 0.691288094920892, 0.027469696438409907], [0.691288094920892, 1.0, 0.14049270264960834], [0.027469696438409907, 0.14049270264960834, 1.0]]}}, "Ig_treated": {"sum_sq": 2528.467508929524, "df": 1.0, "F": 8.646199616810527, "pvalue": 0.010747269972771666}, "A12_treated": {"sum_sq": 1483.1241954669244, "df": 1.0, "F": 4.040062783535448, "pvalue": 0.06410874191897054}, "Batch": {"sum_sq": 2.462375075732885, "df": 1.0, "F": 0.005207344367321221, "pvalue": 0.9434938316056436}, "Quant": {"sum_sq": 2726.41972229756, "df": 1.0, "F": 9.796784001770776, "pvalue": 0.007379475242576704}}, "4": {"Mouse_ID": {}, "Treatment": {"sum_sq": 32.678368444306116, "df": 2.0, "F": 0.05263913532298251, "pvalue": 0.9489234622089864, "tukey_hsd": {"groups": ["A12", "B1-8", "PBS"], "pvalues": [[1.0, 0.9449280353412187, 0.9810465459825142], [0.9449280353412187, 1.0, 0.9908609159976779], [0.9810465459825142, 0.9908609159976779, 1.0]]}}, "Ig_treated": {"sum_sq": 0.6388497983661051, "df": 1.0, "F": 0.0021990096656135908, "pvalue": 0.963260400072086}, "A12_treated": {"sum_sq": 27.5055166756196, "df": 1.0, "F": 0.0953073706790304, "pvalue": 0.7620815185515768}, "Batch": {"sum_sq": 1.4163756786063317, "df": 1.0, "F": 0.004876293841854006, "pvalue": 0.9453162494288408}, "Quant": {"sum_sq": 28.4948998450087, "df": 1.0, "F": 0.09875979426594465, "pvalue": 0.7579572674528079}}, "5": {"Mouse_ID": {}, "Treatment": {"sum_sq": 905.2413831985355, "df": 2.0, "F": 2.7913873755208036, "pvalue": 0.09804221910652426, "tukey_hsd": {"groups": ["A12", "B1-8", "PBS"], "pvalues": [[1.0, 0.10926687823974213, 0.9733796701815062], [0.10926687823974213, 1.0, 0.18062280222662574], [0.9733796701815062, 0.18062280222662574, 1.0]]}}, "Ig_treated": {"sum_sq": 123.29694556381928, "df": 1.0, "F": 0.5973107268866957, "pvalue": 0.4524575822803516}, "A12_treated": {"sum_sq": 325.7420501833141, "df": 1.0, "F": 1.696928960928548, "pvalue": 0.21371143453141253}, "Batch": {"sum_sq": 18.095620641546596, "df": 1.0, "F": 0.08458486832221213, "pvalue": 0.7754417102309903}, "Quant": {"sum_sq": 29.976829724386164, "df": 1.0, "F": 0.14067960058520065, "pvalue": 0.7132273290967497}}, "6": {"Mouse_ID": {}, "Treatment": {"sum_sq": 809.8500589467969, "df": 2.0, "F": 2.4053627592131996, "pvalue": 0.12918179652700137, "tukey_hsd": {"groups": ["A12", "B1-8", "PBS"], "pvalues": [[1.0, 0.46443310989567976, 0.11255705585396547], [0.46443310989567976, 1.0, 0.6373984039225928], [0.11255705585396547, 0.6373984039225928, 1.0]]}}, "Ig_treated": {"sum_sq": 560.5153084922116, "df": 1.0, "F": 3.2189888524336876, "pvalue": 0.09440628017555228}, "A12_treated": {"sum_sq": 667.1897868702539, "df": 1.0, "F": 4.006949698803552, "pvalue": 0.06508155899674284}, "Batch": {"sum_sq": 49.59242237793102, "df": 1.0, "F": 0.23545671294939316, "pvalue": 0.6350122044156363}, "Quant": {"sum_sq": 607.6020960608132, "df": 1.0, "F": 3.558130633722886, "pvalue": 0.08017125629603762}}, "7": {"Mouse_ID": {}, "Treatment": {"sum_sq": 247.72152281916377, "df": 2.0, "F": 0.7747331098582034, "pvalue": 0.4809787579615328, "tukey_hsd": {"groups": ["A12", "B1-8", "PBS"], "pvalues": [[1.0, 0.46578072322756625, 0.9488416156637989], [0.46578072322756625, 1.0, 0.669746450263706], [0.9488416156637989, 0.669746450263706, 1.0]]}}, "Ig_treated": {"sum_sq": 11.878469102957935, "df": 1.0, "F": 0.07185934741028, "pvalue": 0.7925578122376902}, "A12_treated": {"sum_sq": 127.6169040817061, "df": 1.0, "F": 0.8126672980502876, "pvalue": 0.38257978557366334}, "Batch": {"sum_sq": 1.9036693809075431, "df": 1.0, "F": 0.01146691098212682, "pvalue": 0.9162420121292933}, "Quant": {"sum_sq": 4.798550613053295, "df": 1.0, "F": 0.02894051562701916, "pvalue": 0.8673503539362181}}, "8": {"Mouse_ID": {}, "Treatment": {"sum_sq": 95.91601163548545, "df": 2.0, "F": 0.3435151710625487, "pvalue": 0.7155200285135063, "tukey_hsd": {"groups": ["A12", "B1-8", "PBS"], "pvalues": [[1.0, 0.8879951583579349, 0.9168170358617245], [0.8879951583579349, 1.0, 0.6929727918869129], [0.9168170358617245, 0.6929727918869129, 1.0]]}}, "Ig_treated": {"sum_sq": 65.54350909859569, "df": 1.0, "F": 0.49726909083792464, "pvalue": 0.4922690720519115}, "A12_treated": {"sum_sq": 0.2227466454877827, "df": 1.0, "F": 0.001632170081401979, "pvalue": 0.9683446219698005}, "Batch": {"sum_sq": 1.4316065850352249, "df": 1.0, "F": 0.010496700253501046, "pvalue": 0.9198498200009512}, "Quant": {"sum_sq": 310.69109648927076, "df": 1.0, "F": 2.7182933688406403, "pvalue": 0.12145404295956065}}, "9": {"Mouse_ID": {}, "Treatment": {"sum_sq": 503.8367932849332, "df": 2.0, "F": 2.842571442508916, "pvalue": 0.0946030283585735, "tukey_hsd": {"groups": ["A12", "B1-8", "PBS"], "pvalues": [[1.0, 0.9995651243576358, 0.1261234574032266], [0.9995651243576358, 1.0, 0.14002144713320297], [0.1261234574032266, 0.14002144713320297, 1.0]]}}, "Ig_treated": {"sum_sq": 503.76687147857, "df": 1.0, "F": 6.121240400124532, "pvalue": 0.026771226634417025}, "A12_treated": {"sum_sq": 132.15536809423622, "df": 1.0, "F": 1.2141963025492093, "pvalue": 0.2890861972322406}, "Batch": {"sum_sq": 1.5741409768734476, "df": 1.0, "F": 0.013321090518056258, "pvalue": 0.9097536930274007}, "Quant": {"sum_sq": 77.26631490149272, "df": 1.0, "F": 0.6852128970368101, "pvalue": 0.4216843150665198}}, "10": {"Mouse_ID": {}, "Treatment": {"sum_sq": 58.14244930174362, "df": 2.0, "F": 0.2790823159618561, "pvalue": 0.7608970843112757, "tukey_hsd": {"groups": ["A12", "B1-8", "PBS"], "pvalues": [[1.0, 0.8241775921144867, 0.783702610626545], [0.8241775921144867, 1.0, 0.9971914181321728], [0.783702610626545, 0.9971914181321728, 1.0]]}}, "Ig_treated": {"sum_sq": 21.02757600190541, "df": 1.0, "F": 0.2115923890527478, "pvalue": 0.652584819121315}, "A12_treated": {"sum_sq": 57.61093213474829, "df": 1.0, "F": 0.5953716462868888, "pvalue": 0.45317726365484157}, "Batch": {"sum_sq": 7.553942927131848, "df": 1.0, "F": 0.07528334954009036, "pvalue": 0.787801176322753}, "Quant": {"sum_sq": 3.599133476419879, "df": 1.0, "F": 0.03576862466720587, "pvalue": 0.8527084895634572}}}