{"1": {"Mouse_ID": {}, "Treatment": {"sum_sq": 421.2699474733077, "df": 2.0, "F": 0.2427981807925436, "pvalue": 0.7879084749225223, "tukey_hsd": {"groups": ["A12", "B1-8", "PBS"], "pvalues": [[1.0, 0.7827087227422261, 0.9883200979765191], [0.7827087227422261, 1.0, 0.8703034393701299], [0.9883200979765191, 0.8703034393701299, 1.0]]}}, "Ig_treated": {"sum_sq": 27.991169301517665, "df": 1.0, "F": 0.03357640489590648, "pvalue": 0.8572380031603041}, "A12_treated": {"sum_sq": 200.19963392649134, "df": 1.0, "F": 0.24374302559469446, "pvalue": 0.6291706877629726}, "Batch": {"sum_sq": 70.97758812814041, "df": 1.0, "F": 0.08545488684942788, "pvalue": 0.7743243057135402}, "Quant": {"sum_sq": 5.083621266356912, "df": 1.0, "F": 0.006086039497944685, "pvalue": 0.9389216889279062}}, "2": {"Mouse_ID": {}, "Treatment": {"sum_sq": 2389.9526751679314, "df": 2.0, "F": 2.535551567677109, "pvalue": 0.11755239197904009, "tukey_hsd": {"groups": ["A12", "B1-8", "PBS"], "pvalues": [[1.0, 0.1062422511454113, 0.8054582462852881], [0.1062422511454113, 1.0, 0.31697161472761193], [0.8054582462852881, 0.31697161472761193, 1.0]]}}, "Ig_treated": {"sum_sq": 82.95905712512828, "df": 1.0, "F": 0.13771188139351517, "pvalue": 0.7161216920291611}, "A12_treated": {"sum_sq": 1310.7677866141273, "df": 1.0, "F": 2.546615736491521, "pvalue": 0.1328500928139566}, "Batch": {"sum_sq": 233.58798864225741, "df": 1.0, "F": 0.39480698760762173, "pvalue": 0.5398993306382263}, "Quant": {"sum_sq": 275.3097293659156, "df": 1.0, "F": 0.4676801483108828, "pvalue": 0.5052189568073413}}, "3": {"Mouse_ID": {}, "Treatment": {"sum_sq": 2734.8525397457747, "df": 2.0, "F": 4.572472003587558, "pvalue": 0.031357900489905007, "tukey_hsd": {"groups": ["A12", "B1-8", "PBS"], "pvalues": [[1.0, 0.6912880949208943, 0.027469696438409796], [0.6912880949208943, 1.0, 0.14049270264960723], [0.027469696438409796, 0.14049270264960723, 1.0]]}}, "Ig_treated": {"sum_sq": 2528.467508929542, "df": 1.0, "F": 8.646199616810547, "pvalue": 0.010747269972771591}, "A12_treated": {"sum_sq": 1483.1241954669313, "df": 1.0, "F": 4.040062783535441, "pvalue": 0.06410874191897076}, "Batch": {"sum_sq": 2.462375075732775, "df": 1.0, "F": 0.005207344367320958, "pvalue": 0.9434938316056436}, "Quant": {"sum_sq": 2726.419722297582, "df": 1.0, "F": 9.796784001770813, "pvalue": 0.007379475242576621}}, "4": {"Mouse_ID": {}, "Treatment": {"sum_sq": 32.67836844430546, "df": 2.0, "F": 0.052639135322981326, "pvalue": 0.948923462208987, "tukey_hsd": {"groups": ["A12", "B1-8", "PBS"], "pvalues": [[1.0, 0.9449280353412199, 0.981046545982515], [0.9449280353412199, 1.0, 0.9908609159976779], [0.981046545982515, 0.9908609159976779, 1.0]]}}, "Ig_treated": {"sum_sq": 0.6388497983660446, "df": 1.0, "F": 0.0021990096656133774, "pvalue": 0.963260400072086}, "A12_treated": {"sum_sq": 27.50551667561893, "df": 1.0, "F": 0.09530737067902786, "pvalue": 0.7620815185515806}, "Batch": {"sum_sq": 1.4163756786062667, "df": 1.0, "F": 0.004876293841853771, "pvalue": 0.9453162494288408}, "Quant": {"sum_sq": 28.494899845008458, "df": 1.0, "F": 0.09875979426594358, "pvalue": 0.7579572674528098}}, "5": {"Mouse_ID": {}, "Treatment": {"sum_sq": 905.2413831985398, "df": 2.0, "F": 2.791387375520829, "pvalue": 0.09804221910652254, "tukey_hsd": {"groups": ["A12", "B1-8", "PBS"], "pvalues": [[1.0, 0.10926687823973869, 0.973379670181501], [0.10926687823973869, 1.0, 0.18062280222662708], [0.973379670181501, 0.18062280222662708, 1.0]]}}, "Ig_treated": {"sum_sq": 123.29694556381443, "df": 1.0, "F": 0.5973107268866722, "pvalue": 0.4524575822803599}, "A12_treated": {"sum_sq": 325.74205018332333, "df": 1.0, "F": 1.6969289609286047, "pvalue": 0.2137114345314056}, "Batch": {"sum_sq": 18.095620641545906, "df": 1.0, "F": 0.08458486832220903, "pvalue": 0.7754417102309944}, "Quant": {"sum_sq": 29.97682972438335, "df": 1.0, "F": 0.14067960058518755, "pvalue": 0.7132273290967606}}, "6": {"Mouse_ID": {}, "Treatment": {"sum_sq": 809.8500589467919, "df": 2.0, "F": 2.4053627592131845, "pvalue": 0.1291817965270028, "tukey_hsd": {"groups": ["A12", "B1-8", "PBS"], "pvalues": [[1.0, 0.4644331098956911, 0.11255705585396636], [0.4644331098956911, 1.0, 0.6373984039225834], [0.11255705585396636, 0.6373984039225834, 1.0]]}}, "Ig_treated": {"sum_sq": 560.515308492215, "df": 1.0, "F": 3.2189888524337196, "pvalue": 0.09440628017555096}, "A12_treated": {"sum_sq": 667.1897868702441, "df": 1.0, "F": 4.006949698803486, "pvalue": 0.06508155899674489}, "Batch": {"sum_sq": 49.59242237793166, "df": 1.0, "F": 0.2354567129493967, "pvalue": 0.6350122044156341}, "Quant": {"sum_sq": 607.6020960608139, "df": 1.0, "F": 3.558130633722901, "pvalue": 0.08017125629603707}}, "7": {"Mouse_ID": {}, "Treatment": {"sum_sq": 247.72152281915982, "df": 2.0, "F": 0.7747331098581927, "pvalue": 0.48097875796153705, "tukey_hsd": {"groups": ["A12", "B1-8", "PBS"], "pvalues": [[1.0, 0.4657807232275706, 0.9488416156637985], [0.4657807232275706, 1.0, 0.6697464502637112], [0.9488416156637985, 0.6697464502637112, 1.0]]}}, "Ig_treated": {"sum_sq": 11.878469102957443, "df": 1.0, "F": 0.07185934741027726, "pvalue": 0.7925578122376967}, "A12_treated": {"sum_sq": 127.61690408170469, "df": 1.0, "F": 0.812667298050281, "pvalue": 0.38257978557366534}, "Batch": {"sum_sq": 1.903669380907548, "df": 1.0, "F": 0.011466910982126889, "pvalue": 0.9162420121292933}, "Quant": {"sum_sq": 4.798550613053782, "df": 1.0, "F": 0.02894051562702219, "pvalue": 0.8673503539362111}}, "8": {"Mouse_ID": {}, "Treatment": {"sum_sq": 95.91601163548617, "df": 2.0, "F": 0.343515171062552, "pvalue": 0.7155200285135046, "tukey_hsd": {"groups": ["A12", "B1-8", "PBS"], "pvalues": [[1.0, 0.8879951583579316, 0.9168170358617258], [0.8879951583579316, 1.0, 0.6929727918869104], [0.9168170358617258, 0.6929727918869104, 1.0]]}}, "Ig_treated": {"sum_sq": 65.54350909859558, "df": 1.0, "F": 0.4972690908379246, "pvalue": 0.4922690720519115}, "A12_treated": {"sum_sq": 0.22274664548785378, "df": 1.0, "F": 0.0016321700814025022, "pvalue": 0.9683446219698005}, "Batch": {"sum_sq": 1.4316065850352195, "df": 1.0, "F": 0.010496700253501027, "pvalue": 0.9198498200009512}, "Quant": {"sum_sq": 310.69109648926934, "df": 1.0, "F": 2.718293368840631, "pvalue": 0.12145404295956136}}, "9": {"Mouse_ID": {}, "Treatment": {"sum_sq": 503.8367932849321, "df": 2.0, "F": 2.8425714425089135, "pvalue": 0.09460302835857369, "tukey_hsd": {"groups": ["A12", "B1-8", "PBS"], "pvalues": [[1.0, 0.9995651243576358, 0.12612345740322684], [0.9995651243576358, 1.0, 0.1400214471332033], [0.12612345740322684, 0.1400214471332033, 1.0]]}}, "Ig_treated": {"sum_sq": 503.7668714785688, "df": 1.0, "F": 6.121240400124525, "pvalue": 0.02677122663441712}, "A12_treated": {"sum_sq": 132.15536809423574, "df": 1.0, "F": 1.2141963025492064, "pvalue": 0.28908619723224127}, "Batch": {"sum_sq": 1.5741409768734276, "df": 1.0, "F": 0.01332109051805611, "pvalue": 0.9097536930274007}, "Quant": {"sum_sq": 77.26631490149282, "df": 1.0, "F": 0.6852128970368121, "pvalue": 0.4216843150665188}}, "10": {"Mouse_ID": {}, "Treatment": {"sum_sq": 58.1424493017447, "df": 2.0, "F": 0.279082315961862, "pvalue": 0.7608970843112717, "tukey_hsd": {"groups": ["A12", "B1-8", "PBS"], "pvalues": [[1.0, 0.8241775921144836, 0.783702610626541], [0.8241775921144836, 1.0, 0.9971914181321727], [0.783702610626541, 0.9971914181321727, 1.0]]}}, "Ig_treated": {"sum_sq": 21.02757600190585, "df": 1.0, "F": 0.21159238905275257, "pvalue": 0.6525848191213114}, "A12_treated": {"sum_sq": 57.61093213474937, "df": 1.0, "F": 0.5953716462869013, "pvalue": 0.4531772636548371}, "Batch": {"sum_sq": 7.553942927131116, "df": 1.0, "F": 0.07528334954008316, "pvalue": 0.7878011763227617}, "Quant": {"sum_sq": 3.599133476419866, "df": 1.0, "F": 0.035768624667205796, "pvalue": 0.8527084895634572}}}