{"1": {"Mouse_ID": {}, "Treatment": {"sum_sq": 578.9311850672495, "df": 2.0, "F": 0.25224381088661696, "pvalue": 0.7807717076489098, "tukey_hsd": {"groups": ["A12", "B1-8", "PBS"], "pvalues": [[1.0, 0.7720371415103426, 0.983613309978755], [0.7720371415103426, 1.0, 0.8739964457126564], [0.983613309978755, 0.8739964457126564, 1.0]]}}, "Ig_treated": {"sum_sq": 28.939234522089603, "df": 1.0, "F": 0.02619221850087002, "pvalue": 0.8737442529844781}, "A12_treated": {"sum_sq": 295.5129806329561, "df": 1.0, "F": 0.2721519705647161, "pvalue": 0.6100465138914234}, "TMT": {"sum_sq": 125.69332067427987, "df": 1.0, "F": 0.11447811881962665, "pvalue": 0.7401228888758589}, "Quant": {"sum_sq": 11.316374526165841, "df": 1.0, "F": 0.010230528114833248, "pvalue": 0.9208688033189294}}, "2": {"Mouse_ID": {}, "Treatment": {"sum_sq": 2985.115441224468, "df": 2.0, "F": 2.3397348457374743, "pvalue": 0.1355444593672751, "tukey_hsd": {"groups": ["A12", "B1-8", "PBS"], "pvalues": [[1.0, 0.12448277152385034, 0.8359553673461877], [0.12448277152385034, 1.0, 0.3323955365308062], [0.8359553673461877, 0.3323955365308062, 1.0]]}}, "Ig_treated": {"sum_sq": 121.53821924106099, "df": 1.0, "F": 0.15251507367032258, "pvalue": 0.7020212737356366}, "A12_treated": {"sum_sq": 1590.2712777364034, "df": 1.0, "F": 2.298134155043718, "pvalue": 0.15177977107775728}, "TMT": {"sum_sq": 378.7744031047599, "df": 1.0, "F": 0.48653190339038055, "pvalue": 0.4968997305394882}, "Quant": {"sum_sq": 383.4521370310127, "df": 1.0, "F": 0.49275188409816156, "pvalue": 0.4942079345961776}}, "3": {"Mouse_ID": {}, "Treatment": {"sum_sq": 3509.6621926920266, "df": 2.0, "F": 4.461959562356774, "pvalue": 0.033470603751073906, "tukey_hsd": {"groups": ["A12", "B1-8", "PBS"], "pvalues": [[1.0, 0.6709363261213229, 0.028906493394518118], [0.6709363261213229, 1.0, 0.1547276319532147], [0.028906493394518118, 0.1547276319532147, 1.0]]}}, "Ig_treated": {"sum_sq": 3215.5606197454877, "df": 1.0, "F": 8.326101876015576, "pvalue": 0.011980407275421335}, "A12_treated": {"sum_sq": 1957.0666739064632, "df": 1.0, "F": 4.110665620906147, "pvalue": 0.062091590482690875}, "TMT": {"sum_sq": 3.2263243432666218, "df": 1.0, "F": 0.0052404757092632875, "pvalue": 0.9433146935171887}, "Quant": {"sum_sq": 3452.8767595456925, "df": 1.0, "F": 9.351022324633622, "pvalue": 0.008514499123296264}}, "4": {"Mouse_ID": {}, "Treatment": {"sum_sq": 36.77246522896405, "df": 2.0, "F": 0.044625385053807, "pvalue": 0.9565015247073748, "tukey_hsd": {"groups": ["A12", "B1-8", "PBS"], "pvalues": [[1.0, 0.9539648344882103, 0.9812562327089605], [0.9539648344882103, 1.0, 0.9941757526367139], [0.9812562327089605, 0.9941757526367139, 1.0]]}}, "Ig_treated": {"sum_sq": 1.4176281129944237, "df": 1.0, "F": 0.003681111460280057, "pvalue": 0.9524779179977365}, "A12_treated": {"sum_sq": 32.40515543770981, "df": 1.0, "F": 0.08463189161014265, "pvalue": 0.7753811563313703}, "TMT": {"sum_sq": 3.8871844277304066, "df": 1.0, "F": 0.0100983581287646, "pvalue": 0.9213797678381965}, "Quant": {"sum_sq": 38.67629117171948, "df": 1.0, "F": 0.10112839768078127, "pvalue": 0.755173626776872}}, "5": {"Mouse_ID": {}, "Treatment": {"sum_sq": 988.6061693227288, "df": 2.0, "F": 2.0762082249245783, "pvalue": 0.16501265746919136, "tukey_hsd": {"groups": ["A12", "B1-8", "PBS"], "pvalues": [[1.0, 0.8925031889034076, 0.15738855383958406], [0.8925031889034076, 1.0, 0.34308887165150204], [0.15738855383958406, 0.34308887165150204, 1.0]]}}, "Ig_treated": {"sum_sq": 939.0395707651196, "df": 1.0, "F": 4.18067204503371, "pvalue": 0.060165419882506455}, "A12_treated": {"sum_sq": 484.31741363336045, "df": 1.0, "F": 1.8838097236654303, "pvalue": 0.19149112412808394}, "TMT": {"sum_sq": 132.69074751556536, "df": 1.0, "F": 0.4701830174198072, "pvalue": 0.5041002092517453}, "Quant": {"sum_sq": 893.9266288812547, "df": 1.0, "F": 3.923538303984873, "pvalue": 0.0676109023202898}}, "6": {"Mouse_ID": {}, "Treatment": {"sum_sq": 1310.9709950915164, "df": 2.0, "F": 3.1615939588645396, "pvalue": 0.07605359310878983, "tukey_hsd": {"groups": ["A12", "B1-8", "PBS"], "pvalues": [[1.0, 0.06498620874692085, 0.6799473435390575], [0.06498620874692085, 1.0, 0.2907983551908224], [0.6799473435390575, 0.2907983551908224, 1.0]]}}, "Ig_treated": {"sum_sq": 21.084840925322688, "df": 1.0, "F": 0.07407204361572867, "pvalue": 0.7894703262358932}, "A12_treated": {"sum_sq": 796.9555239614356, "df": 1.0, "F": 3.476605335246585, "pvalue": 0.08334327429097936}, "TMT": {"sum_sq": 7.2876211466075915, "df": 1.0, "F": 0.02551342619112256, "pvalue": 0.8753759687641998}, "Quant": {"sum_sq": 2.103673567334219, "df": 1.0, "F": 0.007355271736899828, "pvalue": 0.9328693754270195}}, "7": {"Mouse_ID": {}, "Treatment": {"sum_sq": 383.1233038786761, "df": 2.0, "F": 0.9035693142246057, "pvalue": 0.42911072030207686, "tukey_hsd": {"groups": ["A12", "B1-8", "PBS"], "pvalues": [[1.0, 0.40408071557373115, 0.9024184008330844], [0.40408071557373115, 1.0, 0.6744434217887139], [0.9024184008330844, 0.6744434217887139, 1.0]]}}, "Ig_treated": {"sum_sq": 7.849800275608705, "df": 1.0, "F": 0.035095848571968534, "pvalue": 0.854082862134002}, "A12_treated": {"sum_sq": 226.7226378096926, "df": 1.0, "F": 1.0898360366479394, "pvalue": 0.31419940364635596}, "TMT": {"sum_sq": 4.1857203194612955, "df": 1.0, "F": 0.018692158848803847, "pvalue": 0.8931993302186483}, "Quant": {"sum_sq": 19.916956140843684, "df": 1.0, "F": 0.08939165262333536, "pvalue": 0.7693441802913877}}, "8": {"Mouse_ID": {}, "Treatment": {"sum_sq": 158.74099498365078, "df": 2.0, "F": 0.4276014008157999, "pvalue": 0.660918676201871, "tukey_hsd": {"groups": ["A12", "B1-8", "PBS"], "pvalues": [[1.0, 0.8812057729488088, 0.8797943226648268], [0.8812057729488088, 1.0, 0.6348692839219637], [0.8797943226648268, 0.6348692839219637, 1.0]]}}, "Ig_treated": {"sum_sq": 115.72320624532651, "df": 1.0, "F": 0.659646218542959, "pvalue": 0.43027918701629153}, "A12_treated": {"sum_sq": 0.000602585678370797, "df": 1.0, "F": 3.2803038436642253e-06, "pvalue": 0.9985804583490194}, "TMT": {"sum_sq": 1.5873123273442074, "df": 1.0, "F": 0.00864620813980116, "pvalue": 0.927233044819518}, "Quant": {"sum_sq": 433.0477154273603, "df": 1.0, "F": 2.8347090998325792, "pvalue": 0.11440317116102061}}, "9": {"Mouse_ID": {}, "Treatment": {"sum_sq": 672.3903218771733, "df": 2.0, "F": 2.8135732385188814, "pvalue": 0.09653407664234642, "tukey_hsd": {"groups": ["A12", "B1-8", "PBS"], "pvalues": [[1.0, 0.9999999602215801, 0.12571674285746215], [0.9999999602215801, 1.0, 0.1458438363120368], [0.12571674285746215, 0.1458438363120368, 1.0]]}}, "Ig_treated": {"sum_sq": 672.3903132559283, "df": 1.0, "F": 6.060003787015231, "pvalue": 0.027418917585176113}, "A12_treated": {"sum_sq": 183.31136559848156, "df": 1.0, "F": 1.2565070936602398, "pvalue": 0.28117355434206737}, "TMT": {"sum_sq": 4.107193195116134, "df": 1.0, "F": 0.025881875601968113, "pvalue": 0.8744875410851615}, "Quant": {"sum_sq": 95.28564116247901, "df": 1.0, "F": 0.6261493003178586, "pvalue": 0.4419718079380561}}, "10": {"Mouse_ID": {}, "Treatment": {"sum_sq": 59.706439724376395, "df": 2.0, "F": 0.20996737191082726, "pvalue": 0.8133063513244898, "tukey_hsd": {"groups": ["A12", "B1-8", "PBS"], "pvalues": [[1.0, 0.8431356176184269, 0.8508685729116705], [0.8431356176184269, 1.0, 0.999880212441091], [0.8508685729116705, 0.999880212441091, 1.0]]}}, "Ig_treated": {"sum_sq": 15.088199110048524, "df": 1.0, "F": 0.11158956172584697, "pvalue": 0.7432928584536806}, "A12_treated": {"sum_sq": 59.6755459783372, "df": 1.0, "F": 0.4519958616181117, "pvalue": 0.5123324092687613}, "TMT": {"sum_sq": 46.888458431067896, "df": 1.0, "F": 0.3527036059735033, "pvalue": 0.5620606301681101}, "Quant": {"sum_sq": 4.497923346910573, "df": 1.0, "F": 0.03308074663112446, "pvalue": 0.8582831888972577}}}