{"1": {"Mouse_ID": {}, "Treatment": {"sum_sq": 421.2699474733076, "df": 2.0, "F": 0.24279818079254337, "pvalue": 0.7879084749225223, "tukey_hsd": {"groups": ["A12", "B1-8", "PBS"], "pvalues": [[1.0, 0.7827087227422268, 0.9883200979765194], [0.7827087227422268, 1.0, 0.8703034393701292], [0.9883200979765194, 0.8703034393701292, 1.0]]}}, "Ig_treated": {"sum_sq": 27.991169301518276, "df": 1.0, "F": 0.03357640489590718, "pvalue": 0.8572380031603041}, "A12_treated": {"sum_sq": 200.19963392648998, "df": 1.0, "F": 0.24374302559469258, "pvalue": 0.6291706877629737}, "TMT": {"sum_sq": 70.97758812813993, "df": 1.0, "F": 0.08545488684942723, "pvalue": 0.7743243057135402}, "Quant": {"sum_sq": 5.083621266356632, "df": 1.0, "F": 0.006086039497944346, "pvalue": 0.9389216889279062}}, "2": {"Mouse_ID": {}, "Treatment": {"sum_sq": 2389.9526751679314, "df": 2.0, "F": 2.5355515676771034, "pvalue": 0.11755239197904056, "tukey_hsd": {"groups": ["A12", "B1-8", "PBS"], "pvalues": [[1.0, 0.10624225114541186, 0.8054582462852921], [0.10624225114541186, 1.0, 0.31697161472761015], [0.8054582462852921, 0.31697161472761015, 1.0]]}}, "Ig_treated": {"sum_sq": 82.959057125131, "df": 1.0, "F": 0.1377118813935195, "pvalue": 0.716121692029158}, "A12_treated": {"sum_sq": 1310.7677866141196, "df": 1.0, "F": 2.5466157364914985, "pvalue": 0.13285009281395813}, "TMT": {"sum_sq": 233.58798864225756, "df": 1.0, "F": 0.39480698760762123, "pvalue": 0.5398993306382263}, "Quant": {"sum_sq": 275.3097293659212, "df": 1.0, "F": 0.46768014831089183, "pvalue": 0.5052189568073375}}, "3": {"Mouse_ID": {}, "Treatment": {"sum_sq": 2734.852539745768, "df": 2.0, "F": 4.572472003587558, "pvalue": 0.031357900489905007, "tukey_hsd": {"groups": ["A12", "B1-8", "PBS"], "pvalues": [[1.0, 0.691288094920891, 0.027469696438409796], [0.691288094920891, 1.0, 0.14049270264960856], [0.027469696438409796, 0.14049270264960856, 1.0]]}}, "Ig_treated": {"sum_sq": 2528.467508929534, "df": 1.0, "F": 8.646199616810533, "pvalue": 0.01074726997277165}, "A12_treated": {"sum_sq": 1483.1241954669333, "df": 1.0, "F": 4.0400627835354594, "pvalue": 0.06410874191897015}, "TMT": {"sum_sq": 2.4623750757329184, "df": 1.0, "F": 0.005207344367321274, "pvalue": 0.9434938316056436}, "Quant": {"sum_sq": 2726.419722297571, "df": 1.0, "F": 9.796784001770785, "pvalue": 0.007379475242576684}}, "4": {"Mouse_ID": {}, "Treatment": {"sum_sq": 32.67836844430503, "df": 2.0, "F": 0.052639135322980486, "pvalue": 0.9489234622089885, "tukey_hsd": {"groups": ["A12", "B1-8", "PBS"], "pvalues": [[1.0, 0.9449280353412208, 0.981046545982515], [0.9449280353412208, 1.0, 0.9908609159976782], [0.981046545982515, 0.9908609159976782, 1.0]]}}, "Ig_treated": {"sum_sq": 0.6388497983660854, "df": 1.0, "F": 0.0021990096656135123, "pvalue": 0.963260400072086}, "A12_treated": {"sum_sq": 27.5055166756187, "df": 1.0, "F": 0.09530737067902681, "pvalue": 0.7620815185515806}, "TMT": {"sum_sq": 1.4163756786063189, "df": 1.0, "F": 0.004876293841853938, "pvalue": 0.9453162494288408}, "Quant": {"sum_sq": 28.49489984500854, "df": 1.0, "F": 0.09875979426594363, "pvalue": 0.7579572674528098}}, "5": {"Mouse_ID": {}, "Treatment": {"sum_sq": 905.2413831985614, "df": 2.0, "F": 2.791387375520918, "pvalue": 0.09804221910651648, "tukey_hsd": {"groups": ["A12", "B1-8", "PBS"], "pvalues": [[1.0, 0.10926687823972603, 0.9733796701814792], [0.10926687823972603, 1.0, 0.1806228022266334], [0.9733796701814792, 0.1806228022266334, 1.0]]}}, "Ig_treated": {"sum_sq": 123.29694556379395, "df": 1.0, "F": 0.5973107268865678, "pvalue": 0.4524575822803988}, "A12_treated": {"sum_sq": 325.7420501833638, "df": 1.0, "F": 1.6969289609288385, "pvalue": 0.21371143453137573}, "TMT": {"sum_sq": 18.09562064154387, "df": 1.0, "F": 0.08458486832219933, "pvalue": 0.7754417102310065}, "Quant": {"sum_sq": 29.976829724372557, "df": 1.0, "F": 0.14067960058513618, "pvalue": 0.7132273290968112}}, "6": {"Mouse_ID": {}, "Treatment": {"sum_sq": 809.8500589467805, "df": 2.0, "F": 2.4053627592131326, "pvalue": 0.12918179652700765, "tukey_hsd": {"groups": ["A12", "B1-8", "PBS"], "pvalues": [[1.0, 0.4644331098957395, 0.11255705585396869], [0.4644331098957395, 1.0, 0.6373984039225402], [0.11255705585396869, 0.6373984039225402, 1.0]]}}, "Ig_treated": {"sum_sq": 560.5153084922379, "df": 1.0, "F": 3.2189888524338732, "pvalue": 0.09440628017554369}, "A12_treated": {"sum_sq": 667.1897868702092, "df": 1.0, "F": 4.006949698803207, "pvalue": 0.06508155899675304}, "TMT": {"sum_sq": 49.592422377934, "df": 1.0, "F": 0.23545671294940754, "pvalue": 0.6350122044156272}, "Quant": {"sum_sq": 607.6020960608274, "df": 1.0, "F": 3.5581306337229903, "pvalue": 0.08017125629603372}}, "7": {"Mouse_ID": {}, "Treatment": {"sum_sq": 247.7215228191558, "df": 2.0, "F": 0.7747331098581774, "pvalue": 0.48097875796154405, "tukey_hsd": {"groups": ["A12", "B1-8", "PBS"], "pvalues": [[1.0, 0.4657807232275777, 0.9488416156638013], [0.4657807232275777, 1.0, 0.6697464502637138], [0.9488416156638013, 0.6697464502637138, 1.0]]}}, "Ig_treated": {"sum_sq": 11.878469102957766, "df": 1.0, "F": 0.0718593474102791, "pvalue": 0.7925578122376924}, "A12_treated": {"sum_sq": 127.61690408170152, "df": 1.0, "F": 0.8126672980502585, "pvalue": 0.38257978557367195}, "TMT": {"sum_sq": 1.903669380907461, "df": 1.0, "F": 0.011466910982126346, "pvalue": 0.9162420121292989}, "Quant": {"sum_sq": 4.798550613053449, "df": 1.0, "F": 0.028940515627020144, "pvalue": 0.8673503539362146}}, "8": {"Mouse_ID": {}, "Treatment": {"sum_sq": 95.91601163548656, "df": 2.0, "F": 0.34351517106255336, "pvalue": 0.7155200285135029, "tukey_hsd": {"groups": ["A12", "B1-8", "PBS"], "pvalues": [[1.0, 0.8879951583579331, 0.9168170358617237], [0.8879951583579331, 1.0, 0.6929727918869093], [0.9168170358617237, 0.6929727918869093, 1.0]]}}, "Ig_treated": {"sum_sq": 65.54350909859636, "df": 1.0, "F": 0.4972690908379307, "pvalue": 0.4922690720519094}, "A12_treated": {"sum_sq": 0.22274664548779574, "df": 1.0, "F": 0.0016321700814020768, "pvalue": 0.9683446219698005}, "TMT": {"sum_sq": 1.4316065850352346, "df": 1.0, "F": 0.010496700253501133, "pvalue": 0.9198498200009512}, "Quant": {"sum_sq": 310.69109648927025, "df": 1.0, "F": 2.7182933688406394, "pvalue": 0.12145404295956065}}, "9": {"Mouse_ID": {}, "Treatment": {"sum_sq": 503.8367932849305, "df": 2.0, "F": 2.842571442508906, "pvalue": 0.09460302835857418, "tukey_hsd": {"groups": ["A12", "B1-8", "PBS"], "pvalues": [[1.0, 0.9995651243576358, 0.12612345740322728], [0.9995651243576358, 1.0, 0.14002144713320386], [0.12612345740322728, 0.14002144713320386, 1.0]]}}, "Ig_treated": {"sum_sq": 503.7668714785671, "df": 1.0, "F": 6.121240400124507, "pvalue": 0.026771226634417295}, "A12_treated": {"sum_sq": 132.15536809423543, "df": 1.0, "F": 1.2141963025492053, "pvalue": 0.2890861972322416}, "TMT": {"sum_sq": 1.5741409768734305, "df": 1.0, "F": 0.013321090518056153, "pvalue": 0.9097536930274007}, "Quant": {"sum_sq": 77.26631490149192, "df": 1.0, "F": 0.6852128970368048, "pvalue": 0.42168431506652104}}, "10": {"Mouse_ID": {}, "Treatment": {"sum_sq": 58.14244930174324, "df": 2.0, "F": 0.27908231596185445, "pvalue": 0.7608970843112768, "tukey_hsd": {"groups": ["A12", "B1-8", "PBS"], "pvalues": [[1.0, 0.8241775921144887, 0.7837026106265452], [0.8241775921144887, 1.0, 0.9971914181321725], [0.7837026106265452, 0.9971914181321725, 1.0]]}}, "Ig_treated": {"sum_sq": 21.027576001905526, "df": 1.0, "F": 0.21159238905274916, "pvalue": 0.6525848191213138}, "A12_treated": {"sum_sq": 57.61093213474779, "df": 1.0, "F": 0.5953716462868839, "pvalue": 0.45317726365484334}, "TMT": {"sum_sq": 7.5539429271314065, "df": 1.0, "F": 0.07528334954008599, "pvalue": 0.7878011763227574}, "Quant": {"sum_sq": 3.599133476419895, "df": 1.0, "F": 0.03576862466720606, "pvalue": 0.8527084895634572}}}