{"1": {"Mouse_ID": {}, "Treatment": {"sum_sq": 578.9311850672502, "df": 2.0, "F": 0.2522438108866179, "pvalue": 0.7807717076489086, "tukey_hsd": {"groups": ["A12", "B1-8", "PBS"], "pvalues": [[1.0, 0.772037141510342, 0.983613309978755], [0.772037141510342, 1.0, 0.8739964457126558], [0.983613309978755, 0.8739964457126558, 1.0]]}}, "Ig_treated": {"sum_sq": 28.9392345220899, "df": 1.0, "F": 0.026192218500870352, "pvalue": 0.8737442529844781}, "A12_treated": {"sum_sq": 295.51298063295604, "df": 1.0, "F": 0.2721519705647166, "pvalue": 0.6100465138914224}, "TMT": {"sum_sq": 125.69332067428002, "df": 1.0, "F": 0.11447811881962706, "pvalue": 0.7401228888758589}, "Quant": {"sum_sq": 11.316374526165632, "df": 1.0, "F": 0.010230528114833085, "pvalue": 0.9208688033189294}}, "2": {"Mouse_ID": {}, "Treatment": {"sum_sq": 2985.1154412244696, "df": 2.0, "F": 2.3397348457374796, "pvalue": 0.13554445936727458, "tukey_hsd": {"groups": ["A12", "B1-8", "PBS"], "pvalues": [[1.0, 0.12448277152384934, 0.835955367346184], [0.12448277152384934, 1.0, 0.33239553653080744], [0.835955367346184, 0.33239553653080744, 1.0]]}}, "Ig_treated": {"sum_sq": 121.5382192410573, "df": 1.0, "F": 0.15251507367031814, "pvalue": 0.7020212737356395}, "A12_treated": {"sum_sq": 1590.2712777364138, "df": 1.0, "F": 2.298134155043739, "pvalue": 0.15177977107775556}, "TMT": {"sum_sq": 378.77440310475987, "df": 1.0, "F": 0.48653190339038105, "pvalue": 0.4968997305394882}, "Quant": {"sum_sq": 383.45213703100546, "df": 1.0, "F": 0.49275188409815246, "pvalue": 0.4942079345961812}}, "3": {"Mouse_ID": {}, "Treatment": {"sum_sq": 3509.6621926920243, "df": 2.0, "F": 4.461959562356763, "pvalue": 0.03347060375107411, "tukey_hsd": {"groups": ["A12", "B1-8", "PBS"], "pvalues": [[1.0, 0.6709363261213275, 0.02890649339451823], [0.6709363261213275, 1.0, 0.15472763195321404], [0.02890649339451823, 0.15472763195321404, 1.0]]}}, "Ig_treated": {"sum_sq": 3215.560619745492, "df": 1.0, "F": 8.32610187601558, "pvalue": 0.011980407275421335}, "A12_treated": {"sum_sq": 1957.0666739064548, "df": 1.0, "F": 4.1106656209061185, "pvalue": 0.06209159048269161}, "TMT": {"sum_sq": 3.2263243432664823, "df": 1.0, "F": 0.005240475709263056, "pvalue": 0.9433146935171887}, "Quant": {"sum_sq": 3452.8767595456948, "df": 1.0, "F": 9.35102232463362, "pvalue": 0.008514499123296278}}, "4": {"Mouse_ID": {}, "Treatment": {"sum_sq": 36.772465228964535, "df": 2.0, "F": 0.04462538505380747, "pvalue": 0.9565015247073748, "tukey_hsd": {"groups": ["A12", "B1-8", "PBS"], "pvalues": [[1.0, 0.9539648344882098, 0.9812562327089606], [0.9539648344882098, 1.0, 0.9941757526367136], [0.9812562327089606, 0.9941757526367136, 1.0]]}}, "Ig_treated": {"sum_sq": 1.4176281129943653, "df": 1.0, "F": 0.0036811114602798957, "pvalue": 0.9524779179977365}, "A12_treated": {"sum_sq": 32.4051554377101, "df": 1.0, "F": 0.0846318916101432, "pvalue": 0.7753811563313683}, "TMT": {"sum_sq": 3.88718442773029, "df": 1.0, "F": 0.010098358128764268, "pvalue": 0.9213797678381965}, "Quant": {"sum_sq": 38.67629117171948, "df": 1.0, "F": 0.101128397680781, "pvalue": 0.755173626776872}}, "5": {"Mouse_ID": {}, "Treatment": {"sum_sq": 988.6061693227367, "df": 2.0, "F": 2.076208224924602, "pvalue": 0.16501265746918822, "tukey_hsd": {"groups": ["A12", "B1-8", "PBS"], "pvalues": [[1.0, 0.892503188903382, 0.15738855383957762], [0.892503188903382, 1.0, 0.3430888716515167], [0.15738855383957762, 0.3430888716515167, 1.0]]}}, "Ig_treated": {"sum_sq": 939.0395707651152, "df": 1.0, "F": 4.180672045033687, "pvalue": 0.060165419882507086}, "A12_treated": {"sum_sq": 484.31741363339216, "df": 1.0, "F": 1.8838097236655715, "pvalue": 0.19149112412806849}, "TMT": {"sum_sq": 132.6907475155646, "df": 1.0, "F": 0.47018301741980467, "pvalue": 0.504100209251746}, "Quant": {"sum_sq": 893.9266288812581, "df": 1.0, "F": 3.9235383039848957, "pvalue": 0.06761090232028916}}, "6": {"Mouse_ID": {}, "Treatment": {"sum_sq": 1310.9709950915117, "df": 2.0, "F": 3.161593958864531, "pvalue": 0.07605359310879031, "tukey_hsd": {"groups": ["A12", "B1-8", "PBS"], "pvalues": [[1.0, 0.06498620874692207, 0.6799473435390895], [0.06498620874692207, 1.0, 0.2907983551908052], [0.6799473435390895, 0.2907983551908052, 1.0]]}}, "Ig_treated": {"sum_sq": 21.084840925329907, "df": 1.0, "F": 0.07407204361575431, "pvalue": 0.7894703262358583}, "A12_treated": {"sum_sq": 796.9555239614048, "df": 1.0, "F": 3.4766053352464255, "pvalue": 0.08334327429098572}, "TMT": {"sum_sq": 7.287621146609124, "df": 1.0, "F": 0.02551342619112798, "pvalue": 0.8753759687641884}, "Quant": {"sum_sq": 2.1036735673320712, "df": 1.0, "F": 0.0073552717368923284, "pvalue": 0.932869375427055}}, "7": {"Mouse_ID": {}, "Treatment": {"sum_sq": 383.12330387867314, "df": 2.0, "F": 0.903569314224596, "pvalue": 0.42911072030208036, "tukey_hsd": {"groups": ["A12", "B1-8", "PBS"], "pvalues": [[1.0, 0.40408071557373415, 0.9024184008330822], [0.40408071557373415, 1.0, 0.6744434217887203], [0.9024184008330822, 0.6744434217887203, 1.0]]}}, "Ig_treated": {"sum_sq": 7.849800275608016, "df": 1.0, "F": 0.03509584857196537, "pvalue": 0.8540828621340084}, "A12_treated": {"sum_sq": 226.7226378096932, "df": 1.0, "F": 1.0898360366479403, "pvalue": 0.31419940364635596}, "TMT": {"sum_sq": 4.185720319461295, "df": 1.0, "F": 0.01869215884880381, "pvalue": 0.8931993302186483}, "Quant": {"sum_sq": 19.916956140844515, "df": 1.0, "F": 0.08939165262333895, "pvalue": 0.7693441802913837}}, "8": {"Mouse_ID": {}, "Treatment": {"sum_sq": 158.74099498364674, "df": 2.0, "F": 0.4276014008157889, "pvalue": 0.660918676201878, "tukey_hsd": {"groups": ["A12", "B1-8", "PBS"], "pvalues": [[1.0, 0.8812057729488098, 0.8797943226648314], [0.8812057729488098, 1.0, 0.634869283921971], [0.8797943226648314, 0.634869283921971, 1.0]]}}, "Ig_treated": {"sum_sq": 115.7232062453228, "df": 1.0, "F": 0.6596462185429378, "pvalue": 0.4302791870162992}, "A12_treated": {"sum_sq": 0.0006025856783676304, "df": 1.0, "F": 3.280303843646992e-06, "pvalue": 0.9985804583490194}, "TMT": {"sum_sq": 1.5873123273443606, "df": 1.0, "F": 0.008646208139802006, "pvalue": 0.9272330448195049}, "Quant": {"sum_sq": 433.04771542735676, "df": 1.0, "F": 2.8347090998325566, "pvalue": 0.1144031711610218}}, "9": {"Mouse_ID": {}, "Treatment": {"sum_sq": 672.3903218771752, "df": 2.0, "F": 2.813573238518893, "pvalue": 0.09653407664234562, "tukey_hsd": {"groups": ["A12", "B1-8", "PBS"], "pvalues": [[1.0, 0.9999999602215801, 0.12571674285746137], [0.9999999602215801, 1.0, 0.14584383631203557], [0.12571674285746137, 0.14584383631203557, 1.0]]}}, "Ig_treated": {"sum_sq": 672.39031325593, "df": 1.0, "F": 6.06000378701525, "pvalue": 0.027418917585175874}, "A12_treated": {"sum_sq": 183.31136559848116, "df": 1.0, "F": 1.2565070936602367, "pvalue": 0.281173554342068}, "TMT": {"sum_sq": 4.107193195116243, "df": 1.0, "F": 0.0258818756019688, "pvalue": 0.8744875410851577}, "Quant": {"sum_sq": 95.2856411624808, "df": 1.0, "F": 0.6261493003178707, "pvalue": 0.44197180793805246}}, "10": {"Mouse_ID": {}, "Treatment": {"sum_sq": 59.70643972437553, "df": 2.0, "F": 0.20996737191082426, "pvalue": 0.8133063513244916, "tukey_hsd": {"groups": ["A12", "B1-8", "PBS"], "pvalues": [[1.0, 0.8431356176184295, 0.8508685729116721], [0.8431356176184295, 1.0, 0.999880212441091], [0.8508685729116721, 0.999880212441091, 1.0]]}}, "Ig_treated": {"sum_sq": 15.088199110048421, "df": 1.0, "F": 0.11158956172584628, "pvalue": 0.7432928584536806}, "A12_treated": {"sum_sq": 59.67554597833633, "df": 1.0, "F": 0.4519958616181053, "pvalue": 0.5123324092687644}, "TMT": {"sum_sq": 46.88845843106913, "df": 1.0, "F": 0.352703605973513, "pvalue": 0.5620606301681039}, "Quant": {"sum_sq": 4.497923346910315, "df": 1.0, "F": 0.03308074663112258, "pvalue": 0.8582831888972611}}}