{"1": {"Mouse_ID": {}, "Treatment": {"sum_sq": 421.2699474733066, "df": 2.0, "F": 0.24279818079254276, "pvalue": 0.7879084749225229, "tukey_hsd": {"groups": ["A12", "B1-8", "PBS"], "pvalues": [[1.0, 0.7827087227422269, 0.9883200979765192], [0.7827087227422269, 1.0, 0.8703034393701299], [0.9883200979765192, 0.8703034393701299, 1.0]]}}, "Ig_treated": {"sum_sq": 27.991169301517825, "df": 1.0, "F": 0.03357640489590664, "pvalue": 0.8572380031603041}, "A12_treated": {"sum_sq": 200.19963392649046, "df": 1.0, "F": 0.24374302559469316, "pvalue": 0.6291706877629737}, "Batch": {"sum_sq": 70.97758812814034, "df": 1.0, "F": 0.08545488684942774, "pvalue": 0.7743243057135402}, "Quant": {"sum_sq": 5.083621266356865, "df": 1.0, "F": 0.006086039497944625, "pvalue": 0.9389216889279062}}, "2": {"Mouse_ID": {}, "Treatment": {"sum_sq": 2389.9526751679377, "df": 2.0, "F": 2.5355515676771088, "pvalue": 0.11755239197904009, "tukey_hsd": {"groups": ["A12", "B1-8", "PBS"], "pvalues": [[1.0, 0.10624225114541153, 0.8054582462852926], [0.10624225114541153, 1.0, 0.3169716147276087], [0.8054582462852926, 0.3169716147276087, 1.0]]}}, "Ig_treated": {"sum_sq": 82.95905712513193, "df": 1.0, "F": 0.1377118813935209, "pvalue": 0.7161216920291564}, "A12_treated": {"sum_sq": 1310.7677866141214, "df": 1.0, "F": 2.546615736491499, "pvalue": 0.13285009281395813}, "Batch": {"sum_sq": 233.58798864225747, "df": 1.0, "F": 0.3948069876076207, "pvalue": 0.5398993306382263}, "Quant": {"sum_sq": 275.3097293659234, "df": 1.0, "F": 0.46768014831089494, "pvalue": 0.5052189568073361}}, "3": {"Mouse_ID": {}, "Treatment": {"sum_sq": 2734.852539745773, "df": 2.0, "F": 4.572472003587558, "pvalue": 0.031357900489905007, "tukey_hsd": {"groups": ["A12", "B1-8", "PBS"], "pvalues": [[1.0, 0.6912880949208902, 0.027469696438409574], [0.6912880949208902, 1.0, 0.14049270264960878], [0.027469696438409574, 0.14049270264960878, 1.0]]}}, "Ig_treated": {"sum_sq": 2528.467508929537, "df": 1.0, "F": 8.646199616810527, "pvalue": 0.010747269972771666}, "A12_treated": {"sum_sq": 1483.1241954669365, "df": 1.0, "F": 4.040062783535463, "pvalue": 0.06410874191897015}, "Batch": {"sum_sq": 2.4623750757329073, "df": 1.0, "F": 0.005207344367321242, "pvalue": 0.9434938316056436}, "Quant": {"sum_sq": 2726.4197222975713, "df": 1.0, "F": 9.796784001770767, "pvalue": 0.007379475242576725}}, "4": {"Mouse_ID": {}, "Treatment": {"sum_sq": 32.678368444305335, "df": 2.0, "F": 0.052639135322981, "pvalue": 0.948923462208987, "tukey_hsd": {"groups": ["A12", "B1-8", "PBS"], "pvalues": [[1.0, 0.9449280353412203, 0.9810465459825147], [0.9449280353412203, 1.0, 0.9908609159976781], [0.9810465459825147, 0.9908609159976781, 1.0]]}}, "Ig_treated": {"sum_sq": 0.6388497983660907, "df": 1.0, "F": 0.0021990096656135313, "pvalue": 0.963260400072086}, "A12_treated": {"sum_sq": 27.505516675618896, "df": 1.0, "F": 0.09530737067902754, "pvalue": 0.7620815185515806}, "Batch": {"sum_sq": 1.4163756786063397, "df": 1.0, "F": 0.004876293841854013, "pvalue": 0.9453162494288408}, "Quant": {"sum_sq": 28.49489984500858, "df": 1.0, "F": 0.0987597942659438, "pvalue": 0.7579572674528098}}, "5": {"Mouse_ID": {}, "Treatment": {"sum_sq": 905.2413831985207, "df": 2.0, "F": 2.7913873755207326, "pvalue": 0.0980422191065291, "tukey_hsd": {"groups": ["A12", "B1-8", "PBS"], "pvalues": [[1.0, 0.10926687823975534, 0.9733796701815348], [0.10926687823975534, 1.0, 0.1806228022266123], [0.9733796701815348, 0.1806228022266123, 1.0]]}}, "Ig_treated": {"sum_sq": 123.29694556384858, "df": 1.0, "F": 0.5973107268868428, "pvalue": 0.45245758228029664}, "A12_treated": {"sum_sq": 325.7420501832647, "df": 1.0, "F": 1.6969289609282567, "pvalue": 0.21371143453144967}, "Batch": {"sum_sq": 18.095620641550074, "df": 1.0, "F": 0.08458486832222836, "pvalue": 0.7754417102309701}, "Quant": {"sum_sq": 29.976829724400634, "df": 1.0, "F": 0.14067960058526907, "pvalue": 0.7132273290966822}}, "6": {"Mouse_ID": {}, "Treatment": {"sum_sq": 809.8500589468167, "df": 2.0, "F": 2.4053627592132862, "pvalue": 0.12918179652699321, "tukey_hsd": {"groups": ["A12", "B1-8", "PBS"], "pvalues": [[1.0, 0.4644331098956096, 0.1125570558539607], [0.4644331098956096, 1.0, 0.6373984039226521], [0.1125570558539607, 0.6373984039226521, 1.0]]}}, "Ig_treated": {"sum_sq": 560.5153084921822, "df": 1.0, "F": 3.2189888524334873, "pvalue": 0.09440628017556164}, "A12_treated": {"sum_sq": 667.1897868703062, "df": 1.0, "F": 4.0069496988039655, "pvalue": 0.06508155899673063}, "Batch": {"sum_sq": 49.59242237792772, "df": 1.0, "F": 0.23545671294937767, "pvalue": 0.6350122044156479}, "Quant": {"sum_sq": 607.6020960607982, "df": 1.0, "F": 3.5581306337227834, "pvalue": 0.08017125629604151}}, "7": {"Mouse_ID": {}, "Treatment": {"sum_sq": 247.7215228191585, "df": 2.0, "F": 0.7747331098581872, "pvalue": 0.48097875796153977, "tukey_hsd": {"groups": ["A12", "B1-8", "PBS"], "pvalues": [[1.0, 0.4657807232275738, 0.948841615663801], [0.4657807232275738, 1.0, 0.6697464502637103], [0.948841615663801, 0.6697464502637103, 1.0]]}}, "Ig_treated": {"sum_sq": 11.878469102957949, "df": 1.0, "F": 0.07185934741028026, "pvalue": 0.7925578122376902}, "A12_treated": {"sum_sq": 127.61690408170263, "df": 1.0, "F": 0.8126672980502663, "pvalue": 0.3825797855736693}, "Batch": {"sum_sq": 1.903669380907514, "df": 1.0, "F": 0.01146691098212667, "pvalue": 0.9162420121292933}, "Quant": {"sum_sq": 4.798550613053363, "df": 1.0, "F": 0.028940515627019638, "pvalue": 0.8673503539362181}}, "8": {"Mouse_ID": {}, "Treatment": {"sum_sq": 95.91601163548616, "df": 2.0, "F": 0.34351517106255247, "pvalue": 0.715520028513504, "tukey_hsd": {"groups": ["A12", "B1-8", "PBS"], "pvalues": [[1.0, 0.8879951583579329, 0.9168170358617245], [0.8879951583579329, 1.0, 0.6929727918869102], [0.9168170358617245, 0.6929727918869102, 1.0]]}}, "Ig_treated": {"sum_sq": 65.54350909859595, "df": 1.0, "F": 0.4972690908379283, "pvalue": 0.49226907205191006}, "A12_treated": {"sum_sq": 0.22274664548781398, "df": 1.0, "F": 0.001632170081402213, "pvalue": 0.9683446219698005}, "Batch": {"sum_sq": 1.4316065850352817, "df": 1.0, "F": 0.010496700253501497, "pvalue": 0.9198498200009512}, "Quant": {"sum_sq": 310.6910964892696, "df": 1.0, "F": 2.7182933688406385, "pvalue": 0.12145404295956092}}, "9": {"Mouse_ID": {}, "Treatment": {"sum_sq": 503.8367932849304, "df": 2.0, "F": 2.84257144250891, "pvalue": 0.09460302835857398, "tukey_hsd": {"groups": ["A12", "B1-8", "PBS"], "pvalues": [[1.0, 0.9995651243576357, 0.1261234574032276], [0.9995651243576357, 1.0, 0.14002144713320297], [0.1261234574032276, 0.14002144713320297, 1.0]]}}, "Ig_treated": {"sum_sq": 503.7668714785667, "df": 1.0, "F": 6.121240400124512, "pvalue": 0.026771226634417226}, "A12_treated": {"sum_sq": 132.15536809423457, "df": 1.0, "F": 1.2141963025491982, "pvalue": 0.28908619723224305}, "Batch": {"sum_sq": 1.5741409768735168, "df": 1.0, "F": 0.013321090518056898, "pvalue": 0.9097536930274007}, "Quant": {"sum_sq": 77.2663149014927, "df": 1.0, "F": 0.6852128970368129, "pvalue": 0.4216843150665188}}, "10": {"Mouse_ID": {}, "Treatment": {"sum_sq": 58.142449301743866, "df": 2.0, "F": 0.27908231596185823, "pvalue": 0.7608970843112746, "tukey_hsd": {"groups": ["A12", "B1-8", "PBS"], "pvalues": [[1.0, 0.8241775921144874, 0.7837026106265427], [0.8241775921144874, 1.0, 0.9971914181321724], [0.7837026106265427, 0.9971914181321724, 1.0]]}}, "Ig_treated": {"sum_sq": 21.02757600190586, "df": 1.0, "F": 0.21159238905275302, "pvalue": 0.6525848191213114}, "A12_treated": {"sum_sq": 57.61093213474835, "df": 1.0, "F": 0.5953716462868913, "pvalue": 0.4531772636548409}, "Batch": {"sum_sq": 7.553942927131757, "df": 1.0, "F": 0.07528334954008968, "pvalue": 0.787801176322753}, "Quant": {"sum_sq": 3.599133476419875, "df": 1.0, "F": 0.03576862466720594, "pvalue": 0.8527084895634572}}}