{"1": {"Mouse_ID": {}, "Treatment": {"sum_sq": 421.26994747330565, "df": 2.0, "F": 0.24279818079254203, "pvalue": 0.7879084749225229, "tukey_hsd": {"groups": ["A12", "B1-8", "PBS"], "pvalues": [[1.0, 0.7827087227422278, 0.9883200979765195], [0.7827087227422278, 1.0, 0.8703034393701298], [0.9883200979765195, 0.8703034393701298, 1.0]]}}, "Ig_treated": {"sum_sq": 27.99116930151831, "df": 1.0, "F": 0.0335764048959072, "pvalue": 0.8572380031603041}, "A12_treated": {"sum_sq": 200.19963392648862, "df": 1.0, "F": 0.24374302559469072, "pvalue": 0.6291706877629748}, "Batch": {"sum_sq": 70.97758812814058, "df": 1.0, "F": 0.08545488684942795, "pvalue": 0.7743243057135402}, "Quant": {"sum_sq": 5.083621266356642, "df": 1.0, "F": 0.006086039497944355, "pvalue": 0.9389216889279062}}, "2": {"Mouse_ID": {}, "Treatment": {"sum_sq": 2389.952675167927, "df": 2.0, "F": 2.5355515676771, "pvalue": 0.1175523919790408, "tukey_hsd": {"groups": ["A12", "B1-8", "PBS"], "pvalues": [[1.0, 0.10624225114541219, 0.8054582462852893], [0.10624225114541219, 1.0, 0.3169716147276127], [0.8054582462852893, 0.3169716147276127, 1.0]]}}, "Ig_treated": {"sum_sq": 82.95905712512857, "df": 1.0, "F": 0.13771188139351556, "pvalue": 0.7161216920291611}, "A12_treated": {"sum_sq": 1310.7677866141223, "df": 1.0, "F": 2.5466157364915083, "pvalue": 0.13285009281395768}, "Batch": {"sum_sq": 233.58798864225852, "df": 1.0, "F": 0.3948069876076234, "pvalue": 0.5398993306382255}, "Quant": {"sum_sq": 275.30972936591667, "df": 1.0, "F": 0.46768014831088445, "pvalue": 0.5052189568073406}}, "3": {"Mouse_ID": {}, "Treatment": {"sum_sq": 2734.8525397457656, "df": 2.0, "F": 4.572472003587556, "pvalue": 0.03135790048990505, "tukey_hsd": {"groups": ["A12", "B1-8", "PBS"], "pvalues": [[1.0, 0.6912880949208956, 0.027469696438409907], [0.6912880949208956, 1.0, 0.14049270264960723], [0.027469696438409907, 0.14049270264960723, 1.0]]}}, "Ig_treated": {"sum_sq": 2528.467508929535, "df": 1.0, "F": 8.646199616810552, "pvalue": 0.010747269972771577}, "A12_treated": {"sum_sq": 1483.1241954669242, "df": 1.0, "F": 4.040062783535433, "pvalue": 0.06410874191897098}, "Batch": {"sum_sq": 2.462375075732841, "df": 1.0, "F": 0.0052073443673211145, "pvalue": 0.9434938316056436}, "Quant": {"sum_sq": 2726.419722297574, "df": 1.0, "F": 9.796784001770817, "pvalue": 0.007379475242576611}}, "4": {"Mouse_ID": {}, "Treatment": {"sum_sq": 32.67836844430621, "df": 2.0, "F": 0.05263913532298267, "pvalue": 0.9489234622089864, "tukey_hsd": {"groups": ["A12", "B1-8", "PBS"], "pvalues": [[1.0, 0.9449280353412187, 0.9810465459825142], [0.9449280353412187, 1.0, 0.9908609159976779], [0.9810465459825142, 0.9908609159976779, 1.0]]}}, "Ig_treated": {"sum_sq": 0.6388497983661143, "df": 1.0, "F": 0.0021990096656136233, "pvalue": 0.963260400072086}, "A12_treated": {"sum_sq": 27.50551667561968, "df": 1.0, "F": 0.09530737067903072, "pvalue": 0.7620815185515768}, "Batch": {"sum_sq": 1.4163756786063357, "df": 1.0, "F": 0.004876293841854021, "pvalue": 0.9453162494288408}, "Quant": {"sum_sq": 28.49489984500891, "df": 1.0, "F": 0.09875979426594542, "pvalue": 0.7579572674528079}}, "5": {"Mouse_ID": {}, "Treatment": {"sum_sq": 905.2413831984587, "df": 2.0, "F": 2.791387375520463, "pvalue": 0.09804221910654762, "tukey_hsd": {"groups": ["A12", "B1-8", "PBS"], "pvalues": [[1.0, 0.10926687823980141, 0.9733796701816283], [0.10926687823980141, 1.0, 0.18062280222657223], [0.9733796701816283, 0.18062280222657223, 1.0]]}}, "Ig_treated": {"sum_sq": 123.29694556394149, "df": 1.0, "F": 0.5973107268873127, "pvalue": 0.45245758228012245}, "A12_treated": {"sum_sq": 325.74205018310084, "df": 1.0, "F": 1.696928960927301, "pvalue": 0.21371143453157151}, "Batch": {"sum_sq": 18.095620641560494, "df": 1.0, "F": 0.08458486832227745, "pvalue": 0.7754417102309052}, "Quant": {"sum_sq": 29.976829724448713, "df": 1.0, "F": 0.14067960058549706, "pvalue": 0.7132273290964608}}, "6": {"Mouse_ID": {}, "Treatment": {"sum_sq": 809.8500589468772, "df": 2.0, "F": 2.405362759213532, "pvalue": 0.1291817965269701, "tukey_hsd": {"groups": ["A12", "B1-8", "PBS"], "pvalues": [[1.0, 0.46443310989539444, 0.11255705585394826], [0.46443310989539444, 1.0, 0.6373984039228394], [0.11255705585394826, 0.6373984039228394, 1.0]]}}, "Ig_treated": {"sum_sq": 560.5153084920895, "df": 1.0, "F": 3.218988852432832, "pvalue": 0.09440628017559184}, "A12_treated": {"sum_sq": 667.1897868704672, "df": 1.0, "F": 4.006949698805208, "pvalue": 0.06508155899669374}, "Batch": {"sum_sq": 49.59242237791729, "df": 1.0, "F": 0.23545671294932732, "pvalue": 0.6350122044156834}, "Quant": {"sum_sq": 607.60209606075, "df": 1.0, "F": 3.558130633722428, "pvalue": 0.0801712562960551}}, "7": {"Mouse_ID": {}, "Treatment": {"sum_sq": 247.7215228191589, "df": 2.0, "F": 0.7747331098581891, "pvalue": 0.4809787579615386, "tukey_hsd": {"groups": ["A12", "B1-8", "PBS"], "pvalues": [[1.0, 0.465780723227572, 0.9488416156637992], [0.465780723227572, 1.0, 0.6697464502637118], [0.9488416156637992, 0.6697464502637118, 1.0]]}}, "Ig_treated": {"sum_sq": 11.878469102957526, "df": 1.0, "F": 0.07185934741027775, "pvalue": 0.7925578122376924}, "A12_treated": {"sum_sq": 127.61690408170398, "df": 1.0, "F": 0.812667298050276, "pvalue": 0.38257978557366684}, "Batch": {"sum_sq": 1.9036693809074852, "df": 1.0, "F": 0.011466910982126505, "pvalue": 0.9162420121292989}, "Quant": {"sum_sq": 4.798550613053644, "df": 1.0, "F": 0.028940515627021355, "pvalue": 0.8673503539362146}}, "8": {"Mouse_ID": {}, "Treatment": {"sum_sq": 95.91601163548717, "df": 2.0, "F": 0.3435151710625555, "pvalue": 0.7155200285135019, "tukey_hsd": {"groups": ["A12", "B1-8", "PBS"], "pvalues": [[1.0, 0.8879951583579336, 0.9168170358617221], [0.8879951583579336, 1.0, 0.6929727918869077], [0.9168170358617221, 0.6929727918869077, 1.0]]}}, "Ig_treated": {"sum_sq": 65.54350909859714, "df": 1.0, "F": 0.4972690908379366, "pvalue": 0.49226907205190573}, "A12_treated": {"sum_sq": 0.222746645487764, "df": 1.0, "F": 0.001632170081401843, "pvalue": 0.9683446219698005}, "Batch": {"sum_sq": 1.431606585035223, "df": 1.0, "F": 0.010496700253501043, "pvalue": 0.9198498200009512}, "Quant": {"sum_sq": 310.6910964892707, "df": 1.0, "F": 2.718293368840642, "pvalue": 0.12145404295956065}}, "9": {"Mouse_ID": {}, "Treatment": {"sum_sq": 503.83679328492957, "df": 2.0, "F": 2.8425714425089037, "pvalue": 0.09460302835857427, "tukey_hsd": {"groups": ["A12", "B1-8", "PBS"], "pvalues": [[1.0, 0.9995651243576358, 0.12612345740322728], [0.9995651243576358, 1.0, 0.14002144713320408], [0.12612345740322728, 0.14002144713320408, 1.0]]}}, "Ig_treated": {"sum_sq": 503.7668714785662, "df": 1.0, "F": 6.121240400124503, "pvalue": 0.026771226634417323}, "A12_treated": {"sum_sq": 132.15536809423537, "df": 1.0, "F": 1.214196302549206, "pvalue": 0.28908619723224127}, "Batch": {"sum_sq": 1.574140976873504, "df": 1.0, "F": 0.013321090518056791, "pvalue": 0.9097536930274007}, "Quant": {"sum_sq": 77.26631490149144, "df": 1.0, "F": 0.6852128970368011, "pvalue": 0.4216843150665226}}, "10": {"Mouse_ID": {}, "Treatment": {"sum_sq": 58.14244930174338, "df": 2.0, "F": 0.2790823159618553, "pvalue": 0.7608970843112762, "tukey_hsd": {"groups": ["A12", "B1-8", "PBS"], "pvalues": [[1.0, 0.8241775921144873, 0.7837026106265457], [0.8241775921144873, 1.0, 0.9971914181321728], [0.7837026106265457, 0.9971914181321728, 1.0]]}}, "Ig_treated": {"sum_sq": 21.02757600190532, "df": 1.0, "F": 0.21159238905274716, "pvalue": 0.652584819121315}, "A12_treated": {"sum_sq": 57.610932134747934, "df": 1.0, "F": 0.5953716462868859, "pvalue": 0.4531772636548427}, "Batch": {"sum_sq": 7.553942927131284, "df": 1.0, "F": 0.07528334954008482, "pvalue": 0.7878011763227595}, "Quant": {"sum_sq": 3.5991334764199885, "df": 1.0, "F": 0.03576862466720701, "pvalue": 0.852708489563454}}}