{"1": {"Seqn": {}, "Group": {"sum_sq": 425.3902139483922, "df": 2.0, "F": 0.24506295041433263, "pvalue": 0.7861904630555492, "tukey_hsd": {"groups": ["A12", "B1-8", "PBS"], "pvalues": [[1.0, 0.7809345118557788, 0.9881871429656419], [0.7809345118557788, 1.0, 0.8692411383672521], [0.9881871429656419, 0.8692411383672521, 1.0]]}}, "Ig-Treated": {"sum_sq": 28.216959665821122, "df": 1.0, "F": 0.03382130145664598, "pvalue": 0.8567245434836094}, "A12-Treated": {"sum_sq": 202.25394645975265, "df": 1.0, "F": 0.2460916593321396, "pvalue": 0.6275377142219394}, "Quant": {"sum_sq": 831.7465018241091, "df": 1.0, "F": 1.6804639813761582, "pvalue": 0.2174034574041929}}, "2": {"Seqn": {}, "Group": {"sum_sq": 2393.4095105823067, "df": 2.0, "F": 2.537119414192923, "pvalue": 0.11741989341986508, "tukey_hsd": {"groups": ["A12", "B1-8", "PBS"], "pvalues": [[1.0, 0.10618387433584942, 0.8063590413561608], [0.10618387433584942, 1.0, 0.31613667390166245], [0.8063590413561608, 0.31613667390166245, 1.0]]}}, "Ig-Treated": {"sum_sq": 83.8338819821988, "df": 1.0, "F": 0.13903793589969132, "pvalue": 0.7148240362433682}, "A12-Treated": {"sum_sq": 1310.6158511535991, "df": 1.0, "F": 2.5432574111952495, "pvalue": 0.1330858243666884}, "Quant": {"sum_sq": 34.67962819000283, "df": 1.0, "F": 0.053327824618842674, "pvalue": 0.8209652333284183}}, "3": {"Seqn": {}, "Group": {"sum_sq": 2732.7010173853528, "df": 2.0, "F": 4.565506412197595, "pvalue": 0.03148642882922132, "tukey_hsd": {"groups": ["A12", "B1-8", "PBS"], "pvalues": [[1.0, 0.6905862087344807, 0.027566386731366466], [0.6905862087344807, 1.0, 0.14117593663131123], [0.027566386731366466, 0.14117593663131123, 1.0]]}}, "Ig-Treated": {"sum_sq": 2525.57822906146, "df": 1.0, "F": 8.628719416152315, "pvalue": 0.010810696120753251}, "A12-Treated": {"sum_sq": 1483.6533900918985, "df": 1.0, "F": 4.041356781511931, "pvalue": 0.0640710781084265}, "Quant": {"sum_sq": 71.45214749477906, "df": 1.0, "F": 0.1434995190376274, "pvalue": 0.7109411513486779}}, "4": {"Seqn": {}, "Group": {"sum_sq": 32.232933564009564, "df": 2.0, "F": 0.05188772488174847, "pvalue": 0.9496310694899763, "tukey_hsd": {"groups": ["A12", "B1-8", "PBS"], "pvalues": [[1.0, 0.9458697234365694, 0.9806958758313707], [0.9458697234365694, 1.0, 0.9914690521856392], [0.9806958758313707, 0.9914690521856392, 1.0]]}}, "Ig-Treated": {"sum_sq": 0.7387932635416338, "df": 1.0, "F": 0.002541722603674091, "pvalue": 0.9605035226891999}, "A12-Treated": {"sum_sq": 27.402862480468876, "df": 1.0, "F": 0.09489781474779478, "pvalue": 0.7625762017169113}, "Quant": {"sum_sq": 40.662034960459785, "df": 1.0, "F": 0.13120786418498134, "pvalue": 0.7230033118244751}}, "5": {"Seqn": {}, "Group": {"sum_sq": 976.0749579366112, "df": 2.0, "F": 3.108066599117177, "pvalue": 0.07885019782927893, "tukey_hsd": {"groups": ["A12", "B1-8", "PBS"], "pvalues": [[1.0, 0.07087975018646164, 0.7798368372312745], [0.07087975018646164, 1.0, 0.24519665788023515], [0.7798368372312745, 0.24519665788023515, 1.0]]}}, "Ig-Treated": {"sum_sq": 37.12194143791396, "df": 1.0, "F": 0.17438374831626804, "pvalue": 0.682578473218034}, "A12-Treated": {"sum_sq": 526.7036997045535, "df": 1.0, "F": 2.9605916320117283, "pvalue": 0.10733185461507855}, "Quant": {"sum_sq": 162.6784002922646, "df": 1.0, "F": 0.8312920819208875, "pvalue": 0.3784963949598121}}, "6": {"Seqn": {}, "Group": {"sum_sq": 743.1728030617135, "df": 2.0, "F": 2.1389603057877777, "pvalue": 0.15737553076356164, "tukey_hsd": {"groups": ["A12", "B1-8", "PBS"], "pvalues": [[1.0, 0.7449934503251314, 0.1380151915151282], [0.7449934503251314, 1.0, 0.4404898094521188], [0.1380151915151282, 0.4404898094521188, 1.0]]}}, "Ig-Treated": {"sum_sq": 648.1615264673577, "df": 1.0, "F": 3.855794350853094, "pvalue": 0.06975156776850701}, "A12-Treated": {"sum_sq": 466.911077189186, "df": 1.0, "F": 2.578948000259083, "pvalue": 0.13060666446646438}, "Quant": {"sum_sq": 14.712822524087283, "df": 1.0, "F": 0.07286102035647636, "pvalue": 0.791453200759928}}, "7": {"Seqn": {}, "Group": {"sum_sq": 248.44773877343152, "df": 2.0, "F": 0.7769691763432254, "pvalue": 0.4800189011375375, "tukey_hsd": {"groups": ["A12", "B1-8", "PBS"], "pvalues": [[1.0, 0.4652666490190851, 0.9498489599573652], [0.4652666490190851, 1.0, 0.6673991020289678], [0.9498489599573652, 0.6673991020289678, 1.0]]}}, "Ig-Treated": {"sum_sq": 12.231686614599129, "df": 1.0, "F": 0.07398122515829934, "pvalue": 0.7895960634997738}, "A12-Treated": {"sum_sq": 127.25087704399432, "df": 1.0, "F": 0.8098994428846584, "pvalue": 0.3833690704950976}, "Quant": {"sum_sq": 273.7693449190571, "df": 1.0, "F": 1.8220321499598597, "pvalue": 0.20010765579027298}}, "8": {"Seqn": {}, "Group": {"sum_sq": 101.96175086102359, "df": 2.0, "F": 0.36567428408334524, "pvalue": 0.7006417996866913, "tukey_hsd": {"groups": ["A12", "B1-8", "PBS"], "pvalues": [[1.0, 0.8889109412906677, 0.9044407162249244], [0.8889109412906677, 1.0, 0.6768246835349838], [0.9044407162249244, 0.6768246835349838, 1.0]]}}, "Ig-Treated": {"sum_sq": 71.89705232011963, "df": 1.0, "F": 0.5463083178871883, "pvalue": 0.4720415218813221}, "A12-Treated": {"sum_sq": 0.06145598700199636, "df": 1.0, "F": 0.0004494486859406907, "pvalue": 0.98338514479775}, "Quant": {"sum_sq": 32.936514382030495, "df": 1.0, "F": 0.23417487686471325, "pvalue": 0.6364951602424417}}, "9": {"Seqn": {}, "Group": {"sum_sq": 500.92934575843606, "df": 2.0, "F": 2.8046297367436206, "pvalue": 0.09713879144487164, "tukey_hsd": {"groups": ["A12", "B1-8", "PBS"], "pvalues": [[1.0, 0.9998924173059642, 0.1277541731280838], [0.9998924173059642, 1.0, 0.1449136411498566], [0.1277541731280838, 0.1449136411498566, 1.0]]}}, "Ig-Treated": {"sum_sq": 500.91191847203464, "df": 1.0, "F": 6.0404401403508805, "pvalue": 0.02762968019547481}, "A12-Treated": {"sum_sq": 133.99330295857985, "df": 1.0, "F": 1.2277772202464263, "pvalue": 0.28651356236066655}, "Quant": {"sum_sq": 119.7222815789056, "df": 1.0, "F": 1.0245269611673924, "pvalue": 0.3299167810372897}}, "10": {"Seqn": {}, "Group": {"sum_sq": 57.460616952205896, "df": 2.0, "F": 0.2756326752482129, "pvalue": 0.7634186563427978, "tukey_hsd": {"groups": ["A12", "B1-8", "PBS"], "pvalues": [[1.0, 0.825005379340456, 0.7868894199165679], [0.825005379340456, 1.0, 0.9974946202361874], [0.7868894199165679, 0.9974946202361874, 1.0]]}}, "Ig-Treated": {"sum_sq": 20.51775873222091, "df": 1.0, "F": 0.20635892824086202, "pvalue": 0.6565995080327582}, "A12-Treated": {"sum_sq": 56.98625960981966, "df": 1.0, "F": 0.5885633850419933, "pvalue": 0.45571915962349097}, "Quant": {"sum_sq": 267.2593508609664, "df": 1.0, "F": 3.4860953637302785, "pvalue": 0.08459628485336705}}}