{"1": {"Mouse_ID": {}, "Treatment": {"sum_sq": 421.26994747331076, "df": 2.0, "F": 0.2427981807925447, "pvalue": 0.7879084749225206, "tukey_hsd": {"groups": ["A12", "B1-8", "PBS"], "pvalues": [[1.0, 0.7827087227422256, 0.9883200979765193], [0.7827087227422256, 1.0, 0.8703034393701287], [0.9883200979765193, 0.8703034393701287, 1.0]]}}, "Ig_treated": {"sum_sq": 27.991169301518397, "df": 1.0, "F": 0.03357640489590725, "pvalue": 0.8572380031603041}, "A12_treated": {"sum_sq": 200.19963392649166, "df": 1.0, "F": 0.24374302559469402, "pvalue": 0.6291706877629726}, "Batch": {"sum_sq": 70.97758812814074, "df": 1.0, "F": 0.08545488684942802, "pvalue": 0.7743243057135402}, "Quant": {"sum_sq": 5.083621266356575, "df": 1.0, "F": 0.006086039497944265, "pvalue": 0.9389216889279062}}, "2": {"Mouse_ID": {}, "Treatment": {"sum_sq": 2389.9526751679255, "df": 2.0, "F": 2.535551567677098, "pvalue": 0.11755239197904091, "tukey_hsd": {"groups": ["A12", "B1-8", "PBS"], "pvalues": [[1.0, 0.10624225114541241, 0.8054582462852943], [0.10624225114541241, 1.0, 0.31697161472760993], [0.8054582462852943, 0.31697161472760993, 1.0]]}}, "Ig_treated": {"sum_sq": 82.95905712513218, "df": 1.0, "F": 0.1377118813935216, "pvalue": 0.7161216920291564}, "A12_treated": {"sum_sq": 1310.7677866141123, "df": 1.0, "F": 2.5466157364914848, "pvalue": 0.1328500928139592}, "Batch": {"sum_sq": 233.587988642257, "df": 1.0, "F": 0.39480698760762073, "pvalue": 0.5398993306382263}, "Quant": {"sum_sq": 275.30972936592406, "df": 1.0, "F": 0.46768014831089727, "pvalue": 0.5052189568073354}}, "3": {"Mouse_ID": {}, "Treatment": {"sum_sq": 2734.852539745768, "df": 2.0, "F": 4.572472003587558, "pvalue": 0.031357900489905007, "tukey_hsd": {"groups": ["A12", "B1-8", "PBS"], "pvalues": [[1.0, 0.6912880949208899, 0.027469696438409574], [0.6912880949208899, 1.0, 0.14049270264960878], [0.027469696438409574, 0.14049270264960878, 1.0]]}}, "Ig_treated": {"sum_sq": 2528.467508929534, "df": 1.0, "F": 8.646199616810533, "pvalue": 0.01074726997277165}, "A12_treated": {"sum_sq": 1483.1241954669345, "df": 1.0, "F": 4.040062783535465, "pvalue": 0.06410874191897}, "Batch": {"sum_sq": 2.462375075732974, "df": 1.0, "F": 0.005207344367321391, "pvalue": 0.9434938316056436}, "Quant": {"sum_sq": 2726.41972229757, "df": 1.0, "F": 9.796784001770781, "pvalue": 0.007379475242576693}}, "4": {"Mouse_ID": {}, "Treatment": {"sum_sq": 32.67836844430586, "df": 2.0, "F": 0.052639135322981985, "pvalue": 0.9489234622089864, "tukey_hsd": {"groups": ["A12", "B1-8", "PBS"], "pvalues": [[1.0, 0.9449280353412193, 0.9810465459825146], [0.9449280353412193, 1.0, 0.9908609159976778], [0.9810465459825146, 0.9908609159976778, 1.0]]}}, "Ig_treated": {"sum_sq": 0.638849798366067, "df": 1.0, "F": 0.0021990096656134554, "pvalue": 0.963260400072086}, "A12_treated": {"sum_sq": 27.5055166756193, "df": 1.0, "F": 0.09530737067902918, "pvalue": 0.7620815185515787}, "Batch": {"sum_sq": 1.4163756786063504, "df": 1.0, "F": 0.004876293841854062, "pvalue": 0.9453162494288408}, "Quant": {"sum_sq": 28.494899845008593, "df": 1.0, "F": 0.09875979426594407, "pvalue": 0.7579572674528079}}, "5": {"Mouse_ID": {}, "Treatment": {"sum_sq": 905.241383198505, "df": 2.0, "F": 2.791387375520666, "pvalue": 0.09804221910653377, "tukey_hsd": {"groups": ["A12", "B1-8", "PBS"], "pvalues": [[1.0, 0.10926687823976677, 0.973379670181558], [0.10926687823976677, 1.0, 0.18062280222660232], [0.973379670181558, 0.18062280222660232, 1.0]]}}, "Ig_treated": {"sum_sq": 123.2969455638716, "df": 1.0, "F": 0.5973107268869594, "pvalue": 0.45245758228025335}, "A12_treated": {"sum_sq": 325.74205018322397, "df": 1.0, "F": 1.69692896092802, "pvalue": 0.2137114345314801}, "Batch": {"sum_sq": 18.09562064155249, "df": 1.0, "F": 0.08458486832223977, "pvalue": 0.7754417102309539}, "Quant": {"sum_sq": 29.97682972441245, "df": 1.0, "F": 0.14067960058532517, "pvalue": 0.7132273290966268}}, "6": {"Mouse_ID": {}, "Treatment": {"sum_sq": 809.8500589468308, "df": 2.0, "F": 2.405362759213346, "pvalue": 0.12918179652698747, "tukey_hsd": {"groups": ["A12", "B1-8", "PBS"], "pvalues": [[1.0, 0.46443310989555586, 0.1125570558539577], [0.46443310989555586, 1.0, 0.637398403922699], [0.1125570558539577, 0.637398403922699, 1.0]]}}, "Ig_treated": {"sum_sq": 560.5153084921583, "df": 1.0, "F": 3.2189888524333212, "pvalue": 0.09440628017556935}, "A12_treated": {"sum_sq": 667.1897868703456, "df": 1.0, "F": 4.0069496988042745, "pvalue": 0.06508155899672148}, "Batch": {"sum_sq": 49.59242237792491, "df": 1.0, "F": 0.23545671294936432, "pvalue": 0.635012204415657}, "Quant": {"sum_sq": 607.6020960607865, "df": 1.0, "F": 3.558130633722701, "pvalue": 0.0801712562960447}}, "7": {"Mouse_ID": {}, "Treatment": {"sum_sq": 247.72152281915913, "df": 2.0, "F": 0.7747331098581878, "pvalue": 0.4809787579615394, "tukey_hsd": {"groups": ["A12", "B1-8", "PBS"], "pvalues": [[1.0, 0.4657807232275736, 0.9488416156638017], [0.4657807232275736, 1.0, 0.6697464502637089], [0.9488416156638017, 0.6697464502637089, 1.0]]}}, "Ig_treated": {"sum_sq": 11.878469102958187, "df": 1.0, "F": 0.07185934741028156, "pvalue": 0.792557812237688}, "A12_treated": {"sum_sq": 127.61690408170261, "df": 1.0, "F": 0.8126672980502646, "pvalue": 0.3825797855736699}, "Batch": {"sum_sq": 1.9036693809075822, "df": 1.0, "F": 0.011466910982127064, "pvalue": 0.9162420121292933}, "Quant": {"sum_sq": 4.798550613053245, "df": 1.0, "F": 0.028940515627018874, "pvalue": 0.8673503539362181}}, "8": {"Mouse_ID": {}, "Treatment": {"sum_sq": 95.91601163548707, "df": 2.0, "F": 0.3435151710625548, "pvalue": 0.7155200285135024, "tukey_hsd": {"groups": ["A12", "B1-8", "PBS"], "pvalues": [[1.0, 0.8879951583579322, 0.9168170358617238], [0.8879951583579322, 1.0, 0.6929727918869086], [0.9168170358617238, 0.6929727918869086, 1.0]]}}, "Ig_treated": {"sum_sq": 65.54350909859652, "df": 1.0, "F": 0.4972690908379312, "pvalue": 0.49226907205190795}, "A12_treated": {"sum_sq": 0.2227466454878107, "df": 1.0, "F": 0.0016321700814021839, "pvalue": 0.9683446219698005}, "Batch": {"sum_sq": 1.4316065850351887, "df": 1.0, "F": 0.010496700253500782, "pvalue": 0.9198498200009512}, "Quant": {"sum_sq": 310.6910964892713, "df": 1.0, "F": 2.718293368840645, "pvalue": 0.12145404295956051}}, "9": {"Mouse_ID": {}, "Treatment": {"sum_sq": 503.8367932849317, "df": 2.0, "F": 2.8425714425089077, "pvalue": 0.09460302835857408, "tukey_hsd": {"groups": ["A12", "B1-8", "PBS"], "pvalues": [[1.0, 0.9995651243576359, 0.12612345740322706], [0.9995651243576359, 1.0, 0.14002144713320408], [0.12612345740322706, 0.14002144713320408, 1.0]]}}, "Ig_treated": {"sum_sq": 503.7668714785685, "df": 1.0, "F": 6.121240400124514, "pvalue": 0.026771226634417226}, "A12_treated": {"sum_sq": 132.15536809423625, "df": 1.0, "F": 1.2141963025492108, "pvalue": 0.2890861972322402}, "Batch": {"sum_sq": 1.5741409768734247, "df": 1.0, "F": 0.01332109051805608, "pvalue": 0.9097536930274007}, "Quant": {"sum_sq": 77.26631490149232, "df": 1.0, "F": 0.6852128970368071, "pvalue": 0.4216843150665204}}, "10": {"Mouse_ID": {}, "Treatment": {"sum_sq": 58.14244930174517, "df": 2.0, "F": 0.2790823159618633, "pvalue": 0.7608970843112706, "tukey_hsd": {"groups": ["A12", "B1-8", "PBS"], "pvalues": [[1.0, 0.8241775921144835, 0.7837026106265397], [0.8241775921144835, 1.0, 0.9971914181321725], [0.7837026106265397, 0.9971914181321725, 1.0]]}}, "Ig_treated": {"sum_sq": 21.027576001906148, "df": 1.0, "F": 0.21159238905275488, "pvalue": 0.6525848191213102}, "A12_treated": {"sum_sq": 57.61093213474975, "df": 1.0, "F": 0.5953716462869033, "pvalue": 0.45317726365483646}, "Batch": {"sum_sq": 7.553942927130999, "df": 1.0, "F": 0.0752833495400817, "pvalue": 0.7878011763227638}, "Quant": {"sum_sq": 3.5991334764197878, "df": 1.0, "F": 0.035768624667204894, "pvalue": 0.8527084895634605}}}