{"1": {"Mouse_ID": {}, "Treatment": {"sum_sq": 421.2699474733073, "df": 2.0, "F": 0.242798180792543, "pvalue": 0.7879084749225223, "tukey_hsd": {"groups": ["A12", "B1-8", "PBS"], "pvalues": [[1.0, 0.782708722742227, 0.9883200979765195], [0.782708722742227, 1.0, 0.8703034393701291], [0.9883200979765195, 0.8703034393701291, 1.0]]}}, "Ig_treated": {"sum_sq": 27.991169301518493, "df": 1.0, "F": 0.03357640489590742, "pvalue": 0.8572380031603041}, "A12_treated": {"sum_sq": 200.19963392648947, "df": 1.0, "F": 0.2437430255946917, "pvalue": 0.6291706877629748}, "Batch": {"sum_sq": 70.97758812814025, "df": 1.0, "F": 0.08545488684942756, "pvalue": 0.7743243057135402}, "Quant": {"sum_sq": 5.083621266356566, "df": 1.0, "F": 0.006086039497944262, "pvalue": 0.9389216889279062}}, "2": {"Mouse_ID": {}, "Treatment": {"sum_sq": 2389.9526751679264, "df": 2.0, "F": 2.5355515676771074, "pvalue": 0.1175523919790402, "tukey_hsd": {"groups": ["A12", "B1-8", "PBS"], "pvalues": [[1.0, 0.10624225114541164, 0.8054582462852917], [0.10624225114541164, 1.0, 0.3169716147276096], [0.8054582462852917, 0.3169716147276096, 1.0]]}}, "Ig_treated": {"sum_sq": 82.95905712513085, "df": 1.0, "F": 0.13771188139351973, "pvalue": 0.716121692029158}, "A12_treated": {"sum_sq": 1310.7677866141166, "df": 1.0, "F": 2.5466157364915016, "pvalue": 0.13285009281395785}, "Batch": {"sum_sq": 233.58798864225656, "df": 1.0, "F": 0.39480698760762095, "pvalue": 0.5398993306382263}, "Quant": {"sum_sq": 275.3097293659201, "df": 1.0, "F": 0.4676801483108914, "pvalue": 0.5052189568073375}}, "3": {"Mouse_ID": {}, "Treatment": {"sum_sq": 2734.8525397457606, "df": 2.0, "F": 4.572472003587563, "pvalue": 0.03135790048990493, "tukey_hsd": {"groups": ["A12", "B1-8", "PBS"], "pvalues": [[1.0, 0.6912880949208919, 0.027469696438409574], [0.6912880949208919, 1.0, 0.140492702649608], [0.027469696438409574, 0.140492702649608, 1.0]]}}, "Ig_treated": {"sum_sq": 2528.4675089295274, "df": 1.0, "F": 8.646199616810545, "pvalue": 0.010747269972771605}, "A12_treated": {"sum_sq": 1483.1241954669265, "df": 1.0, "F": 4.040062783535455, "pvalue": 0.0641087419189703}, "Batch": {"sum_sq": 2.462375075732885, "df": 1.0, "F": 0.005207344367321221, "pvalue": 0.9434938316056436}, "Quant": {"sum_sq": 2726.4197222975636, "df": 1.0, "F": 9.7967840017708, "pvalue": 0.007379475242576652}}, "4": {"Mouse_ID": {}, "Treatment": {"sum_sq": 32.678368444306216, "df": 2.0, "F": 0.05263913532298254, "pvalue": 0.9489234622089864, "tukey_hsd": {"groups": ["A12", "B1-8", "PBS"], "pvalues": [[1.0, 0.9449280353412189, 0.9810465459825134], [0.9449280353412189, 1.0, 0.9908609159976786], [0.9810465459825134, 0.9908609159976786, 1.0]]}}, "Ig_treated": {"sum_sq": 0.6388497983662367, "df": 1.0, "F": 0.0021990096656140383, "pvalue": 0.963260400072086}, "A12_treated": {"sum_sq": 27.505516675620033, "df": 1.0, "F": 0.09530737067903167, "pvalue": 0.7620815185515749}, "Batch": {"sum_sq": 1.416375678606365, "df": 1.0, "F": 0.004876293841854108, "pvalue": 0.9453162494288408}, "Quant": {"sum_sq": 28.494899845009773, "df": 1.0, "F": 0.09875979426594816, "pvalue": 0.7579572674528041}}, "5": {"Mouse_ID": {}, "Treatment": {"sum_sq": 905.2413831985066, "df": 2.0, "F": 2.7913873755206766, "pvalue": 0.09804221910653306, "tukey_hsd": {"groups": ["A12", "B1-8", "PBS"], "pvalues": [[1.0, 0.10926687823976611, 0.9733796701815582], [0.10926687823976611, 1.0, 0.18062280222660076], [0.9733796701815582, 0.18062280222660076, 1.0]]}}, "Ig_treated": {"sum_sq": 123.29694556387224, "df": 1.0, "F": 0.5973107268869635, "pvalue": 0.452457582280252}, "A12_treated": {"sum_sq": 325.7420501832241, "df": 1.0, "F": 1.696928960928023, "pvalue": 0.21371143453147964}, "Batch": {"sum_sq": 18.09562064155258, "df": 1.0, "F": 0.0845848683222403, "pvalue": 0.7754417102309539}, "Quant": {"sum_sq": 29.976829724412493, "df": 1.0, "F": 0.1406796005853255, "pvalue": 0.7132273290966268}}, "6": {"Mouse_ID": {}, "Treatment": {"sum_sq": 809.8500589468301, "df": 2.0, "F": 2.405362759213334, "pvalue": 0.12918179652698875, "tukey_hsd": {"groups": ["A12", "B1-8", "PBS"], "pvalues": [[1.0, 0.4644331098955585, 0.11255705585395859], [0.4644331098955585, 1.0, 0.637398403922699], [0.11255705585395859, 0.637398403922699, 1.0]]}}, "Ig_treated": {"sum_sq": 560.5153084921585, "df": 1.0, "F": 3.218988852433313, "pvalue": 0.09440628017556967}, "A12_treated": {"sum_sq": 667.1897868703439, "df": 1.0, "F": 4.006949698804247, "pvalue": 0.06508155899672217}, "Batch": {"sum_sq": 49.59242237792489, "df": 1.0, "F": 0.23545671294936354, "pvalue": 0.6350122044156581}, "Quant": {"sum_sq": 607.602096060784, "df": 1.0, "F": 3.5581306337226715, "pvalue": 0.0801712562960457}}, "7": {"Mouse_ID": {}, "Treatment": {"sum_sq": 247.7215228191558, "df": 2.0, "F": 0.7747331098581793, "pvalue": 0.48097875796154327, "tukey_hsd": {"groups": ["A12", "B1-8", "PBS"], "pvalues": [[1.0, 0.4657807232275768, 0.9488416156638008], [0.4657807232275768, 1.0, 0.6697464502637137], [0.9488416156638008, 0.6697464502637137, 1.0]]}}, "Ig_treated": {"sum_sq": 11.87846910295765, "df": 1.0, "F": 0.07185934741027857, "pvalue": 0.7925578122376924}, "A12_treated": {"sum_sq": 127.61690408170185, "df": 1.0, "F": 0.8126672980502625, "pvalue": 0.38257978557367045}, "Batch": {"sum_sq": 1.9036693809076017, "df": 1.0, "F": 0.011466910982127217, "pvalue": 0.9162420121292933}, "Quant": {"sum_sq": 4.798550613053698, "df": 1.0, "F": 0.028940515627021716, "pvalue": 0.8673503539362111}}, "8": {"Mouse_ID": {}, "Treatment": {"sum_sq": 95.91601163548785, "df": 2.0, "F": 0.34351517106255736, "pvalue": 0.7155200285135008, "tukey_hsd": {"groups": ["A12", "B1-8", "PBS"], "pvalues": [[1.0, 0.8879951583579317, 0.9168170358617229], [0.8879951583579317, 1.0, 0.6929727918869066], [0.9168170358617229, 0.6929727918869066, 1.0]]}}, "Ig_treated": {"sum_sq": 65.54350909859717, "df": 1.0, "F": 0.49726909083793586, "pvalue": 0.4922690720519065}, "A12_treated": {"sum_sq": 0.22274664548780507, "df": 1.0, "F": 0.001632170081402141, "pvalue": 0.9683446219698005}, "Batch": {"sum_sq": 1.431606585035108, "df": 1.0, "F": 0.010496700253500177, "pvalue": 0.919849820000957}, "Quant": {"sum_sq": 310.6910964892727, "df": 1.0, "F": 2.718293368840658, "pvalue": 0.12145404295955953}}, "9": {"Mouse_ID": {}, "Treatment": {"sum_sq": 503.83679328492974, "df": 2.0, "F": 2.8425714425089006, "pvalue": 0.09460302835857456, "tukey_hsd": {"groups": ["A12", "B1-8", "PBS"], "pvalues": [[1.0, 0.9995651243576358, 0.1261234574032276], [0.9995651243576358, 1.0, 0.14002144713320475], [0.1261234574032276, 0.14002144713320475, 1.0]]}}, "Ig_treated": {"sum_sq": 503.7668714785664, "df": 1.0, "F": 6.121240400124496, "pvalue": 0.0267712266344174}, "A12_treated": {"sum_sq": 132.15536809423568, "df": 1.0, "F": 1.2141963025492075, "pvalue": 0.289086197232241}, "Batch": {"sum_sq": 1.5741409768733905, "df": 1.0, "F": 0.013321090518055818, "pvalue": 0.9097536930274007}, "Quant": {"sum_sq": 77.26631490149195, "df": 1.0, "F": 0.6852128970368052, "pvalue": 0.42168431506652104}}, "10": {"Mouse_ID": {}, "Treatment": {"sum_sq": 58.1424493017444, "df": 2.0, "F": 0.27908231596186034, "pvalue": 0.7608970843112733, "tukey_hsd": {"groups": ["A12", "B1-8", "PBS"], "pvalues": [[1.0, 0.8241775921144856, 0.7837026106265412], [0.8241775921144856, 1.0, 0.9971914181321725], [0.7837026106265412, 0.9971914181321725, 1.0]]}}, "Ig_treated": {"sum_sq": 21.02757600190597, "df": 1.0, "F": 0.21159238905275377, "pvalue": 0.6525848191213102}, "A12_treated": {"sum_sq": 57.61093213474893, "df": 1.0, "F": 0.5953716462868964, "pvalue": 0.453177263654839}, "Batch": {"sum_sq": 7.553942927131595, "df": 1.0, "F": 0.07528334954008792, "pvalue": 0.7878011763227553}, "Quant": {"sum_sq": 3.5991334764198077, "df": 1.0, "F": 0.03576862466720521, "pvalue": 0.8527084895634572}}}