{"1": {"Mouse_ID": {}, "Treatment": {"sum_sq": 421.26994747330616, "df": 2.0, "F": 0.24279818079254306, "pvalue": 0.7879084749225223, "tukey_hsd": {"groups": ["A12", "B1-8", "PBS"], "pvalues": [[1.0, 0.7827087227422269, 0.9883200979765192], [0.7827087227422269, 1.0, 0.8703034393701299], [0.9883200979765192, 0.8703034393701299, 1.0]]}}, "Ig_treated": {"sum_sq": 27.991169301517804, "df": 1.0, "F": 0.03357640489590669, "pvalue": 0.8572380031603041}, "A12_treated": {"sum_sq": 200.19963392648998, "df": 1.0, "F": 0.24374302559469307, "pvalue": 0.6291706877629737}, "Batch": {"sum_sq": 70.97758812813987, "df": 1.0, "F": 0.08545488684942737, "pvalue": 0.7743243057135402}, "Quant": {"sum_sq": 5.083621266356781, "df": 1.0, "F": 0.006086039497944539, "pvalue": 0.9389216889279062}}, "2": {"Mouse_ID": {}, "Treatment": {"sum_sq": 2389.952675167935, "df": 2.0, "F": 2.5355515676771057, "pvalue": 0.11755239197904033, "tukey_hsd": {"groups": ["A12", "B1-8", "PBS"], "pvalues": [[1.0, 0.10624225114541164, 0.8054582462852884], [0.10624225114541164, 1.0, 0.31697161472761204], [0.8054582462852884, 0.31697161472761204, 1.0]]}}, "Ig_treated": {"sum_sq": 82.95905712512854, "df": 1.0, "F": 0.13771188139351528, "pvalue": 0.7161216920291611}, "A12_treated": {"sum_sq": 1310.767786614129, "df": 1.0, "F": 2.546615736491517, "pvalue": 0.1328500928139569}, "Batch": {"sum_sq": 233.58798864225824, "df": 1.0, "F": 0.3948069876076221, "pvalue": 0.5398993306382263}, "Quant": {"sum_sq": 275.3097293659167, "df": 1.0, "F": 0.46768014831088356, "pvalue": 0.5052189568073413}}, "3": {"Mouse_ID": {}, "Treatment": {"sum_sq": 2734.852539745774, "df": 2.0, "F": 4.5724720035875634, "pvalue": 0.03135790048990493, "tukey_hsd": {"groups": ["A12", "B1-8", "PBS"], "pvalues": [[1.0, 0.6912880949208942, 0.027469696438409574], [0.6912880949208942, 1.0, 0.14049270264960723], [0.027469696438409574, 0.14049270264960723, 1.0]]}}, "Ig_treated": {"sum_sq": 2528.467508929541, "df": 1.0, "F": 8.646199616810556, "pvalue": 0.010747269972771563}, "A12_treated": {"sum_sq": 1483.1241954669313, "df": 1.0, "F": 4.040062783535445, "pvalue": 0.06410874191897054}, "Batch": {"sum_sq": 2.4623750757327967, "df": 1.0, "F": 0.005207344367321009, "pvalue": 0.9434938316056436}, "Quant": {"sum_sq": 2726.419722297581, "df": 1.0, "F": 9.796784001770826, "pvalue": 0.007379475242576588}}, "4": {"Mouse_ID": {}, "Treatment": {"sum_sq": 32.6783684443053, "df": 2.0, "F": 0.0526391353229811, "pvalue": 0.948923462208987, "tukey_hsd": {"groups": ["A12", "B1-8", "PBS"], "pvalues": [[1.0, 0.9449280353412202, 0.9810465459825148], [0.9449280353412202, 1.0, 0.9908609159976781], [0.9810465459825148, 0.9908609159976781, 1.0]]}}, "Ig_treated": {"sum_sq": 0.6388497983660724, "df": 1.0, "F": 0.0021990096656134745, "pvalue": 0.963260400072086}, "A12_treated": {"sum_sq": 27.50551667561883, "df": 1.0, "F": 0.0953073706790276, "pvalue": 0.7620815185515806}, "Batch": {"sum_sq": 1.416375678606323, "df": 1.0, "F": 0.00487629384185397, "pvalue": 0.9453162494288408}, "Quant": {"sum_sq": 28.49489984500843, "df": 1.0, "F": 0.09875979426594357, "pvalue": 0.7579572674528098}}, "5": {"Mouse_ID": {}, "Treatment": {"sum_sq": 905.2413831985855, "df": 2.0, "F": 2.791387375521026, "pvalue": 0.09804221910650898, "tukey_hsd": {"groups": ["A12", "B1-8", "PBS"], "pvalues": [[1.0, 0.10926687823970926, 0.9733796701814473], [0.10926687823970926, 1.0, 0.18062280222664517], [0.9733796701814473, 0.18062280222664517, 1.0]]}}, "Ig_treated": {"sum_sq": 123.29694556376289, "df": 1.0, "F": 0.5973107268864112, "pvalue": 0.45245758228045696}, "A12_treated": {"sum_sq": 325.7420501834204, "df": 1.0, "F": 1.6969289609291698, "pvalue": 0.21371143453133332}, "Batch": {"sum_sq": 18.09562064154021, "df": 1.0, "F": 0.08458486832218215, "pvalue": 0.7754417102310288}, "Quant": {"sum_sq": 29.97682972435658, "df": 1.0, "F": 0.14067960058506052, "pvalue": 0.7132273290968835}}, "6": {"Mouse_ID": {}, "Treatment": {"sum_sq": 809.8500589467574, "df": 2.0, "F": 2.4053627592130407, "pvalue": 0.12918179652701633, "tukey_hsd": {"groups": ["A12", "B1-8", "PBS"], "pvalues": [[1.0, 0.4644331098958151, 0.11255705585397369], [0.4644331098958151, 1.0, 0.6373984039224763], [0.11255705585397369, 0.6373984039224763, 1.0]]}}, "Ig_treated": {"sum_sq": 560.5153084922684, "df": 1.0, "F": 3.218988852434092, "pvalue": 0.09440628017553367}, "A12_treated": {"sum_sq": 667.1897868701524, "df": 1.0, "F": 4.006949698802769, "pvalue": 0.065081558996766}, "Batch": {"sum_sq": 49.592422377937694, "df": 1.0, "F": 0.23545671294942552, "pvalue": 0.6350122044156146}, "Quant": {"sum_sq": 607.6020960608441, "df": 1.0, "F": 3.558130633723115, "pvalue": 0.08017125629602888}}, "7": {"Mouse_ID": {}, "Treatment": {"sum_sq": 247.72152281915544, "df": 2.0, "F": 0.7747331098581766, "pvalue": 0.48097875796154443, "tukey_hsd": {"groups": ["A12", "B1-8", "PBS"], "pvalues": [[1.0, 0.46578072322757813, 0.9488416156638013], [0.46578072322757813, 1.0, 0.6697464502637143], [0.9488416156638013, 0.6697464502637143, 1.0]]}}, "Ig_treated": {"sum_sq": 11.878469102957729, "df": 1.0, "F": 0.07185934741027894, "pvalue": 0.7925578122376924}, "A12_treated": {"sum_sq": 127.61690408170124, "df": 1.0, "F": 0.8126672980502572, "pvalue": 0.38257978557367195}, "Batch": {"sum_sq": 1.9036693809075333, "df": 1.0, "F": 0.011466910982126792, "pvalue": 0.9162420121292933}, "Quant": {"sum_sq": 4.798550613053449, "df": 1.0, "F": 0.02894051562702017, "pvalue": 0.8673503539362146}}, "8": {"Mouse_ID": {}, "Treatment": {"sum_sq": 95.91601163548356, "df": 2.0, "F": 0.3435151710625426, "pvalue": 0.7155200285135106, "tukey_hsd": {"groups": ["A12", "B1-8", "PBS"], "pvalues": [[1.0, 0.8879951583579332, 0.9168170358617292], [0.8879951583579332, 1.0, 0.6929727918869175], [0.9168170358617292, 0.6929727918869175, 1.0]]}}, "Ig_treated": {"sum_sq": 65.54350909859336, "df": 1.0, "F": 0.49726909083790777, "pvalue": 0.4922690720519186}, "A12_treated": {"sum_sq": 0.22274664548788742, "df": 1.0, "F": 0.0016321700814027507, "pvalue": 0.9683446219698005}, "Batch": {"sum_sq": 1.4316065850352555, "df": 1.0, "F": 0.0104967002535013, "pvalue": 0.9198498200009512}, "Quant": {"sum_sq": 310.6910964892675, "df": 1.0, "F": 2.7182933688406146, "pvalue": 0.1214540429595623}}, "9": {"Mouse_ID": {}, "Treatment": {"sum_sq": 503.8367932849318, "df": 2.0, "F": 2.8425714425089197, "pvalue": 0.0946030283585733, "tukey_hsd": {"groups": ["A12", "B1-8", "PBS"], "pvalues": [[1.0, 0.9995651243576357, 0.1261234574032264], [0.9995651243576357, 1.0, 0.14002144713320297], [0.1261234574032264, 0.14002144713320297, 1.0]]}}, "Ig_treated": {"sum_sq": 503.7668714785685, "df": 1.0, "F": 6.121240400124537, "pvalue": 0.02677122663441696}, "A12_treated": {"sum_sq": 132.15536809423557, "df": 1.0, "F": 1.2141963025492073, "pvalue": 0.289086197232241}, "Batch": {"sum_sq": 1.57414097687344, "df": 1.0, "F": 0.013321090518056243, "pvalue": 0.9097536930274007}, "Quant": {"sum_sq": 77.2663149014938, "df": 1.0, "F": 0.6852128970368225, "pvalue": 0.4216843150665148}}, "10": {"Mouse_ID": {}, "Treatment": {"sum_sq": 58.14244930174392, "df": 2.0, "F": 0.2790823159618581, "pvalue": 0.7608970843112746, "tukey_hsd": {"groups": ["A12", "B1-8", "PBS"], "pvalues": [[1.0, 0.8241775921144869, 0.7837026106265426], [0.8241775921144869, 1.0, 0.9971914181321725], [0.7837026106265426, 0.9971914181321725, 1.0]]}}, "Ig_treated": {"sum_sq": 21.027576001905846, "df": 1.0, "F": 0.21159238905275257, "pvalue": 0.6525848191213114}, "A12_treated": {"sum_sq": 57.6109321347485, "df": 1.0, "F": 0.5953716462868921, "pvalue": 0.45317726365484035}, "Batch": {"sum_sq": 7.553942927131585, "df": 1.0, "F": 0.07528334954008786, "pvalue": 0.7878011763227553}, "Quant": {"sum_sq": 3.5991334764197913, "df": 1.0, "F": 0.03576862466720507, "pvalue": 0.8527084895634605}}}