{"1": {"Mouse_ID": {}, "Treatment": {"sum_sq": 421.26994747330866, "df": 2.0, "F": 0.24279818079254364, "pvalue": 0.7879084749225223, "tukey_hsd": {"groups": ["A12", "B1-8", "PBS"], "pvalues": [[1.0, 0.7827087227422262, 0.9883200979765192], [0.7827087227422262, 1.0, 0.8703034393701293], [0.9883200979765192, 0.8703034393701293, 1.0]]}}, "Ig_treated": {"sum_sq": 27.991169301518095, "df": 1.0, "F": 0.03357640489590692, "pvalue": 0.8572380031603041}, "A12_treated": {"sum_sq": 200.19963392649115, "df": 1.0, "F": 0.24374302559469363, "pvalue": 0.6291706877629737}, "Batch": {"sum_sq": 70.97758812814051, "df": 1.0, "F": 0.08545488684942784, "pvalue": 0.7743243057135402}, "Quant": {"sum_sq": 5.083621266356716, "df": 1.0, "F": 0.006086039497944439, "pvalue": 0.9389216889279062}}, "2": {"Mouse_ID": {}, "Treatment": {"sum_sq": 2389.952675167936, "df": 2.0, "F": 2.535551567677102, "pvalue": 0.11755239197904067, "tukey_hsd": {"groups": ["A12", "B1-8", "PBS"], "pvalues": [[1.0, 0.10624225114541186, 0.8054582462852926], [0.10624225114541186, 1.0, 0.31697161472760993], [0.8054582462852926, 0.31697161472760993, 1.0]]}}, "Ig_treated": {"sum_sq": 82.95905712513164, "df": 1.0, "F": 0.13771188139352025, "pvalue": 0.716121692029158}, "A12_treated": {"sum_sq": 1310.7677866141216, "df": 1.0, "F": 2.5466157364914963, "pvalue": 0.13285009281395846}, "Batch": {"sum_sq": 233.58798864225787, "df": 1.0, "F": 0.3948069876076209, "pvalue": 0.5398993306382263}, "Quant": {"sum_sq": 275.30972936592246, "df": 1.0, "F": 0.4676801483108929, "pvalue": 0.5052189568073375}}, "3": {"Mouse_ID": {}, "Treatment": {"sum_sq": 2734.8525397457756, "df": 2.0, "F": 4.572472003587562, "pvalue": 0.03135790048990497, "tukey_hsd": {"groups": ["A12", "B1-8", "PBS"], "pvalues": [[1.0, 0.6912880949208918, 0.027469696438409574], [0.6912880949208918, 1.0, 0.14049270264960811], [0.027469696438409574, 0.14049270264960811, 1.0]]}}, "Ig_treated": {"sum_sq": 2528.4675089295415, "df": 1.0, "F": 8.646199616810543, "pvalue": 0.01074726997277162}, "A12_treated": {"sum_sq": 1483.1241954669351, "df": 1.0, "F": 4.040062783535456, "pvalue": 0.0641087419189703}, "Batch": {"sum_sq": 2.462375075732896, "df": 1.0, "F": 0.005207344367321215, "pvalue": 0.9434938316056436}, "Quant": {"sum_sq": 2726.4197222975786, "df": 1.0, "F": 9.796784001770801, "pvalue": 0.00737947524257664}}, "4": {"Mouse_ID": {}, "Treatment": {"sum_sq": 32.678368444305114, "df": 2.0, "F": 0.052639135322980805, "pvalue": 0.9489234622089885, "tukey_hsd": {"groups": ["A12", "B1-8", "PBS"], "pvalues": [[1.0, 0.9449280353412205, 0.9810465459825151], [0.9449280353412205, 1.0, 0.990860915997678], [0.9810465459825151, 0.990860915997678, 1.0]]}}, "Ig_treated": {"sum_sq": 0.6388497983660473, "df": 1.0, "F": 0.0021990096656133887, "pvalue": 0.963260400072086}, "A12_treated": {"sum_sq": 27.50551667561862, "df": 1.0, "F": 0.09530737067902688, "pvalue": 0.7620815185515806}, "Batch": {"sum_sq": 1.4163756786063082, "df": 1.0, "F": 0.004876293841853919, "pvalue": 0.9453162494288408}, "Quant": {"sum_sq": 28.494899845008337, "df": 1.0, "F": 0.09875979426594327, "pvalue": 0.7579572674528098}}, "5": {"Mouse_ID": {}, "Treatment": {"sum_sq": 905.2413831985463, "df": 2.0, "F": 2.7913873755208543, "pvalue": 0.09804221910652082, "tukey_hsd": {"groups": ["A12", "B1-8", "PBS"], "pvalues": [[1.0, 0.10926687823973513, 0.9733796701814946], [0.10926687823973513, 1.0, 0.18062280222662896], [0.9733796701814946, 0.18062280222662896, 1.0]]}}, "Ig_treated": {"sum_sq": 123.29694556380845, "df": 1.0, "F": 0.5973107268866414, "pvalue": 0.45245758228037103}, "A12_treated": {"sum_sq": 325.74205018333544, "df": 1.0, "F": 1.6969289609286735, "pvalue": 0.2137114345313966}, "Batch": {"sum_sq": 18.095620641545246, "df": 1.0, "F": 0.08458486832220584, "pvalue": 0.7754417102309965}, "Quant": {"sum_sq": 29.97682972438033, "df": 1.0, "F": 0.1406796005851731, "pvalue": 0.7132273290967743}}, "6": {"Mouse_ID": {}, "Treatment": {"sum_sq": 809.8500589467868, "df": 2.0, "F": 2.405362759213167, "pvalue": 0.12918179652700446, "tukey_hsd": {"groups": ["A12", "B1-8", "PBS"], "pvalues": [[1.0, 0.46443310989570574, 0.11255705585396736], [0.46443310989570574, 1.0, 0.6373984039225713], [0.11255705585396736, 0.6373984039225713, 1.0]]}}, "Ig_treated": {"sum_sq": 560.5153084922201, "df": 1.0, "F": 3.2189888524337587, "pvalue": 0.09440628017554899}, "A12_treated": {"sum_sq": 667.1897868702325, "df": 1.0, "F": 4.006949698803401, "pvalue": 0.06508155899674742}, "Batch": {"sum_sq": 49.59242237793221, "df": 1.0, "F": 0.23545671294939957, "pvalue": 0.6350122044156318}, "Quant": {"sum_sq": 607.6020960608166, "df": 1.0, "F": 3.5581306337229233, "pvalue": 0.08017125629603614}}, "7": {"Mouse_ID": {}, "Treatment": {"sum_sq": 247.72152281916, "df": 2.0, "F": 0.774733109858193, "pvalue": 0.48097875796153705, "tukey_hsd": {"groups": ["A12", "B1-8", "PBS"], "pvalues": [[1.0, 0.46578072322757147, 0.9488416156638013], [0.46578072322757147, 1.0, 0.669746450263707], [0.9488416156638013, 0.669746450263707, 1.0]]}}, "Ig_treated": {"sum_sq": 11.878469102958249, "df": 1.0, "F": 0.07185934741028216, "pvalue": 0.792557812237688}, "A12_treated": {"sum_sq": 127.616904081703, "df": 1.0, "F": 0.8126672980502696, "pvalue": 0.3825797855736684}, "Batch": {"sum_sq": 1.9036693809076015, "df": 1.0, "F": 0.01146691098212721, "pvalue": 0.9162420121292933}, "Quant": {"sum_sq": 4.798550613053291, "df": 1.0, "F": 0.028940515627019228, "pvalue": 0.8673503539362181}}, "8": {"Mouse_ID": {}, "Treatment": {"sum_sq": 95.91601163548604, "df": 2.0, "F": 0.34351517106255125, "pvalue": 0.7155200285135052, "tukey_hsd": {"groups": ["A12", "B1-8", "PBS"], "pvalues": [[1.0, 0.8879951583579333, 0.9168170358617247], [0.8879951583579333, 1.0, 0.692972791886911], [0.9168170358617247, 0.692972791886911, 1.0]]}}, "Ig_treated": {"sum_sq": 65.54350909859583, "df": 1.0, "F": 0.49726909083792625, "pvalue": 0.4922690720519107}, "A12_treated": {"sum_sq": 0.22274664548781228, "df": 1.0, "F": 0.001632170081402197, "pvalue": 0.9683446219698005}, "Batch": {"sum_sq": 1.4316065850351478, "df": 1.0, "F": 0.010496700253500487, "pvalue": 0.9198498200009512}, "Quant": {"sum_sq": 310.691096489271, "df": 1.0, "F": 2.7182933688406457, "pvalue": 0.12145404295956051}}, "9": {"Mouse_ID": {}, "Treatment": {"sum_sq": 503.83679328493326, "df": 2.0, "F": 2.84257144250892, "pvalue": 0.0946030283585733, "tukey_hsd": {"groups": ["A12", "B1-8", "PBS"], "pvalues": [[1.0, 0.999565124357636, 0.1261234574032255], [0.999565124357636, 1.0, 0.14002144713320375], [0.1261234574032255, 0.14002144713320375, 1.0]]}}, "Ig_treated": {"sum_sq": 503.76687147856995, "df": 1.0, "F": 6.121240400124538, "pvalue": 0.02677122663441696}, "A12_treated": {"sum_sq": 132.15536809423756, "df": 1.0, "F": 1.2141963025492235, "pvalue": 0.2890861972322378}, "Batch": {"sum_sq": 1.574140976873458, "df": 1.0, "F": 0.013321090518056355, "pvalue": 0.9097536930274007}, "Quant": {"sum_sq": 77.26631490149246, "df": 1.0, "F": 0.6852128970368083, "pvalue": 0.4216843150665198}}, "10": {"Mouse_ID": {}, "Treatment": {"sum_sq": 58.142449301744065, "df": 2.0, "F": 0.279082315961858, "pvalue": 0.7608970843112746, "tukey_hsd": {"groups": ["A12", "B1-8", "PBS"], "pvalues": [[1.0, 0.8241775921144829, 0.7837026106265459], [0.8241775921144829, 1.0, 0.9971914181321735], [0.7837026106265459, 0.9971914181321735, 1.0]]}}, "Ig_treated": {"sum_sq": 21.02757600190494, "df": 1.0, "F": 0.21159238905274272, "pvalue": 0.6525848191213187}, "A12_treated": {"sum_sq": 57.610932134748836, "df": 1.0, "F": 0.5953716462868939, "pvalue": 0.4531772636548397}, "Batch": {"sum_sq": 7.553942927131025, "df": 1.0, "F": 0.07528334954008205, "pvalue": 0.7878011763227617}, "Quant": {"sum_sq": 3.599133476420051, "df": 1.0, "F": 0.03576862466720755, "pvalue": 0.852708489563454}}}