{"1": {"Mouse_ID": {}, "Treatment": {"sum_sq": 578.9311850672473, "df": 2.0, "F": 0.25224381088661635, "pvalue": 0.7807717076489098, "tukey_hsd": {"groups": ["A12", "B1-8", "PBS"], "pvalues": [[1.0, 0.7720371415103432, 0.983613309978755], [0.7720371415103432, 1.0, 0.8739964457126568], [0.983613309978755, 0.8739964457126568, 1.0]]}}, "Ig_treated": {"sum_sq": 28.939234522089457, "df": 1.0, "F": 0.026192218500869925, "pvalue": 0.8737442529844781}, "A12_treated": {"sum_sq": 295.5129806329551, "df": 1.0, "F": 0.27215197056471546, "pvalue": 0.6100465138914234}, "TMT": {"sum_sq": 125.6933206742794, "df": 1.0, "F": 0.11447811881962637, "pvalue": 0.7401228888758589}, "Quant": {"sum_sq": 11.316374526165996, "df": 1.0, "F": 0.010230528114833404, "pvalue": 0.9208688033189294}}, "2": {"Mouse_ID": {}, "Treatment": {"sum_sq": 2985.1154412244696, "df": 2.0, "F": 2.339734845737479, "pvalue": 0.13554445936727486, "tukey_hsd": {"groups": ["A12", "B1-8", "PBS"], "pvalues": [[1.0, 0.12448277152384946, 0.8359553673461857], [0.12448277152384946, 1.0, 0.33239553653080645], [0.8359553673461857, 0.33239553653080645, 1.0]]}}, "Ig_treated": {"sum_sq": 121.53821924105942, "df": 1.0, "F": 0.15251507367032074, "pvalue": 0.702021273735638}, "A12_treated": {"sum_sq": 1590.2712777364081, "df": 1.0, "F": 2.298134155043729, "pvalue": 0.15177977107775645}, "TMT": {"sum_sq": 378.77440310476004, "df": 1.0, "F": 0.48653190339038127, "pvalue": 0.4968997305394882}, "Quant": {"sum_sq": 383.4521370310096, "df": 1.0, "F": 0.4927518840981579, "pvalue": 0.49420793459617895}}, "3": {"Mouse_ID": {}, "Treatment": {"sum_sq": 3509.662192692028, "df": 2.0, "F": 4.461959562356762, "pvalue": 0.03347060375107415, "tukey_hsd": {"groups": ["A12", "B1-8", "PBS"], "pvalues": [[1.0, 0.6709363261213261, 0.02890649339451823], [0.6709363261213261, 1.0, 0.15472763195321437], [0.02890649339451823, 0.15472763195321437, 1.0]]}}, "Ig_treated": {"sum_sq": 3215.5606197454936, "df": 1.0, "F": 8.326101876015573, "pvalue": 0.011980407275421365}, "A12_treated": {"sum_sq": 1957.0666739064582, "df": 1.0, "F": 4.110665620906123, "pvalue": 0.06209159048269154}, "TMT": {"sum_sq": 3.2263243432665076, "df": 1.0, "F": 0.005240475709263092, "pvalue": 0.9433146935171887}, "Quant": {"sum_sq": 3452.8767595456966, "df": 1.0, "F": 9.35102232463361, "pvalue": 0.0085144991232963}}, "4": {"Mouse_ID": {}, "Treatment": {"sum_sq": 36.772465228965686, "df": 2.0, "F": 0.04462538505380885, "pvalue": 0.9565015247073728, "tukey_hsd": {"groups": ["A12", "B1-8", "PBS"], "pvalues": [[1.0, 0.9539648344882085, 0.9812562327089597], [0.9539648344882085, 1.0, 0.9941757526367136], [0.9812562327089597, 0.9941757526367136, 1.0]]}}, "Ig_treated": {"sum_sq": 1.4176281129944983, "df": 1.0, "F": 0.0036811114602802388, "pvalue": 0.9524779179977365}, "A12_treated": {"sum_sq": 32.40515543771129, "df": 1.0, "F": 0.08463189161014624, "pvalue": 0.7753811563313663}, "TMT": {"sum_sq": 3.8871844277304386, "df": 1.0, "F": 0.010098358128764648, "pvalue": 0.9213797678381965}, "Quant": {"sum_sq": 38.67629117172025, "df": 1.0, "F": 0.10112839768078298, "pvalue": 0.7551736267768702}}, "5": {"Mouse_ID": {}, "Treatment": {"sum_sq": 988.6061693227362, "df": 2.0, "F": 2.0762082249245988, "pvalue": 0.1650126574691887, "tukey_hsd": {"groups": ["A12", "B1-8", "PBS"], "pvalues": [[1.0, 0.8925031889033734, 0.15738855383957673], [0.8925031889033734, 1.0, 0.3430888716515239], [0.15738855383957673, 0.3430888716515239, 1.0]]}}, "Ig_treated": {"sum_sq": 939.0395707651099, "df": 1.0, "F": 4.180672045033655, "pvalue": 0.06016541988250793}, "A12_treated": {"sum_sq": 484.3174136334011, "df": 1.0, "F": 1.88380972366561, "pvalue": 0.19149112412806396}, "TMT": {"sum_sq": 132.6907475155639, "df": 1.0, "F": 0.470183017419802, "pvalue": 0.5041002092517475}, "Quant": {"sum_sq": 893.9266288812572, "df": 1.0, "F": 3.9235383039848886, "pvalue": 0.06761090232028939}}, "6": {"Mouse_ID": {}, "Treatment": {"sum_sq": 1310.970995091508, "df": 2.0, "F": 3.161593958864513, "pvalue": 0.07605359310879121, "tukey_hsd": {"groups": ["A12", "B1-8", "PBS"], "pvalues": [[1.0, 0.06498620874692296, 0.6799473435390965], [0.06498620874692296, 1.0, 0.29079835519080377], [0.6799473435390965, 0.29079835519080377, 1.0]]}}, "Ig_treated": {"sum_sq": 21.084840925331203, "df": 1.0, "F": 0.0740720436157588, "pvalue": 0.7894703262358519}, "A12_treated": {"sum_sq": 796.9555239613976, "df": 1.0, "F": 3.476605335246381, "pvalue": 0.08334327429098734}, "TMT": {"sum_sq": 7.287621146609608, "df": 1.0, "F": 0.02551342619112965, "pvalue": 0.8753759687641847}, "Quant": {"sum_sq": 2.103673567331541, "df": 1.0, "F": 0.0073552717368904645, "pvalue": 0.9328693754270619}}, "7": {"Mouse_ID": {}, "Treatment": {"sum_sq": 383.1233038786776, "df": 2.0, "F": 0.903569314224607, "pvalue": 0.42911072030207614, "tukey_hsd": {"groups": ["A12", "B1-8", "PBS"], "pvalues": [[1.0, 0.40408071557373093, 0.9024184008330856], [0.40408071557373093, 1.0, 0.6744434217887121], [0.9024184008330856, 0.6744434217887121, 1.0]]}}, "Ig_treated": {"sum_sq": 7.849800275608991, "df": 1.0, "F": 0.035095848571969714, "pvalue": 0.8540828621339988}, "A12_treated": {"sum_sq": 226.7226378096927, "df": 1.0, "F": 1.0898360366479367, "pvalue": 0.3141994036463566}, "TMT": {"sum_sq": 4.185720319461302, "df": 1.0, "F": 0.018692158848803823, "pvalue": 0.8931993302186483}, "Quant": {"sum_sq": 19.916956140843332, "df": 1.0, "F": 0.08939165262333353, "pvalue": 0.7693441802913896}}, "8": {"Mouse_ID": {}, "Treatment": {"sum_sq": 158.74099498365052, "df": 2.0, "F": 0.4276014008157997, "pvalue": 0.6609186762018714, "tukey_hsd": {"groups": ["A12", "B1-8", "PBS"], "pvalues": [[1.0, 0.8812057729488104, 0.8797943226648255], [0.8812057729488104, 1.0, 0.6348692839219641], [0.8797943226648255, 0.6348692839219641, 1.0]]}}, "Ig_treated": {"sum_sq": 115.7232062453267, "df": 1.0, "F": 0.6596462185429609, "pvalue": 0.430279187016291}, "A12_treated": {"sum_sq": 0.000602585678373288, "df": 1.0, "F": 3.2803038436777897e-06, "pvalue": 0.9985804583490194}, "TMT": {"sum_sq": 1.5873123273443284, "df": 1.0, "F": 0.00864620813980183, "pvalue": 0.927233044819518}, "Quant": {"sum_sq": 433.0477154273609, "df": 1.0, "F": 2.8347090998325886, "pvalue": 0.11440317116102024}}, "9": {"Mouse_ID": {}, "Treatment": {"sum_sq": 672.3903218771727, "df": 2.0, "F": 2.8135732385188743, "pvalue": 0.09653407664234692, "tukey_hsd": {"groups": ["A12", "B1-8", "PBS"], "pvalues": [[1.0, 0.9999999602215801, 0.1257167428574627], [0.9999999602215801, 1.0, 0.14584383631203746], [0.1257167428574627, 0.14584383631203746, 1.0]]}}, "Ig_treated": {"sum_sq": 672.3903132559277, "df": 1.0, "F": 6.060003787015213, "pvalue": 0.027418917585176283}, "A12_treated": {"sum_sq": 183.31136559848122, "df": 1.0, "F": 1.2565070936602358, "pvalue": 0.281173554342068}, "TMT": {"sum_sq": 4.107193195116064, "df": 1.0, "F": 0.025881875601967645, "pvalue": 0.8744875410851615}, "Quant": {"sum_sq": 95.28564116247898, "df": 1.0, "F": 0.6261493003178576, "pvalue": 0.4419718079380568}}, "10": {"Mouse_ID": {}, "Treatment": {"sum_sq": 59.706439724376665, "df": 2.0, "F": 0.2099673719108282, "pvalue": 0.8133063513244891, "tukey_hsd": {"groups": ["A12", "B1-8", "PBS"], "pvalues": [[1.0, 0.843135617618428, 0.8508685729116681], [0.843135617618428, 1.0, 0.9998802124410912], [0.8508685729116681, 0.9998802124410912, 1.0]]}}, "Ig_treated": {"sum_sq": 15.088199110049127, "df": 1.0, "F": 0.11158956172585144, "pvalue": 0.7432928584536753}, "A12_treated": {"sum_sq": 59.67554597833747, "df": 1.0, "F": 0.4519958616181138, "pvalue": 0.5123324092687604}, "TMT": {"sum_sq": 46.88845843106659, "df": 1.0, "F": 0.35270360597349326, "pvalue": 0.5620606301681146}, "Quant": {"sum_sq": 4.497923346910359, "df": 1.0, "F": 0.03308074663112287, "pvalue": 0.8582831888972611}}}