{"1": {"Mouse_ID": {}, "Treatment": {"sum_sq": 421.2699474733084, "df": 2.0, "F": 0.24279818079254398, "pvalue": 0.7879084749225217, "tukey_hsd": {"groups": ["A12", "B1-8", "PBS"], "pvalues": [[1.0, 0.7827087227422261, 0.9883200979765193], [0.7827087227422261, 1.0, 0.870303439370129], [0.9883200979765193, 0.870303439370129, 1.0]]}}, "Ig_treated": {"sum_sq": 27.99116930151829, "df": 1.0, "F": 0.03357640489590723, "pvalue": 0.8572380031603041}, "A12_treated": {"sum_sq": 200.1996339264904, "df": 1.0, "F": 0.24374302559469324, "pvalue": 0.6291706877629737}, "Batch": {"sum_sq": 70.97758812814023, "df": 1.0, "F": 0.08545488684942766, "pvalue": 0.7743243057135402}, "Quant": {"sum_sq": 5.083621266356567, "df": 1.0, "F": 0.006086039497944274, "pvalue": 0.9389216889279062}}, "2": {"Mouse_ID": {}, "Treatment": {"sum_sq": 2389.95267516793, "df": 2.0, "F": 2.5355515676771057, "pvalue": 0.11755239197904033, "tukey_hsd": {"groups": ["A12", "B1-8", "PBS"], "pvalues": [[1.0, 0.10624225114541164, 0.8054582462852896], [0.10624225114541164, 1.0, 0.3169716147276115], [0.8054582462852896, 0.3169716147276115, 1.0]]}}, "Ig_treated": {"sum_sq": 82.95905712512922, "df": 1.0, "F": 0.1377118813935167, "pvalue": 0.7161216920291611}, "A12_treated": {"sum_sq": 1310.7677866141235, "df": 1.0, "F": 2.5466157364915114, "pvalue": 0.13285009281395738}, "Batch": {"sum_sq": 233.58798864225741, "df": 1.0, "F": 0.3948069876076215, "pvalue": 0.5398993306382263}, "Quant": {"sum_sq": 275.309729365918, "df": 1.0, "F": 0.4676801483108867, "pvalue": 0.5052189568073397}}, "3": {"Mouse_ID": {}, "Treatment": {"sum_sq": 2734.852539745758, "df": 2.0, "F": 4.5724720035875634, "pvalue": 0.03135790048990493, "tukey_hsd": {"groups": ["A12", "B1-8", "PBS"], "pvalues": [[1.0, 0.6912880949208924, 0.027469696438409574], [0.6912880949208924, 1.0, 0.14049270264960778], [0.027469696438409574, 0.14049270264960778, 1.0]]}}, "Ig_treated": {"sum_sq": 2528.4675089295256, "df": 1.0, "F": 8.646199616810549, "pvalue": 0.010747269972771591}, "A12_treated": {"sum_sq": 1483.1241954669247, "df": 1.0, "F": 4.040062783535453, "pvalue": 0.0641087419189703}, "Batch": {"sum_sq": 2.4623750757328517, "df": 1.0, "F": 0.005207344367321157, "pvalue": 0.9434938316056436}, "Quant": {"sum_sq": 2726.4197222975636, "df": 1.0, "F": 9.796784001770815, "pvalue": 0.007379475242576611}}, "4": {"Mouse_ID": {}, "Treatment": {"sum_sq": 32.67836844430635, "df": 2.0, "F": 0.052639135322982686, "pvalue": 0.9489234622089864, "tukey_hsd": {"groups": ["A12", "B1-8", "PBS"], "pvalues": [[1.0, 0.9449280353412188, 0.9810465459825136], [0.9449280353412188, 1.0, 0.9908609159976783], [0.9810465459825136, 0.9908609159976783, 1.0]]}}, "Ig_treated": {"sum_sq": 0.6388497983662039, "df": 1.0, "F": 0.0021990096656139225, "pvalue": 0.963260400072086}, "A12_treated": {"sum_sq": 27.50551667562005, "df": 1.0, "F": 0.09530737067903162, "pvalue": 0.7620815185515749}, "Batch": {"sum_sq": 1.4163756786063628, "df": 1.0, "F": 0.004876293841854094, "pvalue": 0.9453162494288408}, "Quant": {"sum_sq": 28.49489984500954, "df": 1.0, "F": 0.0987597942659472, "pvalue": 0.757957267452806}}, "5": {"Mouse_ID": {}, "Treatment": {"sum_sq": 905.2413831985585, "df": 2.0, "F": 2.791387375520908, "pvalue": 0.09804221910651707, "tukey_hsd": {"groups": ["A12", "B1-8", "PBS"], "pvalues": [[1.0, 0.10926687823972636, 0.9733796701814774], [0.10926687823972636, 1.0, 0.18062280222663596], [0.9733796701814774, 0.18062280222663596, 1.0]]}}, "Ig_treated": {"sum_sq": 123.29694556379145, "df": 1.0, "F": 0.5973107268865555, "pvalue": 0.45245758228040367}, "A12_treated": {"sum_sq": 325.74205018336545, "df": 1.0, "F": 1.6969289609288494, "pvalue": 0.21371143453137423}, "Batch": {"sum_sq": 18.095620641543736, "df": 1.0, "F": 0.08458486832219875, "pvalue": 0.7754417102310065}, "Quant": {"sum_sq": 29.97682972437166, "df": 1.0, "F": 0.14067960058513201, "pvalue": 0.7132273290968143}}, "6": {"Mouse_ID": {}, "Treatment": {"sum_sq": 809.8500589467739, "df": 2.0, "F": 2.405362759213112, "pvalue": 0.12918179652700967, "tukey_hsd": {"groups": ["A12", "B1-8", "PBS"], "pvalues": [[1.0, 0.46443310989574726, 0.11255705585397024], [0.46443310989574726, 1.0, 0.6373984039225369], [0.11255705585397024, 0.6373984039225369, 1.0]]}}, "Ig_treated": {"sum_sq": 560.5153084922368, "df": 1.0, "F": 3.218988852433874, "pvalue": 0.09440628017554369}, "A12_treated": {"sum_sq": 667.189786870201, "df": 1.0, "F": 4.0069496988031545, "pvalue": 0.06508155899675465}, "Batch": {"sum_sq": 49.59242237793393, "df": 1.0, "F": 0.2354567129494077, "pvalue": 0.6350122044156272}, "Quant": {"sum_sq": 607.6020960608247, "df": 1.0, "F": 3.5581306337229788, "pvalue": 0.08017125629603407}}, "7": {"Mouse_ID": {}, "Treatment": {"sum_sq": 247.72152281915902, "df": 2.0, "F": 0.7747331098581873, "pvalue": 0.4809787579615394, "tukey_hsd": {"groups": ["A12", "B1-8", "PBS"], "pvalues": [[1.0, 0.46578072322757336, 0.9488416156637998], [0.46578072322757336, 1.0, 0.6697464502637118], [0.9488416156637998, 0.6697464502637118, 1.0]]}}, "Ig_treated": {"sum_sq": 11.878469102957636, "df": 1.0, "F": 0.0718593474102782, "pvalue": 0.7925578122376924}, "A12_treated": {"sum_sq": 127.61690408170371, "df": 1.0, "F": 0.8126672980502719, "pvalue": 0.38257978557366784}, "Batch": {"sum_sq": 1.9036693809075094, "df": 1.0, "F": 0.01146691098212662, "pvalue": 0.9162420121292933}, "Quant": {"sum_sq": 4.7985506130536715, "df": 1.0, "F": 0.02894051562702144, "pvalue": 0.8673503539362146}}, "8": {"Mouse_ID": {}, "Treatment": {"sum_sq": 95.91601163548881, "df": 2.0, "F": 0.3435151710625616, "pvalue": 0.7155200285134975, "tukey_hsd": {"groups": ["A12", "B1-8", "PBS"], "pvalues": [[1.0, 0.8879951583579325, 0.9168170358617203], [0.8879951583579325, 1.0, 0.6929727918869036], [0.9168170358617203, 0.6929727918869036, 1.0]]}}, "Ig_treated": {"sum_sq": 65.5435090985984, "df": 1.0, "F": 0.4972690908379463, "pvalue": 0.4922690720519022}, "A12_treated": {"sum_sq": 0.2227466454877498, "df": 1.0, "F": 0.0016321700814017387, "pvalue": 0.9683446219698005}, "Batch": {"sum_sq": 1.4316065850352306, "df": 1.0, "F": 0.010496700253501096, "pvalue": 0.9198498200009512}, "Quant": {"sum_sq": 310.6910964892722, "df": 1.0, "F": 2.718293368840657, "pvalue": 0.12145404295955953}}, "9": {"Mouse_ID": {}, "Treatment": {"sum_sq": 503.8367932849299, "df": 2.0, "F": 2.842571442508895, "pvalue": 0.09460302835857487, "tukey_hsd": {"groups": ["A12", "B1-8", "PBS"], "pvalues": [[1.0, 0.9995651243576359, 0.12612345740322817], [0.9995651243576359, 1.0, 0.1400214471332053], [0.12612345740322817, 0.1400214471332053, 1.0]]}}, "Ig_treated": {"sum_sq": 503.7668714785665, "df": 1.0, "F": 6.121240400124483, "pvalue": 0.026771226634417524}, "A12_treated": {"sum_sq": 132.15536809423574, "df": 1.0, "F": 1.2141963025492062, "pvalue": 0.28908619723224127}, "Batch": {"sum_sq": 1.5741409768734755, "df": 1.0, "F": 0.013321090518056515, "pvalue": 0.9097536930274007}, "Quant": {"sum_sq": 77.26631490149087, "df": 1.0, "F": 0.6852128970367939, "pvalue": 0.42168431506652493}}, "10": {"Mouse_ID": {}, "Treatment": {"sum_sq": 58.14244930174396, "df": 2.0, "F": 0.2790823159618578, "pvalue": 0.7608970843112751, "tukey_hsd": {"groups": ["A12", "B1-8", "PBS"], "pvalues": [[1.0, 0.8241775921144865, 0.7837026106265434], [0.8241775921144865, 1.0, 0.9971914181321726], [0.7837026106265434, 0.9971914181321726, 1.0]]}}, "Ig_treated": {"sum_sq": 21.02757600190568, "df": 1.0, "F": 0.21159238905275046, "pvalue": 0.6525848191213126}, "A12_treated": {"sum_sq": 57.61093213474853, "df": 1.0, "F": 0.5953716462868913, "pvalue": 0.4531772636548409}, "Batch": {"sum_sq": 7.553942927131489, "df": 1.0, "F": 0.07528334954008677, "pvalue": 0.7878011763227574}, "Quant": {"sum_sq": 3.5991334764198277, "df": 1.0, "F": 0.035768624667205366, "pvalue": 0.8527084895634572}}}