{"1": {"Mouse_ID": {}, "Treatment": {"sum_sq": 421.26994747330843, "df": 2.0, "F": 0.24279818079254395, "pvalue": 0.7879084749225217, "tukey_hsd": {"groups": ["A12", "B1-8", "PBS"], "pvalues": [[1.0, 0.7827087227422262, 0.9883200979765193], [0.7827087227422262, 1.0, 0.8703034393701292], [0.9883200979765193, 0.8703034393701292, 1.0]]}}, "Ig_treated": {"sum_sq": 27.991169301518177, "df": 1.0, "F": 0.033576404895907075, "pvalue": 0.8572380031603041}, "A12_treated": {"sum_sq": 200.19963392649063, "df": 1.0, "F": 0.24374302559469344, "pvalue": 0.6291706877629737}, "Batch": {"sum_sq": 70.9775881281404, "df": 1.0, "F": 0.08545488684942783, "pvalue": 0.7743243057135402}, "Quant": {"sum_sq": 5.083621266356651, "df": 1.0, "F": 0.006086039497944372, "pvalue": 0.9389216889279062}}, "2": {"Mouse_ID": {}, "Treatment": {"sum_sq": 2389.9526751679355, "df": 2.0, "F": 2.535551567677106, "pvalue": 0.1175523919790402, "tukey_hsd": {"groups": ["A12", "B1-8", "PBS"], "pvalues": [[1.0, 0.1062422511454113, 0.8054582462852853], [0.1062422511454113, 1.0, 0.31697161472761404], [0.8054582462852853, 0.31697161472761404, 1.0]]}}, "Ig_treated": {"sum_sq": 82.9590571251263, "df": 1.0, "F": 0.1377118813935115, "pvalue": 0.7161216920291642}, "A12_treated": {"sum_sq": 1310.767786614135, "df": 1.0, "F": 2.5466157364915314, "pvalue": 0.13285009281395585}, "Batch": {"sum_sq": 233.58798864225795, "df": 1.0, "F": 0.3948069876076217, "pvalue": 0.5398993306382263}, "Quant": {"sum_sq": 275.3097293659124, "df": 1.0, "F": 0.4676801483108759, "pvalue": 0.505218956807345}}, "3": {"Mouse_ID": {}, "Treatment": {"sum_sq": 2734.8525397457634, "df": 2.0, "F": 4.57247200358755, "pvalue": 0.0313579004899052, "tukey_hsd": {"groups": ["A12", "B1-8", "PBS"], "pvalues": [[1.0, 0.6912880949208977, 0.027469696438409907], [0.6912880949208977, 1.0, 0.140492702649607], [0.027469696438409907, 0.140492702649607, 1.0]]}}, "Ig_treated": {"sum_sq": 2528.4675089295356, "df": 1.0, "F": 8.646199616810552, "pvalue": 0.010747269972771577}, "A12_treated": {"sum_sq": 1483.1241954669204, "df": 1.0, "F": 4.040062783535418, "pvalue": 0.06410874191897135}, "Batch": {"sum_sq": 2.462375075732664, "df": 1.0, "F": 0.005207344367320738, "pvalue": 0.9434938316056436}, "Quant": {"sum_sq": 2726.419722297575, "df": 1.0, "F": 9.79678400177082, "pvalue": 0.0073794752425765985}}, "4": {"Mouse_ID": {}, "Treatment": {"sum_sq": 32.678368444305434, "df": 2.0, "F": 0.05263913532298125, "pvalue": 0.948923462208987, "tukey_hsd": {"groups": ["A12", "B1-8", "PBS"], "pvalues": [[1.0, 0.9449280353412199, 0.9810465459825151], [0.9449280353412199, 1.0, 0.9908609159976778], [0.9810465459825151, 0.9908609159976778, 1.0]]}}, "Ig_treated": {"sum_sq": 0.6388497983660288, "df": 1.0, "F": 0.0021990096656133223, "pvalue": 0.963260400072086}, "A12_treated": {"sum_sq": 27.50551667561886, "df": 1.0, "F": 0.09530737067902759, "pvalue": 0.7620815185515806}, "Batch": {"sum_sq": 1.416375678606321, "df": 1.0, "F": 0.004876293841853956, "pvalue": 0.9453162494288408}, "Quant": {"sum_sq": 28.49489984500837, "df": 1.0, "F": 0.09875979426594325, "pvalue": 0.7579572674528098}}, "5": {"Mouse_ID": {}, "Treatment": {"sum_sq": 905.2413831985431, "df": 2.0, "F": 2.7913873755208316, "pvalue": 0.09804221910652243, "tukey_hsd": {"groups": ["A12", "B1-8", "PBS"], "pvalues": [[1.0, 0.1092668782397399, 0.9733796701815064], [0.1092668782397399, 1.0, 0.18062280222662253], [0.9733796701815064, 0.18062280222662253, 1.0]]}}, "Ig_treated": {"sum_sq": 123.29694556382103, "df": 1.0, "F": 0.5973107268867037, "pvalue": 0.45245758228034794}, "A12_treated": {"sum_sq": 325.7420501833158, "df": 1.0, "F": 1.6969289609285554, "pvalue": 0.21371143453141156}, "Batch": {"sum_sq": 18.095620641546756, "df": 1.0, "F": 0.08458486832221278, "pvalue": 0.7754417102309903}, "Quant": {"sum_sq": 29.97682972438648, "df": 1.0, "F": 0.14067960058520196, "pvalue": 0.7132273290967467}}, "6": {"Mouse_ID": {}, "Treatment": {"sum_sq": 809.8500589467963, "df": 2.0, "F": 2.405362759213203, "pvalue": 0.12918179652700112, "tukey_hsd": {"groups": ["A12", "B1-8", "PBS"], "pvalues": [[1.0, 0.46443310989567776, 0.11255705585396492], [0.46443310989567776, 1.0, 0.637398403922594], [0.11255705585396492, 0.637398403922594, 1.0]]}}, "Ig_treated": {"sum_sq": 560.5153084922105, "df": 1.0, "F": 3.2189888524336863, "pvalue": 0.09440628017555246}, "A12_treated": {"sum_sq": 667.1897868702548, "df": 1.0, "F": 4.0069496988035675, "pvalue": 0.06508155899674245}, "Batch": {"sum_sq": 49.59242237793092, "df": 1.0, "F": 0.23545671294939313, "pvalue": 0.6350122044156363}, "Quant": {"sum_sq": 607.602096060813, "df": 1.0, "F": 3.5581306337228913, "pvalue": 0.08017125629603754}}, "7": {"Mouse_ID": {}, "Treatment": {"sum_sq": 247.72152281915697, "df": 2.0, "F": 0.77473310985818, "pvalue": 0.4809787579615429, "tukey_hsd": {"groups": ["A12", "B1-8", "PBS"], "pvalues": [[1.0, 0.4657807232275766, 0.9488416156638009], [0.4657807232275766, 1.0, 0.6697464502637134], [0.9488416156638009, 0.6697464502637134, 1.0]]}}, "Ig_treated": {"sum_sq": 11.878469102957727, "df": 1.0, "F": 0.07185934741027876, "pvalue": 0.7925578122376924}, "A12_treated": {"sum_sq": 127.61690408170229, "df": 1.0, "F": 0.8126672980502623, "pvalue": 0.38257978557367045}, "Batch": {"sum_sq": 1.9036693809076213, "df": 1.0, "F": 0.011466910982127295, "pvalue": 0.9162420121292933}, "Quant": {"sum_sq": 4.7985506130534175, "df": 1.0, "F": 0.028940515627019908, "pvalue": 0.8673503539362146}}, "8": {"Mouse_ID": {}, "Treatment": {"sum_sq": 95.9160116354879, "df": 2.0, "F": 0.3435151710625579, "pvalue": 0.7155200285135003, "tukey_hsd": {"groups": ["A12", "B1-8", "PBS"], "pvalues": [[1.0, 0.8879951583579334, 0.9168170358617211], [0.8879951583579334, 1.0, 0.6929727918869062], [0.9168170358617211, 0.6929727918869062, 1.0]]}}, "Ig_treated": {"sum_sq": 65.54350909859775, "df": 1.0, "F": 0.4972690908379408, "pvalue": 0.4922690720519043}, "A12_treated": {"sum_sq": 0.22274664548775108, "df": 1.0, "F": 0.0016321700814017467, "pvalue": 0.9683446219698005}, "Batch": {"sum_sq": 1.4316065850352224, "df": 1.0, "F": 0.010496700253501027, "pvalue": 0.9198498200009512}, "Quant": {"sum_sq": 310.69109648927207, "df": 1.0, "F": 2.718293368840653, "pvalue": 0.12145404295955979}}, "9": {"Mouse_ID": {}, "Treatment": {"sum_sq": 503.8367932849295, "df": 2.0, "F": 2.8425714425088904, "pvalue": 0.09460302835857516, "tukey_hsd": {"groups": ["A12", "B1-8", "PBS"], "pvalues": [[1.0, 0.9995651243576359, 0.1261234574032285], [0.9995651243576359, 1.0, 0.14002144713320575], [0.1261234574032285, 0.14002144713320575, 1.0]]}}, "Ig_treated": {"sum_sq": 503.76687147856603, "df": 1.0, "F": 6.121240400124472, "pvalue": 0.02677122663441766}, "A12_treated": {"sum_sq": 132.15536809423566, "df": 1.0, "F": 1.2141963025492049, "pvalue": 0.2890861972322416}, "Batch": {"sum_sq": 1.5741409768734471, "df": 1.0, "F": 0.013321090518056267, "pvalue": 0.9097536930274007}, "Quant": {"sum_sq": 77.26631490149124, "df": 1.0, "F": 0.6852128970367969, "pvalue": 0.4216843150665238}}, "10": {"Mouse_ID": {}, "Treatment": {"sum_sq": 58.142449301744804, "df": 2.0, "F": 0.2790823159618621, "pvalue": 0.7608970843112717, "tukey_hsd": {"groups": ["A12", "B1-8", "PBS"], "pvalues": [[1.0, 0.8241775921144853, 0.7837026106265393], [0.8241775921144853, 1.0, 0.9971914181321723], [0.7837026106265393, 0.9971914181321723, 1.0]]}}, "Ig_treated": {"sum_sq": 21.02757600190632, "df": 1.0, "F": 0.21159238905275712, "pvalue": 0.6525848191213077}, "A12_treated": {"sum_sq": 57.61093213474936, "df": 1.0, "F": 0.5953716462869005, "pvalue": 0.4531772636548377}, "Batch": {"sum_sq": 7.55394292713146, "df": 1.0, "F": 0.0752833495400865, "pvalue": 0.7878011763227574}, "Quant": {"sum_sq": 3.5991334764197567, "df": 1.0, "F": 0.03576862466720467, "pvalue": 0.8527084895634605}}}