{"1": {"Mouse_ID": {}, "Treatment": {"sum_sq": 578.9311850672484, "df": 2.0, "F": 0.25224381088661696, "pvalue": 0.7807717076489098, "tukey_hsd": {"groups": ["A12", "B1-8", "PBS"], "pvalues": [[1.0, 0.7720371415103425, 0.9836133099787547], [0.7720371415103425, 1.0, 0.8739964457126568], [0.9836133099787547, 0.8739964457126568, 1.0]]}}, "Ig_treated": {"sum_sq": 28.939234522089187, "df": 1.0, "F": 0.026192218500869693, "pvalue": 0.8737442529844819}, "A12_treated": {"sum_sq": 295.5129806329568, "df": 1.0, "F": 0.27215197056471724, "pvalue": 0.6100465138914224}, "TMT": {"sum_sq": 125.6933206742797, "df": 1.0, "F": 0.11447811881962673, "pvalue": 0.7401228888758589}, "Quant": {"sum_sq": 11.316374526166133, "df": 1.0, "F": 0.01023052811483353, "pvalue": 0.9208688033189294}}, "2": {"Mouse_ID": {}, "Treatment": {"sum_sq": 2985.115441224472, "df": 2.0, "F": 2.3397348457374787, "pvalue": 0.13554445936727486, "tukey_hsd": {"groups": ["A12", "B1-8", "PBS"], "pvalues": [[1.0, 0.12448277152384934, 0.8359553673461817], [0.12448277152384934, 1.0, 0.3323955365308091], [0.8359553673461817, 0.3323955365308091, 1.0]]}}, "Ig_treated": {"sum_sq": 121.5382192410549, "df": 1.0, "F": 0.15251507367031492, "pvalue": 0.7020212737356439}, "A12_treated": {"sum_sq": 1590.271277736421, "df": 1.0, "F": 2.2981341550437486, "pvalue": 0.1517797710777549}, "TMT": {"sum_sq": 378.77440310476055, "df": 1.0, "F": 0.48653190339038155, "pvalue": 0.49689973053948744}, "Quant": {"sum_sq": 383.45213703100154, "df": 1.0, "F": 0.49275188409814685, "pvalue": 0.4942079345961833}}, "3": {"Mouse_ID": {}, "Treatment": {"sum_sq": 3509.662192692031, "df": 2.0, "F": 4.46195956235677, "pvalue": 0.03347060375107398, "tukey_hsd": {"groups": ["A12", "B1-8", "PBS"], "pvalues": [[1.0, 0.6709363261213284, 0.02890649339451823], [0.6709363261213284, 1.0, 0.1547276319532136], [0.02890649339451823, 0.1547276319532136, 1.0]]}}, "Ig_treated": {"sum_sq": 3215.560619745498, "df": 1.0, "F": 8.326101876015596, "pvalue": 0.011980407275421254}, "A12_treated": {"sum_sq": 1957.066673906455, "df": 1.0, "F": 4.110665620906116, "pvalue": 0.06209159048269174}, "TMT": {"sum_sq": 3.2263243432664437, "df": 1.0, "F": 0.00524047570926299, "pvalue": 0.9433146935171887}, "Quant": {"sum_sq": 3452.8767595457034, "df": 1.0, "F": 9.351022324633643, "pvalue": 0.008514499123296205}}, "4": {"Mouse_ID": {}, "Treatment": {"sum_sq": 36.772465228964805, "df": 2.0, "F": 0.04462538505380781, "pvalue": 0.9565015247073748, "tukey_hsd": {"groups": ["A12", "B1-8", "PBS"], "pvalues": [[1.0, 0.9539648344882096, 0.9812562327089599], [0.9539648344882096, 1.0, 0.994175752636714], [0.9812562327089599, 0.994175752636714, 1.0]]}}, "Ig_treated": {"sum_sq": 1.417628112994528, "df": 1.0, "F": 0.003681111460280318, "pvalue": 0.9524779179977365}, "A12_treated": {"sum_sq": 32.40515543771061, "df": 1.0, "F": 0.08463189161014455, "pvalue": 0.7753811563313683}, "TMT": {"sum_sq": 3.8871844277304595, "df": 1.0, "F": 0.010098358128764709, "pvalue": 0.9213797678381965}, "Quant": {"sum_sq": 38.67629117171992, "df": 1.0, "F": 0.10112839768078218, "pvalue": 0.755173626776872}}, "5": {"Mouse_ID": {}, "Treatment": {"sum_sq": 988.6061693227304, "df": 2.0, "F": 2.0762082249245815, "pvalue": 0.1650126574691909, "tukey_hsd": {"groups": ["A12", "B1-8", "PBS"], "pvalues": [[1.0, 0.8925031889034116, 0.1573885538395844], [0.8925031889034116, 1.0, 0.3430888716514985], [0.1573885538395844, 0.3430888716514985, 1.0]]}}, "Ig_treated": {"sum_sq": 939.0395707651229, "df": 1.0, "F": 4.180672045033727, "pvalue": 0.06016541988250602}, "A12_treated": {"sum_sq": 484.3174136333563, "df": 1.0, "F": 1.8838097236654117, "pvalue": 0.1914911241280862}, "TMT": {"sum_sq": 132.69074751556636, "df": 1.0, "F": 0.4701830174198108, "pvalue": 0.5041002092517437}, "Quant": {"sum_sq": 893.926628881257, "df": 1.0, "F": 3.923538303984885, "pvalue": 0.06761090232028946}}, "6": {"Mouse_ID": {}, "Treatment": {"sum_sq": 1310.9709950915146, "df": 2.0, "F": 3.1615939588645365, "pvalue": 0.07605359310879, "tukey_hsd": {"groups": ["A12", "B1-8", "PBS"], "pvalues": [[1.0, 0.06498620874692085, 0.6799473435390513], [0.06498620874692085, 1.0, 0.2907983551908264], [0.6799473435390513, 0.2907983551908264, 1.0]]}}, "Ig_treated": {"sum_sq": 21.08484092532115, "df": 1.0, "F": 0.07407204361572328, "pvalue": 0.7894703262358997}, "A12_treated": {"sum_sq": 796.9555239614407, "df": 1.0, "F": 3.4766053352466146, "pvalue": 0.08334327429097818}, "TMT": {"sum_sq": 7.287621146607392, "df": 1.0, "F": 0.025513426191121874, "pvalue": 0.8753759687642035}, "Quant": {"sum_sq": 2.103673567334654, "df": 1.0, "F": 0.007355271736901354, "pvalue": 0.9328693754270124}}, "7": {"Mouse_ID": {}, "Treatment": {"sum_sq": 383.1233038786785, "df": 2.0, "F": 0.9035693142246111, "pvalue": 0.42911072030207476, "tukey_hsd": {"groups": ["A12", "B1-8", "PBS"], "pvalues": [[1.0, 0.4040807155737296, 0.9024184008330879], [0.4040807155737296, 1.0, 0.6744434217887076], [0.9024184008330879, 0.6744434217887076, 1.0]]}}, "Ig_treated": {"sum_sq": 7.849800275609574, "df": 1.0, "F": 0.03509584857197239, "pvalue": 0.8540828621339955}, "A12_treated": {"sum_sq": 226.7226378096912, "df": 1.0, "F": 1.089836036647931, "pvalue": 0.3141994036463578}, "TMT": {"sum_sq": 4.185720319461418, "df": 1.0, "F": 0.018692158848804374, "pvalue": 0.8931993302186483}, "Quant": {"sum_sq": 19.91695614084235, "df": 1.0, "F": 0.08939165262332922, "pvalue": 0.7693441802913956}}, "8": {"Mouse_ID": {}, "Treatment": {"sum_sq": 158.74099498365024, "df": 2.0, "F": 0.4276014008157985, "pvalue": 0.660918676201872, "tukey_hsd": {"groups": ["A12", "B1-8", "PBS"], "pvalues": [[1.0, 0.881205772948811, 0.8797943226648253], [0.881205772948811, 1.0, 0.6348692839219647], [0.8797943226648253, 0.6348692839219647, 1.0]]}}, "Ig_treated": {"sum_sq": 115.72320624532674, "df": 1.0, "F": 0.6596462185429605, "pvalue": 0.430279187016291}, "A12_treated": {"sum_sq": 0.0006025856783738369, "df": 1.0, "F": 3.280303843680774e-06, "pvalue": 0.9985804583490194}, "TMT": {"sum_sq": 1.5873123273442082, "df": 1.0, "F": 0.008646208139801168, "pvalue": 0.927233044819518}, "Quant": {"sum_sq": 433.0477154273609, "df": 1.0, "F": 2.834709099832585, "pvalue": 0.11440317116102024}}, "9": {"Mouse_ID": {}, "Treatment": {"sum_sq": 672.390321877171, "df": 2.0, "F": 2.8135732385188708, "pvalue": 0.09653407664234721, "tukey_hsd": {"groups": ["A12", "B1-8", "PBS"], "pvalues": [[1.0, 0.9999999602215801, 0.1257167428574627], [0.9999999602215801, 1.0, 0.1458438363120379], [0.1257167428574627, 0.1458438363120379, 1.0]]}}, "Ig_treated": {"sum_sq": 672.3903132559263, "df": 1.0, "F": 6.060003787015209, "pvalue": 0.027418917585176318}, "A12_treated": {"sum_sq": 183.31136559848133, "df": 1.0, "F": 1.256507093660239, "pvalue": 0.28117355434206737}, "TMT": {"sum_sq": 4.107193195116215, "df": 1.0, "F": 0.025881875601968647, "pvalue": 0.8744875410851615}, "Quant": {"sum_sq": 95.28564116247823, "df": 1.0, "F": 0.6261493003178538, "pvalue": 0.441971807938058}}, "10": {"Mouse_ID": {}, "Treatment": {"sum_sq": 59.706439724375024, "df": 2.0, "F": 0.20996737191082251, "pvalue": 0.8133063513244934, "tukey_hsd": {"groups": ["A12", "B1-8", "PBS"], "pvalues": [[1.0, 0.8431356176184297, 0.8508685729116743], [0.8431356176184297, 1.0, 0.999880212441091], [0.8508685729116743, 0.999880212441091, 1.0]]}}, "Ig_treated": {"sum_sq": 15.088199110048011, "df": 1.0, "F": 0.11158956172584326, "pvalue": 0.7432928584536841}, "A12_treated": {"sum_sq": 59.675545978335734, "df": 1.0, "F": 0.4519958616181008, "pvalue": 0.5123324092687659}, "TMT": {"sum_sq": 46.888458431070084, "df": 1.0, "F": 0.3527036059735206, "pvalue": 0.5620606301681004}, "Quant": {"sum_sq": 4.497923346910442, "df": 1.0, "F": 0.033080746631123516, "pvalue": 0.8582831888972611}}}