{"1": {"sample_id": {}, "Group": {"sum_sq": 3839.479766159729, "df": 1.0, "F": 44.24265304830039, "pvalue": 8.124179882521173e-10}}, "2": {"sample_id": {}, "Group": {"sum_sq": 2246.102749542526, "df": 1.0, "F": 41.01140607140065, "pvalue": 2.783675797631283e-09}}, "3": {"sample_id": {}, "Group": {"sum_sq": 699.6473607732371, "df": 1.0, "F": 22.85227273906166, "pvalue": 4.826639303793907e-06}}, "4": {"sample_id": {}, "Group": {"sum_sq": 8.10842751411678, "df": 1.0, "F": 0.47464812620828506, "pvalue": 0.4921333457287811}}, "5": {"sample_id": {}, "Group": {"sum_sq": 7.0510389921449415, "df": 1.0, "F": 0.5752402701064434, "pvalue": 0.4496117190831286}}, "6": {"sample_id": {}, "Group": {"sum_sq": 17.60552619549101, "df": 1.0, "F": 1.8653752930632312, "pvalue": 0.1744581498967203}}, "7": {"sample_id": {}, "Group": {"sum_sq": 35.039219293370635, "df": 1.0, "F": 4.000252452632907, "pvalue": 0.047660966897342706}}, "8": {"sample_id": {}, "Group": {"sum_sq": 0.033790106180491206, "df": 1.0, "F": 0.004219567113362774, "pvalue": 0.948311056462627}}, "9": {"sample_id": {}, "Group": {"sum_sq": 31.06367385621482, "df": 1.0, "F": 4.2017025781831245, "pvalue": 0.042474955051684575}}, "10": {"sample_id": {}, "Group": {"sum_sq": 22.02848058602755, "df": 1.0, "F": 3.210477035324021, "pvalue": 0.07558747833884703}}}