{"1": {"Mouse_ID": {}, "Treatment": {"sum_sq": 421.2699474733091, "df": 2.0, "F": 0.24279818079254395, "pvalue": 0.7879084749225217, "tukey_hsd": {"groups": ["A12", "B1-8", "PBS"], "pvalues": [[1.0, 0.782708722742226, 0.9883200979765191], [0.782708722742226, 1.0, 0.8703034393701296], [0.9883200979765191, 0.8703034393701296, 1.0]]}}, "Ig_treated": {"sum_sq": 27.991169301517882, "df": 1.0, "F": 0.03357640489590667, "pvalue": 0.8572380031603041}, "A12_treated": {"sum_sq": 200.1996339264917, "df": 1.0, "F": 0.24374302559469435, "pvalue": 0.6291706877629726}, "Batch": {"sum_sq": 70.97758812814035, "df": 1.0, "F": 0.08545488684942766, "pvalue": 0.7743243057135402}, "Quant": {"sum_sq": 5.08362126635678, "df": 1.0, "F": 0.006086039497944516, "pvalue": 0.9389216889279062}}, "2": {"Mouse_ID": {}, "Treatment": {"sum_sq": 2389.9526751679264, "df": 2.0, "F": 2.5355515676771017, "pvalue": 0.11755239197904067, "tukey_hsd": {"groups": ["A12", "B1-8", "PBS"], "pvalues": [[1.0, 0.10624225114541186, 0.80545824628529], [0.10624225114541186, 1.0, 0.3169716147276117], [0.80545824628529, 0.3169716147276117, 1.0]]}}, "Ig_treated": {"sum_sq": 82.95905712512923, "df": 1.0, "F": 0.13771188139351673, "pvalue": 0.7161216920291611}, "A12_treated": {"sum_sq": 1310.7677866141214, "df": 1.0, "F": 2.546615736491507, "pvalue": 0.13285009281395768}, "Batch": {"sum_sq": 233.58798864225696, "df": 1.0, "F": 0.39480698760762095, "pvalue": 0.5398993306382263}, "Quant": {"sum_sq": 275.3097293659179, "df": 1.0, "F": 0.4676801483108868, "pvalue": 0.5052189568073397}}, "3": {"Mouse_ID": {}, "Treatment": {"sum_sq": 2734.8525397457674, "df": 2.0, "F": 4.57247200358756, "pvalue": 0.031357900489905007, "tukey_hsd": {"groups": ["A12", "B1-8", "PBS"], "pvalues": [[1.0, 0.6912880949208926, 0.027469696438409574], [0.6912880949208926, 1.0, 0.14049270264960756], [0.027469696438409574, 0.14049270264960756, 1.0]]}}, "Ig_treated": {"sum_sq": 2528.4675089295374, "df": 1.0, "F": 8.646199616810556, "pvalue": 0.010747269972771563}, "A12_treated": {"sum_sq": 1483.12419546693, "df": 1.0, "F": 4.040062783535451, "pvalue": 0.06410874191897045}, "Batch": {"sum_sq": 2.4623750757328517, "df": 1.0, "F": 0.0052073443673211345, "pvalue": 0.9434938316056436}, "Quant": {"sum_sq": 2726.419722297574, "df": 1.0, "F": 9.796784001770812, "pvalue": 0.007379475242576621}}, "4": {"Mouse_ID": {}, "Treatment": {"sum_sq": 32.67836844430562, "df": 2.0, "F": 0.05263913532298147, "pvalue": 0.948923462208987, "tukey_hsd": {"groups": ["A12", "B1-8", "PBS"], "pvalues": [[1.0, 0.9449280353412198, 0.9810465459825146], [0.9449280353412198, 1.0, 0.990860915997678], [0.9810465459825146, 0.990860915997678, 1.0]]}}, "Ig_treated": {"sum_sq": 0.6388497983660854, "df": 1.0, "F": 0.0021990096656135136, "pvalue": 0.963260400072086}, "A12_treated": {"sum_sq": 27.505516675619134, "df": 1.0, "F": 0.09530737067902838, "pvalue": 0.7620815185515787}, "Batch": {"sum_sq": 1.4163756786063586, "df": 1.0, "F": 0.004876293841854078, "pvalue": 0.9453162494288408}, "Quant": {"sum_sq": 28.494899845008657, "df": 1.0, "F": 0.09875979426594408, "pvalue": 0.7579572674528079}}, "5": {"Mouse_ID": {}, "Treatment": {"sum_sq": 905.2413831986188, "df": 2.0, "F": 2.791387375521179, "pvalue": 0.09804221910649857, "tukey_hsd": {"groups": ["A12", "B1-8", "PBS"], "pvalues": [[1.0, 0.10926687823968084, 0.9733796701813868], [0.10926687823968084, 1.0, 0.18062280222667382], [0.9733796701813868, 0.18062280222667382, 1.0]]}}, "Ig_treated": {"sum_sq": 123.29694556370141, "df": 1.0, "F": 0.5973107268861015, "pvalue": 0.4524575822805714}, "A12_treated": {"sum_sq": 325.74205018352484, "df": 1.0, "F": 1.6969289609297826, "pvalue": 0.2137114345312553}, "Batch": {"sum_sq": 18.095620641533014, "df": 1.0, "F": 0.08458486832214843, "pvalue": 0.7754417102310713}, "Quant": {"sum_sq": 29.976829724325302, "df": 1.0, "F": 0.14067960058491244, "pvalue": 0.713227329097028}}, "6": {"Mouse_ID": {}, "Treatment": {"sum_sq": 809.8500589467178, "df": 2.0, "F": 2.4053627592128803, "pvalue": 0.1291817965270314, "tukey_hsd": {"groups": ["A12", "B1-8", "PBS"], "pvalues": [[1.0, 0.464433109895952, 0.11255705585398212], [0.464433109895952, 1.0, 0.6373984039223584], [0.11255705585398212, 0.6373984039223584, 1.0]]}}, "Ig_treated": {"sum_sq": 560.515308492326, "df": 1.0, "F": 3.2189888524344994, "pvalue": 0.09440628017551485}, "A12_treated": {"sum_sq": 667.1897868700486, "df": 1.0, "F": 4.00694969880197, "pvalue": 0.06508155899678979}, "Batch": {"sum_sq": 49.59242237794423, "df": 1.0, "F": 0.2354567129494572, "pvalue": 0.6350122044155917}, "Quant": {"sum_sq": 607.6020960608729, "df": 1.0, "F": 3.5581306337233274, "pvalue": 0.08017125629602091}}, "7": {"Mouse_ID": {}, "Treatment": {"sum_sq": 247.72152281915652, "df": 2.0, "F": 0.7747331098581813, "pvalue": 0.4809787579615421, "tukey_hsd": {"groups": ["A12", "B1-8", "PBS"], "pvalues": [[1.0, 0.4657807232275767, 0.9488416156638024], [0.4657807232275767, 1.0, 0.6697464502637106], [0.9488416156638024, 0.6697464502637106, 1.0]]}}, "Ig_treated": {"sum_sq": 11.878469102958162, "df": 1.0, "F": 0.07185934741028165, "pvalue": 0.792557812237688}, "A12_treated": {"sum_sq": 127.61690408170098, "df": 1.0, "F": 0.8126672980502562, "pvalue": 0.38257978557367234}, "Batch": {"sum_sq": 1.9036693809075431, "df": 1.0, "F": 0.011466910982126863, "pvalue": 0.9162420121292933}, "Quant": {"sum_sq": 4.798550613053164, "df": 1.0, "F": 0.02894051562701847, "pvalue": 0.8673503539362181}}, "8": {"Mouse_ID": {}, "Treatment": {"sum_sq": 95.91601163548627, "df": 2.0, "F": 0.34351517106255247, "pvalue": 0.715520028513504, "tukey_hsd": {"groups": ["A12", "B1-8", "PBS"], "pvalues": [[1.0, 0.8879951583579331, 0.9168170358617242], [0.8879951583579331, 1.0, 0.6929727918869102], [0.9168170358617242, 0.6929727918869102, 1.0]]}}, "Ig_treated": {"sum_sq": 65.54350909859605, "df": 1.0, "F": 0.49726909083792864, "pvalue": 0.49226907205191006}, "A12_treated": {"sum_sq": 0.2227466454878079, "df": 1.0, "F": 0.0016321700814021668, "pvalue": 0.9683446219698005}, "Batch": {"sum_sq": 1.4316065850352968, "df": 1.0, "F": 0.010496700253501594, "pvalue": 0.9198498200009512}, "Quant": {"sum_sq": 310.6910964892695, "df": 1.0, "F": 2.718293368840634, "pvalue": 0.12145404295956119}}, "9": {"Mouse_ID": {}, "Treatment": {"sum_sq": 503.8367932849309, "df": 2.0, "F": 2.8425714425089015, "pvalue": 0.09460302835857447, "tukey_hsd": {"groups": ["A12", "B1-8", "PBS"], "pvalues": [[1.0, 0.9995651243576357, 0.12612345740322817], [0.9995651243576357, 1.0, 0.14002144713320375], [0.12612345740322817, 0.14002144713320375, 1.0]]}}, "Ig_treated": {"sum_sq": 503.7668714785673, "df": 1.0, "F": 6.1212404001244956, "pvalue": 0.0267712266344174}, "A12_treated": {"sum_sq": 132.15536809423472, "df": 1.0, "F": 1.2141963025491955, "pvalue": 0.28908619723224344}, "Batch": {"sum_sq": 1.574140976873463, "df": 1.0, "F": 0.013321090518056406, "pvalue": 0.9097536930274007}, "Quant": {"sum_sq": 77.26631490149282, "df": 1.0, "F": 0.6852128970368118, "pvalue": 0.42168431506651927}}, "10": {"Mouse_ID": {}, "Treatment": {"sum_sq": 58.14244930174486, "df": 2.0, "F": 0.2790823159618627, "pvalue": 0.760897084311271, "tukey_hsd": {"groups": ["A12", "B1-8", "PBS"], "pvalues": [[1.0, 0.8241775921144868, 0.7837026106265376], [0.8241775921144868, 1.0, 0.9971914181321718], [0.7837026106265376, 0.9971914181321718, 1.0]]}}, "Ig_treated": {"sum_sq": 21.02757600190677, "df": 1.0, "F": 0.211592389052762, "pvalue": 0.6525848191213042}, "A12_treated": {"sum_sq": 57.61093213474935, "df": 1.0, "F": 0.5953716462869011, "pvalue": 0.4531772636548371}, "Batch": {"sum_sq": 7.553942927131485, "df": 1.0, "F": 0.07528334954008684, "pvalue": 0.7878011763227574}, "Quant": {"sum_sq": 3.599133476419564, "df": 1.0, "F": 0.035768624667202785, "pvalue": 0.8527084895634636}}}