{"1": {"Seqn": {}, "Group": {"sum_sq": 435.0817760137623, "df": 2.0, "F": 0.2315843516559773, "pvalue": 0.7967400230808395, "tukey_hsd": {"groups": ["A12", "B1-8", "PBS"], "pvalues": [[1.0, 0.795749376246432, 0.9949809028034754], [0.795749376246432, 1.0, 0.8750128523911596], [0.9949809028034754, 0.8750128523911596, 1.0]]}}, "Ig-Treated": {"sum_sq": 37.908521731189985, "df": 1.0, "F": 0.042230727967107994, "pvalue": 0.840363590247331}, "A12-Treated": {"sum_sq": 204.90935438308773, "df": 1.0, "F": 0.23158666592724805, "pvalue": 0.6383487940451738}, "Quant": {"sum_sq": 966.5254073978545, "df": 1.0, "F": 1.8446505556926007, "pvalue": 0.19939403808086953}}, "2": {"Seqn": {}, "Group": {"sum_sq": 2900.3465971942055, "df": 2.0, "F": 3.9376334075179256, "pvalue": 0.04844061753585983, "tukey_hsd": {"groups": ["A12", "B1-8", "PBS"], "pvalues": [[1.0, 0.06653112474693312, 0.9966678934500875], [0.06653112474693312, 1.0, 0.08887852247980532], [0.9966678934500875, 0.08887852247980532, 1.0]]}}, "Ig-Treated": {"sum_sq": 590.7709685940926, "df": 1.0, "F": 1.141331653611257, "pvalue": 0.3048083075338581}, "A12-Treated": {"sum_sq": 891.7282635092474, "df": 1.0, "F": 1.803420568881908, "pvalue": 0.2022770910870957}, "Quant": {"sum_sq": 17.930059922002766, "df": 1.0, "F": 0.029752522127276533, "pvalue": 0.8659279506593572}}, "3": {"Seqn": {}, "Group": {"sum_sq": 2721.6340933777233, "df": 2.0, "F": 4.301634757530517, "pvalue": 0.03903647683859484, "tukey_hsd": {"groups": ["A12", "B1-8", "PBS"], "pvalues": [[1.0, 0.7046766095934697, 0.03342814691123541], [0.7046766095934697, 1.0, 0.14139328663808315], [0.03342814691123541, 0.14139328663808315, 1.0]]}}, "Ig-Treated": {"sum_sq": 2514.5113050538293, "df": 1.0, "F": 8.16540785400605, "pvalue": 0.013461532635909839}, "A12-Treated": {"sum_sq": 1385.0354011330166, "df": 1.0, "F": 3.507932278051998, "pvalue": 0.08373394496781995}, "Quant": {"sum_sq": 136.21208411991668, "df": 1.0, "F": 0.25886867272364583, "pvalue": 0.6201232215550951}}, "4": {"Seqn": {}, "Group": {"sum_sq": 118.73683464694268, "df": 2.0, "F": 0.20125848829891574, "pvalue": 0.8204053716129387, "tukey_hsd": {"groups": ["A12", "B1-8", "PBS"], "pvalues": [[1.0, 0.9431211362979703, 0.8060909133589655], [0.9431211362979703, 1.0, 0.9478343075108558], [0.8060909133589655, 0.9478343075108558, 1.0]]}}, "Ig-Treated": {"sum_sq": 87.24269434647357, "df": 1.0, "F": 0.31757261692778743, "pvalue": 0.5826607210034278}, "A12-Treated": {"sum_sq": 89.93625657048136, "df": 1.0, "F": 0.32762456853183747, "pvalue": 0.5768264958998892}, "Quant": {"sum_sq": 0.4516249407490418, "df": 1.0, "F": 0.0014816257115376115, "pvalue": 0.9699284554324468}}, "5": {"Seqn": {}, "Group": {"sum_sq": 938.9537816403995, "df": 2.0, "F": 3.082862067217435, "pvalue": 0.08309429130644261, "tukey_hsd": {"groups": ["A12", "B1-8", "PBS"], "pvalues": [[1.0, 0.06900953565942425, 0.5572493359054309], [0.06900953565942425, 1.0, 0.46199854852954725], [0.5572493359054309, 0.46199854852954725, 1.0]]}}, "Ig-Treated": {"sum_sq": 0.0007651417879491507, "df": 1.0, "F": 3.595609783867097e-06, "pvalue": 0.9985158341993574}, "A12-Treated": {"sum_sq": 710.6017478184566, "df": 1.0, "F": 4.493575105722933, "pvalue": 0.05383954740600763}, "Quant": {"sum_sq": 68.4026327635084, "df": 1.0, "F": 0.3496770843466084, "pvalue": 0.5652691151307927}}, "6": {"Seqn": {}, "Group": {"sum_sq": 694.4659670801838, "df": 2.0, "F": 1.85023261135715, "pvalue": 0.19934821388606608, "tukey_hsd": {"groups": ["A12", "B1-8", "PBS"], "pvalues": [[1.0, 0.7614682256007299, 0.17543078974385218], [0.7614682256007299, 1.0, 0.47256942927322565], [0.17543078974385218, 0.47256942927322565, 1.0]]}}, "Ig-Treated": {"sum_sq": 599.4546904857344, "df": 1.0, "F": 3.320300126592646, "pvalue": 0.09150658375473215}, "A12-Treated": {"sum_sq": 421.8493304919979, "df": 1.0, "F": 2.172193882060771, "pvalue": 0.16432488368877265}, "Quant": {"sum_sq": 4.759389291552757, "df": 1.0, "F": 0.021991624834780735, "pvalue": 0.8845721709252728}}, "7": {"Seqn": {}, "Group": {"sum_sq": 247.3271341722639, "df": 2.0, "F": 0.8314920474189869, "pvalue": 0.4590014945723178, "tukey_hsd": {"groups": ["A12", "B1-8", "PBS"], "pvalues": [[1.0, 0.44271992954247497, 0.719139113970205], [0.44271992954247497, 1.0, 0.9229842722161944], [0.719139113970205, 0.9229842722161944, 1.0]]}}, "Ig-Treated": {"sum_sq": 11.111082013436071, "df": 1.0, "F": 0.07147459512199, "pvalue": 0.7933961728880103}, "A12-Treated": {"sum_sq": 225.55520051494108, "df": 1.0, "F": 1.6231747671725945, "pvalue": 0.2249555896663993}, "Quant": {"sum_sq": 489.5074735165327, "df": 1.0, "F": 4.012634989630878, "pvalue": 0.06827582160772609}}, "8": {"Seqn": {}, "Group": {"sum_sq": 62.55519543834003, "df": 2.0, "F": 0.21069489117355156, "pvalue": 0.8129546799711445, "tukey_hsd": {"groups": ["A12", "B1-8", "PBS"], "pvalues": [[1.0, 0.8953166861471515, 0.971014568865468], [0.8953166861471515, 1.0, 0.8074227899396227], [0.971014568865468, 0.8074227899396227, 1.0]]}}, "Ig-Treated": {"sum_sq": 32.490496897436394, "df": 1.0, "F": 0.23316890573343782, "pvalue": 0.6372140957514778}, "A12-Treated": {"sum_sq": 3.8649332903924907, "df": 1.0, "F": 0.027305304185007886, "pvalue": 0.8712945380558266}, "Quant": {"sum_sq": 11.29761341816711, "df": 1.0, "F": 0.07655387909678876, "pvalue": 0.7867310131173415}}, "9": {"Seqn": {}, "Group": {"sum_sq": 396.41477510575163, "df": 2.0, "F": 2.055805650483924, "pvalue": 0.1707079006385843, "tukey_hsd": {"groups": ["A12", "B1-8", "PBS"], "pvalues": [[1.0, 0.999900350000384, 0.20216488493989448], [0.999900350000384, 1.0, 0.22036862451112083], [0.20216488493989448, 0.22036862451112083, 1.0]]}}, "Ig-Treated": {"sum_sq": 396.39734781934965, "df": 1.0, "F": 4.453982667152921, "pvalue": 0.054763704586870306}, "A12-Treated": {"sum_sq": 93.85678800239245, "df": 1.0, "F": 0.8359860802125236, "pvalue": 0.37719421954446003}, "Quant": {"sum_sq": 70.97880381400789, "df": 1.0, "F": 0.5812074079619668, "pvalue": 0.4605626426494531}}, "10": {"Seqn": {}, "Group": {"sum_sq": 39.29771438825356, "df": 2.0, "F": 0.20828242126103985, "pvalue": 0.8148519534900216, "tukey_hsd": {"groups": ["A12", "B1-8", "PBS"], "pvalues": [[1.0, 0.8090333029015471, 0.9915751955555071], [0.8090333029015471, 1.0, 0.897225958506023], [0.9915751955555071, 0.897225958506023, 1.0]]}}, "Ig-Treated": {"sum_sq": 2.3548561682697073, "df": 1.0, "F": 0.026187592532619066, "pvalue": 0.8739311065466006}, "A12-Treated": {"sum_sq": 20.56362389489201, "df": 1.0, "F": 0.2322998047534906, "pvalue": 0.6378367729324639}, "Quant": {"sum_sq": 149.24282301514864, "df": 1.0, "F": 2.115906048311232, "pvalue": 0.17142912114351458}}}