{"1": {"Mouse_ID": {}, "Treatment": {"sum_sq": 425.390213918392, "df": 2.0, "F": 0.24506295039616544, "pvalue": 0.7861904630693133, "tukey_hsd": {"groups": ["A12", "B1-8", "PBS"], "pvalues": [[1.0, 0.78093451187568, 0.9881871429728722], [0.78093451187568, 1.0, 0.8692411383628402], [0.9881871429728722, 0.8692411383628402, 1.0]]}}, "Ig_treated": {"sum_sq": 28.216959676147614, "df": 1.0, "F": 0.03382130146902236, "pvalue": 0.8567245434577102}, "A12_treated": {"sum_sq": 202.25394642077322, "df": 1.0, "F": 0.24609165928364862, "pvalue": 0.6275377142555528}, "Batch": {"sum_sq": 71.42848536735225, "df": 1.0, "F": 0.08593324717464958, "pvalue": 0.7737125684047695}, "Quant": {"sum_sq": 4.975917582983793, "df": 1.0, "F": 0.005952370825949253, "pvalue": 0.9395947090212773}}, "2": {"Mouse_ID": {}, "Treatment": {"sum_sq": 2393.4095106238237, "df": 2.0, "F": 2.537119414197087, "pvalue": 0.11741989341951342, "tukey_hsd": {"groups": ["A12", "B1-8", "PBS"], "pvalues": [[1.0, 0.10618387433335585, 0.8063590413226852], [0.10618387433335585, 1.0, 0.3161366739218616], [0.8063590413226852, 0.3161366739218616, 1.0]]}}, "Ig_treated": {"sum_sq": 83.83388195869215, "df": 1.0, "F": 0.1390379358580485, "pvalue": 0.7148240362840084}, "A12_treated": {"sum_sq": 1310.6158512439094, "df": 1.0, "F": 2.5432574113537507, "pvalue": 0.13308582435555055}, "Batch": {"sum_sq": 233.46627965611188, "df": 1.0, "F": 0.39418968850675695, "pvalue": 0.54021202548582}, "Quant": {"sum_sq": 276.8440778122871, "df": 1.0, "F": 0.4698879197307697, "pvalue": 0.5042318832924126}}, "3": {"Mouse_ID": {}, "Treatment": {"sum_sq": 2732.7010173623976, "df": 2.0, "F": 4.565506412090022, "pvalue": 0.03148642883121095, "tukey_hsd": {"groups": ["A12", "B1-8", "PBS"], "pvalues": [[1.0, 0.6905862087725458, 0.027566386733697157], [0.6905862087725458, 1.0, 0.14117593662728445], [0.027566386733697157, 0.14117593662728445, 1.0]]}}, "Ig_treated": {"sum_sq": 2525.578229067135, "df": 1.0, "F": 8.628719416107774, "pvalue": 0.010810696120915418}, "A12_treated": {"sum_sq": 1483.6533900288214, "df": 1.0, "F": 4.0413567812621825, "pvalue": 0.06407107811569328}, "Batch": {"sum_sq": 2.503597581496105, "df": 1.0, "F": 0.0052939800107058045, "pvalue": 0.9430265988748269}, "Quant": {"sum_sq": 2723.995539734825, "df": 1.0, "F": 9.780188656075588, "pvalue": 0.00741846942871863}}, "4": {"Mouse_ID": {}, "Treatment": {"sum_sq": 32.23293355850183, "df": 2.0, "F": 0.05188772487275243, "pvalue": 0.9496310694984507, "tukey_hsd": {"groups": ["A12", "B1-8", "PBS"], "pvalues": [[1.0, 0.9458697234451912, 0.9806958758362103], [0.9458697234451912, 1.0, 0.991469052185944], [0.9806958758362103, 0.991469052185944, 1.0]]}}, "Ig_treated": {"sum_sq": 0.7387932631370084, "df": 1.0, "F": 0.002541722602278906, "pvalue": 0.9605035227000266}, "A12_treated": {"sum_sq": 27.402862475122504, "df": 1.0, "F": 0.09489781472904658, "pvalue": 0.762576201739583}, "Batch": {"sum_sq": 1.3627689098044076, "df": 1.0, "F": 0.0046891490720734055, "pvalue": 0.9463740646664026}, "Quant": {"sum_sq": 28.959171274951114, "df": 1.0, "F": 0.10032603137727097, "pvalue": 0.7561125076522855}}, "5": {"Mouse_ID": {}, "Treatment": {"sum_sq": 976.0749579591902, "df": 2.0, "F": 3.1080665991857366, "pvalue": 0.07885019782562173, "tukey_hsd": {"groups": ["A12", "B1-8", "PBS"], "pvalues": [[1.0, 0.07087975018650072, 0.7798368373025046], [0.07087975018650072, 1.0, 0.2451966578359307], [0.7798368373025046, 0.2451966578359307, 1.0]]}}, "Ig_treated": {"sum_sq": 37.12194145972287, "df": 1.0, "F": 0.17438374841854412, "pvalue": 0.6825784731305641}, "A12_treated": {"sum_sq": 526.7036996621442, "df": 1.0, "F": 2.9605916316934917, "pvalue": 0.10733185463227238}, "Batch": {"sum_sq": 7.2540279103391985, "df": 1.0, "F": 0.03373834212209463, "pvalue": 0.8568982628982287}, "Quant": {"sum_sq": 0.1345008878058838, "df": 1.0, "F": 0.0006240849172494668, "pvalue": 0.9804221586656753}}, "6": {"Mouse_ID": {}, "Treatment": {"sum_sq": 743.1728030445387, "df": 2.0, "F": 2.1389603057412514, "pvalue": 0.1573755307690707, "tukey_hsd": {"groups": ["A12", "B1-8", "PBS"], "pvalues": [[1.0, 0.7449934502666741, 0.13801519151740727], [0.7449934502666741, 1.0, 0.4404898095091053], [0.13801519151740727, 0.4404898095091053, 1.0]]}}, "Ig_treated": {"sum_sq": 648.161526424378, "df": 1.0, "F": 3.855794350560163, "pvalue": 0.06975156777793651}, "A12_treated": {"sum_sq": 466.9110772189205, "df": 1.0, "F": 2.5789480004741687, "pvalue": 0.13060666445169575}, "Batch": {"sum_sq": 60.38066357107347, "df": 1.0, "F": 0.28741064374812286, "pvalue": 0.6002996031867843}, "Quant": {"sum_sq": 638.0687298287154, "df": 1.0, "F": 3.779545245996437, "pvalue": 0.07225833230326369}}, "7": {"Mouse_ID": {}, "Treatment": {"sum_sq": 248.44773877033407, "df": 2.0, "F": 0.7769691762930643, "pvalue": 0.48001890115904544, "tukey_hsd": {"groups": ["A12", "B1-8", "PBS"], "pvalues": [[1.0, 0.465266649039354, 0.9498489599570944], [0.465266649039354, 1.0, 0.6673991020505883], [0.9498489599570944, 0.6673991020505883, 1.0]]}}, "Ig_treated": {"sum_sq": 12.231686613491737, "df": 1.0, "F": 0.07398122514820453, "pvalue": 0.7895960635137554}, "A12_treated": {"sum_sq": 127.25087704461396, "df": 1.0, "F": 0.8098994428501057, "pvalue": 0.38336907050496577}, "Batch": {"sum_sq": 1.9046748813383836, "df": 1.0, "F": 0.011468925417998859, "pvalue": 0.9162346854782392}, "Quant": {"sum_sq": 4.752686778158738, "df": 1.0, "F": 0.028653216373423836, "pvalue": 0.8680036825702955}}, "8": {"Mouse_ID": {}, "Treatment": {"sum_sq": 101.9617508230502, "df": 2.0, "F": 0.3656742839415129, "pvalue": 0.7006417997807721, "tukey_hsd": {"groups": ["A12", "B1-8", "PBS"], "pvalues": [[1.0, 0.8889109412816493, 0.9044407163076486], [0.8889109412816493, 1.0, 0.6768246836362156], [0.9044407163076486, 0.6768246836362156, 1.0]]}}, "Ig_treated": {"sum_sq": 71.89705227906711, "df": 1.0, "F": 0.5463083175660425, "pvalue": 0.472041522009101}, "A12_treated": {"sum_sq": 0.06145598774752501, "df": 1.0, "F": 0.0004494486913955187, "pvalue": 0.9833851446969774}, "Batch": {"sum_sq": 1.4987081193824185, "df": 1.0, "F": 0.010968801201043377, "pvalue": 0.9180741139354219}, "Quant": {"sum_sq": 315.838097022888, "df": 1.0, "F": 2.7661200531102828, "pvalue": 0.11849489374893332}}, "9": {"Mouse_ID": {}, "Treatment": {"sum_sq": 500.92934578424354, "df": 2.0, "F": 2.8046297370623194, "pvalue": 0.09713879142324518, "tukey_hsd": {"groups": ["A12", "B1-8", "PBS"], "pvalues": [[1.0, 0.9998924173069925, 0.12775417309598947], [0.9998924173069925, 1.0, 0.14491364113078453], [0.12775417309598947, 0.14491364113078453, 1.0]]}}, "Ig_treated": {"sum_sq": 500.9119184980097, "df": 1.0, "F": 6.0404401410401745, "pvalue": 0.027629680188015697}, "A12_treated": {"sum_sq": 133.9933029781336, "df": 1.0, "F": 1.2277772204785187, "pvalue": 0.28651356231696995}, "Batch": {"sum_sq": 1.498292806807801, "df": 1.0, "F": 0.012633288537651449, "pvalue": 0.9121036239980035}, "Quant": {"sum_sq": 72.83157725959796, "df": 1.0, "F": 0.6416677726248543, "pvalue": 0.4364919698408426}}, "10": {"Mouse_ID": {}, "Treatment": {"sum_sq": 57.460616955624495, "df": 2.0, "F": 0.2756326752622663, "pvalue": 0.763418656332505, "tukey_hsd": {"groups": ["A12", "B1-8", "PBS"], "pvalues": [[1.0, 0.8250053793632118, 0.78688941988305], [0.8250053793632118, 1.0, 0.9974946202288254], [0.78688941988305, 0.9974946202288254, 1.0]]}}, "Ig_treated": {"sum_sq": 20.517758740705368, "df": 1.0, "F": 0.20635892832523697, "pvalue": 0.6565995079675349}, "A12_treated": {"sum_sq": 56.98625961183824, "df": 1.0, "F": 0.5885633850572278, "pvalue": 0.4557191596177771}, "Batch": {"sum_sq": 7.485951223492626, "df": 1.0, "F": 0.07459219292445778, "pvalue": 0.7887517817862827}, "Quant": {"sum_sq": 3.7731013873020496, "df": 1.0, "F": 0.0374971896694462, "pvalue": 0.8492376813488961}}}