{"1": {"Mouse_ID": {}, "Treatment": {"sum_sq": 425.39021391839447, "df": 2.0, "F": 0.24506295039616696, "pvalue": 0.7861904630693121, "tukey_hsd": {"groups": ["A12", "B1-8", "PBS"], "pvalues": [[1.0, 0.7809345118756789, 0.9881871429728722], [0.7809345118756789, 1.0, 0.8692411383628393], [0.9881871429728722, 0.8692411383628393, 1.0]]}}, "Ig_treated": {"sum_sq": 28.21695967614796, "df": 1.0, "F": 0.033821301469022784, "pvalue": 0.856724543457707}, "A12_treated": {"sum_sq": 202.25394642077384, "df": 1.0, "F": 0.24609165928364946, "pvalue": 0.6275377142555517}, "TMT": {"sum_sq": 71.4284853673525, "df": 1.0, "F": 0.08593324717464988, "pvalue": 0.7737125684047695}, "Quant": {"sum_sq": 4.9759175829836435, "df": 1.0, "F": 0.005952370825949078, "pvalue": 0.9395947090212852}}, "2": {"Mouse_ID": {}, "Treatment": {"sum_sq": 2393.409510623812, "df": 2.0, "F": 2.5371194141970825, "pvalue": 0.11741989341951366, "tukey_hsd": {"groups": ["A12", "B1-8", "PBS"], "pvalues": [[1.0, 0.1061838743333563, 0.8063590413226848], [0.1061838743333563, 1.0, 0.31613667392186284], [0.8063590413226848, 0.31613667392186284, 1.0]]}}, "Ig_treated": {"sum_sq": 83.8338819586911, "df": 1.0, "F": 0.1390379358580473, "pvalue": 0.7148240362840099}, "A12_treated": {"sum_sq": 1310.6158512439047, "df": 1.0, "F": 2.5432574113537503, "pvalue": 0.13308582435555055}, "TMT": {"sum_sq": 233.4662796561109, "df": 1.0, "F": 0.3941896885067568, "pvalue": 0.54021202548582}, "Quant": {"sum_sq": 276.84407781228475, "df": 1.0, "F": 0.46988791973076743, "pvalue": 0.5042318832924133}}, "3": {"Mouse_ID": {}, "Treatment": {"sum_sq": 2732.7010173623926, "df": 2.0, "F": 4.5655064120900155, "pvalue": 0.03148642883121103, "tukey_hsd": {"groups": ["A12", "B1-8", "PBS"], "pvalues": [[1.0, 0.6905862087725465, 0.027566386733697157], [0.6905862087725465, 1.0, 0.14117593662728445], [0.027566386733697157, 0.14117593662728445, 1.0]]}}, "Ig_treated": {"sum_sq": 2525.578229067133, "df": 1.0, "F": 8.62871941610777, "pvalue": 0.010810696120915435}, "A12_treated": {"sum_sq": 1483.6533900288193, "df": 1.0, "F": 4.041356781262179, "pvalue": 0.06407107811569328}, "TMT": {"sum_sq": 2.5035975814960603, "df": 1.0, "F": 0.005293980010705716, "pvalue": 0.9430265988748269}, "Quant": {"sum_sq": 2723.995539734824, "df": 1.0, "F": 9.780188656075595, "pvalue": 0.00741846942871861}}, "4": {"Mouse_ID": {}, "Treatment": {"sum_sq": 32.232933558503845, "df": 2.0, "F": 0.051887724872755885, "pvalue": 0.9496310694984472, "tukey_hsd": {"groups": ["A12", "B1-8", "PBS"], "pvalues": [[1.0, 0.9458697234451876, 0.9806958758362091], [0.9458697234451876, 1.0, 0.9914690521859434], [0.9806958758362091, 0.9914690521859434, 1.0]]}}, "Ig_treated": {"sum_sq": 0.738793263137031, "df": 1.0, "F": 0.002541722602278993, "pvalue": 0.9605035227000266}, "A12_treated": {"sum_sq": 27.40286247512417, "df": 1.0, "F": 0.09489781472905272, "pvalue": 0.7625762017395734}, "TMT": {"sum_sq": 1.3627689098044693, "df": 1.0, "F": 0.0046891490720736345, "pvalue": 0.9463740646664026}, "Quant": {"sum_sq": 28.95917127495142, "df": 1.0, "F": 0.10032603137727239, "pvalue": 0.7561125076522819}}, "5": {"Mouse_ID": {}, "Treatment": {"sum_sq": 976.0749579591054, "df": 2.0, "F": 3.108066599185338, "pvalue": 0.07885019782564293, "tukey_hsd": {"groups": ["A12", "B1-8", "PBS"], "pvalues": [[1.0, 0.07087975018653592, 0.779836837302869], [0.07087975018653592, 1.0, 0.24519665783580125], [0.779836837302869, 0.24519665783580125, 1.0]]}}, "Ig_treated": {"sum_sq": 37.12194145981414, "df": 1.0, "F": 0.17438374841897827, "pvalue": 0.682578473130192}, "A12_treated": {"sum_sq": 526.703699661852, "df": 1.0, "F": 2.960591631691503, "pvalue": 0.10733185463237989}, "TMT": {"sum_sq": 7.254027910351398, "df": 1.0, "F": 0.03373834212215151, "pvalue": 0.8568982628981109}, "Quant": {"sum_sq": 0.1345008878113626, "df": 1.0, "F": 0.00062408491727489, "pvalue": 0.9804221586652853}}, "6": {"Mouse_ID": {}, "Treatment": {"sum_sq": 743.1728030446207, "df": 2.0, "F": 2.1389603057415716, "pvalue": 0.157375530769033, "tukey_hsd": {"groups": ["A12", "B1-8", "PBS"], "pvalues": [[1.0, 0.7449934502662758, 0.1380151915173562], [0.7449934502662758, 1.0, 0.44048980950934324], [0.1380151915173562, 0.44048980950934324, 1.0]]}}, "Ig_treated": {"sum_sq": 648.1615264242866, "df": 1.0, "F": 3.8557943505594827, "pvalue": 0.06975156777795845}, "A12_treated": {"sum_sq": 466.91107721920696, "df": 1.0, "F": 2.5789480004760494, "pvalue": 0.13060666445156677}, "TMT": {"sum_sq": 60.380663571060815, "df": 1.0, "F": 0.2874106437480621, "pvalue": 0.600299603186822}, "Quant": {"sum_sq": 638.0687298287081, "df": 1.0, "F": 3.779545245996393, "pvalue": 0.07225833230326523}}, "7": {"Mouse_ID": {}, "Treatment": {"sum_sq": 248.44773877033379, "df": 2.0, "F": 0.7769691762930615, "pvalue": 0.4800189011590462, "tukey_hsd": {"groups": ["A12", "B1-8", "PBS"], "pvalues": [[1.0, 0.4652666490393542, 0.9498489599570926], [0.4652666490393542, 1.0, 0.6673991020505918], [0.9498489599570926, 0.6673991020505918, 1.0]]}}, "Ig_treated": {"sum_sq": 12.231686613491192, "df": 1.0, "F": 0.07398122514820105, "pvalue": 0.7895960635137598}, "A12_treated": {"sum_sq": 127.25087704461501, "df": 1.0, "F": 0.8098994428501112, "pvalue": 0.3833690705049644}, "TMT": {"sum_sq": 1.9046748813383982, "df": 1.0, "F": 0.011468925417998925, "pvalue": 0.9162346854782392}, "Quant": {"sum_sq": 4.75268677815904, "df": 1.0, "F": 0.028653216373425595, "pvalue": 0.8680036825702884}}, "8": {"Mouse_ID": {}, "Treatment": {"sum_sq": 101.96175082305193, "df": 2.0, "F": 0.36567428394151824, "pvalue": 0.7006417997807685, "tukey_hsd": {"groups": ["A12", "B1-8", "PBS"], "pvalues": [[1.0, 0.8889109412816505, 0.9044407163076447], [0.8889109412816505, 1.0, 0.6768246836362117], [0.9044407163076447, 0.6768246836362117, 1.0]]}}, "Ig_treated": {"sum_sq": 71.89705227906907, "df": 1.0, "F": 0.5463083175660562, "pvalue": 0.47204152200909577}, "A12_treated": {"sum_sq": 0.061455987747484495, "df": 1.0, "F": 0.000449448691395221, "pvalue": 0.9833851446969774}, "TMT": {"sum_sq": 1.4987081193824014, "df": 1.0, "F": 0.010968801201043215, "pvalue": 0.9180741139354219}, "Quant": {"sum_sq": 315.8380970228905, "df": 1.0, "F": 2.7661200531102983, "pvalue": 0.11849489374893227}}, "9": {"Mouse_ID": {}, "Treatment": {"sum_sq": 500.9293457842431, "df": 2.0, "F": 2.804629737062314, "pvalue": 0.09713879142324558, "tukey_hsd": {"groups": ["A12", "B1-8", "PBS"], "pvalues": [[1.0, 0.9998924173069926, 0.12775417309599002], [0.9998924173069926, 1.0, 0.14491364113078542], [0.12775417309599002, 0.14491364113078542, 1.0]]}}, "Ig_treated": {"sum_sq": 500.91191849800896, "df": 1.0, "F": 6.040440141040159, "pvalue": 0.02762968018801587}, "A12_treated": {"sum_sq": 133.99330297813358, "df": 1.0, "F": 1.227777220478518, "pvalue": 0.28651356231696995}, "TMT": {"sum_sq": 1.4982928068077677, "df": 1.0, "F": 0.012633288537651164, "pvalue": 0.9121036239980035}, "Quant": {"sum_sq": 72.83157725959644, "df": 1.0, "F": 0.6416677726248401, "pvalue": 0.43649196984084737}}, "10": {"Mouse_ID": {}, "Treatment": {"sum_sq": 57.46061695562461, "df": 2.0, "F": 0.27563267526226737, "pvalue": 0.7634186563325045, "tukey_hsd": {"groups": ["A12", "B1-8", "PBS"], "pvalues": [[1.0, 0.8250053793632102, 0.78688941988305], [0.8250053793632102, 1.0, 0.9974946202288257], [0.78688941988305, 0.9974946202288257, 1.0]]}}, "Ig_treated": {"sum_sq": 20.51775874070518, "df": 1.0, "F": 0.20635892832523534, "pvalue": 0.6565995079675361}, "A12_treated": {"sum_sq": 56.986259611838456, "df": 1.0, "F": 0.5885633850572309, "pvalue": 0.4557191596177752}, "TMT": {"sum_sq": 7.485951223492636, "df": 1.0, "F": 0.074592192924458, "pvalue": 0.7887517817862827}, "Quant": {"sum_sq": 3.773101387302026, "df": 1.0, "F": 0.03749718966944602, "pvalue": 0.8492376813488961}}}