{"1": {"Mouse_ID": {}, "Treatment": {"sum_sq": 421.2699474733096, "df": 2.0, "F": 0.2427981807925447, "pvalue": 0.7879084749225206, "tukey_hsd": {"groups": ["A12", "B1-8", "PBS"], "pvalues": [[1.0, 0.7827087227422257, 0.9883200979765193], [0.7827087227422257, 1.0, 0.8703034393701287], [0.9883200979765193, 0.8703034393701287, 1.0]]}}, "Ig_treated": {"sum_sq": 27.991169301518394, "df": 1.0, "F": 0.03357640489590734, "pvalue": 0.8572380031603041}, "A12_treated": {"sum_sq": 200.19963392649097, "df": 1.0, "F": 0.24374302559469382, "pvalue": 0.6291706877629726}, "Batch": {"sum_sq": 70.97758812814048, "df": 1.0, "F": 0.08545488684942795, "pvalue": 0.7743243057135402}, "Quant": {"sum_sq": 5.083621266356492, "df": 1.0, "F": 0.006086039497944181, "pvalue": 0.9389216889279062}}, "2": {"Mouse_ID": {}, "Treatment": {"sum_sq": 2389.9526751679277, "df": 2.0, "F": 2.5355515676771025, "pvalue": 0.11755239197904056, "tukey_hsd": {"groups": ["A12", "B1-8", "PBS"], "pvalues": [[1.0, 0.10624225114541186, 0.8054582462852897], [0.10624225114541186, 1.0, 0.3169716147276117], [0.8054582462852897, 0.3169716147276117, 1.0]]}}, "Ig_treated": {"sum_sq": 82.95905712512914, "df": 1.0, "F": 0.1377118813935166, "pvalue": 0.7161216920291611}, "A12_treated": {"sum_sq": 1310.767786614122, "df": 1.0, "F": 2.5466157364915083, "pvalue": 0.13285009281395768}, "Batch": {"sum_sq": 233.58798864225682, "df": 1.0, "F": 0.39480698760762056, "pvalue": 0.5398993306382271}, "Quant": {"sum_sq": 275.30972936591775, "df": 1.0, "F": 0.46768014831088633, "pvalue": 0.5052189568073397}}, "3": {"Mouse_ID": {}, "Treatment": {"sum_sq": 2734.8525397457697, "df": 2.0, "F": 4.572472003587561, "pvalue": 0.031357900489905007, "tukey_hsd": {"groups": ["A12", "B1-8", "PBS"], "pvalues": [[1.0, 0.691288094920892, 0.027469696438409574], [0.691288094920892, 1.0, 0.14049270264960778], [0.027469696438409574, 0.14049270264960778, 1.0]]}}, "Ig_treated": {"sum_sq": 2528.467508929535, "df": 1.0, "F": 8.646199616810541, "pvalue": 0.01074726997277162}, "A12_treated": {"sum_sq": 1483.1241954669313, "df": 1.0, "F": 4.040062783535452, "pvalue": 0.0641087419189703}, "Batch": {"sum_sq": 2.462375075732819, "df": 1.0, "F": 0.0052073443673210625, "pvalue": 0.9434938316056436}, "Quant": {"sum_sq": 2726.4197222975754, "df": 1.0, "F": 9.796784001770813, "pvalue": 0.007379475242576621}}, "4": {"Mouse_ID": {}, "Treatment": {"sum_sq": 32.67836844430547, "df": 2.0, "F": 0.05263913532298124, "pvalue": 0.948923462208987, "tukey_hsd": {"groups": ["A12", "B1-8", "PBS"], "pvalues": [[1.0, 0.9449280353412202, 0.9810465459825146], [0.9449280353412202, 1.0, 0.9908609159976782], [0.9810465459825146, 0.9908609159976782, 1.0]]}}, "Ig_treated": {"sum_sq": 0.638849798366104, "df": 1.0, "F": 0.0021990096656135777, "pvalue": 0.963260400072086}, "A12_treated": {"sum_sq": 27.50551667561904, "df": 1.0, "F": 0.09530737067902806, "pvalue": 0.7620815185515787}, "Batch": {"sum_sq": 1.4163756786063086, "df": 1.0, "F": 0.004876293841853906, "pvalue": 0.9453162494288408}, "Quant": {"sum_sq": 28.494899845008714, "df": 1.0, "F": 0.0987597942659443, "pvalue": 0.7579572674528079}}, "5": {"Mouse_ID": {}, "Treatment": {"sum_sq": 905.2413831985297, "df": 2.0, "F": 2.791387375520784, "pvalue": 0.09804221910652557, "tukey_hsd": {"groups": ["A12", "B1-8", "PBS"], "pvalues": [[1.0, 0.10926687823974734, 0.9733796701815198], [0.10926687823974734, 1.0, 0.18062280222661764], [0.9733796701815198, 0.18062280222661764, 1.0]]}}, "Ig_treated": {"sum_sq": 123.29694556383359, "df": 1.0, "F": 0.597310726886769, "pvalue": 0.4524575822803242}, "A12_treated": {"sum_sq": 325.74205018329104, "df": 1.0, "F": 1.6969289609284157, "pvalue": 0.21371143453142952}, "Batch": {"sum_sq": 18.095620641548155, "df": 1.0, "F": 0.0845848683222196, "pvalue": 0.7754417102309802}, "Quant": {"sum_sq": 29.97682972439335, "df": 1.0, "F": 0.14067960058523496, "pvalue": 0.7132273290967144}}, "6": {"Mouse_ID": {}, "Treatment": {"sum_sq": 809.850058946804, "df": 2.0, "F": 2.4053627592132325, "pvalue": 0.12918179652699818, "tukey_hsd": {"groups": ["A12", "B1-8", "PBS"], "pvalues": [[1.0, 0.4644331098956468, 0.11255705585396392], [0.4644331098956468, 1.0, 0.6373984039226226], [0.11255705585396392, 0.6373984039226226, 1.0]]}}, "Ig_treated": {"sum_sq": 560.5153084921955, "df": 1.0, "F": 3.2189888524335792, "pvalue": 0.09440628017555737}, "A12_treated": {"sum_sq": 667.1897868702772, "df": 1.0, "F": 4.00694969880374, "pvalue": 0.06508155899673726}, "Batch": {"sum_sq": 49.59242237792931, "df": 1.0, "F": 0.23545671294938525, "pvalue": 0.6350122044156421}, "Quant": {"sum_sq": 607.602096060805, "df": 1.0, "F": 3.5581306337228313, "pvalue": 0.08017125629603965}}, "7": {"Mouse_ID": {}, "Treatment": {"sum_sq": 247.72152281915868, "df": 2.0, "F": 0.7747331098581876, "pvalue": 0.4809787579615394, "tukey_hsd": {"groups": ["A12", "B1-8", "PBS"], "pvalues": [[1.0, 0.46578072322757347, 0.9488416156638008], [0.46578072322757347, 1.0, 0.6697464502637102], [0.9488416156638008, 0.6697464502637102, 1.0]]}}, "Ig_treated": {"sum_sq": 11.878469102957924, "df": 1.0, "F": 0.07185934741028009, "pvalue": 0.7925578122376902}, "A12_treated": {"sum_sq": 127.61690408170288, "df": 1.0, "F": 0.8126672980502679, "pvalue": 0.38257978557366884}, "Batch": {"sum_sq": 1.9036693809075433, "df": 1.0, "F": 0.011466910982126845, "pvalue": 0.9162420121292933}, "Quant": {"sum_sq": 4.7985506130534805, "df": 1.0, "F": 0.02894051562702035, "pvalue": 0.8673503539362146}}, "8": {"Mouse_ID": {}, "Treatment": {"sum_sq": 95.91601163548673, "df": 2.0, "F": 0.34351517106255447, "pvalue": 0.7155200285135024, "tukey_hsd": {"groups": ["A12", "B1-8", "PBS"], "pvalues": [[1.0, 0.8879951583579324, 0.9168170358617238], [0.8879951583579324, 1.0, 0.6929727918869086], [0.9168170358617238, 0.6929727918869086, 1.0]]}}, "Ig_treated": {"sum_sq": 65.54350909859645, "df": 1.0, "F": 0.49726909083793197, "pvalue": 0.49226907205190795}, "A12_treated": {"sum_sq": 0.22274664548780704, "df": 1.0, "F": 0.0016321700814021615, "pvalue": 0.9683446219698005}, "Batch": {"sum_sq": 1.4316065850352493, "df": 1.0, "F": 0.010496700253501254, "pvalue": 0.9198498200009512}, "Quant": {"sum_sq": 310.6910964892704, "df": 1.0, "F": 2.718293368840645, "pvalue": 0.12145404295956051}}, "9": {"Mouse_ID": {}, "Treatment": {"sum_sq": 503.83679328492985, "df": 2.0, "F": 2.8425714425089117, "pvalue": 0.09460302835857369, "tukey_hsd": {"groups": ["A12", "B1-8", "PBS"], "pvalues": [[1.0, 0.999565124357636, 0.1261234574032264], [0.999565124357636, 1.0, 0.14002144713320408], [0.1261234574032264, 0.14002144713320408, 1.0]]}}, "Ig_treated": {"sum_sq": 503.76687147856677, "df": 1.0, "F": 6.121240400124524, "pvalue": 0.02677122663441712}, "A12_treated": {"sum_sq": 132.1553680942366, "df": 1.0, "F": 1.21419630254922, "pvalue": 0.28908619723223844}, "Batch": {"sum_sq": 1.574140976873463, "df": 1.0, "F": 0.013321090518056463, "pvalue": 0.9097536930274007}, "Quant": {"sum_sq": 77.26631490149131, "df": 1.0, "F": 0.6852128970368009, "pvalue": 0.4216843150665226}}, "10": {"Mouse_ID": {}, "Treatment": {"sum_sq": 58.14244930174296, "df": 2.0, "F": 0.27908231596185257, "pvalue": 0.7608970843112786, "tukey_hsd": {"groups": ["A12", "B1-8", "PBS"], "pvalues": [[1.0, 0.8241775921144878, 0.7837026106265483], [0.8241775921144878, 1.0, 0.997191418132173], [0.7837026106265483, 0.997191418132173, 1.0]]}}, "Ig_treated": {"sum_sq": 21.02757600190493, "df": 1.0, "F": 0.21159238905274272, "pvalue": 0.6525848191213187}, "A12_treated": {"sum_sq": 57.61093213474764, "df": 1.0, "F": 0.5953716462868813, "pvalue": 0.453177263654844}, "Batch": {"sum_sq": 7.553942927131514, "df": 1.0, "F": 0.07528334954008696, "pvalue": 0.7878011763227574}, "Quant": {"sum_sq": 3.5991334764199183, "df": 1.0, "F": 0.035768624667206234, "pvalue": 0.8527084895634572}}}