{"1": {"Mouse_ID": {}, "Treatment": {"sum_sq": 421.2699474733069, "df": 2.0, "F": 0.24279818079254312, "pvalue": 0.7879084749225223, "tukey_hsd": {"groups": ["A12", "B1-8", "PBS"], "pvalues": [[1.0, 0.7827087227422267, 0.9883200979765194], [0.7827087227422267, 1.0, 0.8703034393701293], [0.9883200979765194, 0.8703034393701293, 1.0]]}}, "Ig_treated": {"sum_sq": 27.991169301518166, "df": 1.0, "F": 0.03357640489590707, "pvalue": 0.8572380031603041}, "A12_treated": {"sum_sq": 200.19963392649, "df": 1.0, "F": 0.24374302559469269, "pvalue": 0.6291706877629737}, "Batch": {"sum_sq": 70.9775881281402, "df": 1.0, "F": 0.0854548868494276, "pvalue": 0.7743243057135402}, "Quant": {"sum_sq": 5.083621266356679, "df": 1.0, "F": 0.006086039497944406, "pvalue": 0.9389216889279062}}, "2": {"Mouse_ID": {}, "Treatment": {"sum_sq": 2389.952675167927, "df": 2.0, "F": 2.5355515676770986, "pvalue": 0.11755239197904091, "tukey_hsd": {"groups": ["A12", "B1-8", "PBS"], "pvalues": [[1.0, 0.10624225114541219, 0.8054582462852903], [0.10624225114541219, 1.0, 0.3169716147276117], [0.8054582462852903, 0.3169716147276117, 1.0]]}}, "Ig_treated": {"sum_sq": 82.9590571251293, "df": 1.0, "F": 0.13771188139351673, "pvalue": 0.7161216920291611}, "A12_treated": {"sum_sq": 1310.7677866141219, "df": 1.0, "F": 2.546615736491505, "pvalue": 0.13285009281395785}, "Batch": {"sum_sq": 233.58798864225818, "df": 1.0, "F": 0.39480698760762256, "pvalue": 0.5398993306382255}, "Quant": {"sum_sq": 275.3097293659185, "df": 1.0, "F": 0.4676801483108872, "pvalue": 0.5052189568073397}}, "3": {"Mouse_ID": {}, "Treatment": {"sum_sq": 2734.852539745757, "df": 2.0, "F": 4.5724720035875555, "pvalue": 0.03135790048990505, "tukey_hsd": {"groups": ["A12", "B1-8", "PBS"], "pvalues": [[1.0, 0.6912880949208923, 0.027469696438409907], [0.6912880949208923, 1.0, 0.14049270264960834], [0.027469696438409907, 0.14049270264960834, 1.0]]}}, "Ig_treated": {"sum_sq": 2528.467508929524, "df": 1.0, "F": 8.646199616810529, "pvalue": 0.010747269972771666}, "A12_treated": {"sum_sq": 1483.1241954669251, "df": 1.0, "F": 4.040062783535451, "pvalue": 0.06410874191897045}, "Batch": {"sum_sq": 2.4623750757329073, "df": 1.0, "F": 0.00520734436732127, "pvalue": 0.9434938316056436}, "Quant": {"sum_sq": 2726.4197222975613, "df": 1.0, "F": 9.796784001770789, "pvalue": 0.007379475242576672}}, "4": {"Mouse_ID": {}, "Treatment": {"sum_sq": 32.67836844430461, "df": 2.0, "F": 0.05263913532298003, "pvalue": 0.9489234622089892, "tukey_hsd": {"groups": ["A12", "B1-8", "PBS"], "pvalues": [[1.0, 0.9449280353412212, 0.9810465459825156], [0.9449280353412212, 1.0, 0.990860915997678], [0.9810465459825156, 0.990860915997678, 1.0]]}}, "Ig_treated": {"sum_sq": 0.638849798365996, "df": 1.0, "F": 0.0021990096656132135, "pvalue": 0.963260400072086}, "A12_treated": {"sum_sq": 27.50551667561812, "df": 1.0, "F": 0.0953073706790252, "pvalue": 0.7620815185515845}, "Batch": {"sum_sq": 1.4163756786063233, "df": 1.0, "F": 0.004876293841853974, "pvalue": 0.9453162494288408}, "Quant": {"sum_sq": 28.494899845007872, "df": 1.0, "F": 0.09875979426594171, "pvalue": 0.7579572674528116}}, "5": {"Mouse_ID": {}, "Treatment": {"sum_sq": 905.2413831984613, "df": 2.0, "F": 2.7913873755204834, "pvalue": 0.0980422191065463, "tukey_hsd": {"groups": ["A12", "B1-8", "PBS"], "pvalues": [[1.0, 0.1092668782397972, 0.9733796701816192], [0.1092668782397972, 1.0, 0.18062280222657623], [0.9733796701816192, 0.18062280222657623, 1.0]]}}, "Ig_treated": {"sum_sq": 123.29694556393216, "df": 1.0, "F": 0.5973107268872666, "pvalue": 0.4524575822801393}, "A12_treated": {"sum_sq": 325.7420501831158, "df": 1.0, "F": 1.6969289609273916, "pvalue": 0.21371143453156038}, "Batch": {"sum_sq": 18.095620641559158, "df": 1.0, "F": 0.0845848683222713, "pvalue": 0.7754417102309134}, "Quant": {"sum_sq": 29.976829724443803, "df": 1.0, "F": 0.14067960058547402, "pvalue": 0.7132273290964839}}, "6": {"Mouse_ID": {}, "Treatment": {"sum_sq": 809.8500589468711, "df": 2.0, "F": 2.4053627592135114, "pvalue": 0.12918179652697187, "tukey_hsd": {"groups": ["A12", "B1-8", "PBS"], "pvalues": [[1.0, 0.464433109895414, 0.11255705585394904], [0.464433109895414, 1.0, 0.6373984039228211], [0.11255705585394904, 0.6373984039228211, 1.0]]}}, "Ig_treated": {"sum_sq": 560.5153084920977, "df": 1.0, "F": 3.2189888524328976, "pvalue": 0.09440628017558891}, "A12_treated": {"sum_sq": 667.1897868704515, "df": 1.0, "F": 4.006949698805095, "pvalue": 0.06508155899669718}, "Batch": {"sum_sq": 49.592422377918055, "df": 1.0, "F": 0.23545671294933138, "pvalue": 0.6350122044156811}, "Quant": {"sum_sq": 607.602096060755, "df": 1.0, "F": 3.5581306337224734, "pvalue": 0.08017125629605333}}, "7": {"Mouse_ID": {}, "Treatment": {"sum_sq": 247.7215228191588, "df": 2.0, "F": 0.7747331098581893, "pvalue": 0.4809787579615386, "tukey_hsd": {"groups": ["A12", "B1-8", "PBS"], "pvalues": [[1.0, 0.46578072322757225, 0.9488416156637995], [0.46578072322757225, 1.0, 0.669746450263711], [0.9488416156637995, 0.669746450263711, 1.0]]}}, "Ig_treated": {"sum_sq": 11.878469102957629, "df": 1.0, "F": 0.07185934741027843, "pvalue": 0.7925578122376924}, "A12_treated": {"sum_sq": 127.61690408170372, "df": 1.0, "F": 0.8126672980502747, "pvalue": 0.38257978557366684}, "Batch": {"sum_sq": 1.9036693809075431, "df": 1.0, "F": 0.011466910982126865, "pvalue": 0.9162420121292933}, "Quant": {"sum_sq": 4.798550613053614, "df": 1.0, "F": 0.028940515627021185, "pvalue": 0.8673503539362146}}, "8": {"Mouse_ID": {}, "Treatment": {"sum_sq": 95.9160116354861, "df": 2.0, "F": 0.3435151710625521, "pvalue": 0.7155200285135046, "tukey_hsd": {"groups": ["A12", "B1-8", "PBS"], "pvalues": [[1.0, 0.8879951583579327, 0.9168170358617249], [0.8879951583579327, 1.0, 0.6929727918869107], [0.9168170358617249, 0.6929727918869107, 1.0]]}}, "Ig_treated": {"sum_sq": 65.54350909859576, "df": 1.0, "F": 0.49726909083792653, "pvalue": 0.4922690720519107}, "A12_treated": {"sum_sq": 0.2227466454878217, "df": 1.0, "F": 0.0016321700814022685, "pvalue": 0.9683446219698005}, "Batch": {"sum_sq": 1.4316065850351478, "df": 1.0, "F": 0.010496700253500506, "pvalue": 0.9198498200009512}, "Quant": {"sum_sq": 310.6910964892697, "df": 1.0, "F": 2.7182933688406368, "pvalue": 0.12145404295956092}}, "9": {"Mouse_ID": {}, "Treatment": {"sum_sq": 503.8367932849317, "df": 2.0, "F": 2.842571442508915, "pvalue": 0.0946030283585736, "tukey_hsd": {"groups": ["A12", "B1-8", "PBS"], "pvalues": [[1.0, 0.9995651243576358, 0.1261234574032266], [0.9995651243576358, 1.0, 0.14002144713320352], [0.1261234574032266, 0.14002144713320352, 1.0]]}}, "Ig_treated": {"sum_sq": 503.7668714785682, "df": 1.0, "F": 6.121240400124525, "pvalue": 0.02677122663441712}, "A12_treated": {"sum_sq": 132.1553680942361, "df": 1.0, "F": 1.2141963025492117, "pvalue": 0.2890861972322402}, "Batch": {"sum_sq": 1.5741409768734747, "df": 1.0, "F": 0.013321090518056525, "pvalue": 0.9097536930274007}, "Quant": {"sum_sq": 77.26631490149202, "df": 1.0, "F": 0.6852128970368055, "pvalue": 0.42168431506652104}}, "10": {"Mouse_ID": {}, "Treatment": {"sum_sq": 58.14244930174375, "df": 2.0, "F": 0.2790823159618568, "pvalue": 0.7608970843112757, "tukey_hsd": {"groups": ["A12", "B1-8", "PBS"], "pvalues": [[1.0, 0.8241775921144856, 0.7837026106265449], [0.8241775921144856, 1.0, 0.9971914181321729], [0.7837026106265449, 0.9971914181321729, 1.0]]}}, "Ig_treated": {"sum_sq": 21.027576001905317, "df": 1.0, "F": 0.21159238905274683, "pvalue": 0.652584819121315}, "A12_treated": {"sum_sq": 57.61093213474851, "df": 1.0, "F": 0.5953716462868912, "pvalue": 0.4531772636548409}, "Batch": {"sum_sq": 7.553942927131402, "df": 1.0, "F": 0.0752833495400859, "pvalue": 0.7878011763227574}, "Quant": {"sum_sq": 3.599133476419965, "df": 1.0, "F": 0.03576862466720673, "pvalue": 0.8527084895634572}}}