{"1": {"Mouse_ID": {}, "Treatment": {"sum_sq": 421.2699474733077, "df": 2.0, "F": 0.2427981807925432, "pvalue": 0.7879084749225223, "tukey_hsd": {"groups": ["A12", "B1-8", "PBS"], "pvalues": [[1.0, 0.7827087227422269, 0.9883200979765195], [0.7827087227422269, 1.0, 0.8703034393701291], [0.9883200979765195, 0.8703034393701291, 1.0]]}}, "Ig_treated": {"sum_sq": 27.99116930151843, "df": 1.0, "F": 0.03357640489590734, "pvalue": 0.8572380031603041}, "A12_treated": {"sum_sq": 200.19963392648987, "df": 1.0, "F": 0.24374302559469216, "pvalue": 0.6291706877629737}, "Batch": {"sum_sq": 70.97758812813994, "df": 1.0, "F": 0.08545488684942716, "pvalue": 0.7743243057135402}, "Quant": {"sum_sq": 5.083621266356557, "df": 1.0, "F": 0.006086039497944251, "pvalue": 0.9389216889279062}}, "2": {"Mouse_ID": {}, "Treatment": {"sum_sq": 2389.9526751679387, "df": 2.0, "F": 2.535551567677107, "pvalue": 0.1175523919790402, "tukey_hsd": {"groups": ["A12", "B1-8", "PBS"], "pvalues": [[1.0, 0.10624225114541164, 0.8054582462852906], [0.10624225114541164, 1.0, 0.3169716147276106], [0.8054582462852906, 0.3169716147276106, 1.0]]}}, "Ig_treated": {"sum_sq": 82.95905712513037, "df": 1.0, "F": 0.1377118813935182, "pvalue": 0.7161216920291595}, "A12_treated": {"sum_sq": 1310.7677866141246, "df": 1.0, "F": 2.5466157364915047, "pvalue": 0.13285009281395785}, "Batch": {"sum_sq": 233.5879886422577, "df": 1.0, "F": 0.3948069876076208, "pvalue": 0.5398993306382263}, "Quant": {"sum_sq": 275.30972936592053, "df": 1.0, "F": 0.4676801483108898, "pvalue": 0.5052189568073384}}, "3": {"Mouse_ID": {}, "Treatment": {"sum_sq": 2734.852539745782, "df": 2.0, "F": 4.572472003587562, "pvalue": 0.03135790048990497, "tukey_hsd": {"groups": ["A12", "B1-8", "PBS"], "pvalues": [[1.0, 0.6912880949208915, 0.027469696438409574], [0.6912880949208915, 1.0, 0.140492702649608], [0.027469696438409574, 0.140492702649608, 1.0]]}}, "Ig_treated": {"sum_sq": 2528.4675089295474, "df": 1.0, "F": 8.646199616810545, "pvalue": 0.010747269972771605}, "A12_treated": {"sum_sq": 1483.124195466939, "df": 1.0, "F": 4.040062783535458, "pvalue": 0.06410874191897023}, "Batch": {"sum_sq": 2.462375075732896, "df": 1.0, "F": 0.005207344367321204, "pvalue": 0.9434938316056436}, "Quant": {"sum_sq": 2726.419722297586, "df": 1.0, "F": 9.796784001770806, "pvalue": 0.007379475242576631}}, "4": {"Mouse_ID": {}, "Treatment": {"sum_sq": 32.678368444305484, "df": 2.0, "F": 0.052639135322981166, "pvalue": 0.948923462208987, "tukey_hsd": {"groups": ["A12", "B1-8", "PBS"], "pvalues": [[1.0, 0.94492803534122, 0.9810465459825151], [0.94492803534122, 1.0, 0.9908609159976779], [0.9810465459825151, 0.9908609159976779, 1.0]]}}, "Ig_treated": {"sum_sq": 0.6388497983660341, "df": 1.0, "F": 0.0021990096656133336, "pvalue": 0.963260400072086}, "A12_treated": {"sum_sq": 27.50551667561889, "df": 1.0, "F": 0.09530737067902739, "pvalue": 0.7620815185515806}, "Batch": {"sum_sq": 1.4163756786062955, "df": 1.0, "F": 0.004876293841853854, "pvalue": 0.9453162494288408}, "Quant": {"sum_sq": 28.494899845008415, "df": 1.0, "F": 0.0987597942659431, "pvalue": 0.7579572674528098}}, "5": {"Mouse_ID": {}, "Treatment": {"sum_sq": 905.2413831985539, "df": 2.0, "F": 2.791387375520889, "pvalue": 0.09804221910651839, "tukey_hsd": {"groups": ["A12", "B1-8", "PBS"], "pvalues": [[1.0, 0.10926687823972847, 0.9733796701814799], [0.10926687823972847, 1.0, 0.18062280222663596], [0.9733796701814799, 0.18062280222663596, 1.0]]}}, "Ig_treated": {"sum_sq": 123.2969455637933, "df": 1.0, "F": 0.5973107268865653, "pvalue": 0.45245758228039923}, "A12_treated": {"sum_sq": 325.74205018336033, "df": 1.0, "F": 1.69692896092882, "pvalue": 0.213711434531378}, "Batch": {"sum_sq": 18.095620641544105, "df": 1.0, "F": 0.08458486832220054, "pvalue": 0.7754417102310025}, "Quant": {"sum_sq": 29.97682972437255, "df": 1.0, "F": 0.14067960058513632, "pvalue": 0.7132273290968112}}, "6": {"Mouse_ID": {}, "Treatment": {"sum_sq": 809.8500589467781, "df": 2.0, "F": 2.4053627592131246, "pvalue": 0.1291817965270084, "tukey_hsd": {"groups": ["A12", "B1-8", "PBS"], "pvalues": [[1.0, 0.46443310989573816, 0.11255705585396947], [0.46443310989573816, 1.0, 0.6373984039225438], [0.11255705585396947, 0.6373984039225438, 1.0]]}}, "Ig_treated": {"sum_sq": 560.5153084922343, "df": 1.0, "F": 3.218988852433851, "pvalue": 0.09440628017554475}, "A12_treated": {"sum_sq": 667.1897868702093, "df": 1.0, "F": 4.00694969880321, "pvalue": 0.06508155899675297}, "Batch": {"sum_sq": 49.59242237793401, "df": 1.0, "F": 0.23545671294940773, "pvalue": 0.6350122044156272}, "Quant": {"sum_sq": 607.6020960608239, "df": 1.0, "F": 3.5581306337229672, "pvalue": 0.08017125629603455}}, "7": {"Mouse_ID": {}, "Treatment": {"sum_sq": 247.7215228191596, "df": 2.0, "F": 0.774733109858191, "pvalue": 0.48097875796153783, "tukey_hsd": {"groups": ["A12", "B1-8", "PBS"], "pvalues": [[1.0, 0.465780723227572, 0.9488416156638009], [0.465780723227572, 1.0, 0.6697464502637085], [0.9488416156638009, 0.6697464502637085, 1.0]]}}, "Ig_treated": {"sum_sq": 11.878469102958084, "df": 1.0, "F": 0.07185934741028108, "pvalue": 0.792557812237688}, "A12_treated": {"sum_sq": 127.61690408170318, "df": 1.0, "F": 0.8126672980502699, "pvalue": 0.3825797855736684}, "Batch": {"sum_sq": 1.9036693809075822, "df": 1.0, "F": 0.011466910982127081, "pvalue": 0.9162420121292933}, "Quant": {"sum_sq": 4.798550613053431, "df": 1.0, "F": 0.028940515627020047, "pvalue": 0.8673503539362146}}, "8": {"Mouse_ID": {}, "Treatment": {"sum_sq": 95.9160116354881, "df": 2.0, "F": 0.343515171062559, "pvalue": 0.7155200285134997, "tukey_hsd": {"groups": ["A12", "B1-8", "PBS"], "pvalues": [[1.0, 0.8879951583579324, 0.9168170358617216], [0.8879951583579324, 1.0, 0.6929727918869055], [0.9168170358617216, 0.6929727918869055, 1.0]]}}, "Ig_treated": {"sum_sq": 65.54350909859768, "df": 1.0, "F": 0.4972690908379408, "pvalue": 0.4922690720519043}, "A12_treated": {"sum_sq": 0.22274664548777015, "df": 1.0, "F": 0.0016321700814018883, "pvalue": 0.9683446219698005}, "Batch": {"sum_sq": 1.4316065850351818, "df": 1.0, "F": 0.01049670025350074, "pvalue": 0.9198498200009512}, "Quant": {"sum_sq": 310.69109648927184, "df": 1.0, "F": 2.718293368840655, "pvalue": 0.12145404295955979}}, "9": {"Mouse_ID": {}, "Treatment": {"sum_sq": 503.8367932849284, "df": 2.0, "F": 2.8425714425089, "pvalue": 0.09460302835857456, "tukey_hsd": {"groups": ["A12", "B1-8", "PBS"], "pvalues": [[1.0, 0.9995651243576357, 0.12612345740322817], [0.9995651243576357, 1.0, 0.1400214471332042], [0.12612345740322817, 0.1400214471332042, 1.0]]}}, "Ig_treated": {"sum_sq": 503.76687147856495, "df": 1.0, "F": 6.121240400124495, "pvalue": 0.0267712266344174}, "A12_treated": {"sum_sq": 132.15536809423455, "df": 1.0, "F": 1.2141963025492, "pvalue": 0.2890861972322426}, "Batch": {"sum_sq": 1.5741409768734314, "df": 1.0, "F": 0.013321090518056196, "pvalue": 0.9097536930274007}, "Quant": {"sum_sq": 77.26631490149187, "df": 1.0, "F": 0.6852128970368062, "pvalue": 0.42168431506652104}}, "10": {"Mouse_ID": {}, "Treatment": {"sum_sq": 58.14244930174521, "df": 2.0, "F": 0.2790823159618647, "pvalue": 0.7608970843112699, "tukey_hsd": {"groups": ["A12", "B1-8", "PBS"], "pvalues": [[1.0, 0.8241775921144836, 0.7837026106265379], [0.8241775921144836, 1.0, 0.9971914181321723], [0.7837026106265379, 0.9971914181321723, 1.0]]}}, "Ig_treated": {"sum_sq": 21.027576001906375, "df": 1.0, "F": 0.21159238905275807, "pvalue": 0.6525848191213077}, "A12_treated": {"sum_sq": 57.61093213474978, "df": 1.0, "F": 0.5953716462869061, "pvalue": 0.45317726365483524}, "Batch": {"sum_sq": 7.553942927131162, "df": 1.0, "F": 0.07528334954008364, "pvalue": 0.7878011763227617}, "Quant": {"sum_sq": 3.5991334764198077, "df": 1.0, "F": 0.03576862466720523, "pvalue": 0.8527084895634572}}}