{"1": {"Mouse_ID": {}, "Treatment": {"sum_sq": 421.2699474733088, "df": 2.0, "F": 0.2427981807925436, "pvalue": 0.7879084749225223, "tukey_hsd": {"groups": ["A12", "B1-8", "PBS"], "pvalues": [[1.0, 0.7827087227422264, 0.9883200979765193], [0.7827087227422264, 1.0, 0.8703034393701292], [0.9883200979765193, 0.8703034393701292, 1.0]]}}, "Ig_treated": {"sum_sq": 27.991169301518273, "df": 1.0, "F": 0.033576404895907117, "pvalue": 0.8572380031603041}, "A12_treated": {"sum_sq": 200.19963392649078, "df": 1.0, "F": 0.24374302559469305, "pvalue": 0.6291706877629737}, "TMT": {"sum_sq": 70.97758812814047, "df": 1.0, "F": 0.08545488684942773, "pvalue": 0.7743243057135402}, "Quant": {"sum_sq": 5.08362126635666, "df": 1.0, "F": 0.006086039497944369, "pvalue": 0.9389216889279062}}, "2": {"Mouse_ID": {}, "Treatment": {"sum_sq": 2389.952675167932, "df": 2.0, "F": 2.535551567677102, "pvalue": 0.11755239197904067, "tukey_hsd": {"groups": ["A12", "B1-8", "PBS"], "pvalues": [[1.0, 0.10624225114541186, 0.8054582462852891], [0.10624225114541186, 1.0, 0.3169716147276125], [0.8054582462852891, 0.3169716147276125, 1.0]]}}, "Ig_treated": {"sum_sq": 82.9590571251287, "df": 1.0, "F": 0.1377118813935156, "pvalue": 0.7161216920291611}, "A12_treated": {"sum_sq": 1310.7677866141257, "df": 1.0, "F": 2.5466157364915114, "pvalue": 0.13285009281395738}, "TMT": {"sum_sq": 233.58798864225813, "df": 1.0, "F": 0.39480698760762206, "pvalue": 0.5398993306382263}, "Quant": {"sum_sq": 275.30972936591667, "df": 1.0, "F": 0.46768014831088356, "pvalue": 0.5052189568073413}}, "3": {"Mouse_ID": {}, "Treatment": {"sum_sq": 2734.852539745775, "df": 2.0, "F": 4.572472003587557, "pvalue": 0.03135790048990505, "tukey_hsd": {"groups": ["A12", "B1-8", "PBS"], "pvalues": [[1.0, 0.6912880949208947, 0.027469696438409796], [0.6912880949208947, 1.0, 0.14049270264960723], [0.027469696438409796, 0.14049270264960723, 1.0]]}}, "Ig_treated": {"sum_sq": 2528.4675089295442, "df": 1.0, "F": 8.646199616810552, "pvalue": 0.010747269972771577}, "A12_treated": {"sum_sq": 1483.1241954669308, "df": 1.0, "F": 4.040062783535436, "pvalue": 0.06410874191897084}, "TMT": {"sum_sq": 2.46237507573284, "df": 1.0, "F": 0.005207344367321095, "pvalue": 0.9434938316056436}, "Quant": {"sum_sq": 2726.419722297582, "df": 1.0, "F": 9.796784001770808, "pvalue": 0.007379475242576621}}, "4": {"Mouse_ID": {}, "Treatment": {"sum_sq": 32.67836844430621, "df": 2.0, "F": 0.052639135322982394, "pvalue": 0.9489234622089864, "tukey_hsd": {"groups": ["A12", "B1-8", "PBS"], "pvalues": [[1.0, 0.9449280353412188, 0.9810465459825144], [0.9449280353412188, 1.0, 0.9908609159976778], [0.9810465459825144, 0.9908609159976778, 1.0]]}}, "Ig_treated": {"sum_sq": 0.6388497983660815, "df": 1.0, "F": 0.0021990096656134984, "pvalue": 0.963260400072086}, "A12_treated": {"sum_sq": 27.50551667561962, "df": 1.0, "F": 0.09530737067903, "pvalue": 0.7620815185515768}, "TMT": {"sum_sq": 1.4163756786063189, "df": 1.0, "F": 0.004876293841853938, "pvalue": 0.9453162494288408}, "Quant": {"sum_sq": 28.494899845008852, "df": 1.0, "F": 0.0987597942659447, "pvalue": 0.7579572674528079}}, "5": {"Mouse_ID": {}, "Treatment": {"sum_sq": 905.2413831985722, "df": 2.0, "F": 2.7913873755209715, "pvalue": 0.09804221910651283, "tukey_hsd": {"groups": ["A12", "B1-8", "PBS"], "pvalues": [[1.0, 0.10926687823971548, 0.9733796701814558], [0.10926687823971548, 1.0, 0.18062280222664473], [0.9733796701814558, 0.18062280222664473, 1.0]]}}, "Ig_treated": {"sum_sq": 123.29694556377008, "df": 1.0, "F": 0.5973107268864479, "pvalue": 0.4524575822804431}, "A12_treated": {"sum_sq": 325.74205018340336, "df": 1.0, "F": 1.6969289609290714, "pvalue": 0.21371143453134606}, "TMT": {"sum_sq": 18.095620641541093, "df": 1.0, "F": 0.08458486832218638, "pvalue": 0.7754417102310227}, "Quant": {"sum_sq": 29.976829724360517, "df": 1.0, "F": 0.14067960058507928, "pvalue": 0.7132273290968666}}, "6": {"Mouse_ID": {}, "Treatment": {"sum_sq": 809.8500589467633, "df": 2.0, "F": 2.4053627592130695, "pvalue": 0.12918179652701364, "tukey_hsd": {"groups": ["A12", "B1-8", "PBS"], "pvalues": [[1.0, 0.4644331098957931, 0.1125570558539718], [0.4644331098957931, 1.0, 0.637398403922494], [0.1125570558539718, 0.637398403922494, 1.0]]}}, "Ig_treated": {"sum_sq": 560.5153084922594, "df": 1.0, "F": 3.2189888524340344, "pvalue": 0.09440628017553628}, "A12_treated": {"sum_sq": 667.1897868701678, "df": 1.0, "F": 4.006949698802898, "pvalue": 0.0650815589967622}, "TMT": {"sum_sq": 49.59242237793666, "df": 1.0, "F": 0.23545671294942094, "pvalue": 0.6350122044156169}, "Quant": {"sum_sq": 607.6020960608379, "df": 1.0, "F": 3.558130633723078, "pvalue": 0.08017125629603038}}, "7": {"Mouse_ID": {}, "Treatment": {"sum_sq": 247.72152281915862, "df": 2.0, "F": 0.7747331098581879, "pvalue": 0.4809787579615394, "tukey_hsd": {"groups": ["A12", "B1-8", "PBS"], "pvalues": [[1.0, 0.4657807232275736, 0.9488416156638019], [0.4657807232275736, 1.0, 0.6697464502637085], [0.9488416156638019, 0.6697464502637085, 1.0]]}}, "Ig_treated": {"sum_sq": 11.878469102958224, "df": 1.0, "F": 0.07185934741028194, "pvalue": 0.792557812237688}, "A12_treated": {"sum_sq": 127.61690408170223, "df": 1.0, "F": 0.8126672980502638, "pvalue": 0.3825797855736699}, "TMT": {"sum_sq": 1.9036693809075091, "df": 1.0, "F": 0.011466910982126646, "pvalue": 0.9162420121292933}, "Quant": {"sum_sq": 4.798550613053192, "df": 1.0, "F": 0.02894051562701861, "pvalue": 0.8673503539362181}}, "8": {"Mouse_ID": {}, "Treatment": {"sum_sq": 95.91601163548697, "df": 2.0, "F": 0.34351517106255497, "pvalue": 0.7155200285135019, "tukey_hsd": {"groups": ["A12", "B1-8", "PBS"], "pvalues": [[1.0, 0.8879951583579339, 0.9168170358617223], [0.8879951583579339, 1.0, 0.6929727918869084], [0.9168170358617223, 0.6929727918869084, 1.0]]}}, "Ig_treated": {"sum_sq": 65.54350909859701, "df": 1.0, "F": 0.4972690908379359, "pvalue": 0.4922690720519065}, "A12_treated": {"sum_sq": 0.22274664548776366, "df": 1.0, "F": 0.0016321700814018417, "pvalue": 0.9683446219698005}, "TMT": {"sum_sq": 1.4316065850351987, "df": 1.0, "F": 0.010496700253500869, "pvalue": 0.9198498200009512}, "Quant": {"sum_sq": 310.6910964892708, "df": 1.0, "F": 2.718293368840646, "pvalue": 0.12145404295956023}}, "9": {"Mouse_ID": {}, "Treatment": {"sum_sq": 503.83679328493054, "df": 2.0, "F": 2.8425714425089, "pvalue": 0.09460302835857456, "tukey_hsd": {"groups": ["A12", "B1-8", "PBS"], "pvalues": [[1.0, 0.9995651243576359, 0.12612345740322728], [0.9995651243576359, 1.0, 0.14002144713320497], [0.12612345740322728, 0.14002144713320497, 1.0]]}}, "Ig_treated": {"sum_sq": 503.7668714785673, "df": 1.0, "F": 6.121240400124496, "pvalue": 0.0267712266344174}, "A12_treated": {"sum_sq": 132.15536809423648, "df": 1.0, "F": 1.2141963025492135, "pvalue": 0.2890861972322399}, "TMT": {"sum_sq": 1.574140976873482, "df": 1.0, "F": 0.013321090518056569, "pvalue": 0.9097536930274007}, "Quant": {"sum_sq": 77.26631490149154, "df": 1.0, "F": 0.6852128970367999, "pvalue": 0.4216843150665226}}, "10": {"Mouse_ID": {}, "Treatment": {"sum_sq": 58.142449301744136, "df": 2.0, "F": 0.27908231596185945, "pvalue": 0.7608970843112739, "tukey_hsd": {"groups": ["A12", "B1-8", "PBS"], "pvalues": [[1.0, 0.8241775921144845, 0.7837026106265432], [0.8241775921144845, 1.0, 0.9971914181321728], [0.7837026106265432, 0.9971914181321728, 1.0]]}}, "Ig_treated": {"sum_sq": 21.027576001905487, "df": 1.0, "F": 0.2115923890527491, "pvalue": 0.6525848191213138}, "A12_treated": {"sum_sq": 57.61093213474877, "df": 1.0, "F": 0.5953716462868957, "pvalue": 0.453177263654839}, "TMT": {"sum_sq": 7.5539429271310325, "df": 1.0, "F": 0.0752833495400824, "pvalue": 0.7878011763227617}, "Quant": {"sum_sq": 3.5991334764198704, "df": 1.0, "F": 0.03576862466720589, "pvalue": 0.8527084895634572}}}