{"1": {"Mouse_ID": {}, "Treatment": {"sum_sq": 421.26994747330866, "df": 2.0, "F": 0.24279818079254384, "pvalue": 0.7879084749225217, "tukey_hsd": {"groups": ["A12", "B1-8", "PBS"], "pvalues": [[1.0, 0.7827087227422265, 0.9883200979765195], [0.7827087227422265, 1.0, 0.8703034393701288], [0.9883200979765195, 0.8703034393701288, 1.0]]}}, "Ig_treated": {"sum_sq": 27.99116930151866, "df": 1.0, "F": 0.03357640489590763, "pvalue": 0.8572380031603041}, "A12_treated": {"sum_sq": 200.1996339264899, "df": 1.0, "F": 0.2437430255946923, "pvalue": 0.6291706877629737}, "Batch": {"sum_sq": 70.97758812814075, "df": 1.0, "F": 0.08545488684942819, "pvalue": 0.7743243057135402}, "Quant": {"sum_sq": 5.083621266356465, "df": 1.0, "F": 0.006086039497944142, "pvalue": 0.9389216889279062}}, "2": {"Mouse_ID": {}, "Treatment": {"sum_sq": 2389.9526751679346, "df": 2.0, "F": 2.5355515676771034, "pvalue": 0.11755239197904056, "tukey_hsd": {"groups": ["A12", "B1-8", "PBS"], "pvalues": [[1.0, 0.10624225114541186, 0.8054582462852904], [0.10624225114541186, 1.0, 0.31697161472761126], [0.8054582462852904, 0.31697161472761126, 1.0]]}}, "Ig_treated": {"sum_sq": 82.95905712512999, "df": 1.0, "F": 0.13771188139351762, "pvalue": 0.7161216920291595}, "A12_treated": {"sum_sq": 1310.7677866141257, "df": 1.0, "F": 2.546615736491508, "pvalue": 0.13285009281395768}, "Batch": {"sum_sq": 233.58798864225804, "df": 1.0, "F": 0.3948069876076215, "pvalue": 0.5398993306382263}, "Quant": {"sum_sq": 275.3097293659194, "df": 1.0, "F": 0.46768014831088783, "pvalue": 0.5052189568073391}}, "3": {"Mouse_ID": {}, "Treatment": {"sum_sq": 2734.8525397457784, "df": 2.0, "F": 4.57247200358756, "pvalue": 0.031357900489905007, "tukey_hsd": {"groups": ["A12", "B1-8", "PBS"], "pvalues": [[1.0, 0.6912880949208924, 0.027469696438409574], [0.6912880949208924, 1.0, 0.14049270264960778], [0.027469696438409574, 0.14049270264960778, 1.0]]}}, "Ig_treated": {"sum_sq": 2528.467508929545, "df": 1.0, "F": 8.646199616810545, "pvalue": 0.010747269972771605}, "A12_treated": {"sum_sq": 1483.1241954669365, "df": 1.0, "F": 4.0400627835354515, "pvalue": 0.06410874191897045}, "Batch": {"sum_sq": 2.4623750757328624, "df": 1.0, "F": 0.005207344367321136, "pvalue": 0.9434938316056436}, "Quant": {"sum_sq": 2726.419722297584, "df": 1.0, "F": 9.796784001770805, "pvalue": 0.00737947524257664}}, "4": {"Mouse_ID": {}, "Treatment": {"sum_sq": 32.678368444306685, "df": 2.0, "F": 0.05263913532298315, "pvalue": 0.9489234622089857, "tukey_hsd": {"groups": ["A12", "B1-8", "PBS"], "pvalues": [[1.0, 0.9449280353412182, 0.9810465459825138], [0.9449280353412182, 1.0, 0.990860915997678], [0.9810465459825138, 0.990860915997678, 1.0]]}}, "Ig_treated": {"sum_sq": 0.6388497983661511, "df": 1.0, "F": 0.0021990096656137373, "pvalue": 0.963260400072086}, "A12_treated": {"sum_sq": 27.505516675620136, "df": 1.0, "F": 0.09530737067903176, "pvalue": 0.7620815185515749}, "Batch": {"sum_sq": 1.4163756786063544, "df": 1.0, "F": 0.004876293841854058, "pvalue": 0.9453162494288408}, "Quant": {"sum_sq": 28.494899845009314, "df": 1.0, "F": 0.09875979426594626, "pvalue": 0.757957267452806}}, "5": {"Mouse_ID": {}, "Treatment": {"sum_sq": 905.2413831985604, "df": 2.0, "F": 2.791387375520917, "pvalue": 0.09804221910651657, "tukey_hsd": {"groups": ["A12", "B1-8", "PBS"], "pvalues": [[1.0, 0.10926687823972425, 0.9733796701814724], [0.10926687823972425, 1.0, 0.18062280222663862], [0.9733796701814724, 0.18062280222663862, 1.0]]}}, "Ig_treated": {"sum_sq": 123.2969455637862, "df": 1.0, "F": 0.5973107268865292, "pvalue": 0.45245758228041244}, "A12_treated": {"sum_sq": 325.74205018337443, "df": 1.0, "F": 1.6969289609289016, "pvalue": 0.2137114345313677}, "Batch": {"sum_sq": 18.095620641542897, "df": 1.0, "F": 0.0845848683221948, "pvalue": 0.7754417102310126}, "Quant": {"sum_sq": 29.976829724368883, "df": 1.0, "F": 0.14067960058511886, "pvalue": 0.7132273290968282}}, "6": {"Mouse_ID": {}, "Treatment": {"sum_sq": 809.8500589467731, "df": 2.0, "F": 2.405362759213107, "pvalue": 0.12918179652701006, "tukey_hsd": {"groups": ["A12", "B1-8", "PBS"], "pvalues": [[1.0, 0.4644331098957557, 0.11255705585397036], [0.4644331098957557, 1.0, 0.6373984039225283], [0.11255705585397036, 0.6373984039225283, 1.0]]}}, "Ig_treated": {"sum_sq": 560.5153084922421, "df": 1.0, "F": 3.218988852433908, "pvalue": 0.09440628017554205}, "A12_treated": {"sum_sq": 667.1897868701959, "df": 1.0, "F": 4.006949698803109, "pvalue": 0.06508155899675601}, "Batch": {"sum_sq": 49.59242237793463, "df": 1.0, "F": 0.2354567129494109, "pvalue": 0.6350122044156239}, "Quant": {"sum_sq": 607.6020960608297, "df": 1.0, "F": 3.5581306337230125, "pvalue": 0.08017125629603279}}, "7": {"Mouse_ID": {}, "Treatment": {"sum_sq": 247.7215228191584, "df": 2.0, "F": 0.7747331098581862, "pvalue": 0.48097875796154016, "tukey_hsd": {"groups": ["A12", "B1-8", "PBS"], "pvalues": [[1.0, 0.4657807232275747, 0.9488416156638022], [0.4657807232275747, 1.0, 0.6697464502637087], [0.9488416156638022, 0.6697464502637087, 1.0]]}}, "Ig_treated": {"sum_sq": 11.878469102958293, "df": 1.0, "F": 0.0718593474102823, "pvalue": 0.792557812237688}, "A12_treated": {"sum_sq": 127.61690408170192, "df": 1.0, "F": 0.8126672980502608, "pvalue": 0.3825797855736709}, "Batch": {"sum_sq": 1.9036693809076017, "df": 1.0, "F": 0.01146691098212719, "pvalue": 0.9162420121292933}, "Quant": {"sum_sq": 4.7985506130532, "df": 1.0, "F": 0.028940515627018628, "pvalue": 0.8673503539362181}}, "8": {"Mouse_ID": {}, "Treatment": {"sum_sq": 95.91601163548859, "df": 2.0, "F": 0.34351517106256074, "pvalue": 0.7155200285134986, "tukey_hsd": {"groups": ["A12", "B1-8", "PBS"], "pvalues": [[1.0, 0.8879951583579326, 0.9168170358617205], [0.8879951583579326, 1.0, 0.6929727918869041], [0.9168170358617205, 0.6929727918869041, 1.0]]}}, "Ig_treated": {"sum_sq": 65.54350909859826, "df": 1.0, "F": 0.4972690908379453, "pvalue": 0.49226907205190285}, "A12_treated": {"sum_sq": 0.2227466454877486, "df": 1.0, "F": 0.00163217008140173, "pvalue": 0.9683446219698005}, "Batch": {"sum_sq": 1.4316065850352035, "df": 1.0, "F": 0.010496700253500897, "pvalue": 0.9198498200009512}, "Quant": {"sum_sq": 310.69109648927224, "df": 1.0, "F": 2.718293368840657, "pvalue": 0.12145404295955953}}, "9": {"Mouse_ID": {}, "Treatment": {"sum_sq": 503.83679328492957, "df": 2.0, "F": 2.8425714425089, "pvalue": 0.09460302835857456, "tukey_hsd": {"groups": ["A12", "B1-8", "PBS"], "pvalues": [[1.0, 0.9995651243576359, 0.12612345740322728], [0.9995651243576359, 1.0, 0.14002144713320508], [0.12612345740322728, 0.14002144713320508, 1.0]]}}, "Ig_treated": {"sum_sq": 503.7668714785664, "df": 1.0, "F": 6.121240400124497, "pvalue": 0.026771226634417354}, "A12_treated": {"sum_sq": 132.15536809423617, "df": 1.0, "F": 1.214196302549213, "pvalue": 0.2890861972322399}, "Batch": {"sum_sq": 1.5741409768734254, "df": 1.0, "F": 0.013321090518056116, "pvalue": 0.9097536930274007}, "Quant": {"sum_sq": 77.2663149014908, "df": 1.0, "F": 0.6852128970367947, "pvalue": 0.4216843150665244}}, "10": {"Mouse_ID": {}, "Treatment": {"sum_sq": 58.142449301744215, "df": 2.0, "F": 0.2790823159618592, "pvalue": 0.7608970843112739, "tukey_hsd": {"groups": ["A12", "B1-8", "PBS"], "pvalues": [[1.0, 0.8241775921144848, 0.7837026106265432], [0.8241775921144848, 1.0, 0.9971914181321728], [0.7837026106265432, 0.9971914181321728, 1.0]]}}, "Ig_treated": {"sum_sq": 21.027576001905548, "df": 1.0, "F": 0.21159238905274924, "pvalue": 0.6525848191213138}, "A12_treated": {"sum_sq": 57.61093213474881, "df": 1.0, "F": 0.5953716462868945, "pvalue": 0.4531772636548397}, "Batch": {"sum_sq": 7.553942927131542, "df": 1.0, "F": 0.07528334954008732, "pvalue": 0.7878011763227553}, "Quant": {"sum_sq": 3.5991334764198983, "df": 1.0, "F": 0.035768624667206074, "pvalue": 0.8527084895634572}}}