{"1": {"Mouse_ID": {}, "Treatment": {"sum_sq": 421.2699474733078, "df": 2.0, "F": 0.24279818079254364, "pvalue": 0.7879084749225223, "tukey_hsd": {"groups": ["A12", "B1-8", "PBS"], "pvalues": [[1.0, 0.7827087227422265, 0.9883200979765194], [0.7827087227422265, 1.0, 0.8703034393701291], [0.9883200979765194, 0.8703034393701291, 1.0]]}}, "Ig_treated": {"sum_sq": 27.991169301518305, "df": 1.0, "F": 0.033576404895907234, "pvalue": 0.8572380031603041}, "A12_treated": {"sum_sq": 200.19963392649007, "df": 1.0, "F": 0.24374302559469274, "pvalue": 0.6291706877629737}, "Batch": {"sum_sq": 70.97758812814068, "df": 1.0, "F": 0.0854548868494282, "pvalue": 0.7743243057135402}, "Quant": {"sum_sq": 5.0836212663565945, "df": 1.0, "F": 0.006086039497944305, "pvalue": 0.9389216889279062}}, "2": {"Mouse_ID": {}, "Treatment": {"sum_sq": 2389.9526751679355, "df": 2.0, "F": 2.5355515676771083, "pvalue": 0.11755239197904009, "tukey_hsd": {"groups": ["A12", "B1-8", "PBS"], "pvalues": [[1.0, 0.1062422511454113, 0.8054582462852883], [0.1062422511454113, 1.0, 0.31697161472761193], [0.8054582462852883, 0.31697161472761193, 1.0]]}}, "Ig_treated": {"sum_sq": 82.9590571251285, "df": 1.0, "F": 0.13771188139351526, "pvalue": 0.7161216920291611}, "A12_treated": {"sum_sq": 1310.7677866141287, "df": 1.0, "F": 2.546615736491519, "pvalue": 0.1328500928139569}, "Batch": {"sum_sq": 233.58798864225767, "df": 1.0, "F": 0.39480698760762145, "pvalue": 0.5398993306382263}, "Quant": {"sum_sq": 275.30972936591627, "df": 1.0, "F": 0.467680148310883, "pvalue": 0.5052189568073413}}, "3": {"Mouse_ID": {}, "Treatment": {"sum_sq": 2734.8525397457747, "df": 2.0, "F": 4.572472003587554, "pvalue": 0.031357900489905124, "tukey_hsd": {"groups": ["A12", "B1-8", "PBS"], "pvalues": [[1.0, 0.6912880949208956, 0.027469696438409907], [0.6912880949208956, 1.0, 0.14049270264960756], [0.027469696438409907, 0.14049270264960756, 1.0]]}}, "Ig_treated": {"sum_sq": 2528.4675089295424, "df": 1.0, "F": 8.646199616810543, "pvalue": 0.01074726997277162}, "A12_treated": {"sum_sq": 1483.1241954669292, "df": 1.0, "F": 4.040062783535431, "pvalue": 0.06410874191897098}, "Batch": {"sum_sq": 2.462375075732797, "df": 1.0, "F": 0.0052073443673210035, "pvalue": 0.9434938316056436}, "Quant": {"sum_sq": 2726.4197222975813, "df": 1.0, "F": 9.796784001770805, "pvalue": 0.00737947524257664}}, "4": {"Mouse_ID": {}, "Treatment": {"sum_sq": 32.678368444304915, "df": 2.0, "F": 0.05263913532298037, "pvalue": 0.9489234622089885, "tukey_hsd": {"groups": ["A12", "B1-8", "PBS"], "pvalues": [[1.0, 0.9449280353412208, 0.9810465459825152], [0.9449280353412208, 1.0, 0.9908609159976781], [0.9810465459825152, 0.9908609159976781, 1.0]]}}, "Ig_treated": {"sum_sq": 0.6388497983660578, "df": 1.0, "F": 0.00219900966561342, "pvalue": 0.963260400072086}, "A12_treated": {"sum_sq": 27.50551667561852, "df": 1.0, "F": 0.0953073706790263, "pvalue": 0.7620815185515806}, "Batch": {"sum_sq": 1.4163756786063086, "df": 1.0, "F": 0.004876293841853908, "pvalue": 0.9453162494288408}, "Quant": {"sum_sq": 28.494899845008206, "df": 1.0, "F": 0.09875979426594257, "pvalue": 0.7579572674528098}}, "5": {"Mouse_ID": {}, "Treatment": {"sum_sq": 905.241383198537, "df": 2.0, "F": 2.7913873755208183, "pvalue": 0.09804221910652325, "tukey_hsd": {"groups": ["A12", "B1-8", "PBS"], "pvalues": [[1.0, 0.10926687823974013, 0.9733796701815034], [0.10926687823974013, 1.0, 0.18062280222662652], [0.9733796701815034, 0.18062280222662652, 1.0]]}}, "Ig_treated": {"sum_sq": 123.29694556381655, "df": 1.0, "F": 0.5973107268866832, "pvalue": 0.45245758228035615}, "A12_treated": {"sum_sq": 325.74205018331855, "df": 1.0, "F": 1.696928960928578, "pvalue": 0.21371143453140887}, "Batch": {"sum_sq": 18.09562064154652, "df": 1.0, "F": 0.08458486832221196, "pvalue": 0.7754417102309903}, "Quant": {"sum_sq": 29.976829724384867, "df": 1.0, "F": 0.1406796005851948, "pvalue": 0.7132273290967543}}, "6": {"Mouse_ID": {}, "Treatment": {"sum_sq": 809.8500589467938, "df": 2.0, "F": 2.405362759213195, "pvalue": 0.12918179652700176, "tukey_hsd": {"groups": ["A12", "B1-8", "PBS"], "pvalues": [[1.0, 0.46443310989568265, 0.1125570558539658], [0.46443310989568265, 1.0, 0.6373984039225902], [0.1125570558539658, 0.6373984039225902, 1.0]]}}, "Ig_treated": {"sum_sq": 560.5153084922116, "df": 1.0, "F": 3.218988852433697, "pvalue": 0.09440628017555193}, "A12_treated": {"sum_sq": 667.1897868702501, "df": 1.0, "F": 4.006949698803536, "pvalue": 0.06508155899674337}, "Batch": {"sum_sq": 49.59242237793122, "df": 1.0, "F": 0.23545671294939471, "pvalue": 0.6350122044156352}, "Quant": {"sum_sq": 607.6020960608129, "df": 1.0, "F": 3.558130633722893, "pvalue": 0.08017125629603733}}, "7": {"Mouse_ID": {}, "Treatment": {"sum_sq": 247.72152281916044, "df": 2.0, "F": 0.7747331098581935, "pvalue": 0.48097875796153705, "tukey_hsd": {"groups": ["A12", "B1-8", "PBS"], "pvalues": [[1.0, 0.4657807232275706, 0.9488416156637998], [0.4657807232275706, 1.0, 0.6697464502637092], [0.9488416156637998, 0.6697464502637092, 1.0]]}}, "Ig_treated": {"sum_sq": 11.878469102957846, "df": 1.0, "F": 0.07185934741027958, "pvalue": 0.7925578122376902}, "A12_treated": {"sum_sq": 127.6169040817042, "df": 1.0, "F": 0.8126672980502765, "pvalue": 0.38257978557366634}, "Batch": {"sum_sq": 1.9036693809075091, "df": 1.0, "F": 0.011466910982126637, "pvalue": 0.9162420121292933}, "Quant": {"sum_sq": 4.798550613053591, "df": 1.0, "F": 0.028940515627020994, "pvalue": 0.8673503539362146}}, "8": {"Mouse_ID": {}, "Treatment": {"sum_sq": 95.91601163548732, "df": 2.0, "F": 0.3435151710625556, "pvalue": 0.7155200285135019, "tukey_hsd": {"groups": ["A12", "B1-8", "PBS"], "pvalues": [[1.0, 0.8879951583579316, 0.9168170358617241], [0.8879951583579316, 1.0, 0.6929727918869082], [0.9168170358617241, 0.6929727918869082, 1.0]]}}, "Ig_treated": {"sum_sq": 65.5435090985966, "df": 1.0, "F": 0.4972690908379315, "pvalue": 0.49226907205190795}, "A12_treated": {"sum_sq": 0.22274664548782694, "df": 1.0, "F": 0.0016321700814023023, "pvalue": 0.9683446219698005}, "Batch": {"sum_sq": 1.4316065850352293, "df": 1.0, "F": 0.010496700253501074, "pvalue": 0.9198498200009512}, "Quant": {"sum_sq": 310.69109648927144, "df": 1.0, "F": 2.718293368840646, "pvalue": 0.12145404295956023}}, "9": {"Mouse_ID": {}, "Treatment": {"sum_sq": 503.83679328493315, "df": 2.0, "F": 2.8425714425089135, "pvalue": 0.09460302835857369, "tukey_hsd": {"groups": ["A12", "B1-8", "PBS"], "pvalues": [[1.0, 0.9995651243576358, 0.12612345740322684], [0.9995651243576358, 1.0, 0.14002144713320352], [0.12612345740322684, 0.14002144713320352, 1.0]]}}, "Ig_treated": {"sum_sq": 503.76687147856967, "df": 1.0, "F": 6.121240400124523, "pvalue": 0.02677122663441712}, "A12_treated": {"sum_sq": 132.15536809423622, "df": 1.0, "F": 1.2141963025492086, "pvalue": 0.289086197232241}, "Batch": {"sum_sq": 1.5741409768735308, "df": 1.0, "F": 0.013321090518056957, "pvalue": 0.9097536930274007}, "Quant": {"sum_sq": 77.26631490149228, "df": 1.0, "F": 0.6852128970368057, "pvalue": 0.42168431506652104}}, "10": {"Mouse_ID": {}, "Treatment": {"sum_sq": 58.14244930174285, "df": 2.0, "F": 0.27908231596185207, "pvalue": 0.7608970843112791, "tukey_hsd": {"groups": ["A12", "B1-8", "PBS"], "pvalues": [[1.0, 0.8241775921144896, 0.7837026106265473], [0.8241775921144896, 1.0, 0.9971914181321727], [0.7837026106265473, 0.9971914181321727, 1.0]]}}, "Ig_treated": {"sum_sq": 21.027576001905278, "df": 1.0, "F": 0.21159238905274622, "pvalue": 0.652584819121315}, "A12_treated": {"sum_sq": 57.61093213474743, "df": 1.0, "F": 0.5953716462868791, "pvalue": 0.45317726365484523}, "Batch": {"sum_sq": 7.553942927131855, "df": 1.0, "F": 0.07528334954009037, "pvalue": 0.787801176322753}, "Quant": {"sum_sq": 3.5991334764198357, "df": 1.0, "F": 0.035768624667205415, "pvalue": 0.8527084895634572}}}