{"1": {"Mouse_ID": {}, "Treatment": {"sum_sq": 421.2699474733047, "df": 2.0, "F": 0.24279818079254264, "pvalue": 0.7879084749225229, "tukey_hsd": {"groups": ["A12", "B1-8", "PBS"], "pvalues": [[1.0, 0.7827087227422274, 0.9883200979765195], [0.7827087227422274, 1.0, 0.8703034393701293], [0.9883200979765195, 0.8703034393701293, 1.0]]}}, "Ig_treated": {"sum_sq": 27.991169301518337, "df": 1.0, "F": 0.033576404895907394, "pvalue": 0.8572380031603041}, "A12_treated": {"sum_sq": 200.1996339264883, "df": 1.0, "F": 0.24374302559469146, "pvalue": 0.6291706877629748}, "TMT": {"sum_sq": 70.97758812814011, "df": 1.0, "F": 0.08545488684942781, "pvalue": 0.7743243057135402}, "Quant": {"sum_sq": 5.083621266356575, "df": 1.0, "F": 0.006086039497944303, "pvalue": 0.9389216889279062}}, "2": {"Mouse_ID": {}, "Treatment": {"sum_sq": 2389.952675167933, "df": 2.0, "F": 2.535551567677105, "pvalue": 0.11755239197904033, "tukey_hsd": {"groups": ["A12", "B1-8", "PBS"], "pvalues": [[1.0, 0.10624225114541219, 0.8054582462852948], [0.10624225114541219, 1.0, 0.31697161472760804], [0.8054582462852948, 0.31697161472760804, 1.0]]}}, "Ig_treated": {"sum_sq": 82.9590571251333, "df": 1.0, "F": 0.13771188139352333, "pvalue": 0.7161216920291533}, "A12_treated": {"sum_sq": 1310.7677866141148, "df": 1.0, "F": 2.546615736491487, "pvalue": 0.1328500928139592}, "TMT": {"sum_sq": 233.58798864225716, "df": 1.0, "F": 0.39480698760762056, "pvalue": 0.5398993306382271}, "Quant": {"sum_sq": 275.3097293659251, "df": 1.0, "F": 0.46768014831089844, "pvalue": 0.5052189568073346}}, "3": {"Mouse_ID": {}, "Treatment": {"sum_sq": 2734.852539745774, "df": 2.0, "F": 4.572472003587563, "pvalue": 0.03135790048990493, "tukey_hsd": {"groups": ["A12", "B1-8", "PBS"], "pvalues": [[1.0, 0.6912880949208885, 0.027469696438409574], [0.6912880949208885, 1.0, 0.1404927026496091], [0.027469696438409574, 0.1404927026496091, 1.0]]}}, "Ig_treated": {"sum_sq": 2528.4675089295356, "df": 1.0, "F": 8.646199616810527, "pvalue": 0.010747269972771666}, "A12_treated": {"sum_sq": 1483.1241954669385, "df": 1.0, "F": 4.040062783535472, "pvalue": 0.06410874191896979}, "TMT": {"sum_sq": 2.462375075733029, "df": 1.0, "F": 0.005207344367321501, "pvalue": 0.9434938316056436}, "Quant": {"sum_sq": 2726.419722297572, "df": 1.0, "F": 9.796784001770773, "pvalue": 0.007379475242576704}}, "4": {"Mouse_ID": {}, "Treatment": {"sum_sq": 32.678368444304596, "df": 2.0, "F": 0.05263913532297988, "pvalue": 0.9489234622089892, "tukey_hsd": {"groups": ["A12", "B1-8", "PBS"], "pvalues": [[1.0, 0.9449280353412216, 0.9810465459825147], [0.9449280353412216, 1.0, 0.9908609159976788], [0.9810465459825147, 0.9908609159976788, 1.0]]}}, "Ig_treated": {"sum_sq": 0.6388497983661579, "df": 1.0, "F": 0.002199009665613766, "pvalue": 0.963260400072086}, "A12_treated": {"sum_sq": 27.50551667561852, "df": 1.0, "F": 0.09530737067902638, "pvalue": 0.7620815185515806}, "TMT": {"sum_sq": 1.4163756786063166, "df": 1.0, "F": 0.00487629384185394, "pvalue": 0.9453162494288408}, "Quant": {"sum_sq": 28.49489984500887, "df": 1.0, "F": 0.09875979426594497, "pvalue": 0.7579572674528079}}, "5": {"Mouse_ID": {}, "Treatment": {"sum_sq": 905.2413831985298, "df": 2.0, "F": 2.791387375520778, "pvalue": 0.09804221910652608, "tukey_hsd": {"groups": ["A12", "B1-8", "PBS"], "pvalues": [[1.0, 0.10926687823974746, 0.9733796701815196], [0.10926687823974746, 1.0, 0.18062280222661853], [0.9733796701815196, 0.18062280222661853, 1.0]]}}, "Ig_treated": {"sum_sq": 123.29694556383335, "df": 1.0, "F": 0.5973107268867666, "pvalue": 0.4524575822803254}, "A12_treated": {"sum_sq": 325.7420501832914, "df": 1.0, "F": 1.6969289609284148, "pvalue": 0.2137114345314298}, "TMT": {"sum_sq": 18.095620641548244, "df": 1.0, "F": 0.08458486832221988, "pvalue": 0.7754417102309802}, "Quant": {"sum_sq": 29.976829724393035, "df": 1.0, "F": 0.14067960058523318, "pvalue": 0.7132273290967159}}, "6": {"Mouse_ID": {}, "Treatment": {"sum_sq": 809.8500589468089, "df": 2.0, "F": 2.4053627592132516, "pvalue": 0.12918179652699652, "tukey_hsd": {"groups": ["A12", "B1-8", "PBS"], "pvalues": [[1.0, 0.4644331098956418, 0.11255705585396236], [0.4644331098956418, 1.0, 0.6373984039226234], [0.11255705585396236, 0.6373984039226234, 1.0]]}}, "Ig_treated": {"sum_sq": 560.515308492197, "df": 1.0, "F": 3.218988852433589, "pvalue": 0.09440628017555681}, "A12_treated": {"sum_sq": 667.1897868702828, "df": 1.0, "F": 4.00694969880378, "pvalue": 0.06508155899673612}, "TMT": {"sum_sq": 49.592422377929225, "df": 1.0, "F": 0.23545671294938475, "pvalue": 0.6350122044156432}, "Quant": {"sum_sq": 607.6020960608072, "df": 1.0, "F": 3.5581306337228447, "pvalue": 0.08017125629603929}}, "7": {"Mouse_ID": {}, "Treatment": {"sum_sq": 247.72152281915643, "df": 2.0, "F": 0.7747331098581804, "pvalue": 0.4809787579615425, "tukey_hsd": {"groups": ["A12", "B1-8", "PBS"], "pvalues": [[1.0, 0.46578072322757647, 0.9488416156638012], [0.46578072322757647, 1.0, 0.6697464502637126], [0.9488416156638012, 0.6697464502637126, 1.0]]}}, "Ig_treated": {"sum_sq": 11.878469102957824, "df": 1.0, "F": 0.07185934741027954, "pvalue": 0.7925578122376902}, "A12_treated": {"sum_sq": 127.6169040817018, "df": 1.0, "F": 0.8126672980502612, "pvalue": 0.3825797855736709}, "TMT": {"sum_sq": 1.9036693809075438, "df": 1.0, "F": 0.011466910982126856, "pvalue": 0.9162420121292933}, "Quant": {"sum_sq": 4.798550613053445, "df": 1.0, "F": 0.02894051562702014, "pvalue": 0.8673503539362146}}, "8": {"Mouse_ID": {}, "Treatment": {"sum_sq": 95.9160116354871, "df": 2.0, "F": 0.34351517106255514, "pvalue": 0.7155200285135019, "tukey_hsd": {"groups": ["A12", "B1-8", "PBS"], "pvalues": [[1.0, 0.8879951583579323, 0.9168170358617237], [0.8879951583579323, 1.0, 0.6929727918869084], [0.9168170358617237, 0.6929727918869084, 1.0]]}}, "Ig_treated": {"sum_sq": 65.54350909859659, "df": 1.0, "F": 0.49726909083793197, "pvalue": 0.49226907205190795}, "A12_treated": {"sum_sq": 0.22274664548780868, "df": 1.0, "F": 0.0016321700814021696, "pvalue": 0.9683446219698005}, "TMT": {"sum_sq": 1.4316065850353556, "df": 1.0, "F": 0.010496700253502009, "pvalue": 0.9198498200009512}, "Quant": {"sum_sq": 310.69109648927025, "df": 1.0, "F": 2.718293368840636, "pvalue": 0.12145404295956092}}, "9": {"Mouse_ID": {}, "Treatment": {"sum_sq": 503.8367932849302, "df": 2.0, "F": 2.8425714425089095, "pvalue": 0.09460302835857398, "tukey_hsd": {"groups": ["A12", "B1-8", "PBS"], "pvalues": [[1.0, 0.9995651243576357, 0.12612345740322728], [0.9995651243576357, 1.0, 0.14002144713320352], [0.12612345740322728, 0.14002144713320352, 1.0]]}}, "Ig_treated": {"sum_sq": 503.7668714785665, "df": 1.0, "F": 6.1212404001245115, "pvalue": 0.026771226634417226}, "A12_treated": {"sum_sq": 132.1553680942348, "df": 1.0, "F": 1.214196302549201, "pvalue": 0.2890861972322423}, "TMT": {"sum_sq": 1.5741409768735422, "df": 1.0, "F": 0.013321090518057119, "pvalue": 0.9097536930274007}, "Quant": {"sum_sq": 77.26631490149161, "df": 1.0, "F": 0.685212897036803, "pvalue": 0.42168431506652215}}, "10": {"Mouse_ID": {}, "Treatment": {"sum_sq": 58.14244930174409, "df": 2.0, "F": 0.2790823159618586, "pvalue": 0.7608970843112746, "tukey_hsd": {"groups": ["A12", "B1-8", "PBS"], "pvalues": [[1.0, 0.8241775921144847, 0.7837026106265438], [0.8241775921144847, 1.0, 0.9971914181321729], [0.7837026106265438, 0.9971914181321729, 1.0]]}}, "Ig_treated": {"sum_sq": 21.027576001905466, "df": 1.0, "F": 0.2115923890527485, "pvalue": 0.6525848191213138}, "A12_treated": {"sum_sq": 57.61093213474877, "df": 1.0, "F": 0.5953716462868943, "pvalue": 0.4531772636548397}, "TMT": {"sum_sq": 7.553942927131489, "df": 1.0, "F": 0.07528334954008682, "pvalue": 0.7878011763227574}, "Quant": {"sum_sq": 3.5991334764199103, "df": 1.0, "F": 0.035768624667206206, "pvalue": 0.8527084895634572}}}