{"1": {"Mouse_ID": {}, "Treatment": {"sum_sq": 421.2699474733088, "df": 2.0, "F": 0.24279818079254398, "pvalue": 0.7879084749225217, "tukey_hsd": {"groups": ["A12", "B1-8", "PBS"], "pvalues": [[1.0, 0.7827087227422265, 0.9883200979765194], [0.7827087227422265, 1.0, 0.870303439370129], [0.9883200979765194, 0.870303439370129, 1.0]]}}, "Ig_treated": {"sum_sq": 27.991169301518433, "df": 1.0, "F": 0.033576404895907366, "pvalue": 0.8572380031603041}, "A12_treated": {"sum_sq": 200.1996339264902, "df": 1.0, "F": 0.24374302559469277, "pvalue": 0.6291706877629737}, "Batch": {"sum_sq": 70.97758812814028, "df": 1.0, "F": 0.08545488684942763, "pvalue": 0.7743243057135402}, "Quant": {"sum_sq": 5.083621266356557, "df": 1.0, "F": 0.006086039497944254, "pvalue": 0.9389216889279062}}, "2": {"Mouse_ID": {}, "Treatment": {"sum_sq": 2389.9526751679305, "df": 2.0, "F": 2.5355515676771048, "pvalue": 0.11755239197904033, "tukey_hsd": {"groups": ["A12", "B1-8", "PBS"], "pvalues": [[1.0, 0.10624225114541153, 0.8054582462852874], [0.10624225114541153, 1.0, 0.3169716147276128], [0.8054582462852874, 0.3169716147276128, 1.0]]}}, "Ig_treated": {"sum_sq": 82.95905712512763, "df": 1.0, "F": 0.13771188139351395, "pvalue": 0.7161216920291626}, "A12_treated": {"sum_sq": 1310.767786614128, "df": 1.0, "F": 2.5466157364915203, "pvalue": 0.1328500928139566}, "Batch": {"sum_sq": 233.5879886422572, "df": 1.0, "F": 0.39480698760762095, "pvalue": 0.5398993306382263}, "Quant": {"sum_sq": 275.30972936591473, "df": 1.0, "F": 0.46768014831088084, "pvalue": 0.5052189568073421}}, "3": {"Mouse_ID": {}, "Treatment": {"sum_sq": 2734.8525397457747, "df": 2.0, "F": 4.5724720035875555, "pvalue": 0.03135790048990505, "tukey_hsd": {"groups": ["A12", "B1-8", "PBS"], "pvalues": [[1.0, 0.6912880949208948, 0.027469696438409796], [0.6912880949208948, 1.0, 0.14049270264960723], [0.027469696438409796, 0.14049270264960723, 1.0]]}}, "Ig_treated": {"sum_sq": 2528.4675089295447, "df": 1.0, "F": 8.646199616810552, "pvalue": 0.010747269972771577}, "A12_treated": {"sum_sq": 1483.124195466931, "df": 1.0, "F": 4.040062783535436, "pvalue": 0.06410874191897084}, "Batch": {"sum_sq": 2.4623750757327856, "df": 1.0, "F": 0.005207344367320977, "pvalue": 0.9434938316056436}, "Quant": {"sum_sq": 2726.4197222975854, "df": 1.0, "F": 9.796784001770824, "pvalue": 0.007379475242576588}}, "4": {"Mouse_ID": {}, "Treatment": {"sum_sq": 32.67836844430564, "df": 2.0, "F": 0.052639135322981596, "pvalue": 0.948923462208987, "tukey_hsd": {"groups": ["A12", "B1-8", "PBS"], "pvalues": [[1.0, 0.9449280353412196, 0.9810465459825147], [0.9449280353412196, 1.0, 0.9908609159976779], [0.9810465459825147, 0.9908609159976779, 1.0]]}}, "Ig_treated": {"sum_sq": 0.6388497983660735, "df": 1.0, "F": 0.0021990096656134763, "pvalue": 0.963260400072086}, "A12_treated": {"sum_sq": 27.50551667561911, "df": 1.0, "F": 0.09530737067902845, "pvalue": 0.7620815185515787}, "Batch": {"sum_sq": 1.4163756786062913, "df": 1.0, "F": 0.004876293841853854, "pvalue": 0.9453162494288408}, "Quant": {"sum_sq": 28.49489984500861, "df": 1.0, "F": 0.09875979426594408, "pvalue": 0.7579572674528079}}, "5": {"Mouse_ID": {}, "Treatment": {"sum_sq": 905.2413831985334, "df": 2.0, "F": 2.791387375520797, "pvalue": 0.09804221910652476, "tukey_hsd": {"groups": ["A12", "B1-8", "PBS"], "pvalues": [[1.0, 0.10926687823974479, 0.9733796701815141], [0.10926687823974479, 1.0, 0.18062280222662064], [0.9733796701815141, 0.18062280222662064, 1.0]]}}, "Ig_treated": {"sum_sq": 123.29694556382775, "df": 1.0, "F": 0.5973107268867389, "pvalue": 0.45245758228033484}, "A12_treated": {"sum_sq": 325.7420501833011, "df": 1.0, "F": 1.6969289609284728, "pvalue": 0.2137114345314223}, "Batch": {"sum_sq": 18.09562064154766, "df": 1.0, "F": 0.0845848683222172, "pvalue": 0.7754417102309823}, "Quant": {"sum_sq": 29.976829724390218, "df": 1.0, "F": 0.14067960058521994, "pvalue": 0.7132273290967298}}, "6": {"Mouse_ID": {}, "Treatment": {"sum_sq": 809.8500589468023, "df": 2.0, "F": 2.4053627592132236, "pvalue": 0.12918179652699907, "tukey_hsd": {"groups": ["A12", "B1-8", "PBS"], "pvalues": [[1.0, 0.464433109895659, 0.11255705585396403], [0.464433109895659, 1.0, 0.6373984039226104], [0.11255705585396403, 0.6373984039226104, 1.0]]}}, "Ig_treated": {"sum_sq": 560.515308492203, "df": 1.0, "F": 3.218988852433629, "pvalue": 0.09440628017555507}, "A12_treated": {"sum_sq": 667.1897868702692, "df": 1.0, "F": 4.006949698803674, "pvalue": 0.06508155899673923}, "Batch": {"sum_sq": 49.5924223779299, "df": 1.0, "F": 0.23545671294938791, "pvalue": 0.635012204415641}, "Quant": {"sum_sq": 607.6020960608092, "df": 1.0, "F": 3.55813063372286, "pvalue": 0.08017125629603855}}, "7": {"Mouse_ID": {}, "Treatment": {"sum_sq": 247.7215228191587, "df": 2.0, "F": 0.7747331098581879, "pvalue": 0.4809787579615394, "tukey_hsd": {"groups": ["A12", "B1-8", "PBS"], "pvalues": [[1.0, 0.4657807232275736, 0.9488416156638013], [0.4657807232275736, 1.0, 0.6697464502637094], [0.9488416156638013, 0.6697464502637094, 1.0]]}}, "Ig_treated": {"sum_sq": 11.878469102958096, "df": 1.0, "F": 0.07185934741028115, "pvalue": 0.792557812237688}, "A12_treated": {"sum_sq": 127.61690408170251, "df": 1.0, "F": 0.8126672980502655, "pvalue": 0.3825797855736699}, "Batch": {"sum_sq": 1.9036693809075529, "df": 1.0, "F": 0.011466910982126906, "pvalue": 0.9162420121292933}, "Quant": {"sum_sq": 4.798550613053436, "df": 1.0, "F": 0.02894051562702008, "pvalue": 0.8673503539362146}}, "8": {"Mouse_ID": {}, "Treatment": {"sum_sq": 95.91601163548756, "df": 2.0, "F": 0.343515171062557, "pvalue": 0.7155200285135008, "tukey_hsd": {"groups": ["A12", "B1-8", "PBS"], "pvalues": [[1.0, 0.8879951583579311, 0.9168170358617238], [0.8879951583579311, 1.0, 0.6929727918869069], [0.9168170358617238, 0.6929727918869069, 1.0]]}}, "Ig_treated": {"sum_sq": 65.5435090985968, "df": 1.0, "F": 0.49726909083793386, "pvalue": 0.49226907205190706}, "A12_treated": {"sum_sq": 0.22274664548782744, "df": 1.0, "F": 0.001632170081402308, "pvalue": 0.9683446219698005}, "Batch": {"sum_sq": 1.4316065850352062, "df": 1.0, "F": 0.010496700253500918, "pvalue": 0.9198498200009512}, "Quant": {"sum_sq": 310.69109648927036, "df": 1.0, "F": 2.7182933688406385, "pvalue": 0.12145404295956092}}, "9": {"Mouse_ID": {}, "Treatment": {"sum_sq": 503.83679328492934, "df": 2.0, "F": 2.8425714425088913, "pvalue": 0.09460302835857516, "tukey_hsd": {"groups": ["A12", "B1-8", "PBS"], "pvalues": [[1.0, 0.9995651243576358, 0.12612345740322817], [0.9995651243576358, 1.0, 0.1400214471332054], [0.12612345740322817, 0.1400214471332054, 1.0]]}}, "Ig_treated": {"sum_sq": 503.76687147856626, "df": 1.0, "F": 6.121240400124479, "pvalue": 0.026771226634417594}, "A12_treated": {"sum_sq": 132.15536809423563, "df": 1.0, "F": 1.2141963025492053, "pvalue": 0.2890861972322416}, "Batch": {"sum_sq": 1.5741409768734282, "df": 1.0, "F": 0.013321090518056116, "pvalue": 0.9097536930274007}, "Quant": {"sum_sq": 77.26631490149138, "df": 1.0, "F": 0.6852128970367989, "pvalue": 0.42168431506652326}}, "10": {"Mouse_ID": {}, "Treatment": {"sum_sq": 58.14244930174405, "df": 2.0, "F": 0.2790823159618588, "pvalue": 0.7608970843112739, "tukey_hsd": {"groups": ["A12", "B1-8", "PBS"], "pvalues": [[1.0, 0.8241775921144878, 0.7837026106265415], [0.8241775921144878, 1.0, 0.9971914181321722], [0.7837026106265415, 0.9971914181321722, 1.0]]}}, "Ig_treated": {"sum_sq": 21.027576001906137, "df": 1.0, "F": 0.21159238905275563, "pvalue": 0.6525848191213091}, "A12_treated": {"sum_sq": 57.61093213474857, "df": 1.0, "F": 0.595371646286893, "pvalue": 0.45317726365484035}, "Batch": {"sum_sq": 7.553942927131635, "df": 1.0, "F": 0.07528334954008838, "pvalue": 0.7878011763227553}, "Quant": {"sum_sq": 3.5991334764197207, "df": 1.0, "F": 0.03576862466720437, "pvalue": 0.8527084895634605}}}