{"1": {"Mouse_ID": {}, "Treatment": {"sum_sq": 421.2699474733063, "df": 2.0, "F": 0.2427981807925426, "pvalue": 0.7879084749225229, "tukey_hsd": {"groups": ["A12", "B1-8", "PBS"], "pvalues": [[1.0, 0.7827087227422275, 0.9883200979765195], [0.7827087227422275, 1.0, 0.8703034393701293], [0.9883200979765195, 0.8703034393701293, 1.0]]}}, "Ig_treated": {"sum_sq": 27.99116930151839, "df": 1.0, "F": 0.033576404895907325, "pvalue": 0.8572380031603041}, "A12_treated": {"sum_sq": 200.19963392648893, "df": 1.0, "F": 0.24374302559469124, "pvalue": 0.6291706877629748}, "Batch": {"sum_sq": 70.97758812814023, "df": 1.0, "F": 0.0854548868494276, "pvalue": 0.7743243057135402}, "Quant": {"sum_sq": 5.083621266356575, "df": 1.0, "F": 0.006086039497944279, "pvalue": 0.9389216889279062}}, "2": {"Mouse_ID": {}, "Treatment": {"sum_sq": 2389.9526751679387, "df": 2.0, "F": 2.5355515676771057, "pvalue": 0.11755239197904033, "tukey_hsd": {"groups": ["A12", "B1-8", "PBS"], "pvalues": [[1.0, 0.10624225114541164, 0.8054582462852911], [0.10624225114541164, 1.0, 0.3169716147276104], [0.8054582462852911, 0.3169716147276104, 1.0]]}}, "Ig_treated": {"sum_sq": 82.95905712513068, "df": 1.0, "F": 0.13771188139351864, "pvalue": 0.716121692029158}, "A12_treated": {"sum_sq": 1310.7677866141255, "df": 1.0, "F": 2.546615736491505, "pvalue": 0.13285009281395785}, "Batch": {"sum_sq": 233.58798864225813, "df": 1.0, "F": 0.39480698760762134, "pvalue": 0.5398993306382263}, "Quant": {"sum_sq": 275.30972936592104, "df": 1.0, "F": 0.46768014831089033, "pvalue": 0.5052189568073384}}, "3": {"Mouse_ID": {}, "Treatment": {"sum_sq": 2734.852539745777, "df": 2.0, "F": 4.572472003587554, "pvalue": 0.031357900489905124, "tukey_hsd": {"groups": ["A12", "B1-8", "PBS"], "pvalues": [[1.0, 0.6912880949208934, 0.027469696438409907], [0.6912880949208934, 1.0, 0.14049270264960811], [0.027469696438409907, 0.14049270264960811, 1.0]]}}, "Ig_treated": {"sum_sq": 2528.467508929544, "df": 1.0, "F": 8.646199616810536, "pvalue": 0.01074726997277165}, "A12_treated": {"sum_sq": 1483.1241954669335, "df": 1.0, "F": 4.040062783535443, "pvalue": 0.0641087419189706}, "Batch": {"sum_sq": 2.46237507573284, "df": 1.0, "F": 0.005207344367321089, "pvalue": 0.9434938316056436}, "Quant": {"sum_sq": 2726.4197222975804, "df": 1.0, "F": 9.796784001770783, "pvalue": 0.007379475242576693}}, "4": {"Mouse_ID": {}, "Treatment": {"sum_sq": 32.67836844430525, "df": 2.0, "F": 0.052639135322980896, "pvalue": 0.9489234622089885, "tukey_hsd": {"groups": ["A12", "B1-8", "PBS"], "pvalues": [[1.0, 0.9449280353412204, 0.981046545982515], [0.9449280353412204, 1.0, 0.9908609159976781], [0.981046545982515, 0.9908609159976781, 1.0]]}}, "Ig_treated": {"sum_sq": 0.6388497983660683, "df": 1.0, "F": 0.002199009665613456, "pvalue": 0.963260400072086}, "A12_treated": {"sum_sq": 27.50551667561877, "df": 1.0, "F": 0.09530737067902717, "pvalue": 0.7620815185515806}, "Batch": {"sum_sq": 1.416375678606342, "df": 1.0, "F": 0.004876293841854023, "pvalue": 0.9453162494288408}, "Quant": {"sum_sq": 28.49489984500851, "df": 1.0, "F": 0.09875979426594364, "pvalue": 0.7579572674528098}}, "5": {"Mouse_ID": {}, "Treatment": {"sum_sq": 905.2413831985596, "df": 2.0, "F": 2.7913873755209218, "pvalue": 0.09804221910651617, "tukey_hsd": {"groups": ["A12", "B1-8", "PBS"], "pvalues": [[1.0, 0.1092668782397237, 0.9733796701814712], [0.1092668782397237, 1.0, 0.18062280222663885], [0.9733796701814712, 0.18062280222663885, 1.0]]}}, "Ig_treated": {"sum_sq": 123.29694556378493, "df": 1.0, "F": 0.5973107268865239, "pvalue": 0.452457582280415}, "A12_treated": {"sum_sq": 325.7420501833755, "df": 1.0, "F": 1.6969289609289124, "pvalue": 0.21371143453136623}, "Batch": {"sum_sq": 18.095620641542535, "df": 1.0, "F": 0.08458486832219328, "pvalue": 0.7754417102310126}, "Quant": {"sum_sq": 29.976829724368088, "df": 1.0, "F": 0.1406796005851154, "pvalue": 0.7132273290968312}}, "6": {"Mouse_ID": {}, "Treatment": {"sum_sq": 809.8500589467748, "df": 2.0, "F": 2.405362759213117, "pvalue": 0.12918179652700917, "tukey_hsd": {"groups": ["A12", "B1-8", "PBS"], "pvalues": [[1.0, 0.4644331098957567, 0.11255705585396947], [0.4644331098957567, 1.0, 0.6373984039225244], [0.11255705585396947, 0.6373984039225244, 1.0]]}}, "Ig_treated": {"sum_sq": 560.5153084922448, "df": 1.0, "F": 3.218988852433932, "pvalue": 0.09440628017554106}, "A12_treated": {"sum_sq": 667.1897868701957, "df": 1.0, "F": 4.006949698803115, "pvalue": 0.0650815589967558}, "Batch": {"sum_sq": 49.5924223779347, "df": 1.0, "F": 0.2354567129494115, "pvalue": 0.6350122044156239}, "Quant": {"sum_sq": 607.6020960608314, "df": 1.0, "F": 3.5581306337230307, "pvalue": 0.08017125629603211}}, "7": {"Mouse_ID": {}, "Treatment": {"sum_sq": 247.7215228191585, "df": 2.0, "F": 0.7747331098581866, "pvalue": 0.48097875796153977, "tukey_hsd": {"groups": ["A12", "B1-8", "PBS"], "pvalues": [[1.0, 0.4657807232275748, 0.9488416156638033], [0.4657807232275748, 1.0, 0.6697464502637072], [0.9488416156638033, 0.6697464502637072, 1.0]]}}, "Ig_treated": {"sum_sq": 11.878469102958594, "df": 1.0, "F": 0.07185934741028414, "pvalue": 0.7925578122376857}, "A12_treated": {"sum_sq": 127.61690408170125, "df": 1.0, "F": 0.8126672980502563, "pvalue": 0.38257978557367234}, "Batch": {"sum_sq": 1.9036693809075873, "df": 1.0, "F": 0.011466910982127106, "pvalue": 0.9162420121292933}, "Quant": {"sum_sq": 4.798550613053051, "df": 1.0, "F": 0.028940515627017726, "pvalue": 0.8673503539362216}}, "8": {"Mouse_ID": {}, "Treatment": {"sum_sq": 95.91601163548509, "df": 2.0, "F": 0.34351517106254875, "pvalue": 0.7155200285135063, "tukey_hsd": {"groups": ["A12", "B1-8", "PBS"], "pvalues": [[1.0, 0.8879951583579335, 0.9168170358617257], [0.8879951583579335, 1.0, 0.6929727918869129], [0.9168170358617257, 0.6929727918869129, 1.0]]}}, "Ig_treated": {"sum_sq": 65.54350909859512, "df": 1.0, "F": 0.4972690908379223, "pvalue": 0.49226907205191217}, "A12_treated": {"sum_sq": 0.2227466454878213, "df": 1.0, "F": 0.0016321700814022682, "pvalue": 0.9683446219698005}, "Batch": {"sum_sq": 1.4316065850352042, "df": 1.0, "F": 0.010496700253500937, "pvalue": 0.9198498200009512}, "Quant": {"sum_sq": 310.69109648926866, "df": 1.0, "F": 2.718293368840632, "pvalue": 0.12145404295956119}}, "9": {"Mouse_ID": {}, "Treatment": {"sum_sq": 503.83679328493133, "df": 2.0, "F": 2.8425714425089095, "pvalue": 0.09460302835857398, "tukey_hsd": {"groups": ["A12", "B1-8", "PBS"], "pvalues": [[1.0, 0.9995651243576358, 0.12612345740322684], [0.9995651243576358, 1.0, 0.14002144713320386], [0.12612345740322684, 0.14002144713320386, 1.0]]}}, "Ig_treated": {"sum_sq": 503.7668714785682, "df": 1.0, "F": 6.121240400124517, "pvalue": 0.02677122663441719}, "A12_treated": {"sum_sq": 132.15536809423585, "df": 1.0, "F": 1.2141963025492084, "pvalue": 0.289086197232241}, "Batch": {"sum_sq": 1.5741409768734969, "df": 1.0, "F": 0.013321090518056699, "pvalue": 0.9097536930274007}, "Quant": {"sum_sq": 77.26631490149315, "df": 1.0, "F": 0.6852128970368154, "pvalue": 0.42168431506651705}}, "10": {"Mouse_ID": {}, "Treatment": {"sum_sq": 58.14244930174424, "df": 2.0, "F": 0.27908231596186006, "pvalue": 0.7608970843112733, "tukey_hsd": {"groups": ["A12", "B1-8", "PBS"], "pvalues": [[1.0, 0.8241775921144854, 0.7837026106265421], [0.8241775921144854, 1.0, 0.9971914181321726], [0.7837026106265421, 0.9971914181321726, 1.0]]}}, "Ig_treated": {"sum_sq": 21.027576001905803, "df": 1.0, "F": 0.21159238905275235, "pvalue": 0.6525848191213114}, "A12_treated": {"sum_sq": 57.610932134748836, "df": 1.0, "F": 0.5953716462868964, "pvalue": 0.453177263654839}, "Batch": {"sum_sq": 7.55394292713171, "df": 1.0, "F": 0.0752833495400892, "pvalue": 0.787801176322753}, "Quant": {"sum_sq": 3.5991334764198113, "df": 1.0, "F": 0.03576862466720529, "pvalue": 0.8527084895634572}}}