{"1": {"Mouse_ID": {}, "Treatment": {"sum_sq": 421.2699474733087, "df": 2.0, "F": 0.2427981807925441, "pvalue": 0.7879084749225217, "tukey_hsd": {"groups": ["A12", "B1-8", "PBS"], "pvalues": [[1.0, 0.7827087227422261, 0.9883200979765194], [0.7827087227422261, 1.0, 0.8703034393701287], [0.9883200979765194, 0.8703034393701287, 1.0]]}}, "Ig_treated": {"sum_sq": 27.991169301518447, "df": 1.0, "F": 0.033576404895907394, "pvalue": 0.8572380031603041}, "A12_treated": {"sum_sq": 200.1996339264904, "df": 1.0, "F": 0.24374302559469313, "pvalue": 0.6291706877629737}, "Batch": {"sum_sq": 70.97758812814052, "df": 1.0, "F": 0.085454886849428, "pvalue": 0.7743243057135402}, "Quant": {"sum_sq": 5.083621266356519, "df": 1.0, "F": 0.006086039497944213, "pvalue": 0.9389216889279062}}, "2": {"Mouse_ID": {}, "Treatment": {"sum_sq": 2389.9526751679327, "df": 2.0, "F": 2.5355515676771048, "pvalue": 0.11755239197904033, "tukey_hsd": {"groups": ["A12", "B1-8", "PBS"], "pvalues": [[1.0, 0.1062422511454113, 0.8054582462852855], [0.1062422511454113, 1.0, 0.3169716147276137], [0.8054582462852855, 0.3169716147276137, 1.0]]}}, "Ig_treated": {"sum_sq": 82.95905712512638, "df": 1.0, "F": 0.1377118813935117, "pvalue": 0.7161216920291642}, "A12_treated": {"sum_sq": 1310.7677866141337, "df": 1.0, "F": 2.5466157364915296, "pvalue": 0.13285009281395616}, "Batch": {"sum_sq": 233.58798864225687, "df": 1.0, "F": 0.3948069876076199, "pvalue": 0.5398993306382271}, "Quant": {"sum_sq": 275.30972936591235, "df": 1.0, "F": 0.467680148310876, "pvalue": 0.505218956807345}}, "3": {"Mouse_ID": {}, "Treatment": {"sum_sq": 2734.8525397457684, "df": 2.0, "F": 4.572472003587547, "pvalue": 0.03135790048990524, "tukey_hsd": {"groups": ["A12", "B1-8", "PBS"], "pvalues": [[1.0, 0.691288094920898, 0.027469696438409907], [0.691288094920898, 1.0, 0.14049270264960678], [0.027469696438409907, 0.14049270264960678, 1.0]]}}, "Ig_treated": {"sum_sq": 2528.4675089295415, "df": 1.0, "F": 8.646199616810552, "pvalue": 0.010747269972771577}, "A12_treated": {"sum_sq": 1483.1241954669235, "df": 1.0, "F": 4.040062783535417, "pvalue": 0.06410874191897135}, "Batch": {"sum_sq": 2.462375075732664, "df": 1.0, "F": 0.005207344367320728, "pvalue": 0.9434938316056436}, "Quant": {"sum_sq": 2726.4197222975804, "df": 1.0, "F": 9.796784001770817, "pvalue": 0.007379475242576611}}, "4": {"Mouse_ID": {}, "Treatment": {"sum_sq": 32.67836844430464, "df": 2.0, "F": 0.052639135322980035, "pvalue": 0.9489234622089885, "tukey_hsd": {"groups": ["A12", "B1-8", "PBS"], "pvalues": [[1.0, 0.9449280353412214, 0.9810465459825151], [0.9449280353412214, 1.0, 0.9908609159976784], [0.9810465459825151, 0.9908609159976784, 1.0]]}}, "Ig_treated": {"sum_sq": 0.6388497983660881, "df": 1.0, "F": 0.002199009665613529, "pvalue": 0.963260400072086}, "A12_treated": {"sum_sq": 27.50551667561835, "df": 1.0, "F": 0.09530737067902592, "pvalue": 0.7620815185515845}, "Batch": {"sum_sq": 1.4163756786063377, "df": 1.0, "F": 0.00487629384185402, "pvalue": 0.9453162494288408}, "Quant": {"sum_sq": 28.494899845008607, "df": 1.0, "F": 0.09875979426594418, "pvalue": 0.7579572674528079}}, "5": {"Mouse_ID": {}, "Treatment": {"sum_sq": 905.2413831985305, "df": 2.0, "F": 2.7913873755207965, "pvalue": 0.09804221910652476, "tukey_hsd": {"groups": ["A12", "B1-8", "PBS"], "pvalues": [[1.0, 0.10926687823974535, 0.9733796701815163], [0.10926687823974535, 1.0, 0.18062280222661897], [0.9733796701815163, 0.18062280222661897, 1.0]]}}, "Ig_treated": {"sum_sq": 123.29694556383002, "df": 1.0, "F": 0.5973107268867522, "pvalue": 0.4524575822803304}, "A12_treated": {"sum_sq": 325.7420501832965, "df": 1.0, "F": 1.6969289609284517, "pvalue": 0.213711434531425}, "Batch": {"sum_sq": 18.095620641547736, "df": 1.0, "F": 0.0845848683222178, "pvalue": 0.7754417102309823}, "Quant": {"sum_sq": 29.976829724391198, "df": 1.0, "F": 0.14067960058522505, "pvalue": 0.7132273290967253}}, "6": {"Mouse_ID": {}, "Treatment": {"sum_sq": 809.850058946801, "df": 2.0, "F": 2.405362759213232, "pvalue": 0.12918179652699818, "tukey_hsd": {"groups": ["A12", "B1-8", "PBS"], "pvalues": [[1.0, 0.464433109895653, 0.1125570558539637], [0.464433109895653, 1.0, 0.6373984039226155], [0.1125570558539637, 0.6373984039226155, 1.0]]}}, "Ig_treated": {"sum_sq": 560.515308492198, "df": 1.0, "F": 3.2189888524336108, "pvalue": 0.09440628017555583}, "A12_treated": {"sum_sq": 667.189786870271, "df": 1.0, "F": 4.006949698803709, "pvalue": 0.06508155899673818}, "Batch": {"sum_sq": 49.59242237792956, "df": 1.0, "F": 0.23545671294938733, "pvalue": 0.635012204415641}, "Quant": {"sum_sq": 607.6020960608051, "df": 1.0, "F": 3.5581306337228487, "pvalue": 0.0801712562960391}}, "7": {"Mouse_ID": {}, "Treatment": {"sum_sq": 247.72152281915675, "df": 2.0, "F": 0.7747331098581824, "pvalue": 0.4809787579615417, "tukey_hsd": {"groups": ["A12", "B1-8", "PBS"], "pvalues": [[1.0, 0.4657807232275757, 0.9488416156638014], [0.4657807232275757, 1.0, 0.6697464502637115], [0.9488416156638014, 0.6697464502637115, 1.0]]}}, "Ig_treated": {"sum_sq": 11.87846910295792, "df": 1.0, "F": 0.07185934741028017, "pvalue": 0.7925578122376902}, "A12_treated": {"sum_sq": 127.61690408170178, "df": 1.0, "F": 0.8126672980502616, "pvalue": 0.3825797855736709}, "Batch": {"sum_sq": 1.9036693809075724, "df": 1.0, "F": 0.01146691098212704, "pvalue": 0.9162420121292933}, "Quant": {"sum_sq": 4.798550613053263, "df": 1.0, "F": 0.028940515627019076, "pvalue": 0.8673503539362181}}, "8": {"Mouse_ID": {}, "Treatment": {"sum_sq": 95.91601163548498, "df": 2.0, "F": 0.3435151710625478, "pvalue": 0.7155200285135068, "tukey_hsd": {"groups": ["A12", "B1-8", "PBS"], "pvalues": [[1.0, 0.8879951583579335, 0.9168170358617262], [0.8879951583579335, 1.0, 0.6929727918869136], [0.9168170358617262, 0.6929727918869136, 1.0]]}}, "Ig_treated": {"sum_sq": 65.54350909859488, "df": 1.0, "F": 0.4972690908379196, "pvalue": 0.4922690720519136}, "A12_treated": {"sum_sq": 0.22274664548783304, "df": 1.0, "F": 0.001632170081402352, "pvalue": 0.9683446219698005}, "Batch": {"sum_sq": 1.4316065850351936, "df": 1.0, "F": 0.010496700253500841, "pvalue": 0.9198498200009512}, "Quant": {"sum_sq": 310.6910964892694, "df": 1.0, "F": 2.7182933688406345, "pvalue": 0.12145404295956119}}, "9": {"Mouse_ID": {}, "Treatment": {"sum_sq": 503.8367932849314, "df": 2.0, "F": 2.8425714425089184, "pvalue": 0.0946030283585734, "tukey_hsd": {"groups": ["A12", "B1-8", "PBS"], "pvalues": [[1.0, 0.9995651243576356, 0.12612345740322684], [0.9995651243576356, 1.0, 0.14002144713320241], [0.12612345740322684, 0.14002144713320241, 1.0]]}}, "Ig_treated": {"sum_sq": 503.76687147856825, "df": 1.0, "F": 6.121240400124537, "pvalue": 0.02677122663441696}, "A12_treated": {"sum_sq": 132.15536809423483, "df": 1.0, "F": 1.2141963025492004, "pvalue": 0.2890861972322423}, "Batch": {"sum_sq": 1.5741409768734438, "df": 1.0, "F": 0.01332109051805628, "pvalue": 0.9097536930274007}, "Quant": {"sum_sq": 77.26631490149323, "df": 1.0, "F": 0.6852128970368176, "pvalue": 0.4216843150665165}}, "10": {"Mouse_ID": {}, "Treatment": {"sum_sq": 58.142449301743575, "df": 2.0, "F": 0.2790823159618564, "pvalue": 0.7608970843112757, "tukey_hsd": {"groups": ["A12", "B1-8", "PBS"], "pvalues": [[1.0, 0.8241775921144882, 0.7837026106265436], [0.8241775921144882, 1.0, 0.9971914181321724], [0.7837026106265436, 0.9971914181321724, 1.0]]}}, "Ig_treated": {"sum_sq": 21.027576001905782, "df": 1.0, "F": 0.2115923890527519, "pvalue": 0.6525848191213114}, "A12_treated": {"sum_sq": 57.610932134748204, "df": 1.0, "F": 0.5953716462868888, "pvalue": 0.45317726365484157}, "Batch": {"sum_sq": 7.553942927131657, "df": 1.0, "F": 0.07528334954008857, "pvalue": 0.7878011763227553}, "Quant": {"sum_sq": 3.5991334764198464, "df": 1.0, "F": 0.0357686246672056, "pvalue": 0.8527084895634572}}}