{"1": {"Mouse_ID": {}, "Treatment": {"sum_sq": 421.2699474733064, "df": 2.0, "F": 0.24279818079254278, "pvalue": 0.7879084749225229, "tukey_hsd": {"groups": ["A12", "B1-8", "PBS"], "pvalues": [[1.0, 0.7827087227422271, 0.9883200979765192], [0.7827087227422271, 1.0, 0.87030343937013], [0.9883200979765192, 0.87030343937013, 1.0]]}}, "Ig_treated": {"sum_sq": 27.99116930151782, "df": 1.0, "F": 0.03357640489590666, "pvalue": 0.8572380031603041}, "A12_treated": {"sum_sq": 200.19963392649007, "df": 1.0, "F": 0.2437430255946927, "pvalue": 0.6291706877629737}, "Batch": {"sum_sq": 70.97758812814021, "df": 1.0, "F": 0.08545488684942763, "pvalue": 0.7743243057135402}, "Quant": {"sum_sq": 5.083621266356837, "df": 1.0, "F": 0.006086039497944595, "pvalue": 0.9389216889279062}}, "2": {"Mouse_ID": {}, "Treatment": {"sum_sq": 2389.9526751679327, "df": 2.0, "F": 2.5355515676771065, "pvalue": 0.1175523919790402, "tukey_hsd": {"groups": ["A12", "B1-8", "PBS"], "pvalues": [[1.0, 0.1062422511454113, 0.8054582462852875], [0.1062422511454113, 1.0, 0.31697161472761226], [0.8054582462852875, 0.31697161472761226, 1.0]]}}, "Ig_treated": {"sum_sq": 82.95905712512793, "df": 1.0, "F": 0.13771188139351437, "pvalue": 0.7161216920291626}, "A12_treated": {"sum_sq": 1310.7677866141287, "df": 1.0, "F": 2.54661573649152, "pvalue": 0.1328500928139566}, "Batch": {"sum_sq": 233.58798864225787, "df": 1.0, "F": 0.39480698760762184, "pvalue": 0.5398993306382263}, "Quant": {"sum_sq": 275.30972936591536, "df": 1.0, "F": 0.46768014831088167, "pvalue": 0.5052189568073421}}, "3": {"Mouse_ID": {}, "Treatment": {"sum_sq": 2734.8525397457643, "df": 2.0, "F": 4.572472003587555, "pvalue": 0.03135790048990508, "tukey_hsd": {"groups": ["A12", "B1-8", "PBS"], "pvalues": [[1.0, 0.6912880949208957, 0.027469696438409907], [0.6912880949208957, 1.0, 0.140492702649607], [0.027469696438409907, 0.140492702649607, 1.0]]}}, "Ig_treated": {"sum_sq": 2528.467508929535, "df": 1.0, "F": 8.646199616810552, "pvalue": 0.010747269972771577}, "A12_treated": {"sum_sq": 1483.1241954669242, "df": 1.0, "F": 4.040062783535434, "pvalue": 0.06410874191897098}, "Batch": {"sum_sq": 2.4623750757328406, "df": 1.0, "F": 0.0052073443673211145, "pvalue": 0.9434938316056436}, "Quant": {"sum_sq": 2726.4197222975736, "df": 1.0, "F": 9.796784001770819, "pvalue": 0.007379475242576611}}, "4": {"Mouse_ID": {}, "Treatment": {"sum_sq": 32.67836844430554, "df": 2.0, "F": 0.05263913532298157, "pvalue": 0.948923462208987, "tukey_hsd": {"groups": ["A12", "B1-8", "PBS"], "pvalues": [[1.0, 0.9449280353412197, 0.9810465459825146], [0.9449280353412197, 1.0, 0.990860915997678], [0.9810465459825146, 0.990860915997678, 1.0]]}}, "Ig_treated": {"sum_sq": 0.6388497983660814, "df": 1.0, "F": 0.0021990096656135092, "pvalue": 0.963260400072086}, "A12_treated": {"sum_sq": 27.505516675619045, "df": 1.0, "F": 0.09530737067902847, "pvalue": 0.7620815185515787}, "Batch": {"sum_sq": 1.4163756786063442, "df": 1.0, "F": 0.0048762938418540494, "pvalue": 0.9453162494288408}, "Quant": {"sum_sq": 28.494899845008536, "df": 1.0, "F": 0.09875979426594408, "pvalue": 0.7579572674528079}}, "5": {"Mouse_ID": {}, "Treatment": {"sum_sq": 905.2413831985357, "df": 2.0, "F": 2.7913873755208147, "pvalue": 0.09804221910652355, "tukey_hsd": {"groups": ["A12", "B1-8", "PBS"], "pvalues": [[1.0, 0.10926687823974235, 0.9733796701815093], [0.10926687823974235, 1.0, 0.1806228022266222], [0.9733796701815093, 0.1806228022266222, 1.0]]}}, "Ig_treated": {"sum_sq": 123.29694556382303, "df": 1.0, "F": 0.5973107268867163, "pvalue": 0.4524575822803435}, "A12_treated": {"sum_sq": 325.7420501833091, "df": 1.0, "F": 1.6969289609285234, "pvalue": 0.21371143453141583}, "Batch": {"sum_sq": 18.095620641547107, "df": 1.0, "F": 0.08458486832221475, "pvalue": 0.7754417102309843}, "Quant": {"sum_sq": 29.97682972438802, "df": 1.0, "F": 0.1406796005852098, "pvalue": 0.713227329096739}}, "6": {"Mouse_ID": {}, "Treatment": {"sum_sq": 809.8500589467955, "df": 2.0, "F": 2.405362759213203, "pvalue": 0.12918179652700112, "tukey_hsd": {"groups": ["A12", "B1-8", "PBS"], "pvalues": [[1.0, 0.4644331098956711, 0.11255705585396547], [0.4644331098956711, 1.0, 0.6373984039226022], [0.11255705585396547, 0.6373984039226022, 1.0]]}}, "Ig_treated": {"sum_sq": 560.5153084922043, "df": 1.0, "F": 3.2189888524336485, "pvalue": 0.09440628017555419}, "A12_treated": {"sum_sq": 667.1897868702575, "df": 1.0, "F": 4.006949698803595, "pvalue": 0.06508155899674163}, "Batch": {"sum_sq": 49.592422377930504, "df": 1.0, "F": 0.23545671294939136, "pvalue": 0.6350122044156388}, "Quant": {"sum_sq": 607.602096060809, "df": 1.0, "F": 3.558130633722868, "pvalue": 0.08017125629603826}}, "7": {"Mouse_ID": {}, "Treatment": {"sum_sq": 247.72152281915973, "df": 2.0, "F": 0.7747331098581921, "pvalue": 0.48097875796153744, "tukey_hsd": {"groups": ["A12", "B1-8", "PBS"], "pvalues": [[1.0, 0.46578072322757147, 0.9488416156637998], [0.46578072322757147, 1.0, 0.6697464502637096], [0.9488416156637998, 0.6697464502637096, 1.0]]}}, "Ig_treated": {"sum_sq": 11.8784691029578, "df": 1.0, "F": 0.07185934741027943, "pvalue": 0.7925578122376902}, "A12_treated": {"sum_sq": 127.61690408170384, "df": 1.0, "F": 0.812667298050275, "pvalue": 0.38257978557366684}, "Batch": {"sum_sq": 1.9036693809075336, "df": 1.0, "F": 0.011466910982126802, "pvalue": 0.9162420121292933}, "Quant": {"sum_sq": 4.798550613053386, "df": 1.0, "F": 0.028940515627019804, "pvalue": 0.8673503539362146}}, "8": {"Mouse_ID": {}, "Treatment": {"sum_sq": 95.91601163548525, "df": 2.0, "F": 0.3435151710625486, "pvalue": 0.7155200285135063, "tukey_hsd": {"groups": ["A12", "B1-8", "PBS"], "pvalues": [[1.0, 0.8879951583579342, 0.9168170358617254], [0.8879951583579342, 1.0, 0.6929727918869131], [0.9168170358617254, 0.6929727918869131, 1.0]]}}, "Ig_treated": {"sum_sq": 65.54350909859524, "df": 1.0, "F": 0.4972690908379222, "pvalue": 0.49226907205191284}, "A12_treated": {"sum_sq": 0.22274664548780912, "df": 1.0, "F": 0.0016321700814021756, "pvalue": 0.9683446219698005}, "Batch": {"sum_sq": 1.4316065850351631, "df": 1.0, "F": 0.010496700253500614, "pvalue": 0.9198498200009512}, "Quant": {"sum_sq": 310.69109648926997, "df": 1.0, "F": 2.7182933688406385, "pvalue": 0.12145404295956092}}, "9": {"Mouse_ID": {}, "Treatment": {"sum_sq": 503.8367932849326, "df": 2.0, "F": 2.8425714425089192, "pvalue": 0.0946030283585733, "tukey_hsd": {"groups": ["A12", "B1-8", "PBS"], "pvalues": [[1.0, 0.9995651243576358, 0.12612345740322606], [0.9995651243576358, 1.0, 0.14002144713320297], [0.12612345740322606, 0.14002144713320297, 1.0]]}}, "Ig_treated": {"sum_sq": 503.7668714785694, "df": 1.0, "F": 6.121240400124539, "pvalue": 0.02677122663441696}, "A12_treated": {"sum_sq": 132.1553680942364, "df": 1.0, "F": 1.2141963025492135, "pvalue": 0.2890861972322399}, "Batch": {"sum_sq": 1.574140976873451, "df": 1.0, "F": 0.013321090518056314, "pvalue": 0.9097536930274007}, "Quant": {"sum_sq": 77.26631490149275, "df": 1.0, "F": 0.6852128970368118, "pvalue": 0.42168431506651927}}, "10": {"Mouse_ID": {}, "Treatment": {"sum_sq": 58.142449301744335, "df": 2.0, "F": 0.27908231596186023, "pvalue": 0.7608970843112733, "tukey_hsd": {"groups": ["A12", "B1-8", "PBS"], "pvalues": [[1.0, 0.824177592114484, 0.7837026106265426], [0.824177592114484, 1.0, 0.9971914181321728], [0.7837026106265426, 0.9971914181321728, 1.0]]}}, "Ig_treated": {"sum_sq": 21.027576001905572, "df": 1.0, "F": 0.21159238905274982, "pvalue": 0.6525848191213126}, "A12_treated": {"sum_sq": 57.61093213474898, "df": 1.0, "F": 0.5953716462868973, "pvalue": 0.45317726365483835}, "Batch": {"sum_sq": 7.55394292713126, "df": 1.0, "F": 0.07528334954008462, "pvalue": 0.7878011763227595}, "Quant": {"sum_sq": 3.5991334764197913, "df": 1.0, "F": 0.03576862466720507, "pvalue": 0.8527084895634605}}}