{"1": {"Mouse_ID": {}, "Treatment": {"sum_sq": 421.26994747330696, "df": 2.0, "F": 0.24279818079254334, "pvalue": 0.7879084749225223, "tukey_hsd": {"groups": ["A12", "B1-8", "PBS"], "pvalues": [[1.0, 0.782708722742227, 0.9883200979765194], [0.782708722742227, 1.0, 0.8703034393701294], [0.9883200979765194, 0.8703034393701294, 1.0]]}}, "Ig_treated": {"sum_sq": 27.99116930151813, "df": 1.0, "F": 0.033576404895907054, "pvalue": 0.8572380031603041}, "A12_treated": {"sum_sq": 200.19963392648953, "df": 1.0, "F": 0.24374302559469233, "pvalue": 0.6291706877629737}, "TMT": {"sum_sq": 70.97758812814003, "df": 1.0, "F": 0.08545488684942748, "pvalue": 0.7743243057135402}, "Quant": {"sum_sq": 5.08362126635666, "df": 1.0, "F": 0.006086039497944389, "pvalue": 0.9389216889279062}}, "2": {"Mouse_ID": {}, "Treatment": {"sum_sq": 2389.952675167932, "df": 2.0, "F": 2.5355515676771128, "pvalue": 0.11755239197903973, "tukey_hsd": {"groups": ["A12", "B1-8", "PBS"], "pvalues": [[1.0, 0.10624225114541097, 0.8054582462852864], [0.10624225114541097, 1.0, 0.31697161472761226], [0.8054582462852864, 0.31697161472761226, 1.0]]}}, "Ig_treated": {"sum_sq": 82.95905712512727, "df": 1.0, "F": 0.1377118813935136, "pvalue": 0.7161216920291626}, "A12_treated": {"sum_sq": 1310.7677866141296, "df": 1.0, "F": 2.546615736491529, "pvalue": 0.13285009281395616}, "TMT": {"sum_sq": 233.58798864225696, "df": 1.0, "F": 0.3948069876076213, "pvalue": 0.5398993306382263}, "Quant": {"sum_sq": 275.309729365914, "df": 1.0, "F": 0.46768014831088034, "pvalue": 0.5052189568073427}}, "3": {"Mouse_ID": {}, "Treatment": {"sum_sq": 2734.852539745764, "df": 2.0, "F": 4.572472003587562, "pvalue": 0.03135790048990497, "tukey_hsd": {"groups": ["A12", "B1-8", "PBS"], "pvalues": [[1.0, 0.6912880949208945, 0.027469696438409796], [0.6912880949208945, 1.0, 0.14049270264960723], [0.027469696438409796, 0.14049270264960723, 1.0]]}}, "Ig_treated": {"sum_sq": 2528.467508929532, "df": 1.0, "F": 8.646199616810554, "pvalue": 0.010747269972771563}, "A12_treated": {"sum_sq": 1483.1241954669247, "df": 1.0, "F": 4.040062783535441, "pvalue": 0.06410874191897076}, "TMT": {"sum_sq": 2.46237507573273, "df": 1.0, "F": 0.005207344367320886, "pvalue": 0.9434938316056436}, "Quant": {"sum_sq": 2726.4197222975713, "df": 1.0, "F": 9.796784001770826, "pvalue": 0.007379475242576588}}, "4": {"Mouse_ID": {}, "Treatment": {"sum_sq": 32.67836844430581, "df": 2.0, "F": 0.05263913532298184, "pvalue": 0.9489234622089864, "tukey_hsd": {"groups": ["A12", "B1-8", "PBS"], "pvalues": [[1.0, 0.9449280353412195, 0.9810465459825142], [0.9449280353412195, 1.0, 0.9908609159976782], [0.9810465459825142, 0.9908609159976782, 1.0]]}}, "Ig_treated": {"sum_sq": 0.6388497983661382, "df": 1.0, "F": 0.0021990096656136974, "pvalue": 0.963260400072086}, "A12_treated": {"sum_sq": 27.505516675619415, "df": 1.0, "F": 0.09530737067902946, "pvalue": 0.7620815185515787}, "TMT": {"sum_sq": 1.4163756786063126, "df": 1.0, "F": 0.0048762938418539245, "pvalue": 0.9453162494288408}, "Quant": {"sum_sq": 28.49489984500899, "df": 1.0, "F": 0.09875979426594535, "pvalue": 0.7579572674528079}}, "5": {"Mouse_ID": {}, "Treatment": {"sum_sq": 905.2413831985282, "df": 2.0, "F": 2.791387375520771, "pvalue": 0.09804221910652658, "tukey_hsd": {"groups": ["A12", "B1-8", "PBS"], "pvalues": [[1.0, 0.10926687823975001, 0.9733796701815254], [0.10926687823975001, 1.0, 0.1806228022266152], [0.9733796701815254, 0.1806228022266152, 1.0]]}}, "Ig_treated": {"sum_sq": 123.29694556383932, "df": 1.0, "F": 0.5973107268867969, "pvalue": 0.4524575822803141}, "A12_treated": {"sum_sq": 325.74205018328183, "df": 1.0, "F": 1.6969289609283593, "pvalue": 0.21371143453143676}, "TMT": {"sum_sq": 18.09562064154901, "df": 1.0, "F": 0.08458486832222349, "pvalue": 0.7754417102309742}, "Quant": {"sum_sq": 29.976829724396076, "df": 1.0, "F": 0.14067960058524764, "pvalue": 0.7132273290967022}}, "6": {"Mouse_ID": {}, "Treatment": {"sum_sq": 809.850058946807, "df": 2.0, "F": 2.4053627592132427, "pvalue": 0.1291817965269973, "tukey_hsd": {"groups": ["A12", "B1-8", "PBS"], "pvalues": [[1.0, 0.46443310989563613, 0.11255705585396347], [0.46443310989563613, 1.0, 0.6373984039226324], [0.11255705585396347, 0.6373984039226324, 1.0]]}}, "Ig_treated": {"sum_sq": 560.515308492191, "df": 1.0, "F": 3.218988852433544, "pvalue": 0.09440628017555901}, "A12_treated": {"sum_sq": 667.1897868702857, "df": 1.0, "F": 4.0069496988038, "pvalue": 0.06508155899673551}, "TMT": {"sum_sq": 49.592422377928806, "df": 1.0, "F": 0.2354567129493826, "pvalue": 0.6350122044156445}, "Quant": {"sum_sq": 607.6020960608026, "df": 1.0, "F": 3.55813063372281, "pvalue": 0.0801712562960405}}, "7": {"Mouse_ID": {}, "Treatment": {"sum_sq": 247.72152281915623, "df": 2.0, "F": 0.7747331098581794, "pvalue": 0.4809787579615429, "tukey_hsd": {"groups": ["A12", "B1-8", "PBS"], "pvalues": [[1.0, 0.46578072322757635, 0.9488416156637994], [0.46578072322757635, 1.0, 0.6697464502637155], [0.9488416156637994, 0.6697464502637155, 1.0]]}}, "Ig_treated": {"sum_sq": 11.878469102957311, "df": 1.0, "F": 0.0718593474102764, "pvalue": 0.7925578122376967}, "A12_treated": {"sum_sq": 127.6169040817028, "df": 1.0, "F": 0.8126672980502676, "pvalue": 0.38257978557366884}, "TMT": {"sum_sq": 1.9036693809074314, "df": 1.0, "F": 0.011466910982126178, "pvalue": 0.9162420121292989}, "Quant": {"sum_sq": 4.798550613053899, "df": 1.0, "F": 0.028940515627022878, "pvalue": 0.8673503539362111}}, "8": {"Mouse_ID": {}, "Treatment": {"sum_sq": 95.91601163548746, "df": 2.0, "F": 0.3435151710625566, "pvalue": 0.7155200285135014, "tukey_hsd": {"groups": ["A12", "B1-8", "PBS"], "pvalues": [[1.0, 0.8879951583579307, 0.9168170358617242], [0.8879951583579307, 1.0, 0.6929727918869073], [0.9168170358617242, 0.6929727918869073, 1.0]]}}, "Ig_treated": {"sum_sq": 65.54350909859659, "df": 1.0, "F": 0.49726909083793214, "pvalue": 0.49226907205190795}, "A12_treated": {"sum_sq": 0.22274664548784032, "df": 1.0, "F": 0.0016321700814024022, "pvalue": 0.9683446219698005}, "TMT": {"sum_sq": 1.431606585035319, "df": 1.0, "F": 0.010496700253501745, "pvalue": 0.9198498200009512}, "Quant": {"sum_sq": 310.6910964892699, "df": 1.0, "F": 2.7182933688406337, "pvalue": 0.12145404295956119}}, "9": {"Mouse_ID": {}, "Treatment": {"sum_sq": 503.83679328493133, "df": 2.0, "F": 2.8425714425089117, "pvalue": 0.09460302835857369, "tukey_hsd": {"groups": ["A12", "B1-8", "PBS"], "pvalues": [[1.0, 0.9995651243576358, 0.1261234574032266], [0.9995651243576358, 1.0, 0.14002144713320364], [0.1261234574032266, 0.14002144713320364, 1.0]]}}, "Ig_treated": {"sum_sq": 503.7668714785681, "df": 1.0, "F": 6.12124040012452, "pvalue": 0.02677122663441716}, "A12_treated": {"sum_sq": 132.1553680942362, "df": 1.0, "F": 1.2141963025492122, "pvalue": 0.2890861972322402}, "TMT": {"sum_sq": 1.5741409768734569, "df": 1.0, "F": 0.013321090518056375, "pvalue": 0.9097536930274007}, "Quant": {"sum_sq": 77.2663149014916, "df": 1.0, "F": 0.6852128970368017, "pvalue": 0.42168431506652215}}, "10": {"Mouse_ID": {}, "Treatment": {"sum_sq": 58.14244930174314, "df": 2.0, "F": 0.2790823159618542, "pvalue": 0.7608970843112779, "tukey_hsd": {"groups": ["A12", "B1-8", "PBS"], "pvalues": [[1.0, 0.8241775921144867, 0.783702610626547], [0.8241775921144867, 1.0, 0.997191418132173], [0.783702610626547, 0.997191418132173, 1.0]]}}, "Ig_treated": {"sum_sq": 21.02757600190502, "df": 1.0, "F": 0.2115923890527441, "pvalue": 0.6525848191213187}, "A12_treated": {"sum_sq": 57.61093213474787, "df": 1.0, "F": 0.5953716462868852, "pvalue": 0.4531772636548427}, "TMT": {"sum_sq": 7.553942927131436, "df": 1.0, "F": 0.07528334954008635, "pvalue": 0.7878011763227574}, "Quant": {"sum_sq": 3.5991334764199214, "df": 1.0, "F": 0.035768624667206345, "pvalue": 0.8527084895634572}}}