{"1": {"Mouse_ID": {}, "Treatment": {"sum_sq": 421.2699474733099, "df": 2.0, "F": 0.24279818079254473, "pvalue": 0.7879084749225206, "tukey_hsd": {"groups": ["A12", "B1-8", "PBS"], "pvalues": [[1.0, 0.7827087227422254, 0.988320097976519], [0.7827087227422254, 1.0, 0.8703034393701292], [0.988320097976519, 0.8703034393701292, 1.0]]}}, "Ig_treated": {"sum_sq": 27.991169301517772, "df": 1.0, "F": 0.033576404895906575, "pvalue": 0.8572380031603041}, "A12_treated": {"sum_sq": 200.1996339264924, "df": 1.0, "F": 0.2437430255946955, "pvalue": 0.6291706877629726}, "Batch": {"sum_sq": 70.9775881281408, "df": 1.0, "F": 0.08545488684942829, "pvalue": 0.7743243057135402}, "Quant": {"sum_sq": 5.083621266356856, "df": 1.0, "F": 0.006086039497944614, "pvalue": 0.9389216889279062}}, "2": {"Mouse_ID": {}, "Treatment": {"sum_sq": 2389.9526751679323, "df": 2.0, "F": 2.535551567677107, "pvalue": 0.1175523919790402, "tukey_hsd": {"groups": ["A12", "B1-8", "PBS"], "pvalues": [[1.0, 0.10624225114541108, 0.805458246285284], [0.10624225114541108, 1.0, 0.31697161472761426], [0.805458246285284, 0.31697161472761426, 1.0]]}}, "Ig_treated": {"sum_sq": 82.95905712512531, "df": 1.0, "F": 0.13771188139351004, "pvalue": 0.7161216920291658}, "A12_treated": {"sum_sq": 1310.7677866141366, "df": 1.0, "F": 2.5466157364915394, "pvalue": 0.1328500928139554}, "Batch": {"sum_sq": 233.58798864225807, "df": 1.0, "F": 0.39480698760762245, "pvalue": 0.5398993306382255}, "Quant": {"sum_sq": 275.3097293659099, "df": 1.0, "F": 0.4676801483108721, "pvalue": 0.5052189568073466}}, "3": {"Mouse_ID": {}, "Treatment": {"sum_sq": 2734.852539745761, "df": 2.0, "F": 4.57247200358755, "pvalue": 0.0313579004899052, "tukey_hsd": {"groups": ["A12", "B1-8", "PBS"], "pvalues": [[1.0, 0.6912880949208999, 0.027469696438409907], [0.6912880949208999, 1.0, 0.14049270264960634], [0.027469696438409907, 0.14049270264960634, 1.0]]}}, "Ig_treated": {"sum_sq": 2528.467508929534, "df": 1.0, "F": 8.646199616810557, "pvalue": 0.010747269972771563}, "A12_treated": {"sum_sq": 1483.1241954669151, "df": 1.0, "F": 4.040062783535405, "pvalue": 0.06410874191897181}, "Batch": {"sum_sq": 2.46237507573262, "df": 1.0, "F": 0.005207344367320651, "pvalue": 0.9434938316056436}, "Quant": {"sum_sq": 2726.4197222975736, "df": 1.0, "F": 9.796784001770831, "pvalue": 0.0073794752425765785}}, "4": {"Mouse_ID": {}, "Treatment": {"sum_sq": 32.678368444306244, "df": 2.0, "F": 0.05263913532298246, "pvalue": 0.9489234622089864, "tukey_hsd": {"groups": ["A12", "B1-8", "PBS"], "pvalues": [[1.0, 0.9449280353412188, 0.9810465459825143], [0.9449280353412188, 1.0, 0.9908609159976779], [0.9810465459825143, 0.9908609159976779, 1.0]]}}, "Ig_treated": {"sum_sq": 0.6388497983661064, "df": 1.0, "F": 0.002199009665613585, "pvalue": 0.963260400072086}, "A12_treated": {"sum_sq": 27.505516675619678, "df": 1.0, "F": 0.09530737067903021, "pvalue": 0.7620815185515768}, "Batch": {"sum_sq": 1.4163756786062731, "df": 1.0, "F": 0.00487629384185378, "pvalue": 0.9453162494288408}, "Quant": {"sum_sq": 28.494899845008923, "df": 1.0, "F": 0.09875979426594496, "pvalue": 0.7579572674528079}}, "5": {"Mouse_ID": {}, "Treatment": {"sum_sq": 905.24138319859, "df": 2.0, "F": 2.791387375521047, "pvalue": 0.09804221910650757, "tukey_hsd": {"groups": ["A12", "B1-8", "PBS"], "pvalues": [[1.0, 0.10926687823970305, 0.973379670181431], [0.10926687823970305, 1.0, 0.18062280222665517], [0.973379670181431, 0.18062280222665517, 1.0]]}}, "Ig_treated": {"sum_sq": 123.2969455637456, "df": 1.0, "F": 0.597310726886324, "pvalue": 0.4524575822804888}, "A12_treated": {"sum_sq": 325.7420501834473, "df": 1.0, "F": 1.6969289609293272, "pvalue": 0.21371143453131344}, "Batch": {"sum_sq": 18.095620641538407, "df": 1.0, "F": 0.0845848683221737, "pvalue": 0.775441710231041}, "Quant": {"sum_sq": 29.976829724347997, "df": 1.0, "F": 0.14067960058501985, "pvalue": 0.7132273290969235}}, "6": {"Mouse_ID": {}, "Treatment": {"sum_sq": 809.8500589467476, "df": 2.0, "F": 2.4053627592129976, "pvalue": 0.12918179652702028, "tukey_hsd": {"groups": ["A12", "B1-8", "PBS"], "pvalues": [[1.0, 0.46443310989585174, 0.1125570558539758], [0.46443310989585174, 1.0, 0.6373984039224442], [0.1125570558539758, 0.6373984039224442, 1.0]]}}, "Ig_treated": {"sum_sq": 560.5153084922847, "df": 1.0, "F": 3.218988852434203, "pvalue": 0.09440628017552845}, "A12_treated": {"sum_sq": 667.1897868701252, "df": 1.0, "F": 4.006949698802555, "pvalue": 0.0650815589967725}, "Batch": {"sum_sq": 49.59242237793942, "df": 1.0, "F": 0.23545671294943363, "pvalue": 0.6350122044156077}, "Quant": {"sum_sq": 607.6020960608521, "df": 1.0, "F": 3.558130633723169, "pvalue": 0.08017125629602684}}, "7": {"Mouse_ID": {}, "Treatment": {"sum_sq": 247.72152281915731, "df": 2.0, "F": 0.7747331098581818, "pvalue": 0.4809787579615421, "tukey_hsd": {"groups": ["A12", "B1-8", "PBS"], "pvalues": [[1.0, 0.465780723227576, 0.9488416156638015], [0.465780723227576, 1.0, 0.6697464502637114], [0.9488416156638015, 0.6697464502637114, 1.0]]}}, "Ig_treated": {"sum_sq": 11.878469102957975, "df": 1.0, "F": 0.07185934741028031, "pvalue": 0.7925578122376902}, "A12_treated": {"sum_sq": 127.61690408170197, "df": 1.0, "F": 0.8126672980502607, "pvalue": 0.3825797855736709}, "Batch": {"sum_sq": 1.9036693809075529, "df": 1.0, "F": 0.011466910982126887, "pvalue": 0.9162420121292933}, "Quant": {"sum_sq": 4.798550613053499, "df": 1.0, "F": 0.028940515627020418, "pvalue": 0.8673503539362146}}, "8": {"Mouse_ID": {}, "Treatment": {"sum_sq": 95.91601163549154, "df": 2.0, "F": 0.3435151710625727, "pvalue": 0.71552002851349, "tukey_hsd": {"groups": ["A12", "B1-8", "PBS"], "pvalues": [[1.0, 0.8879951583579313, 0.9168170358617156], [0.8879951583579313, 1.0, 0.6929727918868953], [0.9168170358617156, 0.6929727918868953, 1.0]]}}, "Ig_treated": {"sum_sq": 65.54350909860091, "df": 1.0, "F": 0.49726909083796716, "pvalue": 0.49226907205189285}, "A12_treated": {"sum_sq": 0.22274664548768772, "df": 1.0, "F": 0.0016321700814012875, "pvalue": 0.9683446219698005}, "Batch": {"sum_sq": 1.4316065850351904, "df": 1.0, "F": 0.010496700253500824, "pvalue": 0.9198498200009512}, "Quant": {"sum_sq": 310.69109648927423, "df": 1.0, "F": 2.718293368840686, "pvalue": 0.12145404295955788}}, "9": {"Mouse_ID": {}, "Treatment": {"sum_sq": 503.83679328492565, "df": 2.0, "F": 2.842571442508873, "pvalue": 0.09460302835857634, "tukey_hsd": {"groups": ["A12", "B1-8", "PBS"], "pvalues": [[1.0, 0.999565124357636, 0.12612345740322917], [0.999565124357636, 1.0, 0.14002144713320797], [0.12612345740322917, 0.14002144713320797, 1.0]]}}, "Ig_treated": {"sum_sq": 503.7668714785623, "df": 1.0, "F": 6.121240400124437, "pvalue": 0.026771226634418027}, "A12_treated": {"sum_sq": 132.15536809423585, "df": 1.0, "F": 1.2141963025492115, "pvalue": 0.2890861972322402}, "Batch": {"sum_sq": 1.5741409768734331, "df": 1.0, "F": 0.013321090518056198, "pvalue": 0.9097536930274007}, "Quant": {"sum_sq": 77.26631490148871, "df": 1.0, "F": 0.6852128970367761, "pvalue": 0.4216843150665306}}, "10": {"Mouse_ID": {}, "Treatment": {"sum_sq": 58.14244930174456, "df": 2.0, "F": 0.27908231596186117, "pvalue": 0.7608970843112722, "tukey_hsd": {"groups": ["A12", "B1-8", "PBS"], "pvalues": [[1.0, 0.8241775921144864, 0.7837026106265397], [0.8241775921144864, 1.0, 0.9971914181321722], [0.7837026106265397, 0.9971914181321722, 1.0]]}}, "Ig_treated": {"sum_sq": 21.027576001906343, "df": 1.0, "F": 0.21159238905275757, "pvalue": 0.6525848191213077}, "A12_treated": {"sum_sq": 57.610932134749085, "df": 1.0, "F": 0.5953716462868981, "pvalue": 0.45317726365483835}, "Batch": {"sum_sq": 7.553942927131435, "df": 1.0, "F": 0.07528334954008631, "pvalue": 0.7878011763227574}, "Quant": {"sum_sq": 3.59913347641971, "df": 1.0, "F": 0.03576862466720423, "pvalue": 0.8527084895634605}}}