{"1": {"Mouse_ID": {}, "Treatment": {"sum_sq": 578.9311850672563, "df": 2.0, "F": 0.25224381088661957, "pvalue": 0.780771707648908, "tukey_hsd": {"groups": ["A12", "B1-8", "PBS"], "pvalues": [[1.0, 0.7720371415103408, 0.9836133099787546], [0.7720371415103408, 1.0, 0.8739964457126557], [0.9836133099787546, 0.8739964457126557, 1.0]]}}, "Ig_treated": {"sum_sq": 28.939234522089503, "df": 1.0, "F": 0.026192218500869884, "pvalue": 0.8737442529844781}, "A12_treated": {"sum_sq": 295.51298063296053, "df": 1.0, "F": 0.27215197056471974, "pvalue": 0.6100465138914213}, "TMT": {"sum_sq": 125.6933206742814, "df": 1.0, "F": 0.11447811881962784, "pvalue": 0.7401228888758571}, "Quant": {"sum_sq": 11.316374526165967, "df": 1.0, "F": 0.010230528114833345, "pvalue": 0.9208688033189294}}, "2": {"Mouse_ID": {}, "Treatment": {"sum_sq": 2985.1154412244773, "df": 2.0, "F": 2.339734845737471, "pvalue": 0.13554445936727552, "tukey_hsd": {"groups": ["A12", "B1-8", "PBS"], "pvalues": [[1.0, 0.12448277152385012, 0.8359553673461846], [0.12448277152385012, 1.0, 0.33239553653080844], [0.8359553673461846, 0.33239553653080844, 1.0]]}}, "Ig_treated": {"sum_sq": 121.53821924105804, "df": 1.0, "F": 0.15251507367031822, "pvalue": 0.7020212737356395}, "A12_treated": {"sum_sq": 1590.271277736418, "df": 1.0, "F": 2.2981341550437318, "pvalue": 0.1517797710777561}, "TMT": {"sum_sq": 378.7744031047605, "df": 1.0, "F": 0.4865319033903793, "pvalue": 0.496899730539489}, "Quant": {"sum_sq": 383.45213703100916, "df": 1.0, "F": 0.4927518840981547, "pvalue": 0.4942079345961805}}, "3": {"Mouse_ID": {}, "Treatment": {"sum_sq": 3509.66219269203, "df": 2.0, "F": 4.46195956235676, "pvalue": 0.03347060375107419, "tukey_hsd": {"groups": ["A12", "B1-8", "PBS"], "pvalues": [[1.0, 0.6709363261213279, 0.02890649339451823], [0.6709363261213279, 1.0, 0.15472763195321415], [0.02890649339451823, 0.15472763195321415, 1.0]]}}, "Ig_treated": {"sum_sq": 3215.5606197454977, "df": 1.0, "F": 8.326101876015574, "pvalue": 0.011980407275421347}, "A12_treated": {"sum_sq": 1957.0666739064575, "df": 1.0, "F": 4.110665620906115, "pvalue": 0.06209159048269174}, "TMT": {"sum_sq": 3.226324343266558, "df": 1.0, "F": 0.005240475709263168, "pvalue": 0.9433146935171887}, "Quant": {"sum_sq": 3452.8767595457, "df": 1.0, "F": 9.351022324633613, "pvalue": 0.0085144991232963}}, "4": {"Mouse_ID": {}, "Treatment": {"sum_sq": 36.77246522896537, "df": 2.0, "F": 0.04462538505380848, "pvalue": 0.9565015247073735, "tukey_hsd": {"groups": ["A12", "B1-8", "PBS"], "pvalues": [[1.0, 0.9539648344882087, 0.9812562327089603], [0.9539648344882087, 1.0, 0.9941757526367134], [0.9812562327089603, 0.9941757526367134, 1.0]]}}, "Ig_treated": {"sum_sq": 1.417628112994347, "df": 1.0, "F": 0.0036811114602798467, "pvalue": 0.9524779179977365}, "A12_treated": {"sum_sq": 32.40515543771076, "df": 1.0, "F": 0.0846318916101449, "pvalue": 0.7753811563313663}, "TMT": {"sum_sq": 3.887184427730379, "df": 1.0, "F": 0.010098358128764497, "pvalue": 0.9213797678381965}, "Quant": {"sum_sq": 38.67629117171925, "df": 1.0, "F": 0.10112839768078036, "pvalue": 0.7551736267768739}}, "5": {"Mouse_ID": {}, "Treatment": {"sum_sq": 988.6061693227397, "df": 2.0, "F": 2.0762082249246046, "pvalue": 0.16501265746918792, "tukey_hsd": {"groups": ["A12", "B1-8", "PBS"], "pvalues": [[1.0, 0.8925031889033687, 0.1573885538395754], [0.8925031889033687, 1.0, 0.34308887165152635], [0.1573885538395754, 0.34308887165152635, 1.0]]}}, "Ig_treated": {"sum_sq": 939.0395707651116, "df": 1.0, "F": 4.180672045033655, "pvalue": 0.06016541988250793}, "A12_treated": {"sum_sq": 484.31741363340825, "df": 1.0, "F": 1.8838097236656384, "pvalue": 0.19149112412806088}, "TMT": {"sum_sq": 132.69074751556352, "df": 1.0, "F": 0.47018301741979984, "pvalue": 0.5041002092517483}, "Quant": {"sum_sq": 893.9266288812584, "df": 1.0, "F": 3.9235383039848877, "pvalue": 0.06761090232028939}}, "6": {"Mouse_ID": {}, "Treatment": {"sum_sq": 1310.970995091506, "df": 2.0, "F": 3.1615939588644992, "pvalue": 0.07605359310879195, "tukey_hsd": {"groups": ["A12", "B1-8", "PBS"], "pvalues": [[1.0, 0.06498620874692407, 0.6799473435391057], [0.06498620874692407, 1.0, 0.29079835519080055], [0.6799473435391057, 0.29079835519080055, 1.0]]}}, "Ig_treated": {"sum_sq": 21.08484092533302, "df": 1.0, "F": 0.07407204361576508, "pvalue": 0.7894703262358431}, "A12_treated": {"sum_sq": 796.9555239613893, "df": 1.0, "F": 3.4766053352463286, "pvalue": 0.08334327429098946}, "TMT": {"sum_sq": 7.287621146609895, "df": 1.0, "F": 0.025513426191130617, "pvalue": 0.8753759687641847}, "Quant": {"sum_sq": 2.1036735673310654, "df": 1.0, "F": 0.007355271736888789, "pvalue": 0.932869375427069}}, "7": {"Mouse_ID": {}, "Treatment": {"sum_sq": 383.1233038786774, "df": 2.0, "F": 0.903569314224605, "pvalue": 0.4291107203020772, "tukey_hsd": {"groups": ["A12", "B1-8", "PBS"], "pvalues": [[1.0, 0.40408071557373093, 0.9024184008330824], [0.40408071557373093, 1.0, 0.6744434217887163], [0.9024184008330824, 0.6744434217887163, 1.0]]}}, "Ig_treated": {"sum_sq": 7.849800275608325, "df": 1.0, "F": 0.03509584857196669, "pvalue": 0.8540828621340052}, "A12_treated": {"sum_sq": 226.72263780969493, "df": 1.0, "F": 1.0898360366479465, "pvalue": 0.31419940364635424}, "TMT": {"sum_sq": 4.185720319461251, "df": 1.0, "F": 0.018692158848803573, "pvalue": 0.8931993302186483}, "Quant": {"sum_sq": 19.9169561408447, "df": 1.0, "F": 0.08939165262333959, "pvalue": 0.7693441802913837}}, "8": {"Mouse_ID": {}, "Treatment": {"sum_sq": 158.74099498365462, "df": 2.0, "F": 0.4276014008158127, "pvalue": 0.6609186762018628, "tukey_hsd": {"groups": ["A12", "B1-8", "PBS"], "pvalues": [[1.0, 0.8812057729488079, 0.879794322664821], [0.8812057729488079, 1.0, 0.6348692839219554], [0.879794322664821, 0.6348692839219554, 1.0]]}}, "Ig_treated": {"sum_sq": 115.7232062453302, "df": 1.0, "F": 0.6596462185429836, "pvalue": 0.4302791870162834}, "A12_treated": {"sum_sq": 0.0006025856783748502, "df": 1.0, "F": 3.280303843686302e-06, "pvalue": 0.9985804583490194}, "TMT": {"sum_sq": 1.5873123273442107, "df": 1.0, "F": 0.00864620813980121, "pvalue": 0.927233044819518}, "Quant": {"sum_sq": 433.0477154273614, "df": 1.0, "F": 2.834709099832601, "pvalue": 0.11440317116101928}}, "9": {"Mouse_ID": {}, "Treatment": {"sum_sq": 672.3903218771676, "df": 2.0, "F": 2.813573238518855, "pvalue": 0.09653407664234812, "tukey_hsd": {"groups": ["A12", "B1-8", "PBS"], "pvalues": [[1.0, 0.9999999602215801, 0.1257167428574637], [0.9999999602215801, 1.0, 0.1458438363120398], [0.1257167428574637, 0.1458438363120398, 1.0]]}}, "Ig_treated": {"sum_sq": 672.390313255922, "df": 1.0, "F": 6.0600037870151695, "pvalue": 0.027418917585176766}, "A12_treated": {"sum_sq": 183.31136559848096, "df": 1.0, "F": 1.2565070936602383, "pvalue": 0.2811735543420677}, "TMT": {"sum_sq": 4.1071931951162615, "df": 1.0, "F": 0.025881875601968977, "pvalue": 0.8744875410851577}, "Quant": {"sum_sq": 95.28564116247638, "df": 1.0, "F": 0.6261493003178419, "pvalue": 0.4419718079380627}}, "10": {"Mouse_ID": {}, "Treatment": {"sum_sq": 59.70643972437507, "df": 2.0, "F": 0.20996737191082268, "pvalue": 0.8133063513244934, "tukey_hsd": {"groups": ["A12", "B1-8", "PBS"], "pvalues": [[1.0, 0.8431356176184307, 0.850868572911673], [0.8431356176184307, 1.0, 0.9998802124410912], [0.850868572911673, 0.9998802124410912, 1.0]]}}, "Ig_treated": {"sum_sq": 15.08819911004838, "df": 1.0, "F": 0.11158956172584603, "pvalue": 0.7432928584536806}, "A12_treated": {"sum_sq": 59.67554597833587, "df": 1.0, "F": 0.45199586161810174, "pvalue": 0.5123324092687659}, "TMT": {"sum_sq": 46.888458431069246, "df": 1.0, "F": 0.35270360597351413, "pvalue": 0.562060630168103}, "Quant": {"sum_sq": 4.497923346910407, "df": 1.0, "F": 0.033080746631123266, "pvalue": 0.8582831888972611}}}