{"1": {"Mouse_ID": {}, "Treatment": {"sum_sq": 421.26994747330593, "df": 2.0, "F": 0.24279818079254267, "pvalue": 0.7879084749225229, "tukey_hsd": {"groups": ["A12", "B1-8", "PBS"], "pvalues": [[1.0, 0.7827087227422274, 0.9883200979765195], [0.7827087227422274, 1.0, 0.8703034393701294], [0.9883200979765195, 0.8703034393701294, 1.0]]}}, "Ig_treated": {"sum_sq": 27.991169301518315, "df": 1.0, "F": 0.03357640489590727, "pvalue": 0.8572380031603041}, "A12_treated": {"sum_sq": 200.19963392648893, "df": 1.0, "F": 0.2437430255946915, "pvalue": 0.6291706877629748}, "Batch": {"sum_sq": 70.97758812814, "df": 1.0, "F": 0.08545488684942741, "pvalue": 0.7743243057135402}, "Quant": {"sum_sq": 5.083621266356614, "df": 1.0, "F": 0.00608603949794433, "pvalue": 0.9389216889279062}}, "2": {"Mouse_ID": {}, "Treatment": {"sum_sq": 2389.95267516794, "df": 2.0, "F": 2.5355515676771043, "pvalue": 0.11755239197904056, "tukey_hsd": {"groups": ["A12", "B1-8", "PBS"], "pvalues": [[1.0, 0.1062422511454113, 0.805458246285288], [0.1062422511454113, 1.0, 0.31697161472761204], [0.805458246285288, 0.31697161472761204, 1.0]]}}, "Ig_treated": {"sum_sq": 82.95905712512854, "df": 1.0, "F": 0.13771188139351492, "pvalue": 0.7161216920291626}, "A12_treated": {"sum_sq": 1310.7677866141325, "df": 1.0, "F": 2.546615736491518, "pvalue": 0.1328500928139569}, "Batch": {"sum_sq": 233.58798864225818, "df": 1.0, "F": 0.394806987607621, "pvalue": 0.5398993306382263}, "Quant": {"sum_sq": 275.3097293659176, "df": 1.0, "F": 0.4676801483108838, "pvalue": 0.5052189568073413}}, "3": {"Mouse_ID": {}, "Treatment": {"sum_sq": 2734.8525397457715, "df": 2.0, "F": 4.57247200358755, "pvalue": 0.0313579004899052, "tukey_hsd": {"groups": ["A12", "B1-8", "PBS"], "pvalues": [[1.0, 0.6912880949208946, 0.027469696438409907], [0.6912880949208946, 1.0, 0.14049270264960767], [0.027469696438409907, 0.14049270264960767, 1.0]]}}, "Ig_treated": {"sum_sq": 2528.467508929541, "df": 1.0, "F": 8.64619961681054, "pvalue": 0.01074726997277162}, "A12_treated": {"sum_sq": 1483.1241954669306, "df": 1.0, "F": 4.040062783535437, "pvalue": 0.06410874191897084}, "Batch": {"sum_sq": 2.462375075732841, "df": 1.0, "F": 0.005207344367321098, "pvalue": 0.9434938316056436}, "Quant": {"sum_sq": 2726.419722297581, "df": 1.0, "F": 9.796784001770808, "pvalue": 0.007379475242576621}}, "4": {"Mouse_ID": {}, "Treatment": {"sum_sq": 32.678368444305676, "df": 2.0, "F": 0.05263913532298162, "pvalue": 0.948923462208987, "tukey_hsd": {"groups": ["A12", "B1-8", "PBS"], "pvalues": [[1.0, 0.9449280353412196, 0.9810465459825147], [0.9449280353412196, 1.0, 0.9908609159976779], [0.9810465459825147, 0.9908609159976779, 1.0]]}}, "Ig_treated": {"sum_sq": 0.638849798366059, "df": 1.0, "F": 0.0021990096656134255, "pvalue": 0.963260400072086}, "A12_treated": {"sum_sq": 27.505516675619095, "df": 1.0, "F": 0.09530737067902832, "pvalue": 0.7620815185515787}, "Batch": {"sum_sq": 1.416375678606378, "df": 1.0, "F": 0.004876293841854149, "pvalue": 0.9453162494288408}, "Quant": {"sum_sq": 28.4948998450084, "df": 1.0, "F": 0.09875979426594331, "pvalue": 0.7579572674528098}}, "5": {"Mouse_ID": {}, "Treatment": {"sum_sq": 905.241383198579, "df": 2.0, "F": 2.7913873755209955, "pvalue": 0.0980422191065111, "tukey_hsd": {"groups": ["A12", "B1-8", "PBS"], "pvalues": [[1.0, 0.10926687823971049, 0.9733796701814439], [0.10926687823971049, 1.0, 0.18062280222665128], [0.9733796701814439, 0.18062280222665128, 1.0]]}}, "Ig_treated": {"sum_sq": 123.29694556375783, "df": 1.0, "F": 0.5973107268863853, "pvalue": 0.4524575822804664}, "A12_treated": {"sum_sq": 325.7420501834239, "df": 1.0, "F": 1.696928960929189, "pvalue": 0.2137114345313311}, "Batch": {"sum_sq": 18.09562064153973, "df": 1.0, "F": 0.08458486832217983, "pvalue": 0.7754417102310309}, "Quant": {"sum_sq": 29.97682972435435, "df": 1.0, "F": 0.14067960058504983, "pvalue": 0.7132273290968942}}, "6": {"Mouse_ID": {}, "Treatment": {"sum_sq": 809.8500589467571, "df": 2.0, "F": 2.4053627592130353, "pvalue": 0.12918179652701683, "tukey_hsd": {"groups": ["A12", "B1-8", "PBS"], "pvalues": [[1.0, 0.464433109895821, 0.11255705585397391], [0.464433109895821, 1.0, 0.6373984039224708], [0.11255705585397391, 0.6373984039224708, 1.0]]}}, "Ig_treated": {"sum_sq": 560.515308492272, "df": 1.0, "F": 3.218988852434112, "pvalue": 0.09440628017553268}, "A12_treated": {"sum_sq": 667.1897868701487, "df": 1.0, "F": 4.006949698802736, "pvalue": 0.06508155899676707}, "Batch": {"sum_sq": 49.59242237793808, "df": 1.0, "F": 0.2354567129494271, "pvalue": 0.6350122044156123}, "Quant": {"sum_sq": 607.6020960608449, "df": 1.0, "F": 3.558130633723117, "pvalue": 0.08017125629602888}}, "7": {"Mouse_ID": {}, "Treatment": {"sum_sq": 247.72152281916038, "df": 2.0, "F": 0.7747331098581924, "pvalue": 0.48097875796153744, "tukey_hsd": {"groups": ["A12", "B1-8", "PBS"], "pvalues": [[1.0, 0.4657807232275717, 0.9488416156638019], [0.4657807232275717, 1.0, 0.6697464502637065], [0.9488416156638019, 0.6697464502637065, 1.0]]}}, "Ig_treated": {"sum_sq": 11.878469102958379, "df": 1.0, "F": 0.07185934741028276, "pvalue": 0.7925578122376857}, "A12_treated": {"sum_sq": 127.61690408170287, "df": 1.0, "F": 0.8126672980502666, "pvalue": 0.3825797855736693}, "Batch": {"sum_sq": 1.9036693809076017, "df": 1.0, "F": 0.011466910982127184, "pvalue": 0.9162420121292933}, "Quant": {"sum_sq": 4.798550613053178, "df": 1.0, "F": 0.028940515627018472, "pvalue": 0.8673503539362181}}, "8": {"Mouse_ID": {}, "Treatment": {"sum_sq": 95.91601163548937, "df": 2.0, "F": 0.3435151710625642, "pvalue": 0.7155200285134959, "tukey_hsd": {"groups": ["A12", "B1-8", "PBS"], "pvalues": [[1.0, 0.8879951583579343, 0.9168170358617171], [0.8879951583579343, 1.0, 0.6929727918869015], [0.9168170358617171, 0.6929727918869015, 1.0]]}}, "Ig_treated": {"sum_sq": 65.54350909859957, "df": 1.0, "F": 0.4972690908379563, "pvalue": 0.49226907205189796}, "A12_treated": {"sum_sq": 0.22274664548766987, "df": 1.0, "F": 0.0016321700814011554, "pvalue": 0.9683446219698306}, "Batch": {"sum_sq": 1.4316065850351924, "df": 1.0, "F": 0.01049670025350083, "pvalue": 0.9198498200009512}, "Quant": {"sum_sq": 310.6910964892735, "df": 1.0, "F": 2.718293368840676, "pvalue": 0.12145404295955842}}, "9": {"Mouse_ID": {}, "Treatment": {"sum_sq": 503.83679328492656, "df": 2.0, "F": 2.842571442508882, "pvalue": 0.09460302835857574, "tukey_hsd": {"groups": ["A12", "B1-8", "PBS"], "pvalues": [[1.0, 0.9995651243576359, 0.12612345740322872], [0.9995651243576359, 1.0, 0.1400214471332064], [0.12612345740322872, 0.1400214471332064, 1.0]]}}, "Ig_treated": {"sum_sq": 503.7668714785633, "df": 1.0, "F": 6.1212404001244565, "pvalue": 0.026771226634417826}, "A12_treated": {"sum_sq": 132.1553680942354, "df": 1.0, "F": 1.214196302549207, "pvalue": 0.28908619723224127}, "Batch": {"sum_sq": 1.574140976873458, "df": 1.0, "F": 0.01332109051805641, "pvalue": 0.9097536930274007}, "Quant": {"sum_sq": 77.26631490148984, "df": 1.0, "F": 0.6852128970367866, "pvalue": 0.42168431506652726}}, "10": {"Mouse_ID": {}, "Treatment": {"sum_sq": 58.142449301744605, "df": 2.0, "F": 0.2790823159618623, "pvalue": 0.7608970843112717, "tukey_hsd": {"groups": ["A12", "B1-8", "PBS"], "pvalues": [[1.0, 0.8241775921144845, 0.7837026106265399], [0.8241775921144845, 1.0, 0.9971914181321724], [0.7837026106265399, 0.9971914181321724, 1.0]]}}, "Ig_treated": {"sum_sq": 21.02757600190609, "df": 1.0, "F": 0.2115923890527556, "pvalue": 0.6525848191213091}, "A12_treated": {"sum_sq": 57.61093213474917, "df": 1.0, "F": 0.5953716462869008, "pvalue": 0.4531772636548371}, "Batch": {"sum_sq": 7.553942927131262, "df": 1.0, "F": 0.0752833495400848, "pvalue": 0.7878011763227595}, "Quant": {"sum_sq": 3.5991334764197918, "df": 1.0, "F": 0.03576862466720515, "pvalue": 0.8527084895634572}}}