{"1": {"Seqn": {}, "ID": {}, "Group": {"sum_sq": 578.9311850672462, "df": 2.0, "F": 0.25224381088661607, "pvalue": 0.7807717076489098, "tukey_hsd": {"groups": ["A12", "B1-8", "PBS"], "pvalues": [[1.0, 0.7720371415103435, 0.9836133099787551], [0.7720371415103435, 1.0, 0.8739964457126566], [0.9836133099787551, 0.8739964457126566, 1.0]]}}, "Ig": {"sum_sq": 28.939234522089645, "df": 1.0, "F": 0.026192218500870116, "pvalue": 0.8737442529844781}, "Control": {"sum_sq": 295.5129806329539, "df": 1.0, "F": 0.27215197056471463, "pvalue": 0.6100465138914244}, "TMT": {"sum_sq": 125.69332067427982, "df": 1.0, "F": 0.11447811881962686, "pvalue": 0.7401228888758589}, "Tag": {"sum_sq": 12881.384645579676, "df": 8.0, "F": 4.308794677378476, "pvalue": 0.034856997931817034, "tukey_hsd": {}}, "ID_metabo": {}, "Quant": {"sum_sq": 1121.7739195262134, "df": 1.0, "F": 1.7064626160254057, "pvalue": 0.21408548212961606}}, "2": {"Seqn": {}, "ID": {}, "Group": {"sum_sq": 2985.115441224474, "df": 2.0, "F": 2.3397348457374783, "pvalue": 0.13554445936727486, "tukey_hsd": {"groups": ["A12", "B1-8", "PBS"], "pvalues": [[1.0, 0.1244827715238489, 0.8359553673461779], [0.1244827715238489, 1.0, 0.33239553653081133], [0.8359553673461779, 0.33239553653081133, 1.0]]}}, "Ig": {"sum_sq": 121.53821924105117, "df": 1.0, "F": 0.15251507367031, "pvalue": 0.7020212737356484}, "Control": {"sum_sq": 1590.2712777364338, "df": 1.0, "F": 2.298134155043767, "pvalue": 0.1517797710777535}, "TMT": {"sum_sq": 378.77440310476015, "df": 1.0, "F": 0.4865319033903804, "pvalue": 0.4968997305394882}, "Tag": {"sum_sq": 6051.313940460636, "df": 8.0, "F": 1.0130427966375548, "pvalue": 0.49976512096453846, "tukey_hsd": {}}, "ID_metabo": {}, "Quant": {"sum_sq": 52.221480706536745, "df": 1.0, "F": 0.06088592962577504, "pvalue": 0.8089548167165967}}, "3": {"Seqn": {}, "ID": {}, "Group": {"sum_sq": 3509.662192692035, "df": 2.0, "F": 4.461959562356762, "pvalue": 0.03347060375107415, "tukey_hsd": {"groups": ["A12", "B1-8", "PBS"], "pvalues": [[1.0, 0.670936326121333, 0.02890649339451845], [0.670936326121333, 1.0, 0.1547276319532127], [0.02890649339451845, 0.1547276319532127, 1.0]]}}, "Ig": {"sum_sq": 3215.5606197455054, "df": 1.0, "F": 8.326101876015596, "pvalue": 0.011980407275421254}, "Control": {"sum_sq": 1957.066673906448, "df": 1.0, "F": 4.110665620906085, "pvalue": 0.062091590482692624}, "TMT": {"sum_sq": 3.226324343266292, "df": 1.0, "F": 0.005240475709262731, "pvalue": 0.9433146935171887}, "Tag": {"sum_sq": 7052.20496161499, "df": 8.0, "F": 3.9298948822069395, "pvalue": 0.04388787159468142, "tukey_hsd": {}}, "ID_metabo": {}, "Quant": {"sum_sq": 93.33076098183065, "df": 1.0, "F": 0.14369235951844378, "pvalue": 0.7107567357508804}}, "4": {"Seqn": {}, "ID": {}, "Group": {"sum_sq": 36.77246522896469, "df": 2.0, "F": 0.044625385053807774, "pvalue": 0.9565015247073748, "tukey_hsd": {"groups": ["A12", "B1-8", "PBS"], "pvalues": [[1.0, 0.9539648344882098, 0.9812562327089596], [0.9539648344882098, 1.0, 0.9941757526367142], [0.9812562327089596, 0.9941757526367142, 1.0]]}}, "Ig": {"sum_sq": 1.4176281129946318, "df": 1.0, "F": 0.003681111460280597, "pvalue": 0.9524779179977164}, "Control": {"sum_sq": 32.40515543771068, "df": 1.0, "F": 0.08463189161014494, "pvalue": 0.7753811563313663}, "TMT": {"sum_sq": 3.8871844277304564, "df": 1.0, "F": 0.010098358128764726, "pvalue": 0.9213797678381965}, "Tag": {"sum_sq": 4284.978021226029, "df": 8.0, "F": 3.3840122245752333, "pvalue": 0.06286661203030143, "tukey_hsd": {}}, "ID_metabo": {}, "Quant": {"sum_sq": 52.630922916295575, "df": 1.0, "F": 0.12813442527798058, "pvalue": 0.7261193606166597}}, "5": {"Seqn": {}, "ID": {}, "Group": {"sum_sq": 988.6061693227334, "df": 2.0, "F": 2.0762082249245952, "pvalue": 0.165012657469189, "tukey_hsd": {"groups": ["A12", "B1-8", "PBS"], "pvalues": [[1.0, 0.8925031889033858, 0.15738855383957873], [0.8925031889033858, 1.0, 0.3430888716515148], [0.15738855383957873, 0.3430888716515148, 1.0]]}}, "Ig": {"sum_sq": 939.039570765114, "df": 1.0, "F": 4.180672045033686, "pvalue": 0.060165419882507155}, "Control": {"sum_sq": 484.3174136333866, "df": 1.0, "F": 1.8838097236655489, "pvalue": 0.19149112412807084}, "TMT": {"sum_sq": 132.6907475155645, "df": 1.0, "F": 0.4701830174198048, "pvalue": 0.504100209251746}, "Tag": {"sum_sq": 1366.2666445264572, "df": 8.0, "F": 0.4399403439612531, "pvalue": 0.8636519919801958, "tukey_hsd": {}}, "ID_metabo": {}, "Quant": {"sum_sq": 23.76875827195951, "df": 1.0, "F": 0.0851085886649071, "pvalue": 0.7750934714247061}}, "6": {"Seqn": {}, "ID": {}, "Group": {"sum_sq": 1310.9709950915105, "df": 2.0, "F": 3.1615939588645334, "pvalue": 0.07605359310879015, "tukey_hsd": {"groups": ["A12", "B1-8", "PBS"], "pvalues": [[1.0, 0.06498620874692207, 0.6799473435390833], [0.06498620874692207, 1.0, 0.29079835519080866], [0.6799473435390833, 0.29079835519080866, 1.0]]}}, "Ig": {"sum_sq": 21.084840925328404, "df": 1.0, "F": 0.07407204361574908, "pvalue": 0.7894703262358649}, "Control": {"sum_sq": 796.9555239614098, "df": 1.0, "F": 3.476605335246458, "pvalue": 0.08334327429098445}, "TMT": {"sum_sq": 7.287621146608942, "df": 1.0, "F": 0.02551342619112738, "pvalue": 0.8753759687641922}, "Tag": {"sum_sq": 1971.67882720442, "df": 8.0, "F": 0.8479608837153313, "pvalue": 0.5928000304900122, "tukey_hsd": {}}, "ID_metabo": {}, "Quant": {"sum_sq": 221.04057533256716, "df": 1.0, "F": 0.877986687789616, "pvalue": 0.3658358051446391}}, "7": {"Seqn": {}, "ID": {}, "Group": {"sum_sq": 383.12330387867416, "df": 2.0, "F": 0.9035693142246002, "pvalue": 0.4291107203020786, "tukey_hsd": {"groups": ["A12", "B1-8", "PBS"], "pvalues": [[1.0, 0.40408071557373326, 0.9024184008330853], [0.40408071557373326, 1.0, 0.6744434217887152], [0.9024184008330853, 0.6744434217887152, 1.0]]}}, "Ig": {"sum_sq": 7.849800275608743, "df": 1.0, "F": 0.03509584857196868, "pvalue": 0.854082862134002}, "Control": {"sum_sq": 226.72263780969132, "df": 1.0, "F": 1.089836036647932, "pvalue": 0.31419940364635734}, "TMT": {"sum_sq": 4.185720319461273, "df": 1.0, "F": 0.018692158848803736, "pvalue": 0.8931993302186483}, "Tag": {"sum_sq": 1541.3125431451488, "df": 8.0, "F": 0.8440225277213845, "pvalue": 0.5951906238823113, "tukey_hsd": {}}, "ID_metabo": {}, "Quant": {"sum_sq": 339.6607065375023, "df": 1.0, "F": 1.6331949618644321, "pvalue": 0.22361015491794953}}, "8": {"Seqn": {}, "ID": {}, "Group": {"sum_sq": 158.74099498365376, "df": 2.0, "F": 0.42760140081580855, "pvalue": 0.6609186762018658, "tukey_hsd": {"groups": ["A12", "B1-8", "PBS"], "pvalues": [[1.0, 0.8812057729488091, 0.8797943226648222], [0.8812057729488091, 1.0, 0.6348692839219585], [0.8797943226648222, 0.6348692839219585, 1.0]]}}, "Ig": {"sum_sq": 115.72320624532951, "df": 1.0, "F": 0.6596462185429768, "pvalue": 0.43027918701628576}, "Control": {"sum_sq": 0.0006025856783749768, "df": 1.0, "F": 3.2803038436869795e-06, "pvalue": 0.9985804583490194}, "TMT": {"sum_sq": 1.5873123273443208, "df": 1.0, "F": 0.008646208139801777, "pvalue": 0.927233044819518}, "Tag": {"sum_sq": 1962.6080021394796, "df": 8.0, "F": 2.819068791138131, "pvalue": 0.09490680095970494, "tukey_hsd": {}}, "ID_metabo": {}, "Quant": {"sum_sq": 38.04693654835948, "df": 1.0, "F": 0.2005186675961835, "pvalue": 0.6616737419488361}}, "9": {"Seqn": {}, "ID": {}, "Group": {"sum_sq": 672.3903218771683, "df": 2.0, "F": 2.8135732385188548, "pvalue": 0.09653407664234821, "tukey_hsd": {"groups": ["A12", "B1-8", "PBS"], "pvalues": [[1.0, 0.9999999602215801, 0.12571674285746393], [0.9999999602215801, 1.0, 0.14584383631203968], [0.12571674285746393, 0.14584383631203968, 1.0]]}}, "Ig": {"sum_sq": 672.3903132559232, "df": 1.0, "F": 6.060003787015171, "pvalue": 0.027418917585176766}, "Control": {"sum_sq": 183.3113655984812, "df": 1.0, "F": 1.2565070936602378, "pvalue": 0.2811735543420677}, "TMT": {"sum_sq": 4.107193195116258, "df": 1.0, "F": 0.02588187560196892, "pvalue": 0.8744875410851577}, "Tag": {"sum_sq": 1534.8746559676363, "df": 8.0, "F": 1.9438870452586725,