{"1": {"Seqn": {}, "Group": {"sum_sq": 425.3902139483919, "df": 2.0, "F": 0.24506295041433226, "pvalue": 0.7861904630555497, "tukey_hsd": {"groups": ["A12", "B1-8", "PBS"], "pvalues": [[1.0, 0.7809345118557788, 0.9881871429656417], [0.7809345118557788, 1.0, 0.8692411383672529], [0.9881871429656417, 0.8692411383672529, 1.0]]}}, "Ig-Treated": {"sum_sq": 28.216959665820546, "df": 1.0, "F": 0.033821301456645275, "pvalue": 0.8567245434836094}, "A12-Treated": {"sum_sq": 202.2539464597537, "df": 1.0, "F": 0.2460916593321408, "pvalue": 0.6275377142219383}, "Quant": {"sum_sq": 831.7465018241091, "df": 1.0, "F": 1.6804639813761573, "pvalue": 0.21740345740419312}}, "2": {"Seqn": {}, "Group": {"sum_sq": 2393.409510582303, "df": 2.0, "F": 2.5371194141929254, "pvalue": 0.11741989341986474, "tukey_hsd": {"groups": ["A12", "B1-8", "PBS"], "pvalues": [[1.0, 0.10618387433584942, 0.8063590413561612], [0.10618387433584942, 1.0, 0.3161366739016618], [0.8063590413561612, 0.3161366739016618, 1.0]]}}, "Ig-Treated": {"sum_sq": 83.83388198219912, "df": 1.0, "F": 0.13903793589969213, "pvalue": 0.7148240362433682}, "A12-Treated": {"sum_sq": 1310.6158511535955, "df": 1.0, "F": 2.543257411195248, "pvalue": 0.1330858243666884}, "Quant": {"sum_sq": 34.67962819000249, "df": 1.0, "F": 0.053327824618842265, "pvalue": 0.8209652333284183}}, "3": {"Seqn": {}, "Group": {"sum_sq": 2732.7010173853537, "df": 2.0, "F": 4.565506412197603, "pvalue": 0.03148642882922117, "tukey_hsd": {"groups": ["A12", "B1-8", "PBS"], "pvalues": [[1.0, 0.69058620873448, 0.027566386731366466], [0.69058620873448, 1.0, 0.14117593663131123], [0.027566386731366466, 0.14117593663131123, 1.0]]}}, "Ig-Treated": {"sum_sq": 2525.57822906146, "df": 1.0, "F": 8.62871941615232, "pvalue": 0.010810696120753235}, "A12-Treated": {"sum_sq": 1483.6533900919007, "df": 1.0, "F": 4.041356781511942, "pvalue": 0.06407107810842612}, "Quant": {"sum_sq": 71.45214749477962, "df": 1.0, "F": 0.14349951903762861, "pvalue": 0.7109411513486764}}, "4": {"Seqn": {}, "Group": {"sum_sq": 32.23293356400795, "df": 2.0, "F": 0.05188772488174594, "pvalue": 0.9496310694899784, "tukey_hsd": {"groups": ["A12", "B1-8", "PBS"], "pvalues": [[1.0, 0.9458697234365719, 0.9806958758313715], [0.9458697234365719, 1.0, 0.9914690521856397], [0.9806958758313715, 0.9914690521856397, 1.0]]}}, "Ig-Treated": {"sum_sq": 0.7387932635416111, "df": 1.0, "F": 0.002541722603674017, "pvalue": 0.9605035226891999}, "A12-Treated": {"sum_sq": 27.402862480467544, "df": 1.0, "F": 0.0948978147477903, "pvalue": 0.7625762017169151}, "Quant": {"sum_sq": 40.6620349604592, "df": 1.0, "F": 0.13120786418497962, "pvalue": 0.7230033118244765}}, "5": {"Seqn": {}, "Group": {"sum_sq": 976.0749579366069, "df": 2.0, "F": 3.1080665991171443, "pvalue": 0.0788501978292807, "tukey_hsd": {"groups": ["A12", "B1-8", "PBS"], "pvalues": [[1.0, 0.07087975018646553, 0.7798368372313247], [0.07087975018646553, 1.0, 0.2451966578802145], [0.7798368372313247, 0.2451966578802145, 1.0]]}}, "Ig-Treated": {"sum_sq": 37.1219414379272, "df": 1.0, "F": 0.17438374831633058, "pvalue": 0.6825784732179808}, "A12-Treated": {"sum_sq": 526.7036997045161, "df": 1.0, "F": 2.960591632011465, "pvalue": 0.10733185461509286}, "Quant": {"sum_sq": 162.67840029226605, "df": 1.0, "F": 0.8312920819208832, "pvalue": 0.3784963949598129}}, "6": {"Seqn": {}, "Group": {"sum_sq": 743.1728030617245, "df": 2.0, "F": 2.138960305787819, "pvalue": 0.15737553076355681, "tukey_hsd": {"groups": ["A12", "B1-8", "PBS"], "pvalues": [[1.0, 0.7449934503250762, 0.13801519151512143], [0.7449934503250762, 1.0, 0.44048980945215266], [0.13801519151512143, 0.44048980945215266, 1.0]]}}, "Ig-Treated": {"sum_sq": 648.161526467345, "df": 1.0, "F": 3.8557943508529973, "pvalue": 0.06975156776851027}, "A12-Treated": {"sum_sq": 466.9110771892261, "df": 1.0, "F": 2.5789480002593446, "pvalue": 0.13060666446644625}, "Quant": {"sum_sq": 14.712822524083357, "df": 1.0, "F": 0.07286102035645754, "pvalue": 0.7914532007599544}}, "7": {"Seqn": {}, "Group": {"sum_sq": 248.44773877342698, "df": 2.0, "F": 0.7769691763432115, "pvalue": 0.4800189011375437, "tukey_hsd": {"groups": ["A12", "B1-8", "PBS"], "pvalues": [[1.0, 0.46526664901909087, 0.9498489599573656], [0.46526664901909087, 1.0, 0.6673991020289729], [0.9498489599573656, 0.6673991020289729, 1.0]]}}, "Ig-Treated": {"sum_sq": 12.231686614598805, "df": 1.0, "F": 0.07398122515829757, "pvalue": 0.789596063499776}, "A12-Treated": {"sum_sq": 127.2508770439921, "df": 1.0, "F": 0.8098994428846457, "pvalue": 0.38336907049510155}, "Quant": {"sum_sq": 273.7693449190587, "df": 1.0, "F": 1.8220321499598788, "pvalue": 0.20010765579027062}}, "8": {"Seqn": {}, "Group": {"sum_sq": 101.96175086102014, "df": 2.0, "F": 0.36567428408333164, "pvalue": 0.7006417996867003, "tukey_hsd": {"groups": ["A12", "B1-8", "PBS"], "pvalues": [[1.0, 0.8889109412906679, 0.9044407162249315], [0.8889109412906679, 1.0, 0.6768246835349935], [0.9044407162249315, 0.6768246835349935, 1.0]]}}, "Ig-Treated": {"sum_sq": 71.89705232011609, "df": 1.0, "F": 0.5463083178871596, "pvalue": 0.4720415218813334}, "A12-Treated": {"sum_sq": 0.06145598700205308, "df": 1.0, "F": 0.0004494486859411049, "pvalue": 0.98338514479775}, "Quant": {"sum_sq": 32.93651438202855, "df": 1.0, "F": 0.23417487686469876, "pvalue": 0.6364951602424525}}, "9": {"Seqn": {}, "Group": {"sum_sq": 500.92934575843924, "df": 2.0, "F": 2.804629736743648, "pvalue": 0.09713879144486984, "tukey_hsd": {"groups": ["A12", "B1-8", "PBS"], "pvalues": [[1.0, 0.9998924173059641, 0.12775417312808246], [0.9998924173059641, 1.0, 0.14491364114985372], [0.12775417312808246, 0.14491364114985372, 1.0]]}}, "Ig-Treated": {"sum_sq": 500.9119184720375, "df": 1.0, "F": 6.040440140350936, "pvalue": 0.02762968019547422}, "A12-Treated": {"sum_sq": 133.9933029585794, "df": 1.0, "F": 1.2277772202464226, "pvalue": 0.2865135623606673}, "Quant": {"sum_sq": 119.72228157890906, "df": 1.0, "F": 1.0245269611674246, "pvalue": 0.3299167810372825}}, "10": {"Seqn": {}, "Group": {"sum_sq": 57.46061695220476, "df": 2.0, "F": 0.2756326752482071, "pvalue": 0.7634186563428013, "tukey_hsd": {"groups": ["A12", "B1-8", "PBS"], "pvalues": [[1.0, 0.8250053793404597, 0.7868894199165711], [0.8250053793404597, 1.0, 0.9974946202361873], [0.7868894199165711, 0.9974946202361873, 1.0]]}}, "Ig-Treated": {"sum_sq": 20.51775873222066, "df": 1.0, "F": 0.20635892824085939, "pvalue": 0.6565995080327596}, "A12-Treated": {"sum_sq": 56.986259609818525, "df": 1.0, "F": 0.5885633850419809, "pvalue": 0.4557191596234953}, "Quant": {"sum_sq": 267.2593508609714, "df": 1.0, "F": 3.486095363730358, "pvalue": 0.084596284853364}}}