{"1": {"Mouse_ID": {}, "Treatment": {"sum_sq": 421.26994747330394, "df": 2.0, "F": 0.24279818079254156, "pvalue": 0.7879084749225235, "tukey_hsd": {"groups": ["A12", "B1-8", "PBS"], "pvalues": [[1.0, 0.782708722742228, 0.9883200979765194], [0.782708722742228, 1.0, 0.8703034393701303], [0.9883200979765194, 0.8703034393701303, 1.0]]}}, "Ig_treated": {"sum_sq": 27.991169301517868, "df": 1.0, "F": 0.03357640489590675, "pvalue": 0.8572380031603041}, "A12_treated": {"sum_sq": 200.1996339264886, "df": 1.0, "F": 0.24374302559469121, "pvalue": 0.6291706877629748}, "Batch": {"sum_sq": 70.97758812813976, "df": 1.0, "F": 0.08545488684942716, "pvalue": 0.7743243057135402}, "Quant": {"sum_sq": 5.083621266356846, "df": 1.0, "F": 0.006086039497944612, "pvalue": 0.9389216889279062}}, "2": {"Mouse_ID": {}, "Treatment": {"sum_sq": 2389.9526751679336, "df": 2.0, "F": 2.5355515676771088, "pvalue": 0.11755239197904009, "tukey_hsd": {"groups": ["A12", "B1-8", "PBS"], "pvalues": [[1.0, 0.1062422511454113, 0.8054582462852852], [0.1062422511454113, 1.0, 0.3169716147276137], [0.8054582462852852, 0.3169716147276137, 1.0]]}}, "Ig_treated": {"sum_sq": 82.95905712512611, "df": 1.0, "F": 0.1377118813935114, "pvalue": 0.7161216920291658}, "A12_treated": {"sum_sq": 1310.7677866141341, "df": 1.0, "F": 2.5466157364915336, "pvalue": 0.13285009281395585}, "Batch": {"sum_sq": 233.58798864225818, "df": 1.0, "F": 0.3948069876076227, "pvalue": 0.5398993306382255}, "Quant": {"sum_sq": 275.30972936591166, "df": 1.0, "F": 0.46768014831087534, "pvalue": 0.505218956807345}}, "3": {"Mouse_ID": {}, "Treatment": {"sum_sq": 2734.8525397457697, "df": 2.0, "F": 4.572472003587563, "pvalue": 0.03135790048990493, "tukey_hsd": {"groups": ["A12", "B1-8", "PBS"], "pvalues": [[1.0, 0.6912880949208966, 0.027469696438409796], [0.6912880949208966, 1.0, 0.14049270264960645], [0.027469696438409796, 0.14049270264960645, 1.0]]}}, "Ig_treated": {"sum_sq": 2528.467508929541, "df": 1.0, "F": 8.646199616810572, "pvalue": 0.010747269972771518}, "A12_treated": {"sum_sq": 1483.1241954669244, "df": 1.0, "F": 4.040062783535429, "pvalue": 0.06410874191897105}, "Batch": {"sum_sq": 2.4623750757327416, "df": 1.0, "F": 0.0052073443673209, "pvalue": 0.9434938316056436}, "Quant": {"sum_sq": 2726.4197222975795, "df": 1.0, "F": 9.79678400177084, "pvalue": 0.007379475242576557}}, "4": {"Mouse_ID": {}, "Treatment": {"sum_sq": 32.67836844430541, "df": 2.0, "F": 0.05263913532298139, "pvalue": 0.948923462208987, "tukey_hsd": {"groups": ["A12", "B1-8", "PBS"], "pvalues": [[1.0, 0.9449280353412197, 0.9810465459825151], [0.9449280353412197, 1.0, 0.9908609159976778], [0.9810465459825151, 0.9908609159976778, 1.0]]}}, "Ig_treated": {"sum_sq": 0.6388497983660104, "df": 1.0, "F": 0.002199009665613266, "pvalue": 0.963260400072086}, "A12_treated": {"sum_sq": 27.5055166756188, "df": 1.0, "F": 0.09530737067902768, "pvalue": 0.7620815185515806}, "Batch": {"sum_sq": 1.4163756786062431, "df": 1.0, "F": 0.004876293841853703, "pvalue": 0.9453162494288408}, "Quant": {"sum_sq": 28.494899845008067, "df": 1.0, "F": 0.0987597942659425, "pvalue": 0.7579572674528098}}, "5": {"Mouse_ID": {}, "Treatment": {"sum_sq": 905.2413831985182, "df": 2.0, "F": 2.7913873755207366, "pvalue": 0.09804221910652891, "tukey_hsd": {"groups": ["A12", "B1-8", "PBS"], "pvalues": [[1.0, 0.109266878239757, 0.9733796701815416], [0.109266878239757, 1.0, 0.18062280222660698], [0.9733796701815416, 0.18062280222660698, 1.0]]}}, "Ig_treated": {"sum_sq": 123.29694556385581, "df": 1.0, "F": 0.5973107268868817, "pvalue": 0.4524575822802822}, "A12_treated": {"sum_sq": 325.74205018325347, "df": 1.0, "F": 1.6969289609281981, "pvalue": 0.21371143453145747}, "Batch": {"sum_sq": 18.095620641550884, "df": 1.0, "F": 0.0845848683222325, "pvalue": 0.775441710230962}, "Quant": {"sum_sq": 29.976829724404762, "df": 1.0, "F": 0.14067960058528917, "pvalue": 0.7132273290966638}}, "6": {"Mouse_ID": {}, "Treatment": {"sum_sq": 809.8500589468148, "df": 2.0, "F": 2.4053627592132885, "pvalue": 0.12918179652699308, "tukey_hsd": {"groups": ["A12", "B1-8", "PBS"], "pvalues": [[1.0, 0.46443310989559805, 0.11255705585396103], [0.46443310989559805, 1.0, 0.637398403922665], [0.11255705585396103, 0.637398403922665, 1.0]]}}, "Ig_treated": {"sum_sq": 560.5153084921725, "df": 1.0, "F": 3.218988852433432, "pvalue": 0.09440628017556409}, "A12_treated": {"sum_sq": 667.1897868703114, "df": 1.0, "F": 4.006949698804021, "pvalue": 0.06508155899672895}, "Batch": {"sum_sq": 49.59242237792664, "df": 1.0, "F": 0.2354567129493732, "pvalue": 0.6350122044156513}, "Quant": {"sum_sq": 607.6020960607917, "df": 1.0, "F": 3.5581306337227487, "pvalue": 0.08017125629604292}}, "7": {"Mouse_ID": {}, "Treatment": {"sum_sq": 247.72152281915805, "df": 2.0, "F": 0.7747331098581851, "pvalue": 0.48097875796154055, "tukey_hsd": {"groups": ["A12", "B1-8", "PBS"], "pvalues": [[1.0, 0.4657807232275739, 0.9488416156637993], [0.4657807232275739, 1.0, 0.6697464502637134], [0.9488416156637993, 0.6697464502637134, 1.0]]}}, "Ig_treated": {"sum_sq": 11.878469102957459, "df": 1.0, "F": 0.07185934741027722, "pvalue": 0.7925578122376967}, "A12_treated": {"sum_sq": 127.61690408170357, "df": 1.0, "F": 0.812667298050272, "pvalue": 0.38257978557366784}, "Batch": {"sum_sq": 1.903669380907422, "df": 1.0, "F": 0.011466910982126108, "pvalue": 0.9162420121292989}, "Quant": {"sum_sq": 4.798550613053626, "df": 1.0, "F": 0.028940515627021202, "pvalue": 0.8673503539362146}}, "8": {"Mouse_ID": {}, "Treatment": {"sum_sq": 95.91601163548759, "df": 2.0, "F": 0.34351517106255725, "pvalue": 0.7155200285135008, "tukey_hsd": {"groups": ["A12", "B1-8", "PBS"], "pvalues": [[1.0, 0.8879951583579346, 0.9168170358617204], [0.8879951583579346, 1.0, 0.6929727918869066], [0.9168170358617204, 0.6929727918869066, 1.0]]}}, "Ig_treated": {"sum_sq": 65.54350909859782, "df": 1.0, "F": 0.49726909083794213, "pvalue": 0.4922690720519036}, "A12_treated": {"sum_sq": 0.22274664548771864, "df": 1.0, "F": 0.001632170081401511, "pvalue": 0.9683446219698005}, "Batch": {"sum_sq": 1.4316065850351336, "df": 1.0, "F": 0.010496700253500392, "pvalue": 0.9198498200009512}, "Quant": {"sum_sq": 310.6910964892723, "df": 1.0, "F": 2.718293368840661, "pvalue": 0.1214540429595594}}, "9": {"Mouse_ID": {}, "Treatment": {"sum_sq": 503.83679328492894, "df": 2.0, "F": 2.842571442508901, "pvalue": 0.09460302835857447, "tukey_hsd": {"groups": ["A12", "B1-8", "PBS"], "pvalues": [[1.0, 0.9995651243576359, 0.12612345740322717], [0.9995651243576359, 1.0, 0.14002144713320486], [0.12612345740322717, 0.14002144713320486, 1.0]]}}, "Ig_treated": {"sum_sq": 503.76687147856563, "df": 1.0, "F": 6.121240400124498, "pvalue": 0.026771226634417354}, "A12_treated": {"sum_sq": 132.15536809423588, "df": 1.0, "F": 1.214196302549212, "pvalue": 0.2890861972322402}, "Batch": {"sum_sq": 1.5741409768735277, "df": 1.0, "F": 0.013321090518057, "pvalue": 0.9097536930274007}, "Quant": {"sum_sq": 77.2663149014908, "df": 1.0, "F": 0.6852128970367957, "pvalue": 0.4216843150665244}}, "10": {"Mouse_ID": {}, "Treatment": {"sum_sq": 58.14244930174362, "df": 2.0, "F": 0.27908231596185507, "pvalue": 0.7608970843112768, "tukey_hsd": {"groups": ["A12", "B1-8", "PBS"], "pvalues": [[1.0, 0.8241775921144873, 0.783702610626546], [0.8241775921144873, 1.0, 0.9971914181321728], [0.783702610626546, 0.9971914181321728, 1.0]]}}, "Ig_treated": {"sum_sq": 21.027576001905366, "df": 1.0, "F": 0.21159238905274652, "pvalue": 0.652584819121315}, "A12_treated": {"sum_sq": 57.61093213474823, "df": 1.0, "F": 0.5953716462868858, "pvalue": 0.4531772636548427}, "Batch": {"sum_sq": 7.553942927131664, "df": 1.0, "F": 0.07528334954008824, "pvalue": 0.7878011763227553}, "Quant": {"sum_sq": 3.5991334764199374, "df": 1.0, "F": 0.03576862466720633, "pvalue": 0.8527084895634572}}}