{"1": {"Mouse_ID": {}, "Treatment": {"sum_sq": 421.2699474733106, "df": 2.0, "F": 0.24279818079254462, "pvalue": 0.7879084749225206, "tukey_hsd": {"groups": ["A12", "B1-8", "PBS"], "pvalues": [[1.0, 0.782708722742226, 0.9883200979765194], [0.782708722742226, 1.0, 0.8703034393701287], [0.9883200979765194, 0.8703034393701287, 1.0]]}}, "Ig_treated": {"sum_sq": 27.991169301518536, "df": 1.0, "F": 0.03357640489590743, "pvalue": 0.8572380031603041}, "A12_treated": {"sum_sq": 200.19963392649103, "df": 1.0, "F": 0.2437430255946933, "pvalue": 0.6291706877629737}, "Batch": {"sum_sq": 70.97758812814088, "df": 1.0, "F": 0.0854548868494282, "pvalue": 0.7743243057135402}, "Quant": {"sum_sq": 5.083621266356509, "df": 1.0, "F": 0.0060860394979441864, "pvalue": 0.9389216889279062}}, "2": {"Mouse_ID": {}, "Treatment": {"sum_sq": 2389.9526751679355, "df": 2.0, "F": 2.5355515676770963, "pvalue": 0.11755239197904115, "tukey_hsd": {"groups": ["A12", "B1-8", "PBS"], "pvalues": [[1.0, 0.1062422511454123, 0.8054582462852925], [0.1062422511454123, 1.0, 0.31697161472761104], [0.8054582462852925, 0.31697161472761104, 1.0]]}}, "Ig_treated": {"sum_sq": 82.95905712513118, "df": 1.0, "F": 0.1377118813935193, "pvalue": 0.716121692029158}, "A12_treated": {"sum_sq": 1310.7677866141216, "df": 1.0, "F": 2.5466157364914923, "pvalue": 0.13285009281395863}, "Batch": {"sum_sq": 233.58798864225793, "df": 1.0, "F": 0.3948069876076205, "pvalue": 0.5398993306382271}, "Quant": {"sum_sq": 275.30972936592207, "df": 1.0, "F": 0.4676801483108916, "pvalue": 0.5052189568073375}}, "3": {"Mouse_ID": {}, "Treatment": {"sum_sq": 2734.8525397457734, "df": 2.0, "F": 4.572472003587549, "pvalue": 0.0313579004899052, "tukey_hsd": {"groups": ["A12", "B1-8", "PBS"], "pvalues": [[1.0, 0.6912880949208924, 0.027469696438409907], [0.6912880949208924, 1.0, 0.14049270264960856], [0.027469696438409907, 0.14049270264960856, 1.0]]}}, "Ig_treated": {"sum_sq": 2528.46750892954, "df": 1.0, "F": 8.646199616810524, "pvalue": 0.01074726997277168}, "A12_treated": {"sum_sq": 1483.124195466935, "df": 1.0, "F": 4.040062783535449, "pvalue": 0.06410874191897054}, "Batch": {"sum_sq": 2.4623750757328735, "df": 1.0, "F": 0.005207344367321163, "pvalue": 0.9434938316056436}, "Quant": {"sum_sq": 2726.419722297577, "df": 1.0, "F": 9.79678400177077, "pvalue": 0.007379475242576715}}, "4": {"Mouse_ID": {}, "Treatment": {"sum_sq": 32.678368444305306, "df": 2.0, "F": 0.05263913532298103, "pvalue": 0.948923462208987, "tukey_hsd": {"groups": ["A12", "B1-8", "PBS"], "pvalues": [[1.0, 0.94492803534122, 0.9810465459825156], [0.94492803534122, 1.0, 0.9908609159976774], [0.9810465459825156, 0.9908609159976774, 1.0]]}}, "Ig_treated": {"sum_sq": 0.6388497983659392, "df": 1.0, "F": 0.002199009665613013, "pvalue": 0.963260400072086}, "A12_treated": {"sum_sq": 27.50551667561852, "df": 1.0, "F": 0.09530737067902635, "pvalue": 0.7620815185515806}, "Batch": {"sum_sq": 1.4163756786062975, "df": 1.0, "F": 0.004876293841853873, "pvalue": 0.9453162494288408}, "Quant": {"sum_sq": 28.494899845007826, "df": 1.0, "F": 0.0987597942659413, "pvalue": 0.7579572674528116}}, "5": {"Mouse_ID": {}, "Treatment": {"sum_sq": 905.241383198558, "df": 2.0, "F": 2.7913873755209053, "pvalue": 0.09804221910651728, "tukey_hsd": {"groups": ["A12", "B1-8", "PBS"], "pvalues": [[1.0, 0.10926687823972803, 0.9733796701814824], [0.10926687823972803, 1.0, 0.18062280222663263], [0.9733796701814824, 0.18062280222663263, 1.0]]}}, "Ig_treated": {"sum_sq": 123.29694556379692, "df": 1.0, "F": 0.5973107268865832, "pvalue": 0.452457582280393}, "A12_treated": {"sum_sq": 325.74205018335743, "df": 1.0, "F": 1.696928960928802, "pvalue": 0.21371143453138045}, "Batch": {"sum_sq": 18.09562064154411, "df": 1.0, "F": 0.0845848683222005, "pvalue": 0.7754417102310025}, "Quant": {"sum_sq": 29.97682972437404, "df": 1.0, "F": 0.14067960058514328, "pvalue": 0.7132273290968035}}, "6": {"Mouse_ID": {}, "Treatment": {"sum_sq": 809.8500589467827, "df": 2.0, "F": 2.4053627592131472, "pvalue": 0.12918179652700623, "tukey_hsd": {"groups": ["A12", "B1-8", "PBS"], "pvalues": [[1.0, 0.46443310989573094, 0.11255705585396769], [0.46443310989573094, 1.0, 0.6373984039225461], [0.11255705585396769, 0.6373984039225461, 1.0]]}}, "Ig_treated": {"sum_sq": 560.515308492235, "df": 1.0, "F": 3.2189888524338595, "pvalue": 0.09440628017554444}, "A12_treated": {"sum_sq": 667.1897868702156, "df": 1.0, "F": 4.006949698803265, "pvalue": 0.06508155899675137}, "Batch": {"sum_sq": 49.59242237793378, "df": 1.0, "F": 0.23545671294940687, "pvalue": 0.6350122044156272}, "Quant": {"sum_sq": 607.602096060825, "df": 1.0, "F": 3.5581306337229797, "pvalue": 0.08017125629603407}}, "7": {"Mouse_ID": {}, "Treatment": {"sum_sq": 247.7215228191568, "df": 2.0, "F": 0.7747331098581822, "pvalue": 0.4809787579615417, "tukey_hsd": {"groups": ["A12", "B1-8", "PBS"], "pvalues": [[1.0, 0.465780723227576, 0.9488416156638017], [0.465780723227576, 1.0, 0.6697464502637112], [0.9488416156638017, 0.6697464502637112, 1.0]]}}, "Ig_treated": {"sum_sq": 11.878469102957993, "df": 1.0, "F": 0.07185934741028062, "pvalue": 0.7925578122376902}, "A12_treated": {"sum_sq": 127.61690408170159, "df": 1.0, "F": 0.8126672980502603, "pvalue": 0.3825797855736709}, "Batch": {"sum_sq": 1.9036693809075238, "df": 1.0, "F": 0.011466910982126743, "pvalue": 0.9162420121292933}, "Quant": {"sum_sq": 4.798550613053436, "df": 1.0, "F": 0.02894051562702011, "pvalue": 0.8673503539362146}}, "8": {"Mouse_ID": {}, "Treatment": {"sum_sq": 95.91601163548626, "df": 2.0, "F": 0.3435151710625523, "pvalue": 0.715520028513504, "tukey_hsd": {"groups": ["A12", "B1-8", "PBS"], "pvalues": [[1.0, 0.8879951583579327, 0.9168170358617247], [0.8879951583579327, 1.0, 0.6929727918869104], [0.9168170358617247, 0.6929727918869104, 1.0]]}}, "Ig_treated": {"sum_sq": 65.54350909859595, "df": 1.0, "F": 0.4972690908379275, "pvalue": 0.4922690720519107}, "A12_treated": {"sum_sq": 0.2227466454878197, "df": 1.0, "F": 0.0016321700814022522, "pvalue": 0.9683446219698005}, "Batch": {"sum_sq": 1.4316065850352306, "df": 1.0, "F": 0.010496700253501103, "pvalue": 0.9198498200009512}, "Quant": {"sum_sq": 310.69109648927, "df": 1.0, "F": 2.718293368840637, "pvalue": 0.12145404295956092}}, "9": {"Mouse_ID": {}, "Treatment": {"sum_sq": 503.83679328493145, "df": 2.0, "F": 2.8425714425088984, "pvalue": 0.09460302835857466, "tukey_hsd": {"groups": ["A12", "B1-8", "PBS"], "pvalues": [[1.0, 0.9995651243576358, 0.12612345740322795], [0.9995651243576358, 1.0, 0.14002144713320486], [0.12612345740322795, 0.14002144713320486, 1.0]]}}, "Ig_treated": {"sum_sq": 503.76687147856774, "df": 1.0, "F": 6.121240400124488, "pvalue": 0.026771226634417496}, "A12_treated": {"sum_sq": 132.1553680942359, "df": 1.0, "F": 1.2141963025492053, "pvalue": 0.2890861972322416}, "Batch": {"sum_sq": 1.5741409768733803, "df": 1.0, "F": 0.013321090518055682, "pvalue": 0.9097536930274007}, "Quant": {"sum_sq": 77.26631490149272, "df": 1.0, "F": 0.6852128970368097, "pvalue": 0.4216843150665198}}, "10": {"Mouse_ID": {}, "Treatment": {"sum_sq": 58.142449301744584, "df": 2.0, "F": 0.27908231596186095, "pvalue": 0.7608970843112722, "tukey_hsd": {"groups": ["A12", "B1-8", "PBS"], "pvalues": [[1.0, 0.8241775921144865, 0.7837026106265399], [0.8241775921144865, 1.0, 0.9971914181321722], [0.7837026106265399, 0.9971914181321722, 1.0]]}}, "Ig_treated": {"sum_sq": 21.02757600190636, "df": 1.0, "F": 0.21159238905275748, "pvalue": 0.6525848191213077}, "A12_treated": {"sum_sq": 57.61093213474911, "df": 1.0, "F": 0.5953716462868976, "pvalue": 0.45317726365483835}, "Batch": {"sum_sq": 7.553942927131317, "df": 1.0, "F": 0.07528334954008505, "pvalue": 0.7878011763227595}, "Quant": {"sum_sq": 3.5991334764198313, "df": 1.0, "F": 0.035768624667205394, "pvalue": 0.8527084895634572}}}