{"1": {"Sample_ID": {}, "WHO_3G": {"sum_sq": 3841.09638483442, "df": 2.0, "F": 21.95686779237143, "pvalue": 6.867499284392714e-09, "tukey_hsd": {"groups": ["mild", "moderate", "severe"], "pvalues": [[1.0, 4.4689008049658696e-08, 3.134874747567906e-06], [4.4689008049658696e-08, 1.0, 0.9898632186044746], [3.134874747567906e-06, 0.9898632186044746, 1.0]]}}, "WHO_2G": {"sum_sq": 3839.479766159729, "df": 1.0, "F": 44.24265304830039, "pvalue": 8.124179882521173e-10}, "Sex": {"sum_sq": 358.6359082168198, "df": 1.0, "F": 3.1286647210758383, "pvalue": 0.07936578928211585}, "Age": {"sum_sq": 2414.9132065269323, "df": 1.0, "F": 24.597082946229087, "pvalue": 2.2536466426437157e-06}, "BMI": {"sum_sq": 446.1673984844428, "df": 1.0, "F": 4.158952387942248, "pvalue": 0.044675477804426}}, "2": {"Sample_ID": {}, "WHO_3G": {"sum_sq": 3382.229721998981, "df": 2.0, "F": 36.725747526777006, "pvalue": 2.9757609466297424e-13, "tukey_hsd": {"groups": ["mild", "moderate", "severe"], "pvalues": [[1.0, 3.985289651209367e-05, 1.2045919817182948e-13], [3.985289651209367e-05, 1.0, 6.547104090093292e-06], [1.2045919817182948e-13, 6.547104090093292e-06, 1.0]]}}, "WHO_2G": {"sum_sq": 2246.102749542526, "df": 1.0, "F": 41.01140607140065, "pvalue": 2.783675797631283e-09}, "Sex": {"sum_sq": 391.3912922090991, "df": 1.0, "F": 5.622997853872214, "pvalue": 0.019253768239496174}, "Age": {"sum_sq": 832.5061280833723, "df": 1.0, "F": 12.599119838202402, "pvalue": 0.0005446250073841319}, "BMI": {"sum_sq": 17.34084849651143, "df": 1.0, "F": 0.29477041237095636, "pvalue": 0.5886705313533064}}, "3": {"Sample_ID": {}, "WHO_3G": {"sum_sq": 980.3342285675596, "df": 2.0, "F": 17.139072513813705, "pvalue": 2.679448826300891e-07, "tukey_hsd": {"groups": ["mild", "moderate", "severe"], "pvalues": [[1.0, 0.002966666346131186, 1.5673383213510306e-07], [0.002966666346131186, 1.0, 0.006080378083235249], [1.5673383213510306e-07, 0.006080378083235249, 1.0]]}}, "WHO_2G": {"sum_sq": 699.6473607732371, "df": 1.0, "F": 22.85227273906166, "pvalue": 4.826639303793907e-06}, "Sex": {"sum_sq": 518.9434508045806, "df": 1.0, "F": 16.185761205548605, "pvalue": 9.876326424846128e-05}, "Age": {"sum_sq": 108.37344862217368, "df": 1.0, "F": 3.066049052153701, "pvalue": 0.08239663143565999}, "BMI": {"sum_sq": 241.8960392294306, "df": 1.0, "F": 7.990924129852593, "pvalue": 0.0059203866913403605}}, "4": {"Sample_ID": {}, "WHO_3G": {"sum_sq": 40.00356748918505, "df": 2.0, "F": 1.1791018380706184, "pvalue": 0.3109789521766331, "tukey_hsd": {"groups": ["mild", "moderate", "severe"], "pvalues": [[1.0, 0.4757512114284791, 0.9307593307531569], [0.4757512114284791, 1.0, 0.35912200609505784], [0.9307593307531569, 0.35912200609505784, 1.0]]}}, "WHO_2G": {"sum_sq": 8.10842751411678, "df": 1.0, "F": 0.47464812620828506, "pvalue": 0.4921333457287811}, "Sex": {"sum_sq": 3.021114790081331, "df": 1.0, "F": 0.1764285761173908, "pvalue": 0.6751817147362156}, "Age": {"sum_sq": 85.86418507417926, "df": 1.0, "F": 5.21622478349767, "pvalue": 0.0240642713101599}, "BMI": {"sum_sq": 1.761338944671969, "df": 1.0, "F": 0.1147545943810368, "pvalue": 0.7356712899874539}}, "5": {"Sample_ID": {}, "WHO_3G": {"sum_sq": 36.453833536208286, "df": 2.0, "F": 1.5039595593933768, "pvalue": 0.22627409634606083, "tukey_hsd": {"groups": ["mild", "moderate", "severe"], "pvalues": [[1.0, 0.9940069729295397, 0.25385134539571075], [0.9940069729295397, 1.0, 0.26796704231902746], [0.25385134539571075, 0.26796704231902746, 1.0]]}}, "WHO_2G": {"sum_sq": 7.0510389921449415, "df": 1.0, "F": 0.5752402701064434, "pvalue": 0.4496117190831286}, "Sex": {"sum_sq": 38.22786605839801, "df": 1.0, "F": 3.183496050125787, "pvalue": 0.07681142779680572}, "Age": {"sum_sq": 81.8439783133775, "df": 1.0, "F": 7.019684097043076, "pvalue": 0.009102916974476514}, "BMI": {"sum_sq": 17.525517340904734, "df": 1.0, "F": 1.1820997407264884, "pvalue": 0.2801536970690681}}, "6": {"Sample_ID": {}, "WHO_3G": {"sum_sq": 48.730200204919846, "df": 2.0, "F": 2.6303201044898126, "pvalue": 0.07607355636094748, "tukey_hsd": {"groups": ["mild", "moderate", "severe"], "pvalues": [[1.0, 0.12193517941253684, 0.9898285367738283], [0.12193517941253684, 1.0, 0.16311718580345969], [0.9898285367738283, 0.16311718580345969, 1.0]]}}, "WHO_2G": {"sum_sq": 17.60552619549101, "df": 1.0, "F": 1.8653752930632312, "pvalue": 0.1744581498967203}, "Sex": {"sum_sq": 12.38264140714897, "df": 1.0, "F": 1.306207257271708, "pvalue": 0.25526676591589137}, "Age": {"sum_sq": 271.2447875640092, "df": 1.0, "F": 36.61043643673995, "pvalue": 1.554523421761009e-08}, "BMI": {"sum_sq": 110.88985165677978, "df": 1.0, "F": 10.420196220180225, "pvalue": 0.0018003745695299033}}, "7": {"Sample_ID": {}, "WHO_3G": {"sum_sq": 81.37003691238331, "df": 2.0, "F": 4.811233346115863, "pvalue": 0.009718884758612888, "tukey_hsd": {"groups": ["mild", "moderate", "severe"], "pvalues": [[1.0, 0.01717899376313059, 0.9992938448956237], [0.01717899376313059, 1.0, 0.05397259364186335], [0.9992938448956237, 0.05397259364186335, 1.0]]}}, "WHO_2G": {"sum_sq": 35.039219293370635, "df": 1.0, "F": 4.000252452632907, "pvalue": 0.047660966897342706}, "Sex": {"sum_sq": 0.1529157715821503, "df": 1.0, "F": 0.01691856364255171, "pvalue": 0.8967190376869679}, "Age": {"sum_sq": 86.87235646106015, "df": 1.0, "F": 10.410623974785905, "pvalue": 0.0015996863864612776}, "BMI": {"sum_sq": 0.06373025370678845, "df": 1.0, "F": 0.006157458419857591, "pvalue": 0.937648137886536}}, "8": {"Sample_ID": {}, "WHO_3G": {"sum_sq": 8.395566025770464, "df": 2.0, "F": 0.5243884327627928, "pvalue": 0.5932239760019599, "tukey_hsd": {"groups": ["mild", "moderate", "severe"], "pvalues": [[1.0, 0.9405824109534426, 0.7573159936955368], [0.9405824109534426, 1.0, 0.5644043464892814], [0.7573159936955368, 0.5644043464892814, 1.0]]}}, "WHO_2G": {"sum_sq": 0.033790106180491206, "df": 1.0, "F": 0.004219567113362774, "pvalue": 0.948311056462627}, "Sex": {"sum_sq": 5.692073750598227, "df": 1.0, "F": 0.7148431264385636, "pvalue": 0.3994561830397956}, "Age": {"sum_sq": 0.21261938953519585, "df": 1.0, "F": 0.026555764193245478, "pvalue": 0.8708135650727289}, "BMI": {"sum_sq": 11.562227615449357, "df": 1.0, "F": 1.359214131144796, "pvalue": 0.24709520444423608}}, "9": {"Sample_ID": {}, "WHO_3G": {"sum_sq": 31.14689912311135, "df": 2.0, "F": 2.0898162179811846, "pvalue": 0.12804573680013562, "tukey_hsd": {"groups": ["mild", "moderate", "severe"], "pvalues": [[1.0, 0.13592712487273328, 0.30038315644041735], [0.13592712487273328, 1.0, 0.9938620832169723], [0.30038315644041735, 0.9938620832169723, 1.0]]}}, "WHO_2G": {"sum_sq": 31.06367385621482, "df": 1.0, "F": 4.2017025781831245, "pvalue": 0.042474955051684575}, "Sex": {"sum_sq": 30.096481742107557, "df": 1.0, "F": 4.066623163291535, "pvalue": 0.04588145531149427}, "Age": {"sum_sq": 0.08474357208797033, "df": 1.0, "F": 0.011090715461745785, "pvalue": 0.9162966783118925}, "BMI": {"sum_sq": 2.0264424100937997, "df": 1.0, "F": 0.20155634271808232, "pvalue": 0.6546663891533258}}, "10": {"Sample_ID": {}, "WHO_3G": {"sum_sq": 79.69930018682649, "df": 2.0, "F": 6.176629382655406, "pvalue": 0.0027725675049278644, "tukey_hsd": {"groups": ["mild", "moderate", "severe"], "pvalues": [[1.0, 0.013834522684461281, 0.8579813397336278], [0.013834522684461281, 1.0, 0.009374025299935695], [0.8579813397336278, 0.009374025299935695, 1.0]]}}, "WHO_2G": {"sum_sq": 22.02848058602755, "df": 1.0, "F": 3.210477035324021, "pvalue": 0.07558747833884703}, "Sex": {"sum_sq": 12.055972575502704, "df": 1.0, "F": 1.7368676629324995, "pvalue": 0.18994636138066034}, "Age": {"sum_sq": 0.13081200380192046, "df": 1.0, "F": 0.018590184687292843, "pvalue": 0.8917672432156689}, "BMI": {"sum_sq": 48.85825611361394, "df": 1.0, "F": 5.810036234004955, "pvalue": 0.018200043461988367}}}