{"1": {"Mouse_ID": {}, "Treatment": {"sum_sq": 425.3902139183923, "df": 2.0, "F": 0.24506295039616532, "pvalue": 0.7861904630693133, "tukey_hsd": {"groups": ["A12", "B1-8", "PBS"], "pvalues": [[1.0, 0.7809345118756801, 0.9881871429728722], [0.7809345118756801, 1.0, 0.8692411383628404], [0.9881871429728722, 0.8692411383628404, 1.0]]}}, "Ig_treated": {"sum_sq": 28.216959676147546, "df": 1.0, "F": 0.03382130146902224, "pvalue": 0.8567245434577102}, "A12_treated": {"sum_sq": 202.25394642077345, "df": 1.0, "F": 0.24609165928364862, "pvalue": 0.6275377142555528}, "TMT": {"sum_sq": 71.42848536735225, "df": 1.0, "F": 0.08593324717464948, "pvalue": 0.7737125684047695}, "Quant": {"sum_sq": 4.975917582983839, "df": 1.0, "F": 0.005952370825949302, "pvalue": 0.9395947090212773}}, "2": {"Mouse_ID": {}, "Treatment": {"sum_sq": 2393.40951062382, "df": 2.0, "F": 2.5371194141970905, "pvalue": 0.11741989341951307, "tukey_hsd": {"groups": ["A12", "B1-8", "PBS"], "pvalues": [[1.0, 0.10618387433335552, 0.8063590413226827], [0.10618387433335552, 1.0, 0.3161366739218626], [0.8063590413226827, 0.3161366739218626, 1.0]]}}, "Ig_treated": {"sum_sq": 83.83388195869013, "df": 1.0, "F": 0.13903793585804552, "pvalue": 0.7148240362840115}, "A12_treated": {"sum_sq": 1310.6158512439117, "df": 1.0, "F": 2.543257411353763, "pvalue": 0.13308582435554947}, "TMT": {"sum_sq": 233.46627965611154, "df": 1.0, "F": 0.39418968850675745, "pvalue": 0.5402120254858191}, "Quant": {"sum_sq": 276.84407781228253, "df": 1.0, "F": 0.469887919730763, "pvalue": 0.5042318832924164}}, "3": {"Mouse_ID": {}, "Treatment": {"sum_sq": 2732.7010173623953, "df": 2.0, "F": 4.565506412090016, "pvalue": 0.03148642883121103, "tukey_hsd": {"groups": ["A12", "B1-8", "PBS"], "pvalues": [[1.0, 0.6905862087725486, 0.027566386733697157], [0.6905862087725486, 1.0, 0.14117593662728378], [0.027566386733697157, 0.14117593662728378, 1.0]]}}, "Ig_treated": {"sum_sq": 2525.578229067137, "df": 1.0, "F": 8.628719416107781, "pvalue": 0.01081069612091539}, "A12_treated": {"sum_sq": 1483.6533900288175, "df": 1.0, "F": 4.041356781262168, "pvalue": 0.06407107811569375}, "TMT": {"sum_sq": 2.503597581496038, "df": 1.0, "F": 0.005293980010705663, "pvalue": 0.9430265988748269}, "Quant": {"sum_sq": 2723.995539734829, "df": 1.0, "F": 9.780188656075612, "pvalue": 0.0074184694287185654}}, "4": {"Mouse_ID": {}, "Treatment": {"sum_sq": 32.23293355850263, "df": 2.0, "F": 0.05188772487275381, "pvalue": 0.94963106949845, "tukey_hsd": {"groups": ["A12", "B1-8", "PBS"], "pvalues": [[1.0, 0.9458697234451899, 0.9806958758362098], [0.9458697234451899, 1.0, 0.9914690521859438], [0.9806958758362098, 0.9914690521859438, 1.0]]}}, "Ig_treated": {"sum_sq": 0.738793263137034, "df": 1.0, "F": 0.002541722602278998, "pvalue": 0.9605035227000266}, "A12_treated": {"sum_sq": 27.402862475123175, "df": 1.0, "F": 0.09489781472904905, "pvalue": 0.762576201739581}, "TMT": {"sum_sq": 1.3627689098044282, "df": 1.0, "F": 0.0046891490720734836, "pvalue": 0.9463740646664026}, "Quant": {"sum_sq": 28.959171274951295, "df": 1.0, "F": 0.10032603137727177, "pvalue": 0.7561125076522855}}, "5": {"Mouse_ID": {}, "Treatment": {"sum_sq": 976.0749579591385, "df": 2.0, "F": 3.1080665991854985, "pvalue": 0.07885019782563443, "tukey_hsd": {"groups": ["A12", "B1-8", "PBS"], "pvalues": [[1.0, 0.07087975018652115, 0.7798368373027114], [0.07087975018652115, 1.0, 0.24519665783585853], [0.7798368373027114, 0.24519665783585853, 1.0]]}}, "Ig_treated": {"sum_sq": 37.121941459774355, "df": 1.0, "F": 0.17438374841878923, "pvalue": 0.6825784731303542}, "A12_treated": {"sum_sq": 526.703699661977, "df": 1.0, "F": 2.960591631692357, "pvalue": 0.10733185463233391}, "TMT": {"sum_sq": 7.254027910346179, "df": 1.0, "F": 0.03373834212212721, "pvalue": 0.8568982628981567}, "Quant": {"sum_sq": 0.13450088780900354, "df": 1.0, "F": 0.0006240849172639441, "pvalue": 0.9804221586654315}}, "6": {"Mouse_ID": {}, "Treatment": {"sum_sq": 743.1728030445845, "df": 2.0, "F": 2.1389603057414344, "pvalue": 0.15737553076904914, "tukey_hsd": {"groups": ["A12", "B1-8", "PBS"], "pvalues": [[1.0, 0.7449934502664466, 0.13801519151737784], [0.7449934502664466, 1.0, 0.4404898095092409], [0.13801519151737784, 0.4404898095092409, 1.0]]}}, "Ig_treated": {"sum_sq": 648.1615264243255, "df": 1.0, "F": 3.8557943505597776, "pvalue": 0.06975156777794893}, "A12_treated": {"sum_sq": 466.9110772190835, "df": 1.0, "F": 2.578948000475243, "pvalue": 0.1306066644516221}, "TMT": {"sum_sq": 60.38066357106639, "df": 1.0, "F": 0.2874106437480892, "pvalue": 0.6002996031868046}, "Quant": {"sum_sq": 638.0687298287112, "df": 1.0, "F": 3.7795452459964176, "pvalue": 0.07225833230326437}}, "7": {"Mouse_ID": {}, "Treatment": {"sum_sq": 248.44773877033532, "df": 2.0, "F": 0.7769691762930669, "pvalue": 0.4800189011590443, "tukey_hsd": {"groups": ["A12", "B1-8", "PBS"], "pvalues": [[1.0, 0.4652666490393519, 0.949848959957092], [0.4652666490393519, 1.0, 0.6673991020505906], [0.949848959957092, 0.6673991020505906, 1.0]]}}, "Ig_treated": {"sum_sq": 12.231686613491153, "df": 1.0, "F": 0.07398122514820082, "pvalue": 0.7895960635137598}, "A12_treated": {"sum_sq": 127.25087704461602, "df": 1.0, "F": 0.8098994428501178, "pvalue": 0.3833690705049629}, "TMT": {"sum_sq": 1.904674881338345, "df": 1.0, "F": 0.011468925417998604, "pvalue": 0.9162346854782392}, "Quant": {"sum_sq": 4.75268677815908, "df": 1.0, "F": 0.028653216373425838, "pvalue": 0.8680036825702884}}, "8": {"Mouse_ID": {}, "Treatment": {"sum_sq": 101.96175082304892, "df": 2.0, "F": 0.3656742839415079, "pvalue": 0.7006417997807753, "tukey_hsd": {"groups": ["A12", "B1-8", "PBS"], "pvalues": [[1.0, 0.8889109412816502, 0.9044407163076502], [0.8889109412816502, 1.0, 0.6768246836362191], [0.9044407163076502, 0.6768246836362191, 1.0]]}}, "Ig_treated": {"sum_sq": 71.89705227906603, "df": 1.0, "F": 0.5463083175660338, "pvalue": 0.47204152200910443}, "A12_treated": {"sum_sq": 0.06145598774753226, "df": 1.0, "F": 0.00044944869139557157, "pvalue": 0.9833851446969774}, "TMT": {"sum_sq": 1.498708119382444, "df": 1.0, "F": 0.010968801201043559, "pvalue": 0.9180741139354219}, "Quant": {"sum_sq": 315.83809702288715, "df": 1.0, "F": 2.766120053110272, "pvalue": 0.11849489374893402}}, "9": {"Mouse_ID": {}, "Treatment": {"sum_sq": 500.9293457842453, "df": 2.0, "F": 2.8046297370623354, "pvalue": 0.09713879142324407, "tukey_hsd": {"groups": ["A12", "B1-8", "PBS"], "pvalues": [[1.0, 0.9998924173069925, 0.1277541730959888], [0.9998924173069925, 1.0, 0.14491364113078287], [0.1277541730959888, 0.14491364113078287, 1.0]]}}, "Ig_treated": {"sum_sq": 500.9119184980112, "df": 1.0, "F": 6.040440141040203, "pvalue": 0.02762968018801539}, "A12_treated": {"sum_sq": 133.9933029781335, "df": 1.0, "F": 1.2277772204785184, "pvalue": 0.28651356231696995}, "TMT": {"sum_sq": 1.4982928068077588, "df": 1.0, "F": 0.012633288537651098, "pvalue": 0.9121036239980035}, "Quant": {"sum_sq": 72.83157725959768, "df": 1.0, "F": 0.641667772624852, "pvalue": 0.4364919698408438}}, "10": {"Mouse_ID": {}, "Treatment": {"sum_sq": 57.46061695562416, "df": 2.0, "F": 0.2756326752622643, "pvalue": 0.7634186563325067, "tukey_hsd": {"groups": ["A12", "B1-8", "PBS"], "pvalues": [[1.0, 0.8250053793632108, 0.7868894198830526], [0.8250053793632108, 1.0, 0.997494620228826], [0.7868894198830526, 0.997494620228826, 1.0]]}}, "Ig_treated": {"sum_sq": 20.517758740704817, "df": 1.0, "F": 0.20635892832523106, "pvalue": 0.6565995079675385}, "A12_treated": {"sum_sq": 56.98625961183804, "df": 1.0, "F": 0.5885633850572247, "pvalue": 0.4557191596177783}, "TMT": {"sum_sq": 7.485951223492805, "df": 1.0, "F": 0.07459219292445946, "pvalue": 0.7887517817862806}, "Quant": {"sum_sq": 3.7731013873020665, "df": 1.0, "F": 0.03749718966944631, "pvalue": 0.8492376813488961}}}