{"1": {"Mouse_ID": {}, "Treatment": {"sum_sq": 425.3902139183954, "df": 2.0, "F": 0.24506295039616743, "pvalue": 0.786190463069311, "tukey_hsd": {"groups": ["A12", "B1-8", "PBS"], "pvalues": [[1.0, 0.7809345118756785, 0.9881871429728722], [0.7809345118756785, 1.0, 0.8692411383628392], [0.9881871429728722, 0.8692411383628392, 1.0]]}}, "Ig_treated": {"sum_sq": 28.21695967614798, "df": 1.0, "F": 0.0338213014690228, "pvalue": 0.856724543457707}, "A12_treated": {"sum_sq": 202.2539464207742, "df": 1.0, "F": 0.2460916592836499, "pvalue": 0.6275377142555517}, "TMT": {"sum_sq": 71.42848536735242, "df": 1.0, "F": 0.08593324717464979, "pvalue": 0.7737125684047695}, "Quant": {"sum_sq": 4.975917582983617, "df": 1.0, "F": 0.005952370825949043, "pvalue": 0.9395947090212852}}, "2": {"Mouse_ID": {}, "Treatment": {"sum_sq": 2393.409510623821, "df": 2.0, "F": 2.5371194141970825, "pvalue": 0.11741989341951366, "tukey_hsd": {"groups": ["A12", "B1-8", "PBS"], "pvalues": [[1.0, 0.10618387433335585, 0.8063590413226807], [0.10618387433335585, 1.0, 0.31613667392186495], [0.8063590413226807, 0.31613667392186495, 1.0]]}}, "Ig_treated": {"sum_sq": 83.83388195868841, "df": 1.0, "F": 0.13903793585804225, "pvalue": 0.7148240362840146}, "A12_treated": {"sum_sq": 1310.6158512439176, "df": 1.0, "F": 2.543257411353768, "pvalue": 0.13308582435554933}, "TMT": {"sum_sq": 233.4662796561118, "df": 1.0, "F": 0.3941896885067568, "pvalue": 0.54021202548582}, "Quant": {"sum_sq": 276.8440778122807, "df": 1.0, "F": 0.4698879197307585, "pvalue": 0.5042318832924177}}, "3": {"Mouse_ID": {}, "Treatment": {"sum_sq": 2732.7010173623876, "df": 2.0, "F": 4.565506412090008, "pvalue": 0.03148642883121118, "tukey_hsd": {"groups": ["A12", "B1-8", "PBS"], "pvalues": [[1.0, 0.6905862087725518, 0.027566386733697268], [0.6905862087725518, 1.0, 0.14117593662728345], [0.027566386733697268, 0.14117593662728345, 1.0]]}}, "Ig_treated": {"sum_sq": 2525.578229067131, "df": 1.0, "F": 8.628719416107774, "pvalue": 0.010810696120915418}, "A12_treated": {"sum_sq": 1483.653390028809, "df": 1.0, "F": 4.041356781262149, "pvalue": 0.06407107811569428}, "TMT": {"sum_sq": 2.5035975814959714, "df": 1.0, "F": 0.005293980010705531, "pvalue": 0.9430265988748269}, "Quant": {"sum_sq": 2723.995539734823, "df": 1.0, "F": 9.780188656075602, "pvalue": 0.0074184694287185975}}, "4": {"Mouse_ID": {}, "Treatment": {"sum_sq": 32.23293355850397, "df": 2.0, "F": 0.05188772487275589, "pvalue": 0.9496310694984472, "tukey_hsd": {"groups": ["A12", "B1-8", "PBS"], "pvalues": [[1.0, 0.9458697234451876, 0.9806958758362093], [0.9458697234451876, 1.0, 0.9914690521859433], [0.9806958758362093, 0.9914690521859433, 1.0]]}}, "Ig_treated": {"sum_sq": 0.7387932631370013, "df": 1.0, "F": 0.0025417226022788814, "pvalue": 0.9605035227000266}, "A12_treated": {"sum_sq": 27.402862475124202, "df": 1.0, "F": 0.09489781472905248, "pvalue": 0.7625762017395753}, "TMT": {"sum_sq": 1.3627689098045044, "df": 1.0, "F": 0.004689149072073737, "pvalue": 0.9463740646664026}, "Quant": {"sum_sq": 28.959171274951366, "df": 1.0, "F": 0.10032603137727183, "pvalue": 0.7561125076522855}}, "5": {"Mouse_ID": {}, "Treatment": {"sum_sq": 976.074957959105, "df": 2.0, "F": 3.108066599185333, "pvalue": 0.07885019782564326, "tukey_hsd": {"groups": ["A12", "B1-8", "PBS"], "pvalues": [[1.0, 0.07087975018653525, 0.7798368373028571], [0.07087975018653525, 1.0, 0.24519665783580769], [0.7798368373028571, 0.24519665783580769, 1.0]]}}, "Ig_treated": {"sum_sq": 37.12194145981075, "df": 1.0, "F": 0.17438374841896198, "pvalue": 0.6825784731302071}, "A12_treated": {"sum_sq": 526.7036996618609, "df": 1.0, "F": 2.96059163169156, "pvalue": 0.10733185463237678}, "TMT": {"sum_sq": 7.254027910350991, "df": 1.0, "F": 0.03373834212214959, "pvalue": 0.8568982628981141}, "Quant": {"sum_sq": 0.13450088781115868, "df": 1.0, "F": 0.0006240849172739432, "pvalue": 0.9804221586653096}}, "6": {"Mouse_ID": {}, "Treatment": {"sum_sq": 743.1728030446187, "df": 2.0, "F": 2.1389603057415614, "pvalue": 0.15737553076903418, "tukey_hsd": {"groups": ["A12", "B1-8", "PBS"], "pvalues": [[1.0, 0.7449934502662892, 0.13801519151735753], [0.7449934502662892, 1.0, 0.4404898095093345], [0.13801519151735753, 0.4404898095093345, 1.0]]}}, "Ig_treated": {"sum_sq": 648.1615264242911, "df": 1.0, "F": 3.8557943505595103, "pvalue": 0.06975156777795756}, "A12_treated": {"sum_sq": 466.91107721919815, "df": 1.0, "F": 2.5789480004759886, "pvalue": 0.13060666445157082}, "TMT": {"sum_sq": 60.38066357106154, "df": 1.0, "F": 0.2874106437480653, "pvalue": 0.60029960318682}, "Quant": {"sum_sq": 638.0687298287085, "df": 1.0, "F": 3.7795452459963914, "pvalue": 0.07225833230326523}}, "7": {"Mouse_ID": {}, "Treatment": {"sum_sq": 248.44773877033583, "df": 2.0, "F": 0.7769691762930654, "pvalue": 0.48001890115904466, "tukey_hsd": {"groups": ["A12", "B1-8", "PBS"], "pvalues": [[1.0, 0.46526664903935133, 0.9498489599570896], [0.46526664903935133, 1.0, 0.6673991020505945], [0.9498489599570896, 0.6673991020505945, 1.0]]}}, "Ig_treated": {"sum_sq": 12.231686613490492, "df": 1.0, "F": 0.07398122514819651, "pvalue": 0.7895960635137642}, "A12_treated": {"sum_sq": 127.25087704461795, "df": 1.0, "F": 0.8098994428501275, "pvalue": 0.38336907050496005}, "TMT": {"sum_sq": 1.9046748813383887, "df": 1.0, "F": 0.011468925417998824, "pvalue": 0.9162346854782392}, "Quant": {"sum_sq": 4.752686778159547, "df": 1.0, "F": 0.02865321637342855, "pvalue": 0.8680036825702848}}, "8": {"Mouse_ID": {}, "Treatment": {"sum_sq": 101.96175082305278, "df": 2.0, "F": 0.36567428394152146, "pvalue": 0.7006417997807668, "tukey_hsd": {"groups": ["A12", "B1-8", "PBS"], "pvalues": [[1.0, 0.8889109412816486, 0.9044407163076448], [0.8889109412816486, 1.0, 0.6768246836362097], [0.9044407163076448, 0.6768246836362097, 1.0]]}}, "Ig_treated": {"sum_sq": 71.89705227906941, "df": 1.0, "F": 0.546308317566059, "pvalue": 0.472041522009095}, "A12_treated": {"sum_sq": 0.06145598774749943, "df": 1.0, "F": 0.0004494486913953302, "pvalue": 0.9833851446969774}, "TMT": {"sum_sq": 1.498708119382382, "df": 1.0, "F": 0.010968801201043073, "pvalue": 0.9180741139354219}, "Quant": {"sum_sq": 315.8380970228906, "df": 1.0, "F": 2.7661200531103, "pvalue": 0.11849489374893227}}, "9": {"Mouse_ID": {}, "Treatment": {"sum_sq": 500.92934578424445, "df": 2.0, "F": 2.804629737062319, "pvalue": 0.09713879142324518, "tukey_hsd": {"groups": ["A12", "B1-8", "PBS"], "pvalues": [[1.0, 0.9998924173069925, 0.1277541730959899], [0.9998924173069925, 1.0, 0.1449136411307843], [0.1277541730959899, 0.1449136411307843, 1.0]]}}, "Ig_treated": {"sum_sq": 500.91191849801055, "df": 1.0, "F": 6.040440141040172, "pvalue": 0.027629680188015735}, "A12_treated": {"sum_sq": 133.99330297813353, "df": 1.0, "F": 1.227777220478515, "pvalue": 0.28651356231697067}, "TMT": {"sum_sq": 1.4982928068077914, "df": 1.0, "F": 0.012633288537651341, "pvalue": 0.9121036239980035}, "Quant": {"sum_sq": 72.8315772595961, "df": 1.0, "F": 0.6416677726248359, "pvalue": 0.43649196984084915}}, "10": {"Mouse_ID": {}, "Treatment": {"sum_sq": 57.46061695562481, "df": 2.0, "F": 0.2756326752622682, "pvalue": 0.7634186563325038, "tukey_hsd": {"groups": ["A12", "B1-8", "PBS"], "pvalues": [[1.0, 0.8250053793632074, 0.7868894198830512], [0.8250053793632074, 1.0, 0.9974946202288262], [0.7868894198830512, 0.9974946202288262, 1.0]]}}, "Ig_treated": {"sum_sq": 20.517758740704696, "df": 1.0, "F": 0.2063589283252303, "pvalue": 0.6565995079675399}, "A12_treated": {"sum_sq": 56.98625961183874, "df": 1.0, "F": 0.5885633850572336, "pvalue": 0.45571915961777465}, "TMT": {"sum_sq": 7.485951223492491, "df": 1.0, "F": 0.07459219292445649, "pvalue": 0.7887517817862848}, "Quant": {"sum_sq": 3.773101387302038, "df": 1.0, "F": 0.03749718966944612, "pvalue": 0.8492376813488961}}}