{"1": {"sample": {}, "condition": {"sum_sq": 4303.058443376037, "df": 1.0, "F": 2.021433932656564, "pvalue": 0.1855226666898698}}, "2": {"sample": {}, "condition": {"sum_sq": 865.843305266915, "df": 1.0, "F": 0.562533395500481, "pvalue": 0.47051917295886436}}, "3": {"sample": {}, "condition": {"sum_sq": 3057.6307356467178, "df": 1.0, "F": 11.106634669515564, "pvalue": 0.007583748938779639}}, "4": {"sample": {}, "condition": {"sum_sq": 81.43306396302285, "df": 1.0, "F": 0.16774026317916862, "pvalue": 0.6907630765526516}}, "5": {"sample": {}, "condition": {"sum_sq": 2.1616295949533595, "df": 1.0, "F": 0.005741599790818447, "pvalue": 0.9410939144244617}}, "6": {"sample": {}, "condition": {"sum_sq": 199.16988167995606, "df": 1.0, "F": 0.5857747193058537, "pvalue": 0.4617390525971112}}, "7": {"sample": {}, "condition": {"sum_sq": 28.97609830205787, "df": 1.0, "F": 0.09339963093165089, "pvalue": 0.766165958727118}}, "8": {"sample": {}, "condition": {"sum_sq": 2.8483416140933047, "df": 1.0, "F": 0.010326350475168186, "pvalue": 0.9210680739719108}}, "9": {"sample": {}, "condition": {"sum_sq": 34.49865032907807, "df": 1.0, "F": 0.14622479095270402, "pvalue": 0.7101709143210149}}, "10": {"sample": {}, "condition": {"sum_sq": 248.58968432329243, "df": 1.0, "F": 1.3867778533911008, "pvalue": 0.26621611540414164}}}