{"1": {"Mouse_ID": {}, "Treatment": {"sum_sq": 421.2699474733087, "df": 2.0, "F": 0.2427981807925445, "pvalue": 0.7879084749225217, "tukey_hsd": {"groups": ["A12", "B1-8", "PBS"], "pvalues": [[1.0, 0.7827087227422258, 0.9883200979765194], [0.7827087227422258, 1.0, 0.8703034393701286], [0.9883200979765194, 0.8703034393701286, 1.0]]}}, "Ig_treated": {"sum_sq": 27.99116930151842, "df": 1.0, "F": 0.03357640489590742, "pvalue": 0.8572380031603041}, "A12_treated": {"sum_sq": 200.1996339264904, "df": 1.0, "F": 0.24374302559469352, "pvalue": 0.6291706877629737}, "Batch": {"sum_sq": 70.97758812814052, "df": 1.0, "F": 0.08545488684942812, "pvalue": 0.7743243057135402}, "Quant": {"sum_sq": 5.083621266356519, "df": 1.0, "F": 0.006086039497944224, "pvalue": 0.9389216889279062}}, "2": {"Mouse_ID": {}, "Treatment": {"sum_sq": 2389.9526751679296, "df": 2.0, "F": 2.535551567677103, "pvalue": 0.11755239197904056, "tukey_hsd": {"groups": ["A12", "B1-8", "PBS"], "pvalues": [[1.0, 0.10624225114541219, 0.8054582462852912], [0.10624225114541219, 1.0, 0.3169716147276108], [0.8054582462852912, 0.3169716147276108, 1.0]]}}, "Ig_treated": {"sum_sq": 82.95905712513027, "df": 1.0, "F": 0.1377118813935184, "pvalue": 0.7161216920291595}, "A12_treated": {"sum_sq": 1310.7677866141207, "df": 1.0, "F": 2.5466157364915034, "pvalue": 0.13285009281395785}, "Batch": {"sum_sq": 233.58798864225705, "df": 1.0, "F": 0.39480698760762073, "pvalue": 0.5398993306382263}, "Quant": {"sum_sq": 275.30972936592013, "df": 1.0, "F": 0.4676801483108902, "pvalue": 0.5052189568073384}}, "3": {"Mouse_ID": {}, "Treatment": {"sum_sq": 2734.8525397457724, "df": 2.0, "F": 4.572472003587555, "pvalue": 0.03135790048990508, "tukey_hsd": {"groups": ["A12", "B1-8", "PBS"], "pvalues": [[1.0, 0.6912880949208926, 0.027469696438409796], [0.6912880949208926, 1.0, 0.14049270264960811], [0.027469696438409796, 0.14049270264960811, 1.0]]}}, "Ig_treated": {"sum_sq": 2528.467508929538, "df": 1.0, "F": 8.646199616810533, "pvalue": 0.01074726997277165}, "A12_treated": {"sum_sq": 1483.1241954669329, "df": 1.0, "F": 4.040062783535448, "pvalue": 0.06410874191897054}, "Batch": {"sum_sq": 2.4623750757328855, "df": 1.0, "F": 0.005207344367321194, "pvalue": 0.9434938316056436}, "Quant": {"sum_sq": 2726.4197222975777, "df": 1.0, "F": 9.796784001770792, "pvalue": 0.007379475242576663}}, "4": {"Mouse_ID": {}, "Treatment": {"sum_sq": 32.67836844430506, "df": 2.0, "F": 0.052639135322980604, "pvalue": 0.9489234622089885, "tukey_hsd": {"groups": ["A12", "B1-8", "PBS"], "pvalues": [[1.0, 0.9449280353412207, 0.9810465459825147], [0.9449280353412207, 1.0, 0.9908609159976783], [0.9810465459825147, 0.9908609159976783, 1.0]]}}, "Ig_treated": {"sum_sq": 0.638849798366109, "df": 1.0, "F": 0.002199009665613597, "pvalue": 0.963260400072086}, "A12_treated": {"sum_sq": 27.50551667561874, "df": 1.0, "F": 0.09530737067902709, "pvalue": 0.7620815185515806}, "Batch": {"sum_sq": 1.4163756786063715, "df": 1.0, "F": 0.004876293841854126, "pvalue": 0.9453162494288408}, "Quant": {"sum_sq": 28.49489984500881, "df": 1.0, "F": 0.09875979426594471, "pvalue": 0.7579572674528079}}, "5": {"Mouse_ID": {}, "Treatment": {"sum_sq": 905.2413831985461, "df": 2.0, "F": 2.7913873755208614, "pvalue": 0.0980422191065203, "tukey_hsd": {"groups": ["A12", "B1-8", "PBS"], "pvalues": [[1.0, 0.10926687823973225, 0.9733796701814867], [0.10926687823973225, 1.0, 0.18062280222663374], [0.9733796701814867, 0.18062280222663374, 1.0]]}}, "Ig_treated": {"sum_sq": 123.29694556379978, "df": 1.0, "F": 0.5973107268865988, "pvalue": 0.4524575822803868}, "A12_treated": {"sum_sq": 325.74205018334743, "df": 1.0, "F": 1.6969289609287475, "pvalue": 0.2137114345313872}, "Batch": {"sum_sq": 18.095620641544453, "df": 1.0, "F": 0.08458486832220229, "pvalue": 0.7754417102310005}, "Quant": {"sum_sq": 29.976829724376074, "df": 1.0, "F": 0.1406796005851532, "pvalue": 0.7132273290967943}}, "6": {"Mouse_ID": {}, "Treatment": {"sum_sq": 809.8500589467839, "df": 2.0, "F": 2.4053627592131526, "pvalue": 0.12918179652700573, "tukey_hsd": {"groups": ["A12", "B1-8", "PBS"], "pvalues": [[1.0, 0.46443310989572173, 0.11255705585396769], [0.46443310989572173, 1.0, 0.6373984039225559], [0.11255705585396769, 0.6373984039225559, 1.0]]}}, "Ig_treated": {"sum_sq": 560.5153084922288, "df": 1.0, "F": 3.218988852433817, "pvalue": 0.09440628017554638}, "A12_treated": {"sum_sq": 667.189786870221, "df": 1.0, "F": 4.006949698803309, "pvalue": 0.06508155899674999}, "Batch": {"sum_sq": 49.59242237793287, "df": 1.0, "F": 0.23545671294940262, "pvalue": 0.6350122044156307}, "Quant": {"sum_sq": 607.6020960608214, "df": 1.0, "F": 3.5581306337229566, "pvalue": 0.0801712562960349}}, "7": {"Mouse_ID": {}, "Treatment": {"sum_sq": 247.72152281916138, "df": 2.0, "F": 0.7747331098581965, "pvalue": 0.4809787579615355, "tukey_hsd": {"groups": ["A12", "B1-8", "PBS"], "pvalues": [[1.0, 0.4657807232275697, 0.9488416156638002], [0.4657807232275697, 1.0, 0.6697464502637072], [0.9488416156638002, 0.6697464502637072, 1.0]]}}, "Ig_treated": {"sum_sq": 11.87846910295807, "df": 1.0, "F": 0.07185934741028092, "pvalue": 0.792557812237688}, "A12_treated": {"sum_sq": 127.61690408170432, "df": 1.0, "F": 0.8126672980502768, "pvalue": 0.38257978557366634}, "Batch": {"sum_sq": 1.9036693809075385, "df": 1.0, "F": 0.011466910982126809, "pvalue": 0.9162420121292933}, "Quant": {"sum_sq": 4.798550613053331, "df": 1.0, "F": 0.028940515627019422, "pvalue": 0.8673503539362181}}, "8": {"Mouse_ID": {}, "Treatment": {"sum_sq": 95.91601163548262, "df": 2.0, "F": 0.3435151710625389, "pvalue": 0.7155200285135127, "tukey_hsd": {"groups": ["A12", "B1-8", "PBS"], "pvalues": [[1.0, 0.8879951583579335, 0.9168170358617308], [0.8879951583579335, 1.0, 0.6929727918869201], [0.9168170358617308, 0.6929727918869201, 1.0]]}}, "Ig_treated": {"sum_sq": 65.54350909859254, "df": 1.0, "F": 0.49726909083790116, "pvalue": 0.4922690720519214}, "A12_treated": {"sum_sq": 0.22274664548790893, "df": 1.0, "F": 0.0016321700814029077, "pvalue": 0.9683446219698005}, "Batch": {"sum_sq": 1.4316065850352049, "df": 1.0, "F": 0.010496700253500926, "pvalue": 0.9198498200009512}, "Quant": {"sum_sq": 310.69109648926764, "df": 1.0, "F": 2.718293368840616, "pvalue": 0.1214540429595623}}, "9": {"Mouse_ID": {}, "Treatment": {"sum_sq": 503.83679328493395, "df": 2.0, "F": 2.842571442508933, "pvalue": 0.09460302835857232, "tukey_hsd": {"groups": ["A12", "B1-8", "PBS"], "pvalues": [[1.0, 0.9995651243576356, 0.12612345740322584], [0.9995651243576356, 1.0, 0.1400214471332012], [0.12612345740322584, 0.1400214471332012, 1.0]]}}, "Ig_treated": {"sum_sq": 503.7668714785706, "df": 1.0, "F": 6.121240400124565, "pvalue": 0.02677122663441669}, "A12_treated": {"sum_sq": 132.15536809423526, "df": 1.0, "F": 1.214196302549203, "pvalue": 0.289086197232242}, "Batch": {"sum_sq": 1.5741409768734802, "df": 1.0, "F": 0.013321090518056569, "pvalue": 0.9097536930274007}, "Quant": {"sum_sq": 77.26631490149502, "df": 1.0, "F": 0.6852128970368334, "pvalue": 0.4216843150665114}}, "10": {"Mouse_ID": {}, "Treatment": {"sum_sq": 58.142449301743376, "df": 2.0, "F": 0.27908231596185484, "pvalue": 0.7608970843112768, "tukey_hsd": {"groups": ["A12", "B1-8", "PBS"], "pvalues": [[1.0, 0.824177592114489, 0.7837026106265446], [0.824177592114489, 1.0, 0.9971914181321724], [0.7837026106265446, 0.9971914181321724, 1.0]]}}, "Ig_treated": {"sum_sq": 21.027576001905697, "df": 1.0, "F": 0.21159238905275068, "pvalue": 0.6525848191213126}, "A12_treated": {"sum_sq": 57.61093213474793, "df": 1.0, "F": 0.5953716462868848, "pvalue": 0.4531772636548427}, "Batch": {"sum_sq": 7.553942927132185, "df": 1.0, "F": 0.07528334954009373, "pvalue": 0.7878011763227466}, "Quant": {"sum_sq": 3.599133476419784, "df": 1.0, "F": 0.03576862466720492, "pvalue": 0.8527084895634605}}}