{"1": {"ID": {}, "Treatment": {"sum_sq": 425.39021391839117, "df": 2.0, "F": 0.24506295039616477, "pvalue": 0.786190463069314, "tukey_hsd": {"groups": ["A12", "B1-8", "PBS"], "pvalues": [[1.0, 0.7809345118756807, 0.9881871429728725], [0.7809345118756807, 1.0, 0.8692411383628404], [0.9881871429728725, 0.8692411383628404, 1.0]]}}, "Ig_treated": {"sum_sq": 28.216959676147884, "df": 1.0, "F": 0.033821301469022645, "pvalue": 0.8567245434577102}, "A12_treated": {"sum_sq": 202.25394642077222, "df": 1.0, "F": 0.24609165928364712, "pvalue": 0.6275377142555528}, "Batch": {"sum_sq": 71.42848536735218, "df": 1.0, "F": 0.08593324717464941, "pvalue": 0.7737125684047695}, "Quant": {"sum_sq": 4.975917582983748, "df": 1.0, "F": 0.005952370825949195, "pvalue": 0.9395947090212852}}, "2": {"ID": {}, "Treatment": {"sum_sq": 2393.409510623822, "df": 2.0, "F": 2.5371194141970905, "pvalue": 0.11741989341951307, "tukey_hsd": {"groups": ["A12", "B1-8", "PBS"], "pvalues": [[1.0, 0.10618387433335552, 0.8063590413226821], [0.10618387433335552, 1.0, 0.31613667392186284], [0.8063590413226821, 0.31613667392186284, 1.0]]}}, "Ig_treated": {"sum_sq": 83.83388195868982, "df": 1.0, "F": 0.13903793585804486, "pvalue": 0.7148240362840115}, "A12_treated": {"sum_sq": 1310.6158512439142, "df": 1.0, "F": 2.5432574113537667, "pvalue": 0.13308582435554933}, "Batch": {"sum_sq": 233.46627965611216, "df": 1.0, "F": 0.3941896885067582, "pvalue": 0.5402120254858191}, "Quant": {"sum_sq": 276.84407781228214, "df": 1.0, "F": 0.4698879197307618, "pvalue": 0.5042318832924164}}, "3": {"ID": {}, "Treatment": {"sum_sq": 2732.7010173623958, "df": 2.0, "F": 4.56550641209002, "pvalue": 0.031486428831210986, "tukey_hsd": {"groups": ["A12", "B1-8", "PBS"], "pvalues": [[1.0, 0.6905862087725487, 0.027566386733697157], [0.6905862087725487, 1.0, 0.14117593662728345], [0.027566386733697157, 0.14117593662728345, 1.0]]}}, "Ig_treated": {"sum_sq": 2525.578229067137, "df": 1.0, "F": 8.628719416107785, "pvalue": 0.010810696120915375}, "A12_treated": {"sum_sq": 1483.6533900288161, "df": 1.0, "F": 4.041356781262166, "pvalue": 0.06407107811569375}, "Batch": {"sum_sq": 2.503597581496082, "df": 1.0, "F": 0.005293980010705758, "pvalue": 0.9430265988748269}, "Quant": {"sum_sq": 2723.995539734828, "df": 1.0, "F": 9.780188656075612, "pvalue": 0.0074184694287185654}}, "4": {"ID": {}, "Treatment": {"sum_sq": 32.23293355850296, "df": 2.0, "F": 0.05188772487275431, "pvalue": 0.9496310694984492, "tukey_hsd": {"groups": ["A12", "B1-8", "PBS"], "pvalues": [[1.0, 0.9458697234451892, 0.9806958758362098], [0.9458697234451892, 1.0, 0.9914690521859435], [0.9806958758362098, 0.9914690521859435, 1.0]]}}, "Ig_treated": {"sum_sq": 0.7387932631369887, "df": 1.0, "F": 0.0025417226022788407, "pvalue": 0.9605035227000266}, "A12_treated": {"sum_sq": 27.402862475123367, "df": 1.0, "F": 0.0948978147290497, "pvalue": 0.7625762017395792}, "Batch": {"sum_sq": 1.3627689098044304, "df": 1.0, "F": 0.004689149072073489, "pvalue": 0.9463740646664026}, "Quant": {"sum_sq": 28.95917127495132, "df": 1.0, "F": 0.1003260313772718, "pvalue": 0.7561125076522855}}, "5": {"ID": {}, "Treatment": {"sum_sq": 976.0749579591157, "df": 2.0, "F": 3.108066599185386, "pvalue": 0.0788501978256404, "tukey_hsd": {"groups": ["A12", "B1-8", "PBS"], "pvalues": [[1.0, 0.07087975018653103, 0.7798368373028175], [0.07087975018653103, 1.0, 0.24519665783582045], [0.7798368373028175, 0.24519665783582045, 1.0]]}}, "Ig_treated": {"sum_sq": 37.12194145980104, "df": 1.0, "F": 0.1743837484189159, "pvalue": 0.6825784731302467}, "A12_treated": {"sum_sq": 526.7036996618931, "df": 1.0, "F": 2.9605916316917815, "pvalue": 0.10733185463236498}, "Batch": {"sum_sq": 7.254027910349576, "df": 1.0, "F": 0.033738342122143015, "pvalue": 0.856898262898124}, "Quant": {"sum_sq": 0.13450088781056593, "df": 1.0, "F": 0.0006240849172711931, "pvalue": 0.980422158665334}}, "6": {"ID": {}, "Treatment": {"sum_sq": 743.1728030446104, "df": 2.0, "F": 2.1389603057415285, "pvalue": 0.15737553076903796, "tukey_hsd": {"groups": ["A12", "B1-8", "PBS"], "pvalues": [[1.0, 0.7449934502663279, 0.13801519151736263], [0.7449934502663279, 1.0, 0.44048980950931227], [0.13801519151736263, 0.44048980950931227, 1.0]]}}, "Ig_treated": {"sum_sq": 648.1615264242992, "df": 1.0, "F": 3.8557943505595684, "pvalue": 0.06975156777795559}, "A12_treated": {"sum_sq": 466.91107721916984, "df": 1.0, "F": 2.5789480004758025, "pvalue": 0.13060666445158384}, "Batch": {"sum_sq": 60.38066357106219, "df": 1.0, "F": 0.2874106437480683, "pvalue": 0.6002996031868189}, "Quant": {"sum_sq": 638.068729828711, "df": 1.0, "F": 3.779545245996407, "pvalue": 0.07225833230326478}}, "7": {"ID": {}, "Treatment": {"sum_sq": 248.44773877033484, "df": 2.0, "F": 0.7769691762930647, "pvalue": 0.48001890115904505, "tukey_hsd": {"groups": ["A12", "B1-8", "PBS"], "pvalues": [[1.0, 0.46526664903935355, 0.9498489599570942], [0.46526664903935355, 1.0, 0.6673991020505885], [0.9498489599570942, 0.6673991020505885, 1.0]]}}, "Ig_treated": {"sum_sq": 12.231686613491707, "df": 1.0, "F": 0.07398122514820415, "pvalue": 0.7895960635137554}, "A12_treated": {"sum_sq": 127.25087704461444, "df": 1.0, "F": 0.8098994428501068, "pvalue": 0.38336907050496577}, "Batch": {"sum_sq": 1.9046748813384566, "df": 1.0, "F": 0.01146892541799927, "pvalue": 0.9162346854782392}, "Quant": {"sum_sq": 4.752686778158655, "df": 1.0, "F": 0.028653216373423253, "pvalue": 0.868003682570299}}, "8": {"ID": {}, "Treatment": {"sum_sq": 101.96175082305216, "df": 2.0, "F": 0.36567428394152024, "pvalue": 0.7006417997807673, "tukey_hsd": {"groups": ["A12", "B1-8", "PBS"], "pvalues": [[1.0, 0.8889109412816502, 0.904440716307644], [0.8889109412816502, 1.0, 0.6768246836362107], [0.904440716307644, 0.6768246836362107, 1.0]]}}, "Ig_treated": {"sum_sq": 71.8970522790693, "df": 1.0, "F": 0.5463083175660597, "pvalue": 0.4720415220090943}, "A12_treated": {"sum_sq": 0.06145598774748088, "df": 1.0, "F": 0.0004494486913951959, "pvalue": 0.9833851446969774}, "Batch": {"sum_sq": 1.4987081193822758, "df": 1.0, "F": 0.01096880120104233, "pvalue": 0.9180741139354335}, "Quant": {"sum_sq": 315.8380970228898, "df": 1.0, "F": 2.7661200531103014, "pvalue": 0.11849489374893198}}, "9": {"ID": {}, "Treatment": {"sum_sq": 500.92934578424126, "df": 2.0, "F": 2.8046297370622995, "pvalue": 0.09713879142324648, "tukey_hsd": {"groups": ["A12", "B1-8", "PBS"], "pvalues": [[1.0, 0.9998924173069925, 0.12775417309599146], [0.9998924173069925, 1.0, 0.14491364113078598], [0.12775417309599146, 0.14491364113078598, 1.0]]}}, "Ig_treated": {"sum_sq": 500.91191849800725, "df": 1.0, "F": 6.040440141040129, "pvalue": 0.027629680188016183}, "A12_treated": {"sum_sq": 133.99330297813242, "df": 1.0, "F": 1.2277772204785062, "pvalue": 0.28651356231697245}, "Batch": {"sum_sq": 1.4982928068076762, "df": 1.0, "F": 0.012633288537650392, "pvalue": 0.9121036239980088}, "Quant": {"sum_sq": 72.83157725959599, "df": 1.0, "F": 0.641667772624836, "pvalue": 0.43649196984084915}}, "10": {"ID": {}, "Treatment": {"sum_sq": 57.46061695562518, "df": 2.0, "F": 0.2756326752622703, "pvalue": 0.7634186563325027, "tukey_hsd": {"groups": ["A12", "B1-8", "PBS"], "pvalues": [[1.0, 0.8250053793632108, 0.7868894198830464], [0.8250053793632108, 1.0, 0.9974946202288252], [0.7868894198830464, 0.9974946202288252, 1.0]]}}, "Ig_treated": {"sum_sq": 20.517758740705894, "df": 1.0, "F": 0.2063589283252427, "pvalue": 0.6565995079675311}, "A12_treated": {"sum_sq": 56.98625961183891, "df": 1.0, "F": 0.588563385057236, "pvalue": 0.4557191596177733}, "Batch": {"sum_sq": 7.485951223492847, "df": 1.0, "F": 0.07459219292446012, "pvalue": 0.7887517817862806}, "Quant": {"sum_sq": 3.7731013873019785, "df": 1.0, "F": 0.03749718966944556, "pvalue": 0.8492376813488992}}}