{"1": {"Mouse_ID": {}, "Treatment": {"sum_sq": 421.2699474733056, "df": 2.0, "F": 0.24279818079254295, "pvalue": 0.7879084749225223, "tukey_hsd": {"groups": ["A12", "B1-8", "PBS"], "pvalues": [[1.0, 0.782708722742227, 0.9883200979765195], [0.782708722742227, 1.0, 0.870303439370129], [0.9883200979765195, 0.870303439370129, 1.0]]}}, "Ig_treated": {"sum_sq": 27.991169301518443, "df": 1.0, "F": 0.03357640489590749, "pvalue": 0.8572380031603041}, "A12_treated": {"sum_sq": 200.1996339264888, "df": 1.0, "F": 0.24374302559469185, "pvalue": 0.6291706877629748}, "TMT": {"sum_sq": 70.97758812814, "df": 1.0, "F": 0.08545488684942759, "pvalue": 0.7743243057135402}, "Quant": {"sum_sq": 5.083621266356472, "df": 1.0, "F": 0.006086039497944174, "pvalue": 0.9389216889279062}}, "2": {"Mouse_ID": {}, "Treatment": {"sum_sq": 2389.9526751679286, "df": 2.0, "F": 2.535551567677102, "pvalue": 0.11755239197904067, "tukey_hsd": {"groups": ["A12", "B1-8", "PBS"], "pvalues": [[1.0, 0.10624225114541186, 0.8054582462852903], [0.10624225114541186, 1.0, 0.3169716147276115], [0.8054582462852903, 0.3169716147276115, 1.0]]}}, "Ig_treated": {"sum_sq": 82.9590571251297, "df": 1.0, "F": 0.13771188139351745, "pvalue": 0.7161216920291595}, "A12_treated": {"sum_sq": 1310.7677866141216, "df": 1.0, "F": 2.5466157364915056, "pvalue": 0.13285009281395768}, "TMT": {"sum_sq": 233.58798864225773, "df": 1.0, "F": 0.3948069876076219, "pvalue": 0.5398993306382263}, "Quant": {"sum_sq": 275.3097293659188, "df": 1.0, "F": 0.46768014831088806, "pvalue": 0.5052189568073391}}, "3": {"Mouse_ID": {}, "Treatment": {"sum_sq": 2734.852539745768, "df": 2.0, "F": 4.5724720035875555, "pvalue": 0.03135790048990505, "tukey_hsd": {"groups": ["A12", "B1-8", "PBS"], "pvalues": [[1.0, 0.6912880949208928, 0.027469696438409907], [0.6912880949208928, 1.0, 0.14049270264960811], [0.027469696438409907, 0.14049270264960811, 1.0]]}}, "Ig_treated": {"sum_sq": 2528.4675089295347, "df": 1.0, "F": 8.646199616810536, "pvalue": 0.01074726997277165}, "A12_treated": {"sum_sq": 1483.1241954669292, "df": 1.0, "F": 4.040062783535445, "pvalue": 0.06410874191897054}, "TMT": {"sum_sq": 2.4623750757328517, "df": 1.0, "F": 0.005207344367321133, "pvalue": 0.9434938316056436}, "Quant": {"sum_sq": 2726.419722297573, "df": 1.0, "F": 9.796784001770796, "pvalue": 0.007379475242576663}}, "4": {"Mouse_ID": {}, "Treatment": {"sum_sq": 32.67836844430655, "df": 2.0, "F": 0.05263913532298321, "pvalue": 0.9489234622089857, "tukey_hsd": {"groups": ["A12", "B1-8", "PBS"], "pvalues": [[1.0, 0.944928035341218, 0.9810465459825141], [0.944928035341218, 1.0, 0.9908609159976777], [0.9810465459825141, 0.9908609159976777, 1.0]]}}, "Ig_treated": {"sum_sq": 0.6388497983660999, "df": 1.0, "F": 0.002199009665613573, "pvalue": 0.963260400072086}, "A12_treated": {"sum_sq": 27.505516675619926, "df": 1.0, "F": 0.09530737067903156, "pvalue": 0.7620815185515749}, "TMT": {"sum_sq": 1.4163756786063773, "df": 1.0, "F": 0.004876293841854163, "pvalue": 0.9453162494288408}, "Quant": {"sum_sq": 28.494899845008852, "df": 1.0, "F": 0.0987597942659452, "pvalue": 0.7579572674528079}}, "5": {"Mouse_ID": {}, "Treatment": {"sum_sq": 905.2413831985275, "df": 2.0, "F": 2.791387375520778, "pvalue": 0.09804221910652608, "tukey_hsd": {"groups": ["A12", "B1-8", "PBS"], "pvalues": [[1.0, 0.1092668782397489, 0.973379670181523], [0.1092668782397489, 1.0, 0.18062280222661597], [0.973379670181523, 0.18062280222661597, 1.0]]}}, "Ig_treated": {"sum_sq": 123.29694556383694, "df": 1.0, "F": 0.5973107268867862, "pvalue": 0.45245758228031785}, "A12_treated": {"sum_sq": 325.7420501832852, "df": 1.0, "F": 1.696928960928383, "pvalue": 0.21371143453143376}, "TMT": {"sum_sq": 18.09562064154847, "df": 1.0, "F": 0.08458486832222112, "pvalue": 0.7754417102309783}, "Quant": {"sum_sq": 29.976829724394943, "df": 1.0, "F": 0.1406796005852426, "pvalue": 0.7132273290967082}}, "6": {"Mouse_ID": {}, "Treatment": {"sum_sq": 809.8500589468051, "df": 2.0, "F": 2.4053627592132467, "pvalue": 0.1291817965269969, "tukey_hsd": {"groups": ["A12", "B1-8", "PBS"], "pvalues": [[1.0, 0.46443310989563735, 0.11255705585396314], [0.46443310989563735, 1.0, 0.6373984039226297], [0.11255705585396314, 0.6373984039226297, 1.0]]}}, "Ig_treated": {"sum_sq": 560.5153084921909, "df": 1.0, "F": 3.2189888524335584, "pvalue": 0.09440628017555835}, "A12_treated": {"sum_sq": 667.1897868702828, "df": 1.0, "F": 4.006949698803797, "pvalue": 0.0650815589967356}, "TMT": {"sum_sq": 49.5924223779287, "df": 1.0, "F": 0.235456712949383, "pvalue": 0.6350122044156445}, "Quant": {"sum_sq": 607.6020960608008, "df": 1.0, "F": 3.558130633722813, "pvalue": 0.0801712562960405}}, "7": {"Mouse_ID": {}, "Treatment": {"sum_sq": 247.72152281915717, "df": 2.0, "F": 0.7747331098581848, "pvalue": 0.48097875796154055, "tukey_hsd": {"groups": ["A12", "B1-8", "PBS"], "pvalues": [[1.0, 0.4657807232275749, 0.9488416156638014], [0.4657807232275749, 1.0, 0.6697464502637105], [0.9488416156638014, 0.6697464502637105, 1.0]]}}, "Ig_treated": {"sum_sq": 11.878469102957993, "df": 1.0, "F": 0.07185934741028072, "pvalue": 0.7925578122376902}, "A12_treated": {"sum_sq": 127.61690408170185, "df": 1.0, "F": 0.8126672980502633, "pvalue": 0.38257978557367045}, "TMT": {"sum_sq": 1.9036693809074754, "df": 1.0, "F": 0.011466910982126469, "pvalue": 0.9162420121292989}, "Quant": {"sum_sq": 4.7985506130533135, "df": 1.0, "F": 0.028940515627019416, "pvalue": 0.8673503539362181}}, "8": {"Mouse_ID": {}, "Treatment": {"sum_sq": 95.91601163548664, "df": 2.0, "F": 0.34351517106255325, "pvalue": 0.7155200285135029, "tukey_hsd": {"groups": ["A12", "B1-8", "PBS"], "pvalues": [[1.0, 0.8879951583579337, 0.9168170358617234], [0.8879951583579337, 1.0, 0.6929727918869097], [0.9168170358617234, 0.6929727918869097, 1.0]]}}, "Ig_treated": {"sum_sq": 65.54350909859654, "df": 1.0, "F": 0.4972690908379314, "pvalue": 0.49226907205190795}, "A12_treated": {"sum_sq": 0.22274664548778272, "df": 1.0, "F": 0.0016321700814019794, "pvalue": 0.9683446219698005}, "TMT": {"sum_sq": 1.431606585035207, "df": 1.0, "F": 0.01049670025350092, "pvalue": 0.9198498200009512}, "Quant": {"sum_sq": 310.6910964892714, "df": 1.0, "F": 2.7182933688406474, "pvalue": 0.12145404295956023}}, "9": {"Mouse_ID": {}, "Treatment": {"sum_sq": 503.83679328493224, "df": 2.0, "F": 2.8425714425089095, "pvalue": 0.09460302835857398, "tukey_hsd": {"groups": ["A12", "B1-8", "PBS"], "pvalues": [[1.0, 0.9995651243576359, 0.1261234574032266], [0.9995651243576359, 1.0, 0.14002144713320408], [0.1261234574032266, 0.14002144713320408, 1.0]]}}, "Ig_treated": {"sum_sq": 503.7668714785687, "df": 1.0, "F": 6.121240400124514, "pvalue": 0.026771226634417226}, "A12_treated": {"sum_sq": 132.1553680942365, "df": 1.0, "F": 1.2141963025492126, "pvalue": 0.2890861972322402}, "TMT": {"sum_sq": 1.5741409768734287, "df": 1.0, "F": 0.013321090518056107, "pvalue": 0.9097536930274007}, "Quant": {"sum_sq": 77.2663149014924, "df": 1.0, "F": 0.6852128970368074, "pvalue": 0.4216843150665204}}, "10": {"Mouse_ID": {}, "Treatment": {"sum_sq": 58.142449301743184, "df": 2.0, "F": 0.279082315961854, "pvalue": 0.7608970843112779, "tukey_hsd": {"groups": ["A12", "B1-8", "PBS"], "pvalues": [[1.0, 0.8241775921144896, 0.783702610626545], [0.8241775921144896, 1.0, 0.9971914181321724], [0.783702610626545, 0.9971914181321724, 1.0]]}}, "Ig_treated": {"sum_sq": 21.027576001905683, "df": 1.0, "F": 0.2115923890527506, "pvalue": 0.6525848191213126}, "A12_treated": {"sum_sq": 57.610932134747785, "df": 1.0, "F": 0.5953716462868835, "pvalue": 0.45317726365484334}, "TMT": {"sum_sq": 7.553942927131785, "df": 1.0, "F": 0.07528334954008975, "pvalue": 0.787801176322753}, "Quant": {"sum_sq": 3.5991334764197687, "df": 1.0, "F": 0.03576862466720478, "pvalue": 0.8527084895634605}}}