{"1": {"Seqn": {}, "ID": {}, "Group": {"sum_sq": 578.9311850672487, "df": 2.0, "F": 0.25224381088661674, "pvalue": 0.7807717076489098, "tukey_hsd": {"groups": ["A12", "B1-8", "PBS"], "pvalues": [[1.0, 0.7720371415103431, 0.983613309978755], [0.7720371415103431, 1.0, 0.8739964457126566], [0.983613309978755, 0.8739964457126566, 1.0]]}}, "Ig": {"sum_sq": 28.939234522089652, "df": 1.0, "F": 0.02619221850087007, "pvalue": 0.8737442529844781}, "Control": {"sum_sq": 295.51298063295553, "df": 1.0, "F": 0.27215197056471563, "pvalue": 0.6100465138914234}, "TMT": {"sum_sq": 125.6933206742798, "df": 1.0, "F": 0.11447811881962663, "pvalue": 0.7401228888758589}, "Tag": {"sum_sq": 12881.384645579714, "df": 8.0, "F": 4.308794677378481, "pvalue": 0.03485699793181692, "tukey_hsd": {}}, "ID_metabo": {}, "Quant": {"sum_sq": 1121.7739195262156, "df": 1.0, "F": 1.7064626160254053, "pvalue": 0.21408548212961606}}, "2": {"Seqn": {}, "ID": {}, "Group": {"sum_sq": 2985.1154412244728, "df": 2.0, "F": 2.3397348457374814, "pvalue": 0.13554445936727444, "tukey_hsd": {"groups": ["A12", "B1-8", "PBS"], "pvalues": [[1.0, 0.12448277152384912, 0.8359553673461827], [0.12448277152384912, 1.0, 0.3323955365308079], [0.8359553673461827, 0.3323955365308079, 1.0]]}}, "Ig": {"sum_sq": 121.53821924105604, "df": 1.0, "F": 0.15251507367031644, "pvalue": 0.7020212737356425}, "Control": {"sum_sq": 1590.271277736419, "df": 1.0, "F": 2.298134155043746, "pvalue": 0.1517797710777549}, "TMT": {"sum_sq": 378.7744031047604, "df": 1.0, "F": 0.4865319033903815, "pvalue": 0.49689973053948744}, "Tag": {"sum_sq": 6051.31394046062, "df": 8.0, "F": 1.013042796637552, "pvalue": 0.4997651209645402, "tukey_hsd": {}}, "ID_metabo": {}, "Quant": {"sum_sq": 52.2214807065374, "df": 1.0, "F": 0.060885929625775916, "pvalue": 0.8089548167165945}}, "3": {"Seqn": {}, "ID": {}, "Group": {"sum_sq": 3509.662192692036, "df": 2.0, "F": 4.461959562356756, "pvalue": 0.033470603751074274, "tukey_hsd": {"groups": ["A12", "B1-8", "PBS"], "pvalues": [[1.0, 0.6709363261213299, 0.02890649339451845], [0.6709363261213299, 1.0, 0.15472763195321382], [0.02890649339451845, 0.15472763195321382, 1.0]]}}, "Ig": {"sum_sq": 3215.5606197455054, "df": 1.0, "F": 8.326101876015576, "pvalue": 0.011980407275421335}, "Control": {"sum_sq": 1957.0666739064566, "df": 1.0, "F": 4.110665620906101, "pvalue": 0.062091590482692124}, "TMT": {"sum_sq": 3.2263243432663935, "df": 1.0, "F": 0.005240475709262889, "pvalue": 0.9433146935171887}, "Tag": {"sum_sq": 7052.204961615008, "df": 8.0, "F": 3.9298948822069626, "pvalue": 0.04388787159468079, "tukey_hsd": {}}, "ID_metabo": {}, "Quant": {"sum_sq": 93.33076098183084, "df": 1.0, "F": 0.1436923595184438, "pvalue": 0.7107567357508804}}, "4": {"Seqn": {}, "ID": {}, "Group": {"sum_sq": 36.772465228964336, "df": 2.0, "F": 0.0446253850538073, "pvalue": 0.9565015247073748, "tukey_hsd": {"groups": ["A12", "B1-8", "PBS"], "pvalues": [[1.0, 0.9539648344882102, 0.9812562327089599], [0.9539648344882102, 1.0, 0.9941757526367141], [0.9812562327089599, 0.9941757526367141, 1.0]]}}, "Ig": {"sum_sq": 1.417628112994575, "df": 1.0, "F": 0.003681111460280446, "pvalue": 0.9524779179977164}, "Control": {"sum_sq": 32.405155437710285, "df": 1.0, "F": 0.08463189161014383, "pvalue": 0.7753811563313683}, "TMT": {"sum_sq": 3.8871844277304066, "df": 1.0, "F": 0.010098358128764593, "pvalue": 0.9213797678381965}, "Tag": {"sum_sq": 4284.978021226032, "df": 8.0, "F": 3.3840122245752298, "pvalue": 0.06286661203030161, "tukey_hsd": {}}, "ID_metabo": {}, "Quant": {"sum_sq": 52.6309229162966, "df": 1.0, "F": 0.128134425277983, "pvalue": 0.7261193606166583}}, "5": {"Seqn": {}, "ID": {}, "Group": {"sum_sq": 988.6061693227305, "df": 2.0, "F": 2.0762082249245855, "pvalue": 0.16501265746919042, "tukey_hsd": {"groups": ["A12", "B1-8", "PBS"], "pvalues": [[1.0, 0.8925031889034072, 0.15738855383958317], [0.8925031889034072, 1.0, 0.3430888716515007], [0.15738855383958317, 0.3430888716515007, 1.0]]}}, "Ig": {"sum_sq": 939.0395707651212, "df": 1.0, "F": 4.180672045033725, "pvalue": 0.0601654198825061}, "Control": {"sum_sq": 484.3174136333613, "df": 1.0, "F": 1.8838097236654368, "pvalue": 0.19149112412808325}, "TMT": {"sum_sq": 132.69074751556553, "df": 1.0, "F": 0.47018301741980845, "pvalue": 0.5041002092517446}, "Tag": {"sum_sq": 1366.2666445264338, "df": 8.0, "F": 0.4399403439612416, "pvalue": 0.863651991980203, "tukey_hsd": {}}, "ID_metabo": {}, "Quant": {"sum_sq": 23.768758271961648, "df": 1.0, "F": 0.08510858866491439, "pvalue": 0.7750934714246968}}, "6": {"Seqn": {}, "ID": {}, "Group": {"sum_sq": 1310.9709950915094, "df": 2.0, "F": 3.1615939588645285, "pvalue": 0.0760535931087904, "tukey_hsd": {"groups": ["A12", "B1-8", "PBS"], "pvalues": [[1.0, 0.06498620874692118, 0.6799473435390575], [0.06498620874692118, 1.0, 0.29079835519082375], [0.6799473435390575, 0.29079835519082375, 1.0]]}}, "Ig": {"sum_sq": 21.084840925322442, "df": 1.0, "F": 0.07407204361572799, "pvalue": 0.7894703262358953}, "Control": {"sum_sq": 796.9555239614326, "df": 1.0, "F": 3.4766053352465804, "pvalue": 0.08334327429097946}, "TMT": {"sum_sq": 7.287621146607592, "df": 1.0, "F": 0.025513426191122637, "pvalue": 0.8753759687641998}, "Tag": {"sum_sq": 1971.6788272044334, "df": 8.0, "F": 0.8479608837153424, "pvalue": 0.5928000304900052, "tukey_hsd": {}}, "ID_metabo": {}, "Quant": {"sum_sq": 221.04057533256645, "df": 1.0, "F": 0.8779866877896184, "pvalue": 0.3658358051446383}}, "7": {"Seqn": {}, "ID": {}, "Group": {"sum_sq": 383.12330387867667, "df": 2.0, "F": 0.9035693142246061, "pvalue": 0.4291107203020765, "tukey_hsd": {"groups": ["A12", "B1-8", "PBS"], "pvalues": [[1.0, 0.4040807155737306, 0.9024184008330822], [0.4040807155737306, 1.0, 0.6744434217887163], [0.9024184008330822, 0.6744434217887163, 1.0]]}}, "Ig": {"sum_sq": 7.849800275608273, "df": 1.0, "F": 0.03509584857196655, "pvalue": 0.8540828621340052}, "Control": {"sum_sq": 226.72263780969453, "df": 1.0, "F": 1.089836036647948, "pvalue": 0.3141994036463539}, "TMT": {"sum_sq": 4.1857203194612005, "df": 1.0, "F": 0.018692158848803403, "pvalue": 0.8931993302186483}, "Tag": {"sum_sq": 1541.3125431451513, "df": 8.0, "F": 0.8440225277213862, "pvalue": 0.59519062388231, "tukey_hsd": {}}, "ID_metabo": {}, "Quant": {"sum_sq": 339.66070653750137, "df": 1.0, "F": 1.6331949618644255, "pvalue": 0.22361015491795053}}, "8": {"Seqn": {}, "ID": {}, "Group": {"sum_sq": 158.74099498365086, "df": 2.0, "F": 0.4276014008158012, "pvalue": 0.6609186762018704, "tukey_hsd": {"groups": ["A12", "B1-8", "PBS"], "pvalues": [[1.0, 0.8812057729488075, 0.8797943226648275], [0.8812057729488075, 1.0, 0.634869283921963], [0.8797943226648275, 0.634869283921963, 1.0]]}}, "Ig": {"sum_sq": 115.72320624532604, "df": 1.0, "F": 0.6596462185429577, "pvalue": 0.43027918701629153}, "Control": {"sum_sq": 0.0006025856783691294, "df": 1.0, "F": 3.2803038436551557e-06, "pvalue": 0.9985804583490194}, "TMT": {"sum_sq": 1.587312327344213, "df": 1.0, "F": 0.008646208139801211, "pvalue": 0.927233044819518}, "Tag": {"sum_sq": 1962.6080021394796, "df": 8.0, "F": 2.819068791138157, "pvalue": 0.09490680095970305, "tukey_hsd": {}}, "ID_metabo": {}, "Quant": {"sum_sq": 38.046936548358374, "df": 1.0, "F": 0.20051866759617812, "pvalue": 0.6616737419488408}}, "9": {"Seqn": {}, "ID": {}, "Group": {"sum_sq": 672.3903218771698, "df": 2.0, "F": 2.8135732385188734, "pvalue": 0.09653407664234692, "tukey_hsd": {"groups": ["A12", "B1-8", "PBS"], "pvalues": [[1.0, 0.9999999602215801, 0.12571674285746282], [0.9999999602215801, 1.0, 0.14584383631203746], [0.12571674285746282, 0.14584383631203746, 1.0]]}}, "Ig": {"sum_sq": 672.3903132559248, "df": 1.0, "F": 6.060003787015212, "pvalue": 0.027418917585176283}, "Control": {"sum_sq": 183.31136559848025, "df": 1.0, "F": 1.2565070936602343, "pvalue": 0.28117355434206837}, "TMT": {"sum_sq": 4.107193195116282, "df": 1.0, "F": 0.025881875601969133, "pvalue": 0.8744875410851577}, "Tag": {"sum_sq": 1534.874655967634, "df": 8.0, "F": 1.9438870452586776,