{"1": {"ID": {}, "Treatment": {"sum_sq": 425.3902139183957, "df": 2.0, "F": 0.24506295039616782, "pvalue": 0.786190463069311, "tukey_hsd": {"groups": ["A12", "B1-8", "PBS"], "pvalues": [[1.0, 0.7809345118756782, 0.9881871429728722], [0.7809345118756782, 1.0, 0.8692411383628389], [0.9881871429728722, 0.8692411383628389, 1.0]]}}, "Ig_treated": {"sum_sq": 28.21695967614807, "df": 1.0, "F": 0.03382130146902293, "pvalue": 0.856724543457707}, "A12_treated": {"sum_sq": 202.25394642077453, "df": 1.0, "F": 0.24609165928365045, "pvalue": 0.6275377142555517}, "Batch": {"sum_sq": 71.42848536735244, "df": 1.0, "F": 0.08593324717464987, "pvalue": 0.7737125684047695}, "Quant": {"sum_sq": 4.975917582983582, "df": 1.0, "F": 0.005952370825949006, "pvalue": 0.9395947090212852}}, "2": {"ID": {}, "Treatment": {"sum_sq": 2393.409510623819, "df": 2.0, "F": 2.537119414197086, "pvalue": 0.11741989341951342, "tukey_hsd": {"groups": ["A12", "B1-8", "PBS"], "pvalues": [[1.0, 0.10618387433335574, 0.8063590413226809], [0.10618387433335574, 1.0, 0.3161366739218645], [0.8063590413226809, 0.3161366739218645, 1.0]]}}, "Ig_treated": {"sum_sq": 83.83388195868874, "df": 1.0, "F": 0.13903793585804305, "pvalue": 0.714824036284013}, "A12_treated": {"sum_sq": 1310.615851243915, "df": 1.0, "F": 2.5432574113537685, "pvalue": 0.13308582435554933}, "Batch": {"sum_sq": 233.46627965611142, "df": 1.0, "F": 0.3941896885067569, "pvalue": 0.54021202548582}, "Quant": {"sum_sq": 276.8440778122807, "df": 1.0, "F": 0.4698879197307595, "pvalue": 0.5042318832924177}}, "3": {"ID": {}, "Treatment": {"sum_sq": 2732.7010173623958, "df": 2.0, "F": 4.565506412090011, "pvalue": 0.031486428831211145, "tukey_hsd": {"groups": ["A12", "B1-8", "PBS"], "pvalues": [[1.0, 0.690586208772551, 0.027566386733697268], [0.690586208772551, 1.0, 0.14117593662728345], [0.027566386733697268, 0.14117593662728345, 1.0]]}}, "Ig_treated": {"sum_sq": 2525.578229067139, "df": 1.0, "F": 8.628719416107781, "pvalue": 0.01081069612091539}, "A12_treated": {"sum_sq": 1483.6533900288139, "df": 1.0, "F": 4.0413567812621505, "pvalue": 0.06407107811569411}, "Batch": {"sum_sq": 2.5035975814960603, "df": 1.0, "F": 0.005293980010705706, "pvalue": 0.9430265988748269}, "Quant": {"sum_sq": 2723.9955397348317, "df": 1.0, "F": 9.780188656075612, "pvalue": 0.0074184694287185654}}, "4": {"ID": {}, "Treatment": {"sum_sq": 32.232933558503106, "df": 2.0, "F": 0.05188772487275461, "pvalue": 0.9496310694984492, "tukey_hsd": {"groups": ["A12", "B1-8", "PBS"], "pvalues": [[1.0, 0.9458697234451889, 0.9806958758362097], [0.9458697234451889, 1.0, 0.9914690521859435], [0.9806958758362097, 0.9914690521859435, 1.0]]}}, "Ig_treated": {"sum_sq": 0.7387932631369971, "df": 1.0, "F": 0.002541722602278873, "pvalue": 0.9605035227000266}, "A12_treated": {"sum_sq": 27.40286247512351, "df": 1.0, "F": 0.0948978147290503, "pvalue": 0.7625762017395792}, "Batch": {"sum_sq": 1.362768909804428, "df": 1.0, "F": 0.004689149072073485, "pvalue": 0.9463740646664026}, "Quant": {"sum_sq": 28.959171274951395, "df": 1.0, "F": 0.10032603137727218, "pvalue": 0.7561125076522855}}, "5": {"ID": {}, "Treatment": {"sum_sq": 976.0749579591891, "df": 2.0, "F": 3.108066599185725, "pvalue": 0.07885019782562232, "tukey_hsd": {"groups": ["A12", "B1-8", "PBS"], "pvalues": [[1.0, 0.07087975018650083, 0.7798368373024984], [0.07087975018650083, 1.0, 0.24519665783593514], [0.7798368373024984, 0.24519665783593514, 1.0]]}}, "Ig_treated": {"sum_sq": 37.12194145972097, "df": 1.0, "F": 0.17438374841853488, "pvalue": 0.6825784731305723}, "A12_treated": {"sum_sq": 526.7036996621483, "df": 1.0, "F": 2.9605916316935157, "pvalue": 0.1073318546322713}, "Batch": {"sum_sq": 7.254027910338932, "df": 1.0, "F": 0.03373834212209335, "pvalue": 0.8568982628982287}, "Quant": {"sum_sq": 0.1345008878057927, "df": 1.0, "F": 0.0006240849172490435, "pvalue": 0.9804221586656996}}, "6": {"ID": {}, "Treatment": {"sum_sq": 743.1728030445367, "df": 2.0, "F": 2.1389603057412407, "pvalue": 0.15737553076907207, "tukey_hsd": {"groups": ["A12", "B1-8", "PBS"], "pvalues": [[1.0, 0.7449934502666796, 0.1380151915174086], [0.7449934502666796, 1.0, 0.44048980950910355], [0.1380151915174086, 0.44048980950910355, 1.0]]}}, "Ig_treated": {"sum_sq": 648.1615264243783, "df": 1.0, "F": 3.85579435056016, "pvalue": 0.06975156777793665}, "A12_treated": {"sum_sq": 466.91107721891643, "df": 1.0, "F": 2.5789480004741385, "pvalue": 0.13060666445169783}, "Batch": {"sum_sq": 60.380663571073356, "df": 1.0, "F": 0.287410643748122, "pvalue": 0.6002996031867843}, "Quant": {"sum_sq": 638.0687298287165, "df": 1.0, "F": 3.7795452459964394, "pvalue": 0.07225833230326369}}, "7": {"ID": {}, "Treatment": {"sum_sq": 248.44773877033654, "df": 2.0, "F": 0.7769691762930699, "pvalue": 0.4800189011590427, "tukey_hsd": {"groups": ["A12", "B1-8", "PBS"], "pvalues": [[1.0, 0.46526664903935133, 0.9498489599570943], [0.46526664903935133, 1.0, 0.6673991020505858], [0.9498489599570943, 0.6673991020505858, 1.0]]}}, "Ig_treated": {"sum_sq": 12.231686613491927, "df": 1.0, "F": 0.07398122514820543, "pvalue": 0.7895960635137532}, "A12_treated": {"sum_sq": 127.2508770446151, "df": 1.0, "F": 0.8098994428501105, "pvalue": 0.383369070504965}, "Batch": {"sum_sq": 1.904674881338471, "df": 1.0, "F": 0.011468925417999348, "pvalue": 0.9162346854782392}, "Quant": {"sum_sq": 4.752686778158469, "df": 1.0, "F": 0.02865321637342211, "pvalue": 0.868003682570299}}, "8": {"ID": {}, "Treatment": {"sum_sq": 101.96175082305007, "df": 2.0, "F": 0.36567428394151136, "pvalue": 0.7006417997807732, "tukey_hsd": {"groups": ["A12", "B1-8", "PBS"], "pvalues": [[1.0, 0.88891094128165, 0.9044407163076486], [0.88891094128165, 1.0, 0.6768246836362168], [0.9044407163076486, 0.6768246836362168, 1.0]]}}, "Ig_treated": {"sum_sq": 71.89705227906704, "df": 1.0, "F": 0.5463083175660405, "pvalue": 0.47204152200910177}, "A12_treated": {"sum_sq": 0.06145598774751989, "df": 1.0, "F": 0.00044944869139548, "pvalue": 0.9833851446969774}, "Batch": {"sum_sq": 1.498708119382355, "df": 1.0, "F": 0.010968801201042879, "pvalue": 0.9180741139354219}, "Quant": {"sum_sq": 315.83809702288926, "df": 1.0, "F": 2.7661200531102867, "pvalue": 0.11849489374893309}}, "9": {"ID": {}, "Treatment": {"sum_sq": 500.9293457842459, "df": 2.0, "F": 2.804629737062339, "pvalue": 0.09713879142324387, "tukey_hsd": {"groups": ["A12", "B1-8", "PBS"], "pvalues": [[1.0, 0.9998924173069925, 0.12775417309598802], [0.9998924173069925, 1.0, 0.14491364113078276], [0.12775417309598802, 0.14491364113078276, 1.0]]}}, "Ig_treated": {"sum_sq": 500.9119184980121, "df": 1.0, "F": 6.040440141040214, "pvalue": 0.027629680188015253}, "A12_treated": {"sum_sq": 133.9933029781341, "df": 1.0, "F": 1.2277772204785238, "pvalue": 0.2865135623169689}, "Batch": {"sum_sq": 1.4982928068077837, "df": 1.0, "F": 0.012633288537651305, "pvalue": 0.9121036239980035}, "Quant": {"sum_sq": 72.83157725959776, "df": 1.0, "F": 0.6416677726248525, "pvalue": 0.43649196984084315}}, "10": {"ID": {}, "Treatment": {"sum_sq": 57.460616955624474, "df": 2.0, "F": 0.27563267526226554, "pvalue": 0.7634186563325062, "tukey_hsd": {"groups": ["A12", "B1-8", "PBS"], "pvalues": [[1.0, 0.8250053793632094, 0.7868894198830525], [0.8250053793632094, 1.0, 0.9974946202288261], [0.7868894198830525, 0.9974946202288261, 1.0]]}}, "Ig_treated": {"sum_sq": 20.51775874070473, "df": 1.0, "F": 0.20635892832522995, "pvalue": 0.6565995079675399}, "A12_treated": {"sum_sq": 56.98625961183836, "df": 1.0, "F": 0.5885633850572276, "pvalue": 0.4557191596177771}, "Batch": {"sum_sq": 7.485951223492719, "df": 1.0, "F": 0.07459219292445853, "pvalue": 0.7887517817862827}, "Quant": {"sum_sq": 3.7731013873021646, "df": 1.0, "F": 0.037497189669447255, "pvalue": 0.8492376813488961}}}