{"1": {"protein": {}, "group": {"sum_sq": 26375.724897933655, "df": 2.0, "F": 62.99024808999119, "pvalue": 9.395599170364567e-05, "tukey_hsd": {"groups": ["KI", "KO", "WT"], "pvalues": [[1.0, 0.252801144793814, 0.00031191666348262537], [0.252801144793814, 1.0, 0.00010875008141519871], [0.00031191666348262537, 0.00010875008141519871, 1.0]]}}}, "2": {"protein": {}, "group": {"sum_sq": 15878.078264629408, "df": 2.0, "F": 10.242866634546614, "pvalue": 0.011625663489575572, "tukey_hsd": {"groups": ["KI", "KO", "WT"], "pvalues": [[1.0, 0.009602150459405712, 0.09818983925615754], [0.009602150459405712, 1.0, 0.19672922544527272], [0.09818983925615754, 0.19672922544527272, 1.0]]}}}, "3": {"protein": {}, "group": {"sum_sq": 3015.6629459126234, "df": 2.0, "F": 0.7761994296508937, "pvalue": 0.5014169342832409, "tukey_hsd": {"groups": ["KI", "KO", "WT"], "pvalues": [[1.0, 0.5838711628709683, 0.5385699525124674], [0.5838711628709683, 1.0, 0.9962209804887515], [0.5385699525124674, 0.9962209804887515, 1.0]]}}}, "4": {"protein": {}, "group": {"sum_sq": 26.968899768050747, "df": 2.0, "F": 0.012285395257643694, "pvalue": 0.9878145428034153, "tukey_hsd": {"groups": ["KI", "KO", "WT"], "pvalues": [[1.0, 0.9868089246126768, 0.9949723025537762], [0.9868089246126768, 1.0, 0.9980366412324828], [0.9949723025537762, 0.9980366412324828, 1.0]]}}}, "5": {"protein": {}, "group": {"sum_sq": 123.94282112921873, "df": 2.0, "F": 0.07600656791529574, "pvalue": 0.9276881067440251, "tukey_hsd": {"groups": ["KI", "KO", "WT"], "pvalues": [[1.0, 0.9212043836792144, 0.984876642559168], [0.9212043836792144, 1.0, 0.9732949544517208], [0.984876642559168, 0.9732949544517208, 1.0]]}}}, "6": {"protein": {}, "group": {"sum_sq": 136.58282581849818, "df": 2.0, "F": 0.09332068972717127, "pvalue": 0.91219759951417, "tukey_hsd": {"groups": ["KI", "KO", "WT"], "pvalues": [[1.0, 0.9055243045508536, 0.9621422605429815], [0.9055243045508536, 1.0, 0.9855908382062022], [0.9621422605429815, 0.9855908382062022, 1.0]]}}}, "7": {"protein": {}, "group": {"sum_sq": 12.064322134620319, "df": 2.0, "F": 0.009672757270542889, "pvalue": 0.9903892839784529, "tukey_hsd": {"groups": ["KI", "KO", "WT"], "pvalues": [[1.0, 0.9895353719203998, 0.9962777461270312], [0.9895353719203998, 1.0, 0.998273779865111], [0.9962777461270312, 0.998273779865111, 1.0]]}}}, "8": {"protein": {}, "group": {"sum_sq": 13.487927298907493, "df": 2.0, "F": 0.012887987328830064, "pvalue": 0.987221958377077, "tukey_hsd": {"groups": ["KI", "KO", "WT"], "pvalues": [[1.0, 0.990201287990501, 0.9999446087906841], [0.990201287990501, 1.0, 0.9886892502287573], [0.9999446087906841, 0.9886892502287573, 1.0]]}}}, "9": {"protein": {}, "group": {"sum_sq": 2.2942278375448495e-59, "df": 2.0, "F": 0.017908105542497665, "pvalue": 0.982303586421783, "tukey_hsd": {"groups": ["KI", "KO", "WT"], "pvalues": [[1.0, 0.9499306468018046, 0.9871564264767431], [0.9499306468018046, 1.0, 0.9871564264767431], [0.9871564264767431, 0.9871564264767431, 1.0]]}}}}