{"1": {"Mouse_ID": {}, "Treatment": {"sum_sq": 421.26994747330656, "df": 2.0, "F": 0.242798180792543, "pvalue": 0.7879084749225223, "tukey_hsd": {"groups": ["A12", "B1-8", "PBS"], "pvalues": [[1.0, 0.782708722742227, 0.9883200979765197], [0.782708722742227, 1.0, 0.8703034393701289], [0.9883200979765197, 0.8703034393701289, 1.0]]}}, "Ig_treated": {"sum_sq": 27.991169301518635, "df": 1.0, "F": 0.03357640489590765, "pvalue": 0.8572380031603041}, "A12_treated": {"sum_sq": 200.19963392648881, "df": 1.0, "F": 0.24374302559469133, "pvalue": 0.6291706877629748}, "TMT": {"sum_sq": 70.97758812814043, "df": 1.0, "F": 0.08545488684942791, "pvalue": 0.7743243057135402}, "Quant": {"sum_sq": 5.083621266356474, "df": 1.0, "F": 0.006086039497944162, "pvalue": 0.9389216889279062}}, "2": {"Mouse_ID": {}, "Treatment": {"sum_sq": 2389.952675167923, "df": 2.0, "F": 2.5355515676771048, "pvalue": 0.11755239197904033, "tukey_hsd": {"groups": ["A12", "B1-8", "PBS"], "pvalues": [[1.0, 0.10624225114541164, 0.8054582462852903], [0.10624225114541164, 1.0, 0.31697161472761093], [0.8054582462852903, 0.31697161472761093, 1.0]]}}, "Ig_treated": {"sum_sq": 82.95905712512956, "df": 1.0, "F": 0.13771188139351762, "pvalue": 0.7161216920291595}, "A12_treated": {"sum_sq": 1310.7677866141184, "df": 1.0, "F": 2.5466157364915074, "pvalue": 0.13285009281395768}, "TMT": {"sum_sq": 233.58798864225645, "df": 1.0, "F": 0.39480698760762084, "pvalue": 0.5398993306382263}, "Quant": {"sum_sq": 275.30972936591775, "df": 1.0, "F": 0.46768014831088756, "pvalue": 0.5052189568073397}}, "3": {"Mouse_ID": {}, "Treatment": {"sum_sq": 2734.8525397457674, "df": 2.0, "F": 4.572472003587558, "pvalue": 0.031357900489905007, "tukey_hsd": {"groups": ["A12", "B1-8", "PBS"], "pvalues": [[1.0, 0.6912880949208926, 0.027469696438409574], [0.6912880949208926, 1.0, 0.14049270264960778], [0.027469696438409574, 0.14049270264960778, 1.0]]}}, "Ig_treated": {"sum_sq": 2528.4675089295342, "df": 1.0, "F": 8.646199616810541, "pvalue": 0.01074726997277162}, "A12_treated": {"sum_sq": 1483.12419546693, "df": 1.0, "F": 4.04006278353545, "pvalue": 0.06410874191897045}, "TMT": {"sum_sq": 2.4623750757328744, "df": 1.0, "F": 0.005207344367321181, "pvalue": 0.9434938316056436}, "Quant": {"sum_sq": 2726.4197222975713, "df": 1.0, "F": 9.796784001770797, "pvalue": 0.007379475242576663}}, "4": {"Mouse_ID": {}, "Treatment": {"sum_sq": 32.67836844430689, "df": 2.0, "F": 0.052639135322983734, "pvalue": 0.948923462208985, "tukey_hsd": {"groups": ["A12", "B1-8", "PBS"], "pvalues": [[1.0, 0.9449280353412176, 0.9810465459825136], [0.9449280353412176, 1.0, 0.9908609159976779], [0.9810465459825136, 0.9908609159976779, 1.0]]}}, "Ig_treated": {"sum_sq": 0.6388497983661551, "df": 1.0, "F": 0.0021990096656137616, "pvalue": 0.963260400072086}, "A12_treated": {"sum_sq": 27.505516675620346, "df": 1.0, "F": 0.09530737067903294, "pvalue": 0.7620815185515749}, "TMT": {"sum_sq": 1.4163756786063966, "df": 1.0, "F": 0.004876293841854226, "pvalue": 0.9453162494288408}, "Quant": {"sum_sq": 28.494899845009297, "df": 1.0, "F": 0.09875979426594668, "pvalue": 0.757957267452806}}, "5": {"Mouse_ID": {}, "Treatment": {"sum_sq": 905.2413831985364, "df": 2.0, "F": 2.7913873755208023, "pvalue": 0.09804221910652436, "tukey_hsd": {"groups": ["A12", "B1-8", "PBS"], "pvalues": [[1.0, 0.10926687823974324, 0.9733796701815094], [0.10926687823974324, 1.0, 0.18062280222662352], [0.9733796701815094, 0.18062280222662352, 1.0]]}}, "Ig_treated": {"sum_sq": 123.29694556382303, "df": 1.0, "F": 0.5973107268867139, "pvalue": 0.45245758228034416}, "A12_treated": {"sum_sq": 325.7420501833094, "df": 1.0, "F": 1.6969289609285179, "pvalue": 0.21371143453141653}, "TMT": {"sum_sq": 18.095620641546848, "df": 1.0, "F": 0.08458486832221321, "pvalue": 0.7754417102309884}, "Quant": {"sum_sq": 29.9768297243878, "df": 1.0, "F": 0.14067960058520826, "pvalue": 0.7132273290967406}}, "6": {"Mouse_ID": {}, "Treatment": {"sum_sq": 809.8500589467977, "df": 2.0, "F": 2.405362759213206, "pvalue": 0.12918179652700074, "tukey_hsd": {"groups": ["A12", "B1-8", "PBS"], "pvalues": [[1.0, 0.4644331098956723, 0.11255705585396514], [0.4644331098956723, 1.0, 0.6373984039225998], [0.11255705585396514, 0.6373984039225998, 1.0]]}}, "Ig_treated": {"sum_sq": 560.5153084922072, "df": 1.0, "F": 3.21898885243366, "pvalue": 0.09440628017555357}, "A12_treated": {"sum_sq": 667.1897868702584, "df": 1.0, "F": 4.006949698803592, "pvalue": 0.06508155899674169}, "TMT": {"sum_sq": 49.59242237793056, "df": 1.0, "F": 0.23545671294939116, "pvalue": 0.6350122044156388}, "Quant": {"sum_sq": 607.6020960608099, "df": 1.0, "F": 3.558130633722866, "pvalue": 0.08017125629603847}}, "7": {"Mouse_ID": {}, "Treatment": {"sum_sq": 247.7215228191593, "df": 2.0, "F": 0.7747331098581882, "pvalue": 0.4809787579615394, "tukey_hsd": {"groups": ["A12", "B1-8", "PBS"], "pvalues": [[1.0, 0.46578072322757236, 0.948841615663799], [0.46578072322757236, 1.0, 0.6697464502637123], [0.948841615663799, 0.6697464502637123, 1.0]]}}, "Ig_treated": {"sum_sq": 11.878469102957496, "df": 1.0, "F": 0.07185934741027736, "pvalue": 0.7925578122376924}, "A12_treated": {"sum_sq": 127.6169040817044, "df": 1.0, "F": 0.8126672980502765, "pvalue": 0.38257978557366634}, "TMT": {"sum_sq": 1.9036693809075533, "df": 1.0, "F": 0.011466910982126885, "pvalue": 0.9162420121292933}, "Quant": {"sum_sq": 4.79855061305369, "df": 1.0, "F": 0.028940515627021556, "pvalue": 0.8673503539362111}}, "8": {"Mouse_ID": {}, "Treatment": {"sum_sq": 95.91601163548673, "df": 2.0, "F": 0.34351517106255347, "pvalue": 0.7155200285135029, "tukey_hsd": {"groups": ["A12", "B1-8", "PBS"], "pvalues": [[1.0, 0.887995158357932, 0.9168170358617248], [0.887995158357932, 1.0, 0.6929727918869095], [0.9168170358617248, 0.6929727918869095, 1.0]]}}, "Ig_treated": {"sum_sq": 65.54350909859609, "df": 1.0, "F": 0.4972690908379279, "pvalue": 0.49226907205191006}, "A12_treated": {"sum_sq": 0.2227466454878322, "df": 1.0, "F": 0.0016321700814023417, "pvalue": 0.9683446219698005}, "TMT": {"sum_sq": 1.431606585035114, "df": 1.0, "F": 0.010496700253500234, "pvalue": 0.919849820000957}, "Quant": {"sum_sq": 310.691096489271, "df": 1.0, "F": 2.7182933688406434, "pvalue": 0.12145404295956051}}, "9": {"Mouse_ID": {}, "Treatment": {"sum_sq": 503.83679328493133, "df": 2.0, "F": 2.8425714425089166, "pvalue": 0.0946030283585735, "tukey_hsd": {"groups": ["A12", "B1-8", "PBS"], "pvalues": [[1.0, 0.9995651243576357, 0.1261234574032266], [0.9995651243576357, 1.0, 0.14002144713320264], [0.1261234574032266, 0.14002144713320264, 1.0]]}}, "Ig_treated": {"sum_sq": 503.7668714785681, "df": 1.0, "F": 6.121240400124533, "pvalue": 0.026771226634416993}, "A12_treated": {"sum_sq": 132.15536809423517, "df": 1.0, "F": 1.2141963025492035, "pvalue": 0.289086197232242}, "TMT": {"sum_sq": 1.5741409768734607, "df": 1.0, "F": 0.013321090518056423, "pvalue": 0.9097536930274007}, "Quant": {"sum_sq": 77.26631490149255, "df": 1.0, "F": 0.6852128970368112, "pvalue": 0.42168431506651927}}, "10": {"Mouse_ID": {}, "Treatment": {"sum_sq": 58.14244930174354, "df": 2.0, "F": 0.2790823159618555, "pvalue": 0.7608970843112762, "tukey_hsd": {"groups": ["A12", "B1-8", "PBS"], "pvalues": [[1.0, 0.8241775921144886, 0.7837026106265442], [0.8241775921144886, 1.0, 0.9971914181321724], [0.7837026106265442, 0.9971914181321724, 1.0]]}}, "Ig_treated": {"sum_sq": 21.027576001905732, "df": 1.0, "F": 0.2115923890527509, "pvalue": 0.6525848191213126}, "A12_treated": {"sum_sq": 57.61093213474809, "df": 1.0, "F": 0.5953716462868862, "pvalue": 0.4531772636548427}, "TMT": {"sum_sq": 7.553942927131564, "df": 1.0, "F": 0.07528334954008746, "pvalue": 0.7878011763227553}, "Quant": {"sum_sq": 3.5991334764198553, "df": 1.0, "F": 0.03576862466720561, "pvalue": 0.8527084895634572}}}