{"1": {"Mouse_ID": {}, "Treatment": {"sum_sq": 421.2699474733067, "df": 2.0, "F": 0.24279818079254245, "pvalue": 0.7879084749225229, "tukey_hsd": {"groups": ["A12", "B1-8", "PBS"], "pvalues": [[1.0, 0.7827087227422274, 0.9883200979765197], [0.7827087227422274, 1.0, 0.8703034393701292], [0.9883200979765197, 0.8703034393701292, 1.0]]}}, "Ig_treated": {"sum_sq": 27.991169301518575, "df": 1.0, "F": 0.0335764048959075, "pvalue": 0.8572380031603041}, "A12_treated": {"sum_sq": 200.19963392648893, "df": 1.0, "F": 0.2437430255946909, "pvalue": 0.6291706877629748}, "Batch": {"sum_sq": 70.97758812814021, "df": 1.0, "F": 0.08545488684942745, "pvalue": 0.7743243057135402}, "Quant": {"sum_sq": 5.083621266356547, "df": 1.0, "F": 0.006086039497944238, "pvalue": 0.9389216889279062}}, "2": {"Mouse_ID": {}, "Treatment": {"sum_sq": 2389.952675167937, "df": 2.0, "F": 2.5355515676771088, "pvalue": 0.11755239197904009, "tukey_hsd": {"groups": ["A12", "B1-8", "PBS"], "pvalues": [[1.0, 0.10624225114541108, 0.8054582462852875], [0.10624225114541108, 1.0, 0.3169716147276117], [0.8054582462852875, 0.3169716147276117, 1.0]]}}, "Ig_treated": {"sum_sq": 82.95905712512824, "df": 1.0, "F": 0.13771188139351473, "pvalue": 0.7161216920291626}, "A12_treated": {"sum_sq": 1310.7677866141316, "df": 1.0, "F": 2.546615736491523, "pvalue": 0.13285009281395643}, "Batch": {"sum_sq": 233.5879886422583, "df": 1.0, "F": 0.3948069876076222, "pvalue": 0.5398993306382263}, "Quant": {"sum_sq": 275.30972936591604, "df": 1.0, "F": 0.4676801483108823, "pvalue": 0.5052189568073421}}, "3": {"Mouse_ID": {}, "Treatment": {"sum_sq": 2734.852539745774, "df": 2.0, "F": 4.572472003587561, "pvalue": 0.031357900489905007, "tukey_hsd": {"groups": ["A12", "B1-8", "PBS"], "pvalues": [[1.0, 0.6912880949208926, 0.027469696438409796], [0.6912880949208926, 1.0, 0.14049270264960778], [0.027469696438409796, 0.14049270264960778, 1.0]]}}, "Ig_treated": {"sum_sq": 2528.46750892954, "df": 1.0, "F": 8.646199616810545, "pvalue": 0.010747269972771605}, "A12_treated": {"sum_sq": 1483.1241954669324, "df": 1.0, "F": 4.040062783535449, "pvalue": 0.06410874191897054}, "Batch": {"sum_sq": 2.46237507573283, "df": 1.0, "F": 0.005207344367321079, "pvalue": 0.9434938316056436}, "Quant": {"sum_sq": 2726.419722297579, "df": 1.0, "F": 9.79678400177081, "pvalue": 0.007379475242576621}}, "4": {"Mouse_ID": {}, "Treatment": {"sum_sq": 32.678368444305846, "df": 2.0, "F": 0.05263913532298185, "pvalue": 0.9489234622089864, "tukey_hsd": {"groups": ["A12", "B1-8", "PBS"], "pvalues": [[1.0, 0.9449280353412194, 0.9810465459825147], [0.9449280353412194, 1.0, 0.9908609159976779], [0.9810465459825147, 0.9908609159976779, 1.0]]}}, "Ig_treated": {"sum_sq": 0.6388497983660683, "df": 1.0, "F": 0.002199009665613455, "pvalue": 0.963260400072086}, "A12_treated": {"sum_sq": 27.50551667561926, "df": 1.0, "F": 0.09530737067902882, "pvalue": 0.7620815185515787}, "Batch": {"sum_sq": 1.4163756786063062, "df": 1.0, "F": 0.004876293841853897, "pvalue": 0.9453162494288408}, "Quant": {"sum_sq": 28.49489984500866, "df": 1.0, "F": 0.0987597942659441, "pvalue": 0.7579572674528079}}, "5": {"Mouse_ID": {}, "Treatment": {"sum_sq": 905.2413831985484, "df": 2.0, "F": 2.7913873755208662, "pvalue": 0.09804221910652001, "tukey_hsd": {"groups": ["A12", "B1-8", "PBS"], "pvalues": [[1.0, 0.10926687823973125, 0.973379670181484], [0.10926687823973125, 1.0, 0.18062280222663551], [0.973379670181484, 0.18062280222663551, 1.0]]}}, "Ig_treated": {"sum_sq": 123.296945563797, "df": 1.0, "F": 0.5973107268865842, "pvalue": 0.45245758228039235}, "A12_treated": {"sum_sq": 325.74205018335226, "df": 1.0, "F": 1.6969289609287737, "pvalue": 0.21371143453138391}, "Batch": {"sum_sq": 18.095620641544258, "df": 1.0, "F": 0.08458486832220127, "pvalue": 0.7754417102310025}, "Quant": {"sum_sq": 29.976829724374785, "df": 1.0, "F": 0.14067960058514695, "pvalue": 0.7132273290968005}}, "6": {"Mouse_ID": {}, "Treatment": {"sum_sq": 809.8500589467795, "df": 2.0, "F": 2.4053627592131357, "pvalue": 0.1291817965270075, "tukey_hsd": {"groups": ["A12", "B1-8", "PBS"], "pvalues": [[1.0, 0.4644331098957294, 0.11255705585396902], [0.4644331098957294, 1.0, 0.6373984039225515], [0.11255705585396902, 0.6373984039225515, 1.0]]}}, "Ig_treated": {"sum_sq": 560.5153084922297, "df": 1.0, "F": 3.218988852433824, "pvalue": 0.09440628017554606}, "A12_treated": {"sum_sq": 667.1897868702143, "df": 1.0, "F": 4.0069496988032585, "pvalue": 0.0650815589967516}, "Batch": {"sum_sq": 49.59242237793326, "df": 1.0, "F": 0.23545671294940448, "pvalue": 0.6350122044156294}, "Quant": {"sum_sq": 607.6020960608221, "df": 1.0, "F": 3.55813063372296, "pvalue": 0.08017125629603483}}, "7": {"Mouse_ID": {}, "Treatment": {"sum_sq": 247.72152281916232, "df": 2.0, "F": 0.7747331098582012, "pvalue": 0.48097875796153355, "tukey_hsd": {"groups": ["A12", "B1-8", "PBS"], "pvalues": [[1.0, 0.46578072322756836, 0.948841615663802], [0.46578072322756836, 1.0, 0.6697464502637027], [0.948841615663802, 0.6697464502637027, 1.0]]}}, "Ig_treated": {"sum_sq": 11.87846910295866, "df": 1.0, "F": 0.07185934741028463, "pvalue": 0.7925578122376835}, "A12_treated": {"sum_sq": 127.61690408170348, "df": 1.0, "F": 0.8126672980502728, "pvalue": 0.3825797855736673}, "Batch": {"sum_sq": 1.9036693809075775, "df": 1.0, "F": 0.011466910982127064, "pvalue": 0.9162420121292933}, "Quant": {"sum_sq": 4.798550613052918, "df": 1.0, "F": 0.02894051562701698, "pvalue": 0.8673503539362216}}, "8": {"Mouse_ID": {}, "Treatment": {"sum_sq": 95.91601163548839, "df": 2.0, "F": 0.34351517106256013, "pvalue": 0.7155200285134992, "tukey_hsd": {"groups": ["A12", "B1-8", "PBS"], "pvalues": [[1.0, 0.8879951583579343, 0.9168170358617191], [0.8879951583579343, 1.0, 0.6929727918869044], [0.9168170358617191, 0.6929727918869044, 1.0]]}}, "Ig_treated": {"sum_sq": 65.54350909859862, "df": 1.0, "F": 0.4972690908379482, "pvalue": 0.4922690720519014}, "A12_treated": {"sum_sq": 0.22274664548770318, "df": 1.0, "F": 0.0016321700814013976, "pvalue": 0.9683446219698005}, "Batch": {"sum_sq": 1.4316065850352135, "df": 1.0, "F": 0.010496700253500971, "pvalue": 0.9198498200009512}, "Quant": {"sum_sq": 310.6910964892732, "df": 1.0, "F": 2.7182933688406687, "pvalue": 0.12145404295955897}}, "9": {"Mouse_ID": {}, "Treatment": {"sum_sq": 503.83679328492985, "df": 2.0, "F": 2.8425714425088944, "pvalue": 0.09460302835857487, "tukey_hsd": {"groups": ["A12", "B1-8", "PBS"], "pvalues": [[1.0, 0.9995651243576359, 0.12612345740322817], [0.9995651243576359, 1.0, 0.1400214471332053], [0.12612345740322817, 0.1400214471332053, 1.0]]}}, "Ig_treated": {"sum_sq": 503.7668714785664, "df": 1.0, "F": 6.121240400124483, "pvalue": 0.026771226634417524}, "A12_treated": {"sum_sq": 132.1553680942358, "df": 1.0, "F": 1.2141963025492069, "pvalue": 0.28908619723224127}, "Batch": {"sum_sq": 1.5741409768735501, "df": 1.0, "F": 0.013321090518057147, "pvalue": 0.9097536930274007}, "Quant": {"sum_sq": 77.26631490149111, "df": 1.0, "F": 0.6852128970367961, "pvalue": 0.4216843150665238}}, "10": {"Mouse_ID": {}, "Treatment": {"sum_sq": 58.142449301744605, "df": 2.0, "F": 0.2790823159618616, "pvalue": 0.7608970843112717, "tukey_hsd": {"groups": ["A12", "B1-8", "PBS"], "pvalues": [[1.0, 0.8241775921144849, 0.7837026106265405], [0.8241775921144849, 1.0, 0.9971914181321724], [0.7837026106265405, 0.9971914181321724, 1.0]]}}, "Ig_treated": {"sum_sq": 21.02757600190605, "df": 1.0, "F": 0.21159238905275468, "pvalue": 0.6525848191213102}, "A12_treated": {"sum_sq": 57.61093213474908, "df": 1.0, "F": 0.5953716462868986, "pvalue": 0.45317726365483835}, "Batch": {"sum_sq": 7.553942927131188, "df": 1.0, "F": 0.07528334954008391, "pvalue": 0.7878011763227595}, "Quant": {"sum_sq": 3.599133476419772, "df": 1.0, "F": 0.03576862466720488, "pvalue": 0.8527084895634605}}}