{"1": {"protein": {}, "group": {"sum_sq": 210010.9086199708, "df": 3.0, "F": 711.9633635817626, "pvalue": 4.8034531249491827e-08, "tukey_hsd": {"groups": ["KO", "SH", "WT", "Y"], "pvalues": [[1.0, 4.4544738520002625e-07, 0.09371376336423787, 7.60358354057189e-08], [4.4544738520002625e-07, 1.0, 1.433915513215922e-06, 0.004120590295902726], [0.09371376336423787, 1.433915513215922e-06, 1.0, 2.485798893392399e-07], [7.60358354057189e-08, 0.004120590295902726, 2.485798893392399e-07, 1.0]]}}}, "2": {"protein": {}, "group": {"sum_sq": 147960.2400943056, "df": 3.0, "F": 292.87994641245484, "pvalue": 6.807612550170812e-07, "tukey_hsd": {"groups": ["KO", "SH", "WT", "Y"], "pvalues": [[1.0, 2.194376499509154e-06, 6.483305657445371e-06, 0.9170197329743766], [2.194376499509154e-06, 1.0, 0.052333864275898034, 1.891578489732204e-06], [6.483305657445371e-06, 0.052333864275898034, 1.0, 5.43152540100067e-06], [0.9170197329743766, 1.891578489732204e-06, 5.43152540100067e-06, 1.0]]}}}, "3": {"protein": {}, "group": {"sum_sq": 70384.85654993741, "df": 3.0, "F": 22.30887117222412, "pvalue": 0.001180042449004871, "tukey_hsd": {"groups": ["KO", "SH", "WT", "Y"], "pvalues": [[1.0, 0.7262208943605117, 0.0027049426169867274, 0.01860968727933343], [0.7262208943605117, 1.0, 0.00196276285528596, 0.010190352092332877], [0.0027049426169867274, 0.00196276285528596, 1.0, 0.1493308845668584], [0.01860968727933343, 0.010190352092332877, 0.1493308845668584, 1.0]]}}}, "4": {"protein": {}, "group": {"sum_sq": 271.1704775956353, "df": 3.0, "F": 0.022429759030922692, "pvalue": 0.9949579245230018, "tukey_hsd": {"groups": ["KO", "SH", "WT", "Y"], "pvalues": [[1.0, 0.9999351771987306, 0.9966556959912075, 0.9996235266422011], [0.9999351771987306, 1.0, 0.9948695500151178, 0.9988589126007571], [0.9966556959912075, 0.9948695500151178, 1.0, 0.9993685331096054], [0.9996235266422011, 0.9988589126007571, 0.9993685331096054, 1.0]]}}}, "5": {"protein": {}, "group": {"sum_sq": 1738.5042469996397, "df": 3.0, "F": 0.1599598469730206, "pvalue": 0.9194573128764982, "tukey_hsd": {"groups": ["KO", "SH", "WT", "Y"], "pvalues": [[1.0, 0.9895480618381447, 0.9776446527352519, 0.9930720760027384], [0.9895480618381447, 1.0, 0.9175112686400703, 0.947212091359318], [0.9776446527352519, 0.9175112686400703, 1.0, 0.998416564052171], [0.9930720760027384, 0.947212091359318, 0.998416564052171, 1.0]]}}}, "6": {"protein": {}, "group": {"sum_sq": 47.262760150905876, "df": 3.0, "F": 0.00631467343083298, "pvalue": 0.9992304013554861, "tukey_hsd": {"groups": ["KO", "SH", "WT", "Y"], "pvalues": [[1.0, 0.9999839893111174, 0.9997336002494874, 0.9997914303413914], [0.9999839893111174, 1.0, 0.9994557207966337, 0.999522667385268], [0.9997336002494874, 0.9994557207966337, 1.0, 0.9999985461656368], [0.9997914303413914, 0.999522667385268, 0.9999985461656368, 1.0]]}}}, "7": {"protein": {}, "group": {"sum_sq": 26.77380581433928, "df": 3.0, "F": 0.004178759349121707, "pvalue": 0.9995845131824049, "tukey_hsd": {"groups": ["KO", "SH", "WT", "Y"], "pvalues": [[1.0, 0.9995412777005669, 0.9998147171228168, 0.999887209669614], [0.9995412777005669, 1.0, 0.9999937243150896, 0.9999606338144919], [0.9998147171228168, 0.9999937243150896, 1.0, 0.9999973591492481], [0.999887209669614, 0.9999606338144919, 0.9999973591492481, 1.0]]}}}, "8": {"protein": {}, "group": {"sum_sq": 1.3289733593321553, "df": 3.0, "F": 0.00025302409112545204, "pvalue": 0.9999937766025401, "tukey_hsd": {"groups": ["KO", "SH", "WT", "Y"], "pvalues": [[1.0, 0.9999999932360146, 0.9999929827113846, 0.9999992724372686], [0.9999999932360146, 1.0, 0.9999960919687703, 0.9999997669935161], [0.9999929827113846, 0.9999960919687703, 1.0, 0.9999986315492179], [0.9999992724372686, 0.9999997669935161, 0.9999986315492179, 1.0]]}}}, "9": {"protein": {}, "group": {"sum_sq": 13.81657959054241, "df": 3.0, "F": 0.002707450973848709, "pvalue": 0.9997828859580424, "tukey_hsd": {"groups": ["KO", "SH", "WT", "Y"], "pvalues": [[1.0, 0.9999994407121066, 0.9998866166944675, 0.9999273557783984], [0.9999994407121066, 1.0, 0.9998618690178764, 0.9999054964478961], [0.9998866166944675, 0.9998618690178764, 1.0, 0.9999986337030173], [0.9999273557783984, 0.9999054964478961, 0.9999986337030173, 1.0]]}}}, "10": {"protein": {}, "group": {"sum_sq": 4.2903878001013125e-56, "df": 3.0, "F": 2.341843539608504, "pvalue": 0.17258889332951252, "tukey_hsd": {"groups": ["KO", "SH", "WT", "Y"], "pvalues": [[1.0, 0.5936823803000646, 0.3343020017002325, 0.3299509163246731], [0.5936823803000646, 1.0, 0.9538192419463526, 0.9808119799438695], [0.3343020017002325, 0.9538192419463526, 1.0, 0.9974606371465231], [0.3299509163246731, 0.9808119799438695, 0.9974606371465231, 1.0]]}}}}