{"1": {"Mouse_ID": {}, "Treatment": {"sum_sq": 421.2699474733081, "df": 2.0, "F": 0.2427981807925439, "pvalue": 0.7879084749225217, "tukey_hsd": {"groups": ["A12", "B1-8", "PBS"], "pvalues": [[1.0, 0.7827087227422262, 0.9883200979765194], [0.7827087227422262, 1.0, 0.8703034393701287], [0.9883200979765194, 0.8703034393701287, 1.0]]}}, "Ig_treated": {"sum_sq": 27.991169301518493, "df": 1.0, "F": 0.03357640489590749, "pvalue": 0.8572380031603041}, "A12_treated": {"sum_sq": 200.19963392648995, "df": 1.0, "F": 0.24374302559469277, "pvalue": 0.6291706877629737}, "Batch": {"sum_sq": 70.97758812814047, "df": 1.0, "F": 0.085454886849428, "pvalue": 0.7743243057135402}, "Quant": {"sum_sq": 5.083621266356501, "df": 1.0, "F": 0.006086039497944196, "pvalue": 0.9389216889279062}}, "2": {"Mouse_ID": {}, "Treatment": {"sum_sq": 2389.9526751679323, "df": 2.0, "F": 2.535551567677109, "pvalue": 0.11755239197904009, "tukey_hsd": {"groups": ["A12", "B1-8", "PBS"], "pvalues": [[1.0, 0.1062422511454113, 0.8054582462852891], [0.1062422511454113, 1.0, 0.31697161472761126], [0.8054582462852891, 0.31697161472761126, 1.0]]}}, "Ig_treated": {"sum_sq": 82.959057125129, "df": 1.0, "F": 0.13771188139351637, "pvalue": 0.7161216920291611}, "A12_treated": {"sum_sq": 1310.7677866141246, "df": 1.0, "F": 2.5466157364915145, "pvalue": 0.13285009281395707}, "Batch": {"sum_sq": 233.58798864225756, "df": 1.0, "F": 0.39480698760762195, "pvalue": 0.5398993306382263}, "Quant": {"sum_sq": 275.30972936591655, "df": 1.0, "F": 0.46768014831088445, "pvalue": 0.5052189568073406}}, "3": {"Mouse_ID": {}, "Treatment": {"sum_sq": 2734.8525397457797, "df": 2.0, "F": 4.572472003587561, "pvalue": 0.031357900489905007, "tukey_hsd": {"groups": ["A12", "B1-8", "PBS"], "pvalues": [[1.0, 0.6912880949208935, 0.027469696438409574], [0.6912880949208935, 1.0, 0.14049270264960745], [0.027469696438409574, 0.14049270264960745, 1.0]]}}, "Ig_treated": {"sum_sq": 2528.4675089295465, "df": 1.0, "F": 8.64619961681055, "pvalue": 0.010747269972771591}, "A12_treated": {"sum_sq": 1483.1241954669345, "df": 1.0, "F": 4.040062783535444, "pvalue": 0.0641087419189706}, "Batch": {"sum_sq": 2.462375075732885, "df": 1.0, "F": 0.005207344367321184, "pvalue": 0.9434938316056436}, "Quant": {"sum_sq": 2726.4197222975854, "df": 1.0, "F": 9.796784001770812, "pvalue": 0.007379475242576621}}, "4": {"Mouse_ID": {}, "Treatment": {"sum_sq": 32.67836844430494, "df": 2.0, "F": 0.05263913532298036, "pvalue": 0.9489234622089885, "tukey_hsd": {"groups": ["A12", "B1-8", "PBS"], "pvalues": [[1.0, 0.9449280353412208, 0.9810465459825156], [0.9449280353412208, 1.0, 0.9908609159976778], [0.9810465459825156, 0.9908609159976778, 1.0]]}}, "Ig_treated": {"sum_sq": 0.63884979836598, "df": 1.0, "F": 0.0021990096656131506, "pvalue": 0.963260400072086}, "A12_treated": {"sum_sq": 27.505516675618278, "df": 1.0, "F": 0.09530737067902537, "pvalue": 0.7620815185515845}, "Batch": {"sum_sq": 1.4163756786062855, "df": 1.0, "F": 0.004876293841853825, "pvalue": 0.9453162494288408}, "Quant": {"sum_sq": 28.49489984500794, "df": 1.0, "F": 0.09875979426594156, "pvalue": 0.7579572674528116}}, "5": {"Mouse_ID": {}, "Treatment": {"sum_sq": 905.241383198518, "df": 2.0, "F": 2.7913873755207277, "pvalue": 0.09804221910652952, "tukey_hsd": {"groups": ["A12", "B1-8", "PBS"], "pvalues": [[1.0, 0.10926687823975623, 0.9733796701815369], [0.10926687823975623, 1.0, 0.1806228022266111], [0.9733796701815369, 0.1806228022266111, 1.0]]}}, "Ig_treated": {"sum_sq": 123.29694556385058, "df": 1.0, "F": 0.5973107268868539, "pvalue": 0.45245758228029287}, "A12_treated": {"sum_sq": 325.74205018326074, "df": 1.0, "F": 1.6969289609282365, "pvalue": 0.21371143453145244}, "Batch": {"sum_sq": 18.095620641550227, "df": 1.0, "F": 0.08458486832222922, "pvalue": 0.7754417102309661}, "Quant": {"sum_sq": 29.976829724402, "df": 1.0, "F": 0.14067960058527573, "pvalue": 0.7132273290966744}}, "6": {"Mouse_ID": {}, "Treatment": {"sum_sq": 809.8500589468175, "df": 2.0, "F": 2.405362759213286, "pvalue": 0.12918179652699321, "tukey_hsd": {"groups": ["A12", "B1-8", "PBS"], "pvalues": [[1.0, 0.4644331098956067, 0.11255705585396081], [0.4644331098956067, 1.0, 0.6373984039226557], [0.11255705585396081, 0.6373984039226557, 1.0]]}}, "Ig_treated": {"sum_sq": 560.5153084921805, "df": 1.0, "F": 3.21898885243347, "pvalue": 0.0944062801755625}, "A12_treated": {"sum_sq": 667.1897868703087, "df": 1.0, "F": 4.006949698803978, "pvalue": 0.06508155899673018}, "Batch": {"sum_sq": 49.59242237792734, "df": 1.0, "F": 0.23545671294937554, "pvalue": 0.635012204415649}, "Quant": {"sum_sq": 607.6020960607975, "df": 1.0, "F": 3.558130633722773, "pvalue": 0.08017125629604198}}, "7": {"Mouse_ID": {}, "Treatment": {"sum_sq": 247.72152281915993, "df": 2.0, "F": 0.774733109858192, "pvalue": 0.48097875796153744, "tukey_hsd": {"groups": ["A12", "B1-8", "PBS"], "pvalues": [[1.0, 0.46578072322757125, 0.9488416156638], [0.46578072322757125, 1.0, 0.6697464502637094], [0.9488416156638, 0.6697464502637094, 1.0]]}}, "Ig_treated": {"sum_sq": 11.878469102957864, "df": 1.0, "F": 0.07185934741027973, "pvalue": 0.7925578122376902}, "A12_treated": {"sum_sq": 127.61690408170391, "df": 1.0, "F": 0.8126672980502749, "pvalue": 0.38257978557366684}, "Batch": {"sum_sq": 1.9036693809074845, "df": 1.0, "F": 0.011466910982126493, "pvalue": 0.9162420121292989}, "Quant": {"sum_sq": 4.798550613053381, "df": 1.0, "F": 0.028940515627019745, "pvalue": 0.8673503539362146}}, "8": {"Mouse_ID": {}, "Treatment": {"sum_sq": 95.9160116354868, "df": 2.0, "F": 0.3435151710625536, "pvalue": 0.7155200285135029, "tukey_hsd": {"groups": ["A12", "B1-8", "PBS"], "pvalues": [[1.0, 0.8879951583579346, 0.9168170358617224], [0.8879951583579346, 1.0, 0.6929727918869093], [0.9168170358617224, 0.6929727918869093, 1.0]]}}, "Ig_treated": {"sum_sq": 65.5435090985969, "df": 1.0, "F": 0.49726909083793397, "pvalue": 0.49226907205190706}, "A12_treated": {"sum_sq": 0.22274664548775427, "df": 1.0, "F": 0.0016321700814017695, "pvalue": 0.9683446219698005}, "Batch": {"sum_sq": 1.4316065850352557, "df": 1.0, "F": 0.010496700253501265, "pvalue": 0.9198498200009512}, "Quant": {"sum_sq": 310.6910964892717, "df": 1.0, "F": 2.718293368840648, "pvalue": 0.12145404295956023}}, "9": {"Mouse_ID": {}, "Treatment": {"sum_sq": 503.8367932849306, "df": 2.0, "F": 2.8425714425089015, "pvalue": 0.09460302835857447, "tukey_hsd": {"groups": ["A12", "B1-8", "PBS"], "pvalues": [[1.0, 0.9995651243576358, 0.1261234574032276], [0.9995651243576358, 1.0, 0.1400214471332044], [0.1261234574032276, 0.1400214471332044, 1.0]]}}, "Ig_treated": {"sum_sq": 503.76687147856734, "df": 1.0, "F": 6.121240400124498, "pvalue": 0.026771226634417354}, "A12_treated": {"sum_sq": 132.1553680942357, "df": 1.0, "F": 1.2141963025492062, "pvalue": 0.28908619723224127}, "Batch": {"sum_sq": 1.5741409768734123, "df": 1.0, "F": 0.013321090518055979, "pvalue": 0.9097536930274007}, "Quant": {"sum_sq": 77.26631490149178, "df": 1.0, "F": 0.6852128970368024, "pvalue": 0.42168431506652215}}, "10": {"Mouse_ID": {}, "Treatment": {"sum_sq": 58.14244930174459, "df": 2.0, "F": 0.2790823159618606, "pvalue": 0.7608970843112722, "tukey_hsd": {"groups": ["A12", "B1-8", "PBS"], "pvalues": [[1.0, 0.824177592114485, 0.7837026106265413], [0.824177592114485, 1.0, 0.9971914181321725], [0.7837026106265413, 0.9971914181321725, 1.0]]}}, "Ig_treated": {"sum_sq": 21.02757600190597, "df": 1.0, "F": 0.21159238905275318, "pvalue": 0.6525848191213102}, "A12_treated": {"sum_sq": 57.610932134749184, "df": 1.0, "F": 0.5953716462868974, "pvalue": 0.45317726365483835}, "Batch": {"sum_sq": 7.553942927131482, "df": 1.0, "F": 0.0752833495400866, "pvalue": 0.7878011763227574}, "Quant": {"sum_sq": 3.5991334764198286, "df": 1.0, "F": 0.03576862466720532, "pvalue": 0.8527084895634572}}}