{"1": {"sample": {}, "condition": {"sum_sq": 4303.058443376041, "df": 1.0, "F": 2.021433932656563, "pvalue": 0.1855226666898698}}, "2": {"sample": {}, "condition": {"sum_sq": 865.8433052669154, "df": 1.0, "F": 0.5625333955004799, "pvalue": 0.47051917295886436}}, "3": {"sample": {}, "condition": {"sum_sq": 3057.6307356467228, "df": 1.0, "F": 11.106634669515593, "pvalue": 0.007583748938779581}}, "4": {"sample": {}, "condition": {"sum_sq": 81.43306396302083, "df": 1.0, "F": 0.16774026317916435, "pvalue": 0.6907630765526565}}, "5": {"sample": {}, "condition": {"sum_sq": 2.1616295949536735, "df": 1.0, "F": 0.0057415997908192825, "pvalue": 0.941093914424456}}, "6": {"sample": {}, "condition": {"sum_sq": 199.1698816799548, "df": 1.0, "F": 0.5857747193058512, "pvalue": 0.4617390525971116}}, "7": {"sample": {}, "condition": {"sum_sq": 28.976098302057885, "df": 1.0, "F": 0.09339963093165105, "pvalue": 0.766165958727118}}, "8": {"sample": {}, "condition": {"sum_sq": 2.848341614092978, "df": 1.0, "F": 0.010326350475166992, "pvalue": 0.9210680739719193}}, "9": {"sample": {}, "condition": {"sum_sq": 34.4986503290773, "df": 1.0, "F": 0.14622479095270122, "pvalue": 0.7101709143210192}}, "10": {"sample": {}, "condition": {"sum_sq": 248.58968432329348, "df": 1.0, "F": 1.3867778533911042, "pvalue": 0.2662161154041409}}}