{"1": {"Mouse_ID": {}, "Treatment": {"sum_sq": 425.39021391839253, "df": 2.0, "F": 0.24506295039616557, "pvalue": 0.7861904630693133, "tukey_hsd": {"groups": ["A12", "B1-8", "PBS"], "pvalues": [[1.0, 0.7809345118756797, 0.9881871429728722], [0.7809345118756797, 1.0, 0.8692411383628402], [0.9881871429728722, 0.8692411383628402, 1.0]]}}, "Ig_treated": {"sum_sq": 28.21695967614767, "df": 1.0, "F": 0.0338213014690224, "pvalue": 0.8567245434577102}, "A12_treated": {"sum_sq": 202.25394642077327, "df": 1.0, "F": 0.24609165928364854, "pvalue": 0.6275377142555528}, "TMT": {"sum_sq": 71.42848536735248, "df": 1.0, "F": 0.0859332471746498, "pvalue": 0.7737125684047695}, "Quant": {"sum_sq": 4.975917582983802, "df": 1.0, "F": 0.005952370825949259, "pvalue": 0.9395947090212773}}, "2": {"Mouse_ID": {}, "Treatment": {"sum_sq": 2393.4095106238206, "df": 2.0, "F": 2.537119414197086, "pvalue": 0.11741989341951342, "tukey_hsd": {"groups": ["A12", "B1-8", "PBS"], "pvalues": [[1.0, 0.10618387433335585, 0.8063590413226835], [0.10618387433335585, 1.0, 0.3161366739218626], [0.8063590413226835, 0.3161366739218626, 1.0]]}}, "Ig_treated": {"sum_sq": 83.83388195869075, "df": 1.0, "F": 0.1390379358580463, "pvalue": 0.7148240362840099}, "A12_treated": {"sum_sq": 1310.6158512439124, "df": 1.0, "F": 2.543257411353759, "pvalue": 0.1330858243555498}, "TMT": {"sum_sq": 233.46627965611236, "df": 1.0, "F": 0.39418968850675806, "pvalue": 0.5402120254858191}, "Quant": {"sum_sq": 276.844077812284, "df": 1.0, "F": 0.4698879197307647, "pvalue": 0.5042318832924155}}, "3": {"Mouse_ID": {}, "Treatment": {"sum_sq": 2732.701017362397, "df": 2.0, "F": 4.565506412090018, "pvalue": 0.03148642883121103, "tukey_hsd": {"groups": ["A12", "B1-8", "PBS"], "pvalues": [[1.0, 0.690586208772549, 0.027566386733697157], [0.690586208772549, 1.0, 0.14117593662728367], [0.027566386733697157, 0.14117593662728367, 1.0]]}}, "Ig_treated": {"sum_sq": 2525.5782290671373, "df": 1.0, "F": 8.62871941610778, "pvalue": 0.010810696120915403}, "A12_treated": {"sum_sq": 1483.6533900288173, "df": 1.0, "F": 4.0413567812621665, "pvalue": 0.06407107811569375}, "TMT": {"sum_sq": 2.5035975814960603, "df": 1.0, "F": 0.005293980010705709, "pvalue": 0.9430265988748269}, "Quant": {"sum_sq": 2723.995539734831, "df": 1.0, "F": 9.780188656075614, "pvalue": 0.0074184694287185654}}, "4": {"Mouse_ID": {}, "Treatment": {"sum_sq": 32.23293355850259, "df": 2.0, "F": 0.05188772487275384, "pvalue": 0.94963106949845, "tukey_hsd": {"groups": ["A12", "B1-8", "PBS"], "pvalues": [[1.0, 0.9458697234451898, 0.9806958758362095], [0.9458697234451898, 1.0, 0.9914690521859439], [0.9806958758362095, 0.9914690521859439, 1.0]]}}, "Ig_treated": {"sum_sq": 0.7387932631370593, "df": 1.0, "F": 0.0025417226022790905, "pvalue": 0.9605035227000266}, "A12_treated": {"sum_sq": 27.402862475123207, "df": 1.0, "F": 0.09489781472904936, "pvalue": 0.7625762017395792}, "TMT": {"sum_sq": 1.3627689098044815, "df": 1.0, "F": 0.004689149072073675, "pvalue": 0.9463740646664026}, "Quant": {"sum_sq": 28.95917127495161, "df": 1.0, "F": 0.10032603137727306, "pvalue": 0.7561125076522819}}, "5": {"Mouse_ID": {}, "Treatment": {"sum_sq": 976.074957959166, "df": 2.0, "F": 3.1080665991856193, "pvalue": 0.07885019782562795, "tukey_hsd": {"groups": ["A12", "B1-8", "PBS"], "pvalues": [[1.0, 0.07087975018651116, 0.7798368373026149], [0.07087975018651116, 1.0, 0.24519665783589129], [0.7798368373026149, 0.24519665783589129, 1.0]]}}, "Ig_treated": {"sum_sq": 37.12194145975059, "df": 1.0, "F": 0.17438374841867585, "pvalue": 0.6825784731304523}, "A12_treated": {"sum_sq": 526.7036996620565, "df": 1.0, "F": 2.9605916316928917, "pvalue": 0.10733185463230481}, "TMT": {"sum_sq": 7.254027910342873, "df": 1.0, "F": 0.03373834212211175, "pvalue": 0.8568982628981927}, "Quant": {"sum_sq": 0.1345008878075559, "df": 1.0, "F": 0.0006240849172572256, "pvalue": 0.9804221586655534}}, "6": {"Mouse_ID": {}, "Treatment": {"sum_sq": 743.1728030445627, "df": 2.0, "F": 2.1389603057413438, "pvalue": 0.15737553076905986, "tukey_hsd": {"groups": ["A12", "B1-8", "PBS"], "pvalues": [[1.0, 0.7449934502665538, 0.1380151915173924], [0.7449934502665538, 1.0, 0.44048980950917804], [0.1380151915173924, 0.44048980950917804, 1.0]]}}, "Ig_treated": {"sum_sq": 648.1615264243495, "df": 1.0, "F": 3.855794350559949, "pvalue": 0.06975156777794339}, "A12_treated": {"sum_sq": 466.9110772190068, "df": 1.0, "F": 2.578948000474735, "pvalue": 0.13060666445165703}, "TMT": {"sum_sq": 60.38066357106916, "df": 1.0, "F": 0.287410643748102, "pvalue": 0.6002996031867975}, "Quant": {"sum_sq": 638.0687298287129, "df": 1.0, "F": 3.7795452459964207, "pvalue": 0.07225833230326428}}, "7": {"Mouse_ID": {}, "Treatment": {"sum_sq": 248.44773877033418, "df": 2.0, "F": 0.7769691762930651, "pvalue": 0.48001890115904505, "tukey_hsd": {"groups": ["A12", "B1-8", "PBS"], "pvalues": [[1.0, 0.4652666490393531, 0.9498489599570927], [0.4652666490393531, 1.0, 0.6673991020505905], [0.9498489599570927, 0.6673991020505905, 1.0]]}}, "Ig_treated": {"sum_sq": 12.231686613491265, "df": 1.0, "F": 0.07398122514820167, "pvalue": 0.7895960635137576}, "A12_treated": {"sum_sq": 127.25087704461498, "df": 1.0, "F": 0.809899442850113, "pvalue": 0.38336907050496394}, "TMT": {"sum_sq": 1.9046748813384422, "df": 1.0, "F": 0.011468925417999216, "pvalue": 0.9162346854782392}, "Quant": {"sum_sq": 4.752686778158946, "df": 1.0, "F": 0.028653216373425095, "pvalue": 0.8680036825702955}}, "8": {"Mouse_ID": {}, "Treatment": {"sum_sq": 101.96175082305248, "df": 2.0, "F": 0.3656742839415211, "pvalue": 0.7006417997807668, "tukey_hsd": {"groups": ["A12", "B1-8", "PBS"], "pvalues": [[1.0, 0.88891094128165, 0.9044407163076436], [0.88891094128165, 1.0, 0.6768246836362097], [0.9044407163076436, 0.6768246836362097, 1.0]]}}, "Ig_treated": {"sum_sq": 71.89705227906957, "df": 1.0, "F": 0.5463083175660614, "pvalue": 0.47204152200909366}, "A12_treated": {"sum_sq": 0.061455987747478305, "df": 1.0, "F": 0.00044944869139517665, "pvalue": 0.9833851446969774}, "TMT": {"sum_sq": 1.4987081193823504, "df": 1.0, "F": 0.010968801201042863, "pvalue": 0.9180741139354219}, "Quant": {"sum_sq": 315.83809702289057, "df": 1.0, "F": 2.7661200531103063, "pvalue": 0.11849489374893185}}, "9": {"Mouse_ID": {}, "Treatment": {"sum_sq": 500.9293457842418, "df": 2.0, "F": 2.8046297370623146, "pvalue": 0.09713879142324558, "tukey_hsd": {"groups": ["A12", "B1-8", "PBS"], "pvalues": [[1.0, 0.9998924173069926, 0.1277541730959899], [0.9998924173069926, 1.0, 0.14491364113078542], [0.1277541730959899, 0.14491364113078542, 1.0]]}}, "Ig_treated": {"sum_sq": 500.9119184980076, "df": 1.0, "F": 6.040440141040159, "pvalue": 0.02762968018801587}, "A12_treated": {"sum_sq": 133.9933029781333, "df": 1.0, "F": 1.227777220478519, "pvalue": 0.28651356231696995}, "TMT": {"sum_sq": 1.498292806807817, "df": 1.0, "F": 0.012633288537651617, "pvalue": 0.9121036239980035}, "Quant": {"sum_sq": 72.83157725959538, "df": 1.0, "F": 0.6416677726248323, "pvalue": 0.43649196984085104}}, "10": {"Mouse_ID": {}, "Treatment": {"sum_sq": 57.46061695562383, "df": 2.0, "F": 0.2756326752622629, "pvalue": 0.7634186563325079, "tukey_hsd": {"groups": ["A12", "B1-8", "PBS"], "pvalues": [[1.0, 0.8250053793632124, 0.7868894198830534], [0.8250053793632124, 1.0, 0.9974946202288258], [0.7868894198830534, 0.9974946202288258, 1.0]]}}, "Ig_treated": {"sum_sq": 20.51775874070479, "df": 1.0, "F": 0.20635892832523098, "pvalue": 0.6565995079675385}, "A12_treated": {"sum_sq": 56.98625961183769, "df": 1.0, "F": 0.5885633850572215, "pvalue": 0.455719159617779}, "TMT": {"sum_sq": 7.485951223492877, "df": 1.0, "F": 0.07459219292446027, "pvalue": 0.7887517817862806}, "Quant": {"sum_sq": 3.77310138730203, "df": 1.0, "F": 0.03749718966944599, "pvalue": 0.8492376813488961}}}