{"1": {"Mouse_ID": {}, "Treatment": {"sum_sq": 421.2699474733073, "df": 2.0, "F": 0.24279818079254314, "pvalue": 0.7879084749225223, "tukey_hsd": {"groups": ["A12", "B1-8", "PBS"], "pvalues": [[1.0, 0.7827087227422265, 0.9883200979765193], [0.7827087227422265, 1.0, 0.8703034393701292], [0.9883200979765193, 0.8703034393701292, 1.0]]}}, "Ig_treated": {"sum_sq": 27.991169301518198, "df": 1.0, "F": 0.03357640489590708, "pvalue": 0.8572380031603041}, "A12_treated": {"sum_sq": 200.19963392649032, "df": 1.0, "F": 0.24374302559469288, "pvalue": 0.6291706877629737}, "Batch": {"sum_sq": 70.9775881281401, "df": 1.0, "F": 0.08545488684942741, "pvalue": 0.7743243057135402}, "Quant": {"sum_sq": 5.083621266356659, "df": 1.0, "F": 0.006086039497944377, "pvalue": 0.9389216889279062}}, "2": {"Mouse_ID": {}, "Treatment": {"sum_sq": 2389.952675167937, "df": 2.0, "F": 2.5355515676771083, "pvalue": 0.11755239197904009, "tukey_hsd": {"groups": ["A12", "B1-8", "PBS"], "pvalues": [[1.0, 0.1062422511454113, 0.80545824628529], [0.1062422511454113, 1.0, 0.3169716147276106], [0.80545824628529, 0.3169716147276106, 1.0]]}}, "Ig_treated": {"sum_sq": 82.95905712512982, "df": 1.0, "F": 0.13771188139351742, "pvalue": 0.7161216920291595}, "A12_treated": {"sum_sq": 1310.7677866141269, "df": 1.0, "F": 2.546615736491512, "pvalue": 0.13285009281395738}, "Batch": {"sum_sq": 233.58798864225793, "df": 1.0, "F": 0.39480698760762156, "pvalue": 0.5398993306382263}, "Quant": {"sum_sq": 275.3097293659188, "df": 1.0, "F": 0.46768014831088717, "pvalue": 0.5052189568073397}}, "3": {"Mouse_ID": {}, "Treatment": {"sum_sq": 2734.852539745766, "df": 2.0, "F": 4.572472003587555, "pvalue": 0.03135790048990508, "tukey_hsd": {"groups": ["A12", "B1-8", "PBS"], "pvalues": [[1.0, 0.691288094920892, 0.027469696438409907], [0.691288094920892, 1.0, 0.14049270264960834], [0.027469696438409907, 0.14049270264960834, 1.0]]}}, "Ig_treated": {"sum_sq": 2528.4675089295315, "df": 1.0, "F": 8.646199616810527, "pvalue": 0.010747269972771666}, "A12_treated": {"sum_sq": 1483.12419546693, "df": 1.0, "F": 4.040062783535451, "pvalue": 0.06410874191897045}, "Batch": {"sum_sq": 2.4623750757328637, "df": 1.0, "F": 0.00520734436732116, "pvalue": 0.9434938316056436}, "Quant": {"sum_sq": 2726.41972229757, "df": 1.0, "F": 9.796784001770789, "pvalue": 0.007379475242576672}}, "4": {"Mouse_ID": {}, "Treatment": {"sum_sq": 32.6783684443053, "df": 2.0, "F": 0.05263913532298106, "pvalue": 0.948923462208987, "tukey_hsd": {"groups": ["A12", "B1-8", "PBS"], "pvalues": [[1.0, 0.9449280353412203, 0.981046545982515], [0.9449280353412203, 1.0, 0.990860915997678], [0.981046545982515, 0.990860915997678, 1.0]]}}, "Ig_treated": {"sum_sq": 0.638849798366059, "df": 1.0, "F": 0.0021990096656134277, "pvalue": 0.963260400072086}, "A12_treated": {"sum_sq": 27.505516675618814, "df": 1.0, "F": 0.09530737067902748, "pvalue": 0.7620815185515806}, "Batch": {"sum_sq": 1.4163756786063253, "df": 1.0, "F": 0.004876293841853973, "pvalue": 0.9453162494288408}, "Quant": {"sum_sq": 28.49489984500857, "df": 1.0, "F": 0.098759794265944, "pvalue": 0.7579572674528079}}, "5": {"Mouse_ID": {}, "Treatment": {"sum_sq": 905.2413831985455, "df": 2.0, "F": 2.7913873755208445, "pvalue": 0.09804221910652143, "tukey_hsd": {"groups": ["A12", "B1-8", "PBS"], "pvalues": [[1.0, 0.10926687823973713, 0.9733796701814995], [0.10926687823973713, 1.0, 0.18062280222662652], [0.9733796701814995, 0.18062280222662652, 1.0]]}}, "Ig_treated": {"sum_sq": 123.29694556381368, "df": 1.0, "F": 0.5973107268866669, "pvalue": 0.45245758228036226}, "A12_treated": {"sum_sq": 325.7420501833274, "df": 1.0, "F": 1.696928960928624, "pvalue": 0.21371143453140312}, "Batch": {"sum_sq": 18.09562064154598, "df": 1.0, "F": 0.08458486832220917, "pvalue": 0.7754417102309944}, "Quant": {"sum_sq": 29.976829724382622, "df": 1.0, "F": 0.14067960058518378, "pvalue": 0.7132273290967651}}, "6": {"Mouse_ID": {}, "Treatment": {"sum_sq": 809.8500589467925, "df": 2.0, "F": 2.4053627592131845, "pvalue": 0.1291817965270028, "tukey_hsd": {"groups": ["A12", "B1-8", "PBS"], "pvalues": [[1.0, 0.464433109895693, 0.11255705585396636], [0.464433109895693, 1.0, 0.637398403922582], [0.11255705585396636, 0.637398403922582, 1.0]]}}, "Ig_treated": {"sum_sq": 560.5153084922164, "df": 1.0, "F": 3.2189888524337245, "pvalue": 0.09440628017555065}, "A12_treated": {"sum_sq": 667.1897868702434, "df": 1.0, "F": 4.006949698803476, "pvalue": 0.0650815589967452}, "Batch": {"sum_sq": 49.592422377931534, "df": 1.0, "F": 0.23545671294939588, "pvalue": 0.6350122044156341}, "Quant": {"sum_sq": 607.6020960608163, "df": 1.0, "F": 3.5581306337229126, "pvalue": 0.08017125629603669}}, "7": {"Mouse_ID": {}, "Treatment": {"sum_sq": 247.7215228191594, "df": 2.0, "F": 0.7747331098581889, "pvalue": 0.480978757961539, "tukey_hsd": {"groups": ["A12", "B1-8", "PBS"], "pvalues": [[1.0, 0.4657807232275738, 0.9488416156638028], [0.4657807232275738, 1.0, 0.669746450263707], [0.9488416156638028, 0.669746450263707, 1.0]]}}, "Ig_treated": {"sum_sq": 11.878469102958524, "df": 1.0, "F": 0.07185934741028364, "pvalue": 0.7925578122376857}, "A12_treated": {"sum_sq": 127.61690408170192, "df": 1.0, "F": 0.8126672980502602, "pvalue": 0.3825797855736713}, "Batch": {"sum_sq": 1.9036693809075143, "df": 1.0, "F": 0.011466910982126655, "pvalue": 0.9162420121292933}, "Quant": {"sum_sq": 4.798550613052973, "df": 1.0, "F": 0.02894051562701724, "pvalue": 0.8673503539362216}}, "8": {"Mouse_ID": {}, "Treatment": {"sum_sq": 95.91601163548718, "df": 2.0, "F": 0.3435151710625552, "pvalue": 0.7155200285135019, "tukey_hsd": {"groups": ["A12", "B1-8", "PBS"], "pvalues": [[1.0, 0.8879951583579337, 0.9168170358617223], [0.8879951583579337, 1.0, 0.6929727918869082], [0.9168170358617223, 0.6929727918869082, 1.0]]}}, "Ig_treated": {"sum_sq": 65.54350909859713, "df": 1.0, "F": 0.4972690908379359, "pvalue": 0.4922690720519065}, "A12_treated": {"sum_sq": 0.2227466454877649, "df": 1.0, "F": 0.001632170081401848, "pvalue": 0.9683446219698005}, "Batch": {"sum_sq": 1.431606585035231, "df": 1.0, "F": 0.01049670025350109, "pvalue": 0.9198498200009512}, "Quant": {"sum_sq": 310.69109648927207, "df": 1.0, "F": 2.718293368840653, "pvalue": 0.12145404295955979}}, "9": {"Mouse_ID": {}, "Treatment": {"sum_sq": 503.83679328493145, "df": 2.0, "F": 2.842571442508903, "pvalue": 0.09460302835857447, "tukey_hsd": {"groups": ["A12", "B1-8", "PBS"], "pvalues": [[1.0, 0.9995651243576358, 0.1261234574032276], [0.9995651243576358, 1.0, 0.14002144713320408], [0.1261234574032276, 0.14002144713320408, 1.0]]}}, "Ig_treated": {"sum_sq": 503.76687147856813, "df": 1.0, "F": 6.121240400124501, "pvalue": 0.026771226634417354}, "A12_treated": {"sum_sq": 132.15536809423594, "df": 1.0, "F": 1.2141963025492062, "pvalue": 0.28908619723224127}, "Batch": {"sum_sq": 1.574140976873517, "df": 1.0, "F": 0.01332109051805685, "pvalue": 0.9097536930274007}, "Quant": {"sum_sq": 77.26631490149228, "df": 1.0, "F": 0.6852128970368062, "pvalue": 0.42168431506652104}}, "10": {"Mouse_ID": {}, "Treatment": {"sum_sq": 58.14244930174441, "df": 2.0, "F": 0.27908231596186006, "pvalue": 0.7608970843112733, "tukey_hsd": {"groups": ["A12", "B1-8", "PBS"], "pvalues": [[1.0, 0.8241775921144865, 0.783702610626541], [0.8241775921144865, 1.0, 0.9971914181321723], [0.783702610626541, 0.9971914181321723, 1.0]]}}, "Ig_treated": {"sum_sq": 21.02757600190612, "df": 1.0, "F": 0.211592389052755, "pvalue": 0.6525848191213091}, "A12_treated": {"sum_sq": 57.61093213474893, "df": 1.0, "F": 0.5953716462868955, "pvalue": 0.453177263654839}, "Batch": {"sum_sq": 7.553942927131251, "df": 1.0, "F": 0.07528334954008437, "pvalue": 0.7878011763227595}, "Quant": {"sum_sq": 3.5991334764198584, "df": 1.0, "F": 0.035768624667205665, "pvalue": 0.8527084895634572}}}