{"1": {"Mouse_ID": {}, "Treatment": {"sum_sq": 421.26994747330775, "df": 2.0, "F": 0.2427981807925437, "pvalue": 0.7879084749225217, "tukey_hsd": {"groups": ["A12", "B1-8", "PBS"], "pvalues": [[1.0, 0.7827087227422261, 0.9883200979765192], [0.7827087227422261, 1.0, 0.8703034393701294], [0.9883200979765192, 0.8703034393701294, 1.0]]}}, "Ig_treated": {"sum_sq": 27.991169301517917, "df": 1.0, "F": 0.03357640489590679, "pvalue": 0.8572380031603041}, "A12_treated": {"sum_sq": 200.19963392649083, "df": 1.0, "F": 0.24374302559469382, "pvalue": 0.6291706877629726}, "Batch": {"sum_sq": 70.97758812814028, "df": 1.0, "F": 0.08545488684942774, "pvalue": 0.7743243057135402}, "Quant": {"sum_sq": 5.083621266356781, "df": 1.0, "F": 0.006086039497944531, "pvalue": 0.9389216889279062}}, "2": {"Mouse_ID": {}, "Treatment": {"sum_sq": 2389.952675167933, "df": 2.0, "F": 2.5355515676771128, "pvalue": 0.11755239197903973, "tukey_hsd": {"groups": ["A12", "B1-8", "PBS"], "pvalues": [[1.0, 0.10624225114541064, 0.8054582462852824], [0.10624225114541064, 1.0, 0.3169716147276145], [0.8054582462852824, 0.3169716147276145, 1.0]]}}, "Ig_treated": {"sum_sq": 82.95905712512437, "df": 1.0, "F": 0.13771188139350868, "pvalue": 0.7161216920291673}, "A12_treated": {"sum_sq": 1310.7677866141385, "df": 1.0, "F": 2.5466157364915474, "pvalue": 0.13285009281395493}, "Batch": {"sum_sq": 233.58798864225682, "df": 1.0, "F": 0.39480698760762073, "pvalue": 0.5398993306382263}, "Quant": {"sum_sq": 275.30972936590786, "df": 1.0, "F": 0.46768014831086935, "pvalue": 0.505218956807348}}, "3": {"Mouse_ID": {}, "Treatment": {"sum_sq": 2734.8525397457624, "df": 2.0, "F": 4.572472003587555, "pvalue": 0.03135790048990508, "tukey_hsd": {"groups": ["A12", "B1-8", "PBS"], "pvalues": [[1.0, 0.6912880949208993, 0.027469696438409907], [0.6912880949208993, 1.0, 0.14049270264960612], [0.027469696438409907, 0.14049270264960612, 1.0]]}}, "Ig_treated": {"sum_sq": 2528.467508929535, "df": 1.0, "F": 8.646199616810565, "pvalue": 0.010747269972771548}, "A12_treated": {"sum_sq": 1483.1241954669172, "df": 1.0, "F": 4.040062783535413, "pvalue": 0.06410874191897158}, "Batch": {"sum_sq": 2.462375075732631, "df": 1.0, "F": 0.005207344367320675, "pvalue": 0.9434938316056436}, "Quant": {"sum_sq": 2726.419722297575, "df": 1.0, "F": 9.796784001770842, "pvalue": 0.007379475242576547}}, "4": {"Mouse_ID": {}, "Treatment": {"sum_sq": 32.67836844430461, "df": 2.0, "F": 0.05263913532297991, "pvalue": 0.9489234622089892, "tukey_hsd": {"groups": ["A12", "B1-8", "PBS"], "pvalues": [[1.0, 0.9449280353412214, 0.9810465459825154], [0.9449280353412214, 1.0, 0.9908609159976781], [0.9810465459825154, 0.9908609159976781, 1.0]]}}, "Ig_treated": {"sum_sq": 0.6388497983660288, "df": 1.0, "F": 0.0021990096656133223, "pvalue": 0.963260400072086}, "A12_treated": {"sum_sq": 27.505516675618196, "df": 1.0, "F": 0.09530737067902526, "pvalue": 0.7620815185515845}, "Batch": {"sum_sq": 1.4163756786062982, "df": 1.0, "F": 0.004876293841853878, "pvalue": 0.9453162494288408}, "Quant": {"sum_sq": 28.4948998450082, "df": 1.0, "F": 0.09875979426594263, "pvalue": 0.7579572674528098}}, "5": {"Mouse_ID": {}, "Treatment": {"sum_sq": 905.2413831984675, "df": 2.0, "F": 2.791387375520491, "pvalue": 0.0980422191065457, "tukey_hsd": {"groups": ["A12", "B1-8", "PBS"], "pvalues": [[1.0, 0.10926687823979586, 0.973379670181616], [0.10926687823979586, 1.0, 0.1806228022265779], [0.973379670181616, 0.1806228022265779, 1.0]]}}, "Ig_treated": {"sum_sq": 123.29694556392938, "df": 1.0, "F": 0.5973107268872498, "pvalue": 0.4524575822801463}, "A12_treated": {"sum_sq": 325.74205018312284, "df": 1.0, "F": 1.696928960927424, "pvalue": 0.21371143453155605}, "Batch": {"sum_sq": 18.09562064155919, "df": 1.0, "F": 0.08458486832227108, "pvalue": 0.7754417102309134}, "Quant": {"sum_sq": 29.976829724442062, "df": 1.0, "F": 0.14067960058546516, "pvalue": 0.713227329096493}}, "6": {"Mouse_ID": {}, "Treatment": {"sum_sq": 809.8500589468674, "df": 2.0, "F": 2.405362759213492, "pvalue": 0.12918179652697379, "tukey_hsd": {"groups": ["A12", "B1-8", "PBS"], "pvalues": [[1.0, 0.4644331098954253, 0.11255705585395026], [0.4644331098954253, 1.0, 0.6373984039228133], [0.11255705585395026, 0.6373984039228133, 1.0]]}}, "Ig_treated": {"sum_sq": 560.5153084921019, "df": 1.0, "F": 3.2189888524329198, "pvalue": 0.09440628017558791}, "A12_treated": {"sum_sq": 667.1897868704436, "df": 1.0, "F": 4.006949698805026, "pvalue": 0.06508155899669915}, "Batch": {"sum_sq": 49.592422377918936, "df": 1.0, "F": 0.23545671294933523, "pvalue": 0.6350122044156776}, "Quant": {"sum_sq": 607.6020960607565, "df": 1.0, "F": 3.5581306337224765, "pvalue": 0.08017125629605315}}, "7": {"Mouse_ID": {}, "Treatment": {"sum_sq": 247.72152281916, "df": 2.0, "F": 0.7747331098581918, "pvalue": 0.48097875796153783, "tukey_hsd": {"groups": ["A12", "B1-8", "PBS"], "pvalues": [[1.0, 0.46578072322757114, 0.9488416156637992], [0.46578072322757114, 1.0, 0.6697464502637107], [0.9488416156637992, 0.6697464502637107, 1.0]]}}, "Ig_treated": {"sum_sq": 11.878469102957629, "df": 1.0, "F": 0.07185934741027827, "pvalue": 0.7925578122376924}, "A12_treated": {"sum_sq": 127.6169040817044, "df": 1.0, "F": 0.8126672980502777, "pvalue": 0.38257978557366634}, "Batch": {"sum_sq": 1.9036693809075482, "df": 1.0, "F": 0.01146691098212687, "pvalue": 0.9162420121292933}, "Quant": {"sum_sq": 4.798550613053635, "df": 1.0, "F": 0.02894051562702126, "pvalue": 0.8673503539362146}}, "8": {"Mouse_ID": {}, "Treatment": {"sum_sq": 95.91601163548961, "df": 2.0, "F": 0.34351517106256463, "pvalue": 0.7155200285134954, "tukey_hsd": {"groups": ["A12", "B1-8", "PBS"], "pvalues": [[1.0, 0.8879951583579329, 0.9168170358617183], [0.8879951583579329, 1.0, 0.6929727918869011], [0.9168170358617183, 0.6929727918869011, 1.0]]}}, "Ig_treated": {"sum_sq": 65.54350909859936, "df": 1.0, "F": 0.49726909083795373, "pvalue": 0.4922690720518993}, "A12_treated": {"sum_sq": 0.22274664548771086, "df": 1.0, "F": 0.0016321700814014531, "pvalue": 0.9683446219698005}, "Batch": {"sum_sq": 1.431606585035189, "df": 1.0, "F": 0.01049670025350079, "pvalue": 0.9198498200009512}, "Quant": {"sum_sq": 310.69109648927366, "df": 1.0, "F": 2.7182933688406727, "pvalue": 0.12145404295955872}}, "9": {"Mouse_ID": {}, "Treatment": {"sum_sq": 503.8367932849275, "df": 2.0, "F": 2.8425714425088797, "pvalue": 0.09460302835857584, "tukey_hsd": {"groups": ["A12", "B1-8", "PBS"], "pvalues": [[1.0, 0.9995651243576358, 0.12612345740322928], [0.9995651243576358, 1.0, 0.1400214471332062], [0.12612345740322928, 0.1400214471332062, 1.0]]}}, "Ig_treated": {"sum_sq": 503.7668714785641, "df": 1.0, "F": 6.12124040012445, "pvalue": 0.026771226634417892}, "A12_treated": {"sum_sq": 132.15536809423497, "df": 1.0, "F": 1.2141963025492, "pvalue": 0.2890861972322426}, "Batch": {"sum_sq": 1.574140976873474, "df": 1.0, "F": 0.013321090518056515, "pvalue": 0.9097536930274007}, "Quant": {"sum_sq": 77.26631490149025, "df": 1.0, "F": 0.6852128970367889, "pvalue": 0.42168431506652604}}, "10": {"Mouse_ID": {}, "Treatment": {"sum_sq": 58.14244930174356, "df": 2.0, "F": 0.279082315961856, "pvalue": 0.7608970843112762, "tukey_hsd": {"groups": ["A12", "B1-8", "PBS"], "pvalues": [[1.0, 0.8241775921144905, 0.7837026106265422], [0.8241775921144905, 1.0, 0.9971914181321719], [0.7837026106265422, 0.9971914181321719, 1.0]]}}, "Ig_treated": {"sum_sq": 21.027576001906244, "df": 1.0, "F": 0.21159238905275643, "pvalue": 0.6525848191213091}, "A12_treated": {"sum_sq": 57.61093213474804, "df": 1.0, "F": 0.5953716462868865, "pvalue": 0.45317726365484223}, "Batch": {"sum_sq": 7.55394292713203, "df": 1.0, "F": 0.07528334954009226, "pvalue": 0.7878011763227509}, "Quant": {"sum_sq": 3.599133476419689, "df": 1.0, "F": 0.035768624667204006, "pvalue": 0.8527084895634605}}}