{"1": {"Mouse_ID": {}, "Treatment": {"sum_sq": 421.2699474733065, "df": 2.0, "F": 0.2427981807925425, "pvalue": 0.7879084749225229, "tukey_hsd": {"groups": ["A12", "B1-8", "PBS"], "pvalues": [[1.0, 0.7827087227422272, 0.9883200979765194], [0.7827087227422272, 1.0, 0.8703034393701297], [0.9883200979765194, 0.8703034393701297, 1.0]]}}, "Ig_treated": {"sum_sq": 27.991169301518152, "df": 1.0, "F": 0.03357640489590701, "pvalue": 0.8572380031603041}, "A12_treated": {"sum_sq": 200.19963392648978, "df": 1.0, "F": 0.24374302559469208, "pvalue": 0.6291706877629737}, "TMT": {"sum_sq": 70.97758812814028, "df": 1.0, "F": 0.08545488684942759, "pvalue": 0.7743243057135402}, "Quant": {"sum_sq": 5.083621266356717, "df": 1.0, "F": 0.006086039497944444, "pvalue": 0.9389216889279062}}, "2": {"Mouse_ID": {}, "Treatment": {"sum_sq": 2389.9526751679346, "df": 2.0, "F": 2.535551567677112, "pvalue": 0.11755239197903973, "tukey_hsd": {"groups": ["A12", "B1-8", "PBS"], "pvalues": [[1.0, 0.1062422511454113, 0.8054582462852901], [0.1062422511454113, 1.0, 0.3169716147276104], [0.8054582462852901, 0.3169716147276104, 1.0]]}}, "Ig_treated": {"sum_sq": 82.95905712512999, "df": 1.0, "F": 0.13771188139351798, "pvalue": 0.7161216920291595}, "A12_treated": {"sum_sq": 1310.7677866141235, "df": 1.0, "F": 2.546615736491511, "pvalue": 0.13285009281395738}, "TMT": {"sum_sq": 233.58798864225807, "df": 1.0, "F": 0.3948069876076226, "pvalue": 0.5398993306382255}, "Quant": {"sum_sq": 275.3097293659186, "df": 1.0, "F": 0.4676801483108877, "pvalue": 0.5052189568073391}}, "3": {"Mouse_ID": {}, "Treatment": {"sum_sq": 2734.8525397457697, "df": 2.0, "F": 4.572472003587558, "pvalue": 0.031357900489905007, "tukey_hsd": {"groups": ["A12", "B1-8", "PBS"], "pvalues": [[1.0, 0.6912880949208922, 0.027469696438409796], [0.6912880949208922, 1.0, 0.140492702649608], [0.027469696438409796, 0.140492702649608, 1.0]]}}, "Ig_treated": {"sum_sq": 2528.467508929537, "df": 1.0, "F": 8.64619961681054, "pvalue": 0.01074726997277162}, "A12_treated": {"sum_sq": 1483.1241954669324, "df": 1.0, "F": 4.040062783535453, "pvalue": 0.0641087419189703}, "TMT": {"sum_sq": 2.462375075732852, "df": 1.0, "F": 0.005207344367321131, "pvalue": 0.9434938316056436}, "Quant": {"sum_sq": 2726.419722297574, "df": 1.0, "F": 9.796784001770797, "pvalue": 0.007379475242576663}}, "4": {"Mouse_ID": {}, "Treatment": {"sum_sq": 32.67836844430563, "df": 2.0, "F": 0.05263913532298163, "pvalue": 0.948923462208987, "tukey_hsd": {"groups": ["A12", "B1-8", "PBS"], "pvalues": [[1.0, 0.9449280353412197, 0.9810465459825146], [0.9449280353412197, 1.0, 0.990860915997678], [0.9810465459825146, 0.990860915997678, 1.0]]}}, "Ig_treated": {"sum_sq": 0.6388497983660882, "df": 1.0, "F": 0.0021990096656135287, "pvalue": 0.963260400072086}, "A12_treated": {"sum_sq": 27.505516675619152, "df": 1.0, "F": 0.09530737067902867, "pvalue": 0.7620815185515787}, "TMT": {"sum_sq": 1.4163756786063733, "df": 1.0, "F": 0.00487629384185414, "pvalue": 0.9453162494288408}, "Quant": {"sum_sq": 28.494899845008657, "df": 1.0, "F": 0.0987597942659443, "pvalue": 0.7579572674528079}}, "5": {"Mouse_ID": {}, "Treatment": {"sum_sq": 905.2413831985912, "df": 2.0, "F": 2.7913873755210576, "pvalue": 0.09804221910650686, "tukey_hsd": {"groups": ["A12", "B1-8", "PBS"], "pvalues": [[1.0, 0.10926687823970083, 0.9733796701814256], [0.10926687823970083, 1.0, 0.18062280222665816], [0.9733796701814256, 0.18062280222665816, 1.0]]}}, "Ig_treated": {"sum_sq": 123.29694556373973, "df": 1.0, "F": 0.597310726886295, "pvalue": 0.4524575822804995}, "A12_treated": {"sum_sq": 325.74205018345623, "df": 1.0, "F": 1.696928960929382, "pvalue": 0.2137114345313064}, "TMT": {"sum_sq": 18.09562064153736, "df": 1.0, "F": 0.08458486832216887, "pvalue": 0.7754417102310451}, "Quant": {"sum_sq": 29.976829724344917, "df": 1.0, "F": 0.14067960058500545, "pvalue": 0.7132273290969373}}, "6": {"Mouse_ID": {}, "Treatment": {"sum_sq": 809.8500589467429, "df": 2.0, "F": 2.4053627592129834, "pvalue": 0.1291817965270217, "tukey_hsd": {"groups": ["A12", "B1-8", "PBS"], "pvalues": [[1.0, 0.4644331098958664, 0.11255705585397646], [0.4644331098958664, 1.0, 0.6373984039224309], [0.11255705585397646, 0.6373984039224309, 1.0]]}}, "Ig_treated": {"sum_sq": 560.5153084922912, "df": 1.0, "F": 3.2189888524342534, "pvalue": 0.09440628017552617}, "A12_treated": {"sum_sq": 667.1897868701133, "df": 1.0, "F": 4.0069496988024715, "pvalue": 0.06508155899677485}, "TMT": {"sum_sq": 49.59242237793992, "df": 1.0, "F": 0.23545671294943635, "pvalue": 0.6350122044156066}, "Quant": {"sum_sq": 607.6020960608545, "df": 1.0, "F": 3.5581306337231937, "pvalue": 0.08017125629602592}}, "7": {"Mouse_ID": {}, "Treatment": {"sum_sq": 247.72152281916, "df": 2.0, "F": 0.7747331098581913, "pvalue": 0.48097875796153783, "tukey_hsd": {"groups": ["A12", "B1-8", "PBS"], "pvalues": [[1.0, 0.46578072322757214, 0.9488416156638011], [0.46578072322757214, 1.0, 0.669746450263708], [0.9488416156638011, 0.669746450263708, 1.0]]}}, "Ig_treated": {"sum_sq": 11.87846910295815, "df": 1.0, "F": 0.0718593474102814, "pvalue": 0.792557812237688}, "A12_treated": {"sum_sq": 127.61690408170321, "df": 1.0, "F": 0.8126672980502693, "pvalue": 0.3825797855736684}, "TMT": {"sum_sq": 1.903669380907577, "df": 1.0, "F": 0.01146691098212704, "pvalue": 0.9162420121292933}, "Quant": {"sum_sq": 4.798550613053236, "df": 1.0, "F": 0.02894051562701884, "pvalue": 0.8673503539362181}}, "8": {"Mouse_ID": {}, "Treatment": {"sum_sq": 95.91601163548503, "df": 2.0, "F": 0.3435151710625477, "pvalue": 0.7155200285135074, "tukey_hsd": {"groups": ["A12", "B1-8", "PBS"], "pvalues": [[1.0, 0.8879951583579343, 0.9168170358617257], [0.8879951583579343, 1.0, 0.6929727918869136], [0.9168170358617257, 0.6929727918869136, 1.0]]}}, "Ig_treated": {"sum_sq": 65.54350909859514, "df": 1.0, "F": 0.4972690908379213, "pvalue": 0.49226907205191284}, "A12_treated": {"sum_sq": 0.22274664548781115, "df": 1.0, "F": 0.0016321700814021897, "pvalue": 0.9683446219698005}, "TMT": {"sum_sq": 1.4316065850352346, "df": 1.0, "F": 0.010496700253501134, "pvalue": 0.9198498200009512}, "Quant": {"sum_sq": 310.69109648926934, "df": 1.0, "F": 2.7182933688406306, "pvalue": 0.12145404295956136}}, "9": {"Mouse_ID": {}, "Treatment": {"sum_sq": 503.8367932849311, "df": 2.0, "F": 2.842571442508906, "pvalue": 0.09460302835857418, "tukey_hsd": {"groups": ["A12", "B1-8", "PBS"], "pvalues": [[1.0, 0.9995651243576357, 0.1261234574032276], [0.9995651243576357, 1.0, 0.14002144713320375], [0.1261234574032276, 0.14002144713320375, 1.0]]}}, "Ig_treated": {"sum_sq": 503.76687147856774, "df": 1.0, "F": 6.121240400124507, "pvalue": 0.026771226634417295}, "A12_treated": {"sum_sq": 132.15536809423517, "df": 1.0, "F": 1.2141963025492009, "pvalue": 0.2890861972322423}, "TMT": {"sum_sq": 1.5741409768734609, "df": 1.0, "F": 0.013321090518056395, "pvalue": 0.9097536930274007}, "Quant": {"sum_sq": 77.26631490149309, "df": 1.0, "F": 0.6852128970368148, "pvalue": 0.4216843150665176}}, "10": {"Mouse_ID": {}, "Treatment": {"sum_sq": 58.142449301745, "df": 2.0, "F": 0.2790823159618631, "pvalue": 0.760897084311271, "tukey_hsd": {"groups": ["A12", "B1-8", "PBS"], "pvalues": [[1.0, 0.8241775921144843, 0.7837026106265393], [0.8241775921144843, 1.0, 0.9971914181321724], [0.7837026106265393, 0.9971914181321724, 1.0]]}}, "Ig_treated": {"sum_sq": 21.027576001906226, "df": 1.0, "F": 0.21159238905275615, "pvalue": 0.6525848191213091}, "A12_treated": {"sum_sq": 57.610932134749575, "df": 1.0, "F": 0.5953716462869029, "pvalue": 0.45317726365483646}, "TMT": {"sum_sq": 7.553942927131295, "df": 1.0, "F": 0.07528334954008485, "pvalue": 0.7878011763227595}, "Quant": {"sum_sq": 3.5991334764198153, "df": 1.0, "F": 0.03576862466720525, "pvalue": 0.8527084895634572}}}