{"1": {"Mouse_ID": {}, "Treatment": {"sum_sq": 421.26994747330684, "df": 2.0, "F": 0.2427981807925428, "pvalue": 0.7879084749225223, "tukey_hsd": {"groups": ["A12", "B1-8", "PBS"], "pvalues": [[1.0, 0.7827087227422269, 0.9883200979765193], [0.7827087227422269, 1.0, 0.8703034393701297], [0.9883200979765193, 0.8703034393701297, 1.0]]}}, "Ig_treated": {"sum_sq": 27.99116930151808, "df": 1.0, "F": 0.03357640489590694, "pvalue": 0.8572380031603041}, "A12_treated": {"sum_sq": 200.1996339264901, "df": 1.0, "F": 0.2437430255946926, "pvalue": 0.6291706877629737}, "Batch": {"sum_sq": 70.97758812814006, "df": 1.0, "F": 0.08545488684942737, "pvalue": 0.7743243057135402}, "Quant": {"sum_sq": 5.083621266356706, "df": 1.0, "F": 0.006086039497944433, "pvalue": 0.9389216889279062}}, "2": {"Mouse_ID": {}, "Treatment": {"sum_sq": 2389.9526751679255, "df": 2.0, "F": 2.5355515676771065, "pvalue": 0.1175523919790402, "tukey_hsd": {"groups": ["A12", "B1-8", "PBS"], "pvalues": [[1.0, 0.1062422511454113, 0.8054582462852863], [0.1062422511454113, 1.0, 0.31697161472761337], [0.8054582462852863, 0.31697161472761337, 1.0]]}}, "Ig_treated": {"sum_sq": 82.95905712512668, "df": 1.0, "F": 0.1377118813935127, "pvalue": 0.7161216920291642}, "A12_treated": {"sum_sq": 1310.7677866141269, "df": 1.0, "F": 2.546615736491526, "pvalue": 0.13285009281395643}, "Batch": {"sum_sq": 233.587988642257, "df": 1.0, "F": 0.3948069876076217, "pvalue": 0.5398993306382263}, "Quant": {"sum_sq": 275.3097293659124, "df": 1.0, "F": 0.467680148310878, "pvalue": 0.5052189568073443}}, "3": {"Mouse_ID": {}, "Treatment": {"sum_sq": 2734.8525397457697, "df": 2.0, "F": 4.572472003587558, "pvalue": 0.031357900489905007, "tukey_hsd": {"groups": ["A12", "B1-8", "PBS"], "pvalues": [[1.0, 0.6912880949208957, 0.027469696438409796], [0.6912880949208957, 1.0, 0.14049270264960678], [0.027469696438409796, 0.14049270264960678, 1.0]]}}, "Ig_treated": {"sum_sq": 2528.467508929539, "df": 1.0, "F": 8.646199616810557, "pvalue": 0.010747269972771563}, "A12_treated": {"sum_sq": 1483.1241954669258, "df": 1.0, "F": 4.040062783535431, "pvalue": 0.06410874191897098}, "Batch": {"sum_sq": 2.462375075732741, "df": 1.0, "F": 0.005207344367320897, "pvalue": 0.9434938316056436}, "Quant": {"sum_sq": 2726.419722297579, "df": 1.0, "F": 9.796784001770828, "pvalue": 0.0073794752425765785}}, "4": {"Mouse_ID": {}, "Treatment": {"sum_sq": 32.67836844430623, "df": 2.0, "F": 0.05263913532298277, "pvalue": 0.9489234622089857, "tukey_hsd": {"groups": ["A12", "B1-8", "PBS"], "pvalues": [[1.0, 0.9449280353412185, 0.9810465459825143], [0.9449280353412185, 1.0, 0.9908609159976778], [0.9810465459825143, 0.9908609159976778, 1.0]]}}, "Ig_treated": {"sum_sq": 0.6388497983660829, "df": 1.0, "F": 0.0021990096656135175, "pvalue": 0.963260400072086}, "A12_treated": {"sum_sq": 27.50551667561964, "df": 1.0, "F": 0.0953073706790307, "pvalue": 0.7620815185515768}, "Batch": {"sum_sq": 1.416375678606304, "df": 1.0, "F": 0.0048762938418539185, "pvalue": 0.9453162494288408}, "Quant": {"sum_sq": 28.4948998450086, "df": 1.0, "F": 0.09875979426594447, "pvalue": 0.7579572674528079}}, "5": {"Mouse_ID": {}, "Treatment": {"sum_sq": 905.241383198507, "df": 2.0, "F": 2.7913873755206833, "pvalue": 0.09804221910653255, "tukey_hsd": {"groups": ["A12", "B1-8", "PBS"], "pvalues": [[1.0, 0.10926687823976367, 0.973379670181551], [0.10926687823976367, 1.0, 0.18062280222660554], [0.973379670181551, 0.18062280222660554, 1.0]]}}, "Ig_treated": {"sum_sq": 123.29694556386416, "df": 1.0, "F": 0.5973107268869232, "pvalue": 0.4524575822802671}, "A12_treated": {"sum_sq": 325.7420501832354, "df": 1.0, "F": 1.6969289609280906, "pvalue": 0.21371143453147118}, "Batch": {"sum_sq": 18.09562064155187, "df": 1.0, "F": 0.08458486832223705, "pvalue": 0.775441710230958}, "Quant": {"sum_sq": 29.976829724409004, "df": 1.0, "F": 0.1406796005853091, "pvalue": 0.7132273290966422}}, "6": {"Mouse_ID": {}, "Treatment": {"sum_sq": 809.850058946822, "df": 2.0, "F": 2.4053627592133178, "pvalue": 0.12918179652699013, "tukey_hsd": {"groups": ["A12", "B1-8", "PBS"], "pvalues": [[1.0, 0.4644331098955776, 0.11255705585395948], [0.4644331098955776, 1.0, 0.6373984039226818], [0.11255705585395948, 0.6373984039226818, 1.0]]}}, "Ig_treated": {"sum_sq": 560.5153084921649, "df": 1.0, "F": 3.2189888524333767, "pvalue": 0.09440628017556671}, "A12_treated": {"sum_sq": 667.1897868703272, "df": 1.0, "F": 4.006949698804143, "pvalue": 0.06508155899672538}, "Batch": {"sum_sq": 49.59242237792569, "df": 1.0, "F": 0.23545671294936865, "pvalue": 0.6350122044156548}, "Quant": {"sum_sq": 607.6020960607863, "df": 1.0, "F": 3.5581306337227097, "pvalue": 0.08017125629604441}}, "7": {"Mouse_ID": {}, "Treatment": {"sum_sq": 247.72152281916104, "df": 2.0, "F": 0.7747331098581961, "pvalue": 0.4809787579615359, "tukey_hsd": {"groups": ["A12", "B1-8", "PBS"], "pvalues": [[1.0, 0.46578072322756947, 0.9488416156637993], [0.46578072322756947, 1.0, 0.6697464502637087], [0.9488416156637993, 0.6697464502637087, 1.0]]}}, "Ig_treated": {"sum_sq": 11.878469102957778, "df": 1.0, "F": 0.07185934741027922, "pvalue": 0.7925578122376902}, "A12_treated": {"sum_sq": 127.61690408170458, "df": 1.0, "F": 0.8126672980502797, "pvalue": 0.38257978557366584}, "Batch": {"sum_sq": 1.9036693809075333, "df": 1.0, "F": 0.011466910982126792, "pvalue": 0.9162420121292933}, "Quant": {"sum_sq": 4.798550613053536, "df": 1.0, "F": 0.02894051562702069, "pvalue": 0.8673503539362146}}, "8": {"Mouse_ID": {}, "Treatment": {"sum_sq": 95.91601163548695, "df": 2.0, "F": 0.34351517106255447, "pvalue": 0.7155200285135024, "tukey_hsd": {"groups": ["A12", "B1-8", "PBS"], "pvalues": [[1.0, 0.8879951583579341, 0.9168170358617224], [0.8879951583579341, 1.0, 0.6929727918869087], [0.9168170358617224, 0.6929727918869087, 1.0]]}}, "Ig_treated": {"sum_sq": 65.543509098597, "df": 1.0, "F": 0.49726909083793497, "pvalue": 0.4922690720519065}, "A12_treated": {"sum_sq": 0.22274664548776119, "df": 1.0, "F": 0.0016321700814018218, "pvalue": 0.9683446219698005}, "Batch": {"sum_sq": 1.4316065850351798, "df": 1.0, "F": 0.010496700253500718, "pvalue": 0.9198498200009512}, "Quant": {"sum_sq": 310.69109648927144, "df": 1.0, "F": 2.7182933688406488, "pvalue": 0.12145404295956023}}, "9": {"Mouse_ID": {}, "Treatment": {"sum_sq": 503.8367932849315, "df": 2.0, "F": 2.8425714425088984, "pvalue": 0.09460302835857466, "tukey_hsd": {"groups": ["A12", "B1-8", "PBS"], "pvalues": [[1.0, 0.9995651243576358, 0.12612345740322795], [0.9995651243576358, 1.0, 0.14002144713320475], [0.12612345740322795, 0.14002144713320475, 1.0]]}}, "Ig_treated": {"sum_sq": 503.76687147856785, "df": 1.0, "F": 6.121240400124487, "pvalue": 0.026771226634417524}, "A12_treated": {"sum_sq": 132.15536809423594, "df": 1.0, "F": 1.214196302549205, "pvalue": 0.2890861972322416}, "Batch": {"sum_sq": 1.5741409768734465, "df": 1.0, "F": 0.013321090518056236, "pvalue": 0.9097536930274007}, "Quant": {"sum_sq": 77.26631490149232, "df": 1.0, "F": 0.6852128970368055, "pvalue": 0.42168431506652104}}, "10": {"Mouse_ID": {}, "Treatment": {"sum_sq": 58.142449301744655, "df": 2.0, "F": 0.27908231596186145, "pvalue": 0.7608970843112717, "tukey_hsd": {"groups": ["A12", "B1-8", "PBS"], "pvalues": [[1.0, 0.8241775921144853, 0.7837026106265403], [0.8241775921144853, 1.0, 0.9971914181321724], [0.7837026106265403, 0.9971914181321724, 1.0]]}}, "Ig_treated": {"sum_sq": 21.02757600190615, "df": 1.0, "F": 0.2115923890527555, "pvalue": 0.6525848191213091}, "A12_treated": {"sum_sq": 57.610932134749206, "df": 1.0, "F": 0.5953716462868991, "pvalue": 0.4531772636548377}, "Batch": {"sum_sq": 7.5539429271314305, "df": 1.0, "F": 0.07528334954008624, "pvalue": 0.7878011763227574}, "Quant": {"sum_sq": 3.5991334764198157, "df": 1.0, "F": 0.035768624667205276, "pvalue": 0.8527084895634572}}}