{"1": {"Mouse_ID": {}, "Treatment": {"sum_sq": 421.2699474733082, "df": 2.0, "F": 0.24279818079254392, "pvalue": 0.7879084749225217, "tukey_hsd": {"groups": ["A12", "B1-8", "PBS"], "pvalues": [[1.0, 0.7827087227422261, 0.9883200979765192], [0.7827087227422261, 1.0, 0.8703034393701292], [0.9883200979765192, 0.8703034393701292, 1.0]]}}, "Ig_treated": {"sum_sq": 27.991169301518, "df": 1.0, "F": 0.033576404895906874, "pvalue": 0.8572380031603041}, "A12_treated": {"sum_sq": 200.19963392649097, "df": 1.0, "F": 0.2437430255946939, "pvalue": 0.6291706877629726}, "Batch": {"sum_sq": 70.97758812814003, "df": 1.0, "F": 0.08545488684942742, "pvalue": 0.7743243057135402}, "Quant": {"sum_sq": 5.083621266356763, "df": 1.0, "F": 0.0060860394979445065, "pvalue": 0.9389216889279062}}, "2": {"Mouse_ID": {}, "Treatment": {"sum_sq": 2389.952675167947, "df": 2.0, "F": 2.5355515676771123, "pvalue": 0.11755239197903973, "tukey_hsd": {"groups": ["A12", "B1-8", "PBS"], "pvalues": [[1.0, 0.10624225114541064, 0.8054582462852808], [0.10624225114541064, 1.0, 0.3169716147276156], [0.8054582462852808, 0.3169716147276156, 1.0]]}}, "Ig_treated": {"sum_sq": 82.95905712512366, "df": 1.0, "F": 0.13771188139350665, "pvalue": 0.7161216920291704}, "A12_treated": {"sum_sq": 1310.7677866141496, "df": 1.0, "F": 2.546615736491556, "pvalue": 0.13285009281395418}, "Batch": {"sum_sq": 233.58798864225835, "df": 1.0, "F": 0.3948069876076211, "pvalue": 0.5398993306382263}, "Quant": {"sum_sq": 275.3097293659077, "df": 1.0, "F": 0.46768014831086613, "pvalue": 0.5052189568073495}}, "3": {"Mouse_ID": {}, "Treatment": {"sum_sq": 2734.85253974577, "df": 2.0, "F": 4.572472003587554, "pvalue": 0.031357900489905124, "tukey_hsd": {"groups": ["A12", "B1-8", "PBS"], "pvalues": [[1.0, 0.691288094920901, 0.027469696438409907], [0.691288094920901, 1.0, 0.1404927026496059], [0.027469696438409907, 0.1404927026496059, 1.0]]}}, "Ig_treated": {"sum_sq": 2528.467508929544, "df": 1.0, "F": 8.64619961681057, "pvalue": 0.010747269972771518}, "A12_treated": {"sum_sq": 1483.1241954669197, "df": 1.0, "F": 4.040062783535404, "pvalue": 0.06410874191897181}, "Batch": {"sum_sq": 2.4623750757325644, "df": 1.0, "F": 0.005207344367320518, "pvalue": 0.9434938316056436}, "Quant": {"sum_sq": 2726.4197222975877, "df": 1.0, "F": 9.796784001770861, "pvalue": 0.007379475242576505}}, "4": {"Mouse_ID": {}, "Treatment": {"sum_sq": 32.678368444305505, "df": 2.0, "F": 0.05263913532298135, "pvalue": 0.948923462208987, "tukey_hsd": {"groups": ["A12", "B1-8", "PBS"], "pvalues": [[1.0, 0.9449280353412198, 0.981046545982515], [0.9449280353412198, 1.0, 0.9908609159976778], [0.981046545982515, 0.9908609159976778, 1.0]]}}, "Ig_treated": {"sum_sq": 0.638849798366038, "df": 1.0, "F": 0.002199009665613353, "pvalue": 0.963260400072086}, "A12_treated": {"sum_sq": 27.505516675618935, "df": 1.0, "F": 0.09530737067902781, "pvalue": 0.7620815185515806}, "Batch": {"sum_sq": 1.4163756786063089, "df": 1.0, "F": 0.004876293841853912, "pvalue": 0.9453162494288408}, "Quant": {"sum_sq": 28.494899845008298, "df": 1.0, "F": 0.09875979426594296, "pvalue": 0.7579572674528098}}, "5": {"Mouse_ID": {}, "Treatment": {"sum_sq": 905.2413831985293, "df": 2.0, "F": 2.791387375520771, "pvalue": 0.09804221910652658, "tukey_hsd": {"groups": ["A12", "B1-8", "PBS"], "pvalues": [[1.0, 0.10926687823975045, 0.9733796701815268], [0.10926687823975045, 1.0, 0.1806228022266142], [0.9733796701815268, 0.1806228022266142, 1.0]]}}, "Ig_treated": {"sum_sq": 123.29694556384122, "df": 1.0, "F": 0.5973107268868059, "pvalue": 0.45245758228031097}, "A12_treated": {"sum_sq": 325.7420501832798, "df": 1.0, "F": 1.6969289609283456, "pvalue": 0.21371143453143848}, "Batch": {"sum_sq": 18.09562064154918, "df": 1.0, "F": 0.08458486832222417, "pvalue": 0.7754417102309742}, "Quant": {"sum_sq": 29.976829724396822, "df": 1.0, "F": 0.14067960058525103, "pvalue": 0.7132273290966991}}, "6": {"Mouse_ID": {}, "Treatment": {"sum_sq": 809.85005894681, "df": 2.0, "F": 2.4053627592132534, "pvalue": 0.12918179652699627, "tukey_hsd": {"groups": ["A12", "B1-8", "PBS"], "pvalues": [[1.0, 0.46443310989563047, 0.1125570558539627], [0.46443310989563047, 1.0, 0.637398403922636], [0.1125570558539627, 0.637398403922636, 1.0]]}}, "Ig_treated": {"sum_sq": 560.5153084921901, "df": 1.0, "F": 3.218988852433537, "pvalue": 0.09440628017555934}, "A12_treated": {"sum_sq": 667.1897868702907, "df": 1.0, "F": 4.006949698803837, "pvalue": 0.06508155899673444}, "Batch": {"sum_sq": 49.59242237792848, "df": 1.0, "F": 0.23545671294938095, "pvalue": 0.6350122044156455}, "Quant": {"sum_sq": 607.6020960608022, "df": 1.0, "F": 3.558130633722805, "pvalue": 0.08017125629604077}}, "7": {"Mouse_ID": {}, "Treatment": {"sum_sq": 247.72152281915731, "df": 2.0, "F": 0.7747331098581828, "pvalue": 0.4809787579615417, "tukey_hsd": {"groups": ["A12", "B1-8", "PBS"], "pvalues": [[1.0, 0.4657807232275756, 0.9488416156638009], [0.4657807232275756, 1.0, 0.6697464502637123], [0.9488416156638009, 0.6697464502637123, 1.0]]}}, "Ig_treated": {"sum_sq": 11.878469102957794, "df": 1.0, "F": 0.0718593474102793, "pvalue": 0.7925578122376902}, "A12_treated": {"sum_sq": 127.61690408170224, "df": 1.0, "F": 0.8126672980502636, "pvalue": 0.38257978557367045}, "Batch": {"sum_sq": 1.9036693809075629, "df": 1.0, "F": 0.011466910982126965, "pvalue": 0.9162420121292933}, "Quant": {"sum_sq": 4.79855061305353, "df": 1.0, "F": 0.028940515627020647, "pvalue": 0.8673503539362146}}, "8": {"Mouse_ID": {}, "Treatment": {"sum_sq": 95.91601163548908, "df": 2.0, "F": 0.34351517106256324, "pvalue": 0.7155200285134965, "tukey_hsd": {"groups": ["A12", "B1-8", "PBS"], "pvalues": [[1.0, 0.8879951583579315, 0.9168170358617201], [0.8879951583579315, 1.0, 0.6929727918869023], [0.9168170358617201, 0.6929727918869023, 1.0]]}}, "Ig_treated": {"sum_sq": 65.54350909859848, "df": 1.0, "F": 0.4972690908379477, "pvalue": 0.4922690720519014}, "A12_treated": {"sum_sq": 0.2227466454877616, "df": 1.0, "F": 0.0016321700814018278, "pvalue": 0.9683446219698005}, "Batch": {"sum_sq": 1.4316065850351483, "df": 1.0, "F": 0.010496700253500506, "pvalue": 0.9198498200009512}, "Quant": {"sum_sq": 310.69109648927235, "df": 1.0, "F": 2.7182933688406647, "pvalue": 0.12145404295955912}}, "9": {"Mouse_ID": {}, "Treatment": {"sum_sq": 503.83679328492786, "df": 2.0, "F": 2.84257144250889, "pvalue": 0.09460302835857526, "tukey_hsd": {"groups": ["A12", "B1-8", "PBS"], "pvalues": [[1.0, 0.9995651243576359, 0.12612345740322817], [0.9995651243576359, 1.0, 0.14002144713320575], [0.12612345740322817, 0.14002144713320575, 1.0]]}}, "Ig_treated": {"sum_sq": 503.7668714785646, "df": 1.0, "F": 6.121240400124476, "pvalue": 0.026771226634417594}, "A12_treated": {"sum_sq": 132.15536809423566, "df": 1.0, "F": 1.214196302549209, "pvalue": 0.289086197232241}, "Batch": {"sum_sq": 1.5741409768734944, "df": 1.0, "F": 0.013321090518056715, "pvalue": 0.9097536930274007}, "Quant": {"sum_sq": 77.26631490149043, "df": 1.0, "F": 0.6852128970367918, "pvalue": 0.4216843150665255}}, "10": {"Mouse_ID": {}, "Treatment": {"sum_sq": 58.142449301744406, "df": 2.0, "F": 0.27908231596186084, "pvalue": 0.7608970843112722, "tukey_hsd": {"groups": ["A12", "B1-8", "PBS"], "pvalues": [[1.0, 0.8241775921144845, 0.7837026106265415], [0.8241775921144845, 1.0, 0.9971914181321726], [0.7837026106265415, 0.9971914181321726, 1.0]]}}, "Ig_treated": {"sum_sq": 21.0275760019058, "df": 1.0, "F": 0.21159238905275227, "pvalue": 0.6525848191213114}, "A12_treated": {"sum_sq": 57.61093213474902, "df": 1.0, "F": 0.5953716462868982, "pvalue": 0.45317726365483835}, "Batch": {"sum_sq": 7.553942927130941, "df": 1.0, "F": 0.07528334954008148, "pvalue": 0.7878011763227638}, "Quant": {"sum_sq": 3.599133476419859, "df": 1.0, "F": 0.03576862466720576, "pvalue": 0.8527084895634572}}}