{"1": {"protein": {}, "group": {"sum_sq": 26423.888950467324, "df": 2.0, "F": 63.319829154680285, "pvalue": 9.256217859538052e-05, "tukey_hsd": {"groups": ["KI", "KO", "WT"], "pvalues": [[1.0, 0.24670798937702454, 0.00030931048213744816], [0.24670798937702454, 1.0, 0.00010682565352193585], [0.00030931048213744816, 0.00010682565352193585, 1.0]]}}}, "2": {"protein": {}, "group": {"sum_sq": 15868.358294530573, "df": 2.0, "F": 10.19731019042248, "pvalue": 0.01174647315910133, "tukey_hsd": {"groups": ["KI", "KO", "WT"], "pvalues": [[1.0, 0.009708528812860995, 0.09816878029750353], [0.009708528812860995, 1.0, 0.19940295108512252], [0.09816878029750353, 0.19940295108512252, 1.0]]}}}, "3": {"protein": {}, "group": {"sum_sq": 3023.3398920125733, "df": 2.0, "F": 0.7784065646012819, "pvalue": 0.5005387478220136, "tukey_hsd": {"groups": ["KI", "KO", "WT"], "pvalues": [[1.0, 0.5827600101451702, 0.5379440496854093], [0.5827600101451702, 1.0, 0.9962969569045745], [0.5379440496854093, 0.9962969569045745, 1.0]]}}}, "4": {"protein": {}, "group": {"sum_sq": 27.447077795790637, "df": 2.0, "F": 0.012462985927818724, "pvalue": 0.9876398522203886, "tukey_hsd": {"groups": ["KI", "KO", "WT"], "pvalues": [[1.0, 0.9865674067670415, 0.9951068989654605], [0.9865674067670415, 1.0, 0.9978538215457069], [0.9951068989654605, 0.9978538215457069, 1.0]]}}}, "5": {"protein": {}, "group": {"sum_sq": 122.84078289588159, "df": 2.0, "F": 0.07523891509572542, "pvalue": 0.9283829992642201, "tukey_hsd": {"groups": ["KI", "KO", "WT"], "pvalues": [[1.0, 0.9219733942355993, 0.9851075531858607], [0.9219733942355993, 1.0, 0.973464572629796], [0.9851075531858607, 0.973464572629796, 1.0]]}}}, "6": {"protein": {}, "group": {"sum_sq": 137.29045916043302, "df": 2.0, "F": 0.09366641366572132, "pvalue": 0.9118918135021681, "tukey_hsd": {"groups": ["KI", "KO", "WT"], "pvalues": [[1.0, 0.9052552673452338, 0.9617827966702046], [0.9052552673452338, 1.0, 0.9857029644570222], [0.9617827966702046, 0.9857029644570222, 1.0]]}}}, "7": {"protein": {}, "group": {"sum_sq": 12.546284300377279, "df": 2.0, "F": 0.010049936441102268, "pvalue": 0.9900170236408933, "tukey_hsd": {"groups": ["KI", "KO", "WT"], "pvalues": [[1.0, 0.9891123044577715, 0.9962156164996523], [0.9891123044577715, 1.0, 0.9981419056523078], [0.9962156164996523, 0.9981419056523078, 1.0]]}}}, "8": {"protein": {}, "group": {"sum_sq": 13.66674738636541, "df": 2.0, "F": 0.013019488729033576, "pvalue": 0.9870927039154533, "tukey_hsd": {"groups": ["KI", "KO", "WT"], "pvalues": [[1.0, 0.9901274711426877, 0.99994049830588], [0.9901274711426877, 1.0, 0.988552777659637], [0.99994049830588, 0.988552777659637, 1.0]]}}}, "9": {"protein": {}, "group": {"sum_sq": 1.2979217870052125e-57, "df": 2.0, "F": 0.19830881383220936, "pvalue": 0.8252823925049937, "tukey_hsd": {"groups": ["KI", "KO", "WT"], "pvalues": [[1.0, 0.9608052785874592, 0.9608052785874592], [0.9608052785874592, 1.0, 0.8549219722468059], [0.9608052785874592, 0.8549219722468059, 1.0]]}}}}