{"1": {"Mouse_ID": {}, "Treatment": {"sum_sq": 421.2699474733097, "df": 2.0, "F": 0.24279818079254467, "pvalue": 0.7879084749225206, "tukey_hsd": {"groups": ["A12", "B1-8", "PBS"], "pvalues": [[1.0, 0.7827087227422258, 0.9883200979765194], [0.7827087227422258, 1.0, 0.8703034393701284], [0.9883200979765194, 0.8703034393701284, 1.0]]}}, "Ig_treated": {"sum_sq": 27.9911693015185, "df": 1.0, "F": 0.03357640489590746, "pvalue": 0.8572380031603041}, "A12_treated": {"sum_sq": 200.1996339264908, "df": 1.0, "F": 0.2437430255946936, "pvalue": 0.6291706877629737}, "Batch": {"sum_sq": 70.97758812814045, "df": 1.0, "F": 0.08545488684942788, "pvalue": 0.7743243057135402}, "Quant": {"sum_sq": 5.083621266356483, "df": 1.0, "F": 0.006086039497944169, "pvalue": 0.9389216889279062}}, "2": {"Mouse_ID": {}, "Treatment": {"sum_sq": 2389.952675167935, "df": 2.0, "F": 2.5355515676771043, "pvalue": 0.11755239197904056, "tukey_hsd": {"groups": ["A12", "B1-8", "PBS"], "pvalues": [[1.0, 0.10624225114541164, 0.8054582462852886], [0.10624225114541164, 1.0, 0.31697161472761204], [0.8054582462852886, 0.31697161472761204, 1.0]]}}, "Ig_treated": {"sum_sq": 82.95905712512851, "df": 1.0, "F": 0.13771188139351515, "pvalue": 0.7161216920291611}, "A12_treated": {"sum_sq": 1310.7677866141291, "df": 1.0, "F": 2.546615736491516, "pvalue": 0.1328500928139569}, "Batch": {"sum_sq": 233.58798864225838, "df": 1.0, "F": 0.3948069876076221, "pvalue": 0.5398993306382263}, "Quant": {"sum_sq": 275.3097293659169, "df": 1.0, "F": 0.46768014831088356, "pvalue": 0.5052189568073413}}, "3": {"Mouse_ID": {}, "Treatment": {"sum_sq": 2734.8525397457684, "df": 2.0, "F": 4.572472003587547, "pvalue": 0.03135790048990524, "tukey_hsd": {"groups": ["A12", "B1-8", "PBS"], "pvalues": [[1.0, 0.691288094920895, 0.027469696438409907], [0.691288094920895, 1.0, 0.14049270264960778], [0.027469696438409907, 0.14049270264960778, 1.0]]}}, "Ig_treated": {"sum_sq": 2528.467508929538, "df": 1.0, "F": 8.646199616810533, "pvalue": 0.01074726997277165}, "A12_treated": {"sum_sq": 1483.1241954669279, "df": 1.0, "F": 4.040062783535432, "pvalue": 0.06410874191897098}, "Batch": {"sum_sq": 2.4623750757327634, "df": 1.0, "F": 0.005207344367320937, "pvalue": 0.9434938316056436}, "Quant": {"sum_sq": 2726.4197222975768, "df": 1.0, "F": 9.796784001770792, "pvalue": 0.007379475242576663}}, "4": {"Mouse_ID": {}, "Treatment": {"sum_sq": 32.67836844430606, "df": 2.0, "F": 0.052639135322982145, "pvalue": 0.9489234622089864, "tukey_hsd": {"groups": ["A12", "B1-8", "PBS"], "pvalues": [[1.0, 0.9449280353412193, 0.9810465459825142], [0.9449280353412193, 1.0, 0.9908609159976781], [0.9810465459825142, 0.9908609159976781, 1.0]]}}, "Ig_treated": {"sum_sq": 0.638849798366138, "df": 1.0, "F": 0.0021990096656136927, "pvalue": 0.963260400072086}, "A12_treated": {"sum_sq": 27.5055166756196, "df": 1.0, "F": 0.09530737067902993, "pvalue": 0.7620815185515768}, "Batch": {"sum_sq": 1.416375678606321, "df": 1.0, "F": 0.0048762938418539445, "pvalue": 0.9453162494288408}, "Quant": {"sum_sq": 28.494899845009066, "df": 1.0, "F": 0.09875979426594543, "pvalue": 0.7579572674528079}}, "5": {"Mouse_ID": {}, "Treatment": {"sum_sq": 905.2413831985754, "df": 2.0, "F": 2.7913873755209697, "pvalue": 0.09804221910651292, "tukey_hsd": {"groups": ["A12", "B1-8", "PBS"], "pvalues": [[1.0, 0.10926687823971704, 0.9733796701814599], [0.10926687823971704, 1.0, 0.1806228022266424], [0.9733796701814599, 0.1806228022266424, 1.0]]}}, "Ig_treated": {"sum_sq": 123.29694556377488, "df": 1.0, "F": 0.59731072688647, "pvalue": 0.452457582280435}, "A12_treated": {"sum_sq": 325.742050183398, "df": 1.0, "F": 1.6969289609290334, "pvalue": 0.21371143453135077}, "Batch": {"sum_sq": 18.095620641541288, "df": 1.0, "F": 0.08458486832218698, "pvalue": 0.7754417102310227}, "Quant": {"sum_sq": 29.97682972436267, "df": 1.0, "F": 0.14067960058508897, "pvalue": 0.7132273290968558}}, "6": {"Mouse_ID": {}, "Treatment": {"sum_sq": 809.8500589467668, "df": 2.0, "F": 2.405362759213078, "pvalue": 0.12918179652701275, "tukey_hsd": {"groups": ["A12", "B1-8", "PBS"], "pvalues": [[1.0, 0.46443310989578546, 0.1125570558539718], [0.46443310989578546, 1.0, 0.6373984039225011], [0.1125570558539718, 0.6373984039225011, 1.0]]}}, "Ig_treated": {"sum_sq": 560.5153084922566, "df": 1.0, "F": 3.218988852434007, "pvalue": 0.09440628017553769}, "A12_treated": {"sum_sq": 667.1897868701748, "df": 1.0, "F": 4.006949698802942, "pvalue": 0.06508155899676098}, "Batch": {"sum_sq": 49.59242237793602, "df": 1.0, "F": 0.23545671294941733, "pvalue": 0.6350122044156192}, "Quant": {"sum_sq": 607.6020960608364, "df": 1.0, "F": 3.5581306337230565, "pvalue": 0.08017125629603111}}, "7": {"Mouse_ID": {}, "Treatment": {"sum_sq": 247.7215228191573, "df": 2.0, "F": 0.774733109858183, "pvalue": 0.4809787579615413, "tukey_hsd": {"groups": ["A12", "B1-8", "PBS"], "pvalues": [[1.0, 0.46578072322757524, 0.9488416156638008], [0.46578072322757524, 1.0, 0.6697464502637122], [0.9488416156638008, 0.6697464502637122, 1.0]]}}, "Ig_treated": {"sum_sq": 11.87846910295777, "df": 1.0, "F": 0.07185934741027919, "pvalue": 0.7925578122376902}, "A12_treated": {"sum_sq": 127.61690408170239, "df": 1.0, "F": 0.8126672980502648, "pvalue": 0.3825797855736699}, "Batch": {"sum_sq": 1.9036693809075869, "df": 1.0, "F": 0.011466910982127114, "pvalue": 0.9162420121292933}, "Quant": {"sum_sq": 4.79855061305349, "df": 1.0, "F": 0.028940515627020415, "pvalue": 0.8673503539362146}}, "8": {"Mouse_ID": {}, "Treatment": {"sum_sq": 95.91601163548695, "df": 2.0, "F": 0.343515171062554, "pvalue": 0.7155200285135024, "tukey_hsd": {"groups": ["A12", "B1-8", "PBS"], "pvalues": [[1.0, 0.8879951583579326, 0.9168170358617239], [0.8879951583579326, 1.0, 0.6929727918869091], [0.9168170358617239, 0.6929727918869091, 1.0]]}}, "Ig_treated": {"sum_sq": 65.54350909859653, "df": 1.0, "F": 0.49726909083793075, "pvalue": 0.4922690720519094}, "A12_treated": {"sum_sq": 0.22274664548780668, "df": 1.0, "F": 0.0016321700814021529, "pvalue": 0.9683446219698005}, "Batch": {"sum_sq": 1.4316065850351818, "df": 1.0, "F": 0.010496700253500718, "pvalue": 0.9198498200009512}, "Quant": {"sum_sq": 310.6910964892708, "df": 1.0, "F": 2.718293368840638, "pvalue": 0.12145404295956092}}, "9": {"Mouse_ID": {}, "Treatment": {"sum_sq": 503.83679328493116, "df": 2.0, "F": 2.842571442508906, "pvalue": 0.09460302835857418, "tukey_hsd": {"groups": ["A12", "B1-8", "PBS"], "pvalues": [[1.0, 0.9995651243576358, 0.12612345740322728], [0.9995651243576358, 1.0, 0.14002144713320386], [0.12612345740322728, 0.14002144713320386, 1.0]]}}, "Ig_treated": {"sum_sq": 503.7668714785678, "df": 1.0, "F": 6.121240400124508, "pvalue": 0.026771226634417295}, "A12_treated": {"sum_sq": 132.15536809423566, "df": 1.0, "F": 1.2141963025492055, "pvalue": 0.2890861972322416}, "Batch": {"sum_sq": 1.5741409768733974, "df": 1.0, "F": 0.013321090518055852, "pvalue": 0.9097536930274007}, "Quant": {"sum_sq": 77.26631490149215, "df": 1.0, "F": 0.6852128970368059, "pvalue": 0.42168431506652104}}, "10": {"Mouse_ID": {}, "Treatment": {"sum_sq": 58.142449301744186, "df": 2.0, "F": 0.2790823159618587, "pvalue": 0.7608970843112746, "tukey_hsd": {"groups": ["A12", "B1-8", "PBS"], "pvalues": [[1.0, 0.8241775921144867, 0.7837026106265423], [0.8241775921144867, 1.0, 0.9971914181321725], [0.7837026106265423, 0.9971914181321725, 1.0]]}}, "Ig_treated": {"sum_sq": 21.027576001905942, "df": 1.0, "F": 0.211592389052753, "pvalue": 0.6525848191213114}, "A12_treated": {"sum_sq": 57.61093213474878, "df": 1.0, "F": 0.5953716462868935, "pvalue": 0.4531772636548397}, "Batch": {"sum_sq": 7.553942927131772, "df": 1.0, "F": 0.07528334954008954, "pvalue": 0.787801176322753}, "Quant": {"sum_sq": 3.599133476419953, "df": 1.0, "F": 0.03576862466720658, "pvalue": 0.8527084895634572}}}