{"1": {"Mouse_ID": {}, "Treatment": {"sum_sq": 578.9311850672569, "df": 2.0, "F": 0.2522438108866201, "pvalue": 0.7807717076489074, "tukey_hsd": {"groups": ["A12", "B1-8", "PBS"], "pvalues": [[1.0, 0.7720371415103406, 0.983613309978755], [0.7720371415103406, 1.0, 0.8739964457126549], [0.983613309978755, 0.8739964457126549, 1.0]]}}, "Ig_treated": {"sum_sq": 28.939234522090224, "df": 1.0, "F": 0.02619221850087056, "pvalue": 0.8737442529844781}, "A12_treated": {"sum_sq": 295.5129806329591, "df": 1.0, "F": 0.2721519705647187, "pvalue": 0.6100465138914213}, "TMT": {"sum_sq": 125.69332067428162, "df": 1.0, "F": 0.11447811881962815, "pvalue": 0.7401228888758571}, "Quant": {"sum_sq": 11.316374526165422, "df": 1.0, "F": 0.010230528114832863, "pvalue": 0.9208688033189294}}, "2": {"Mouse_ID": {}, "Treatment": {"sum_sq": 2985.115441224475, "df": 2.0, "F": 2.3397348457374743, "pvalue": 0.1355444593672751, "tukey_hsd": {"groups": ["A12", "B1-8", "PBS"], "pvalues": [[1.0, 0.12448277152385012, 0.8359553673461869], [0.12448277152385012, 1.0, 0.33239553653080645], [0.8359553673461869, 0.33239553653080645, 1.0]]}}, "Ig_treated": {"sum_sq": 121.53821924106043, "df": 1.0, "F": 0.15251507367032152, "pvalue": 0.702021273735638}, "A12_treated": {"sum_sq": 1590.2712777364093, "df": 1.0, "F": 2.298134155043722, "pvalue": 0.15177977107775695}, "TMT": {"sum_sq": 378.77440310476084, "df": 1.0, "F": 0.48653190339038055, "pvalue": 0.4968997305394882}, "Quant": {"sum_sq": 383.4521370310132, "df": 1.0, "F": 0.49275188409816106, "pvalue": 0.4942079345961776}}, "3": {"Mouse_ID": {}, "Treatment": {"sum_sq": 3509.662192692036, "df": 2.0, "F": 4.461959562356764, "pvalue": 0.03347060375107411, "tukey_hsd": {"groups": ["A12", "B1-8", "PBS"], "pvalues": [[1.0, 0.6709363261213248, 0.02890649339451823], [0.6709363261213248, 1.0, 0.15472763195321493], [0.02890649339451823, 0.15472763195321493, 1.0]]}}, "Ig_treated": {"sum_sq": 3215.5606197454986, "df": 1.0, "F": 8.326101876015565, "pvalue": 0.011980407275421382}, "A12_treated": {"sum_sq": 1957.0666739064657, "df": 1.0, "F": 4.110665620906132, "pvalue": 0.06209159048269124}, "TMT": {"sum_sq": 3.2263243432666084, "df": 1.0, "F": 0.005240475709263245, "pvalue": 0.9433146935171887}, "Quant": {"sum_sq": 3452.876759545704, "df": 1.0, "F": 9.35102232463361, "pvalue": 0.0085144991232963}}, "4": {"Mouse_ID": {}, "Treatment": {"sum_sq": 36.7724652289634, "df": 2.0, "F": 0.044625385053805956, "pvalue": 0.9565015247073763, "tukey_hsd": {"groups": ["A12", "B1-8", "PBS"], "pvalues": [[1.0, 0.9539648344882112, 0.9812562327089613], [0.9539648344882112, 1.0, 0.9941757526367138], [0.9812562327089613, 0.9941757526367138, 1.0]]}}, "Ig_treated": {"sum_sq": 1.417628112994269, "df": 1.0, "F": 0.0036811114602796342, "pvalue": 0.9524779179977365}, "A12_treated": {"sum_sq": 32.40515543770904, "df": 1.0, "F": 0.08463189161014018, "pvalue": 0.7753811563313724}, "TMT": {"sum_sq": 3.8871844277304137, "df": 1.0, "F": 0.010098358128764563, "pvalue": 0.9213797678381965}, "Quant": {"sum_sq": 38.67629117171873, "df": 1.0, "F": 0.10112839768077876, "pvalue": 0.7551736267768776}}, "5": {"Mouse_ID": {}, "Treatment": {"sum_sq": 988.6061693227416, "df": 2.0, "F": 2.0762082249246117, "pvalue": 0.1650126574691871, "tukey_hsd": {"groups": ["A12", "B1-8", "PBS"], "pvalues": [[1.0, 0.8925031889033583, 0.15738855383957318], [0.8925031889033583, 1.0, 0.3430888716515327], [0.15738855383957318, 0.3430888716515327, 1.0]]}}, "Ig_treated": {"sum_sq": 939.0395707651076, "df": 1.0, "F": 4.180672045033637, "pvalue": 0.06016541988250842}, "A12_treated": {"sum_sq": 484.31741363342053, "df": 1.0, "F": 1.8838097236656939, "pvalue": 0.19149112412805488}, "TMT": {"sum_sq": 132.69074751556238, "df": 1.0, "F": 0.4701830174197959, "pvalue": 0.5041002092517497}, "Quant": {"sum_sq": 893.9266288812611, "df": 1.0, "F": 3.923538303984906, "pvalue": 0.06761090232028882}}, "6": {"Mouse_ID": {}, "Treatment": {"sum_sq": 1310.9709950915035, "df": 2.0, "F": 3.1615939588644904, "pvalue": 0.07605359310879235, "tukey_hsd": {"groups": ["A12", "B1-8", "PBS"], "pvalues": [[1.0, 0.06498620874692462, 0.6799473435391146], [0.06498620874692462, 1.0, 0.29079835519079733], [0.6799473435391146, 0.29079835519079733, 1.0]]}}, "Ig_treated": {"sum_sq": 21.08484092533484, "df": 1.0, "F": 0.07407204361577154, "pvalue": 0.7894703262358345}, "A12_treated": {"sum_sq": 796.9555239613799, "df": 1.0, "F": 3.4766053352462785, "pvalue": 0.08334327429099148}, "TMT": {"sum_sq": 7.28762114661039, "df": 1.0, "F": 0.025513426191132362, "pvalue": 0.8753759687641809}, "Quant": {"sum_sq": 2.1036735673305604, "df": 1.0, "F": 0.007355271736887024, "pvalue": 0.9328693754270762}}, "7": {"Mouse_ID": {}, "Treatment": {"sum_sq": 383.12330387867837, "df": 2.0, "F": 0.90356931422461, "pvalue": 0.4291107203020751, "tukey_hsd": {"groups": ["A12", "B1-8", "PBS"], "pvalues": [[1.0, 0.4040807155737296, 0.9024184008330869], [0.4040807155737296, 1.0, 0.674443421788709], [0.9024184008330869, 0.674443421788709, 1.0]]}}, "Ig_treated": {"sum_sq": 7.849800275609367, "df": 1.0, "F": 0.03509584857197143, "pvalue": 0.8540828621339955}, "A12_treated": {"sum_sq": 226.72263780969212, "df": 1.0, "F": 1.0898360366479347, "pvalue": 0.31419940364635707}, "TMT": {"sum_sq": 4.185720319461295, "df": 1.0, "F": 0.01869215884880381, "pvalue": 0.8931993302186483}, "Quant": {"sum_sq": 19.916956140842696, "df": 1.0, "F": 0.08939165262333072, "pvalue": 0.7693441802913936}}, "8": {"Mouse_ID": {}, "Treatment": {"sum_sq": 158.74099498365192, "df": 2.0, "F": 0.42760140081580517, "pvalue": 0.6609186762018674, "tukey_hsd": {"groups": ["A12", "B1-8", "PBS"], "pvalues": [[1.0, 0.8812057729488099, 0.879794322664823], [0.8812057729488099, 1.0, 0.6348692839219603], [0.879794322664823, 0.6348692839219603, 1.0]]}}, "Ig_treated": {"sum_sq": 115.7232062453282, "df": 1.0, "F": 0.659646218542972, "pvalue": 0.430279187016287}, "A12_treated": {"sum_sq": 0.0006025856783748925, "df": 1.0, "F": 3.2803038436865344e-06, "pvalue": 0.9985804583490194}, "TMT": {"sum_sq": 1.5873123273443501, "df": 1.0, "F": 0.008646208139801976, "pvalue": 0.927233044819518}, "Quant": {"sum_sq": 433.0477154273605, "df": 1.0, "F": 2.8347090998325957, "pvalue": 0.11440317116101982}}, "9": {"Mouse_ID": {}, "Treatment": {"sum_sq": 672.3903218771685, "df": 2.0, "F": 2.813573238518859, "pvalue": 0.09653407664234792, "tukey_hsd": {"groups": ["A12", "B1-8", "PBS"], "pvalues": [[1.0, 0.9999999602215801, 0.12571674285746337], [0.9999999602215801, 1.0, 0.14584383631203945], [0.12571674285746337, 0.14584383631203945, 1.0]]}}, "Ig_treated": {"sum_sq": 672.3903132559232, "df": 1.0, "F": 6.060003787015178, "pvalue": 0.027418917585176658}, "A12_treated": {"sum_sq": 183.31136559848142, "df": 1.0, "F": 1.256507093660241, "pvalue": 0.2811735543420671}, "TMT": {"sum_sq": 4.107193195116045, "df": 1.0, "F": 0.025881875601967596, "pvalue": 0.8744875410851615}, "Quant": {"sum_sq": 95.28564116247665, "df": 1.0, "F": 0.6261493003178434, "pvalue": 0.44197180793806157}}, "10": {"Mouse_ID": {}, "Treatment": {"sum_sq": 59.70643972437626, "df": 2.0, "F": 0.20996737191082637, "pvalue": 0.8133063513244904, "tukey_hsd": {"groups": ["A12", "B1-8", "PBS"], "pvalues": [[1.0, 0.8431356176184284, 0.8508685729116705], [0.8431356176184284, 1.0, 0.9998802124410912], [0.8508685729116705, 0.9998802124410912, 1.0]]}}, "Ig_treated": {"sum_sq": 15.088199110048688, "df": 1.0, "F": 0.111589561725848, "pvalue": 0.7432928584536789}, "A12_treated": {"sum_sq": 59.675545978337084, "df": 1.0, "F": 0.4519958616181101, "pvalue": 0.512332409268762}, "TMT": {"sum_sq": 46.88845843106805, "df": 1.0, "F": 0.35270360597350403, "pvalue": 0.5620606301681093}, "Quant": {"sum_sq": 4.497923346910512, "df": 1.0, "F": 0.033080746631123946, "pvalue": 0.8582831888972611}}}