{"1": {"Mouse_ID": {}, "Treatment": {"sum_sq": 425.3902139183899, "df": 2.0, "F": 0.2450629503961636, "pvalue": 0.7861904630693144, "tukey_hsd": {"groups": ["A12", "B1-8", "PBS"], "pvalues": [[1.0, 0.7809345118756816, 0.9881871429728727], [0.7809345118756816, 1.0, 0.8692411383628402], [0.9881871429728727, 0.8692411383628402, 1.0]]}}, "Ig_treated": {"sum_sq": 28.21695967614829, "df": 1.0, "F": 0.03382130146902309, "pvalue": 0.856724543457707}, "A12_treated": {"sum_sq": 202.25394642077063, "df": 1.0, "F": 0.24609165928364485, "pvalue": 0.627537714255555}, "TMT": {"sum_sq": 71.42848536735212, "df": 1.0, "F": 0.08593324717464923, "pvalue": 0.7737125684047695}, "Quant": {"sum_sq": 4.975917582983599, "df": 1.0, "F": 0.005952370825949008, "pvalue": 0.9395947090212852}}, "2": {"Mouse_ID": {}, "Treatment": {"sum_sq": 2393.409510623822, "df": 2.0, "F": 2.5371194141970874, "pvalue": 0.11741989341951331, "tukey_hsd": {"groups": ["A12", "B1-8", "PBS"], "pvalues": [[1.0, 0.10618387433335585, 0.8063590413226824], [0.10618387433335585, 1.0, 0.3161366739218632], [0.8063590413226824, 0.3161366739218632, 1.0]]}}, "Ig_treated": {"sum_sq": 83.83388195869001, "df": 1.0, "F": 0.13903793585804508, "pvalue": 0.7148240362840115}, "A12_treated": {"sum_sq": 1310.6158512439142, "df": 1.0, "F": 2.5432574113537636, "pvalue": 0.13308582435554947}, "TMT": {"sum_sq": 233.46627965611273, "df": 1.0, "F": 0.3941896885067588, "pvalue": 0.5402120254858191}, "Quant": {"sum_sq": 276.8440778122832, "df": 1.0, "F": 0.4698879197307633, "pvalue": 0.5042318832924164}}, "3": {"Mouse_ID": {}, "Treatment": {"sum_sq": 2732.70101736241, "df": 2.0, "F": 4.565506412090015, "pvalue": 0.03148642883121106, "tukey_hsd": {"groups": ["A12", "B1-8", "PBS"], "pvalues": [[1.0, 0.690586208772549, 0.027566386733697268], [0.690586208772549, 1.0, 0.141175936627284], [0.027566386733697268, 0.141175936627284, 1.0]]}}, "Ig_treated": {"sum_sq": 2525.5782290671496, "df": 1.0, "F": 8.628719416107776, "pvalue": 0.010810696120915403}, "A12_treated": {"sum_sq": 1483.6533900288246, "df": 1.0, "F": 4.041356781262164, "pvalue": 0.0640710781156938}, "TMT": {"sum_sq": 2.503597581496094, "df": 1.0, "F": 0.005293980010705752, "pvalue": 0.9430265988748269}, "Quant": {"sum_sq": 2723.995539734842, "df": 1.0, "F": 9.7801886560756, "pvalue": 0.0074184694287185975}}, "4": {"Mouse_ID": {}, "Treatment": {"sum_sq": 32.23293355850274, "df": 2.0, "F": 0.05188772487275385, "pvalue": 0.94963106949845, "tukey_hsd": {"groups": ["A12", "B1-8", "PBS"], "pvalues": [[1.0, 0.9458697234451898, 0.9806958758362095], [0.9458697234451898, 1.0, 0.9914690521859439], [0.9806958758362095, 0.9914690521859439, 1.0]]}}, "Ig_treated": {"sum_sq": 0.7387932631370592, "df": 1.0, "F": 0.0025417226022790788, "pvalue": 0.9605035227000266}, "A12_treated": {"sum_sq": 27.40286247512336, "df": 1.0, "F": 0.09489781472904948, "pvalue": 0.7625762017395792}, "TMT": {"sum_sq": 1.3627689098044713, "df": 1.0, "F": 0.00468914907207362, "pvalue": 0.9463740646664026}, "Quant": {"sum_sq": 28.95917127495158, "df": 1.0, "F": 0.10032603137727249, "pvalue": 0.7561125076522819}}, "5": {"Mouse_ID": {}, "Treatment": {"sum_sq": 976.0749579592045, "df": 2.0, "F": 3.1080665991858125, "pvalue": 0.0788501978256177, "tukey_hsd": {"groups": ["A12", "B1-8", "PBS"], "pvalues": [[1.0, 0.07087975018649417, 0.7798368373024362], [0.07087975018649417, 1.0, 0.2451966578359548], [0.7798368373024362, 0.2451966578359548, 1.0]]}}, "Ig_treated": {"sum_sq": 37.12194145970576, "df": 1.0, "F": 0.17438374841846316, "pvalue": 0.6825784731306322}, "A12_treated": {"sum_sq": 526.7036996621976, "df": 1.0, "F": 2.9605916316938625, "pvalue": 0.10733185463225244}, "TMT": {"sum_sq": 7.254027910336885, "df": 1.0, "F": 0.03373834212208392, "pvalue": 0.8568982628982517}, "Quant": {"sum_sq": 0.13450088780486413, "df": 1.0, "F": 0.0006240849172447369, "pvalue": 0.9804221586657484}}, "6": {"Mouse_ID": {}, "Treatment": {"sum_sq": 743.1728030445239, "df": 2.0, "F": 2.1389603057411937, "pvalue": 0.15737553076907765, "tukey_hsd": {"groups": ["A12", "B1-8", "PBS"], "pvalues": [[1.0, 0.7449934502667472, 0.1380151915174166], [0.7449934502667472, 1.0, 0.44048980950906147], [0.1380151915174166, 0.44048980950906147, 1.0]]}}, "Ig_treated": {"sum_sq": 648.1615264243949, "df": 1.0, "F": 3.855794350560289, "pvalue": 0.06975156777793248}, "A12_treated": {"sum_sq": 466.911077218868, "df": 1.0, "F": 2.578948000473824, "pvalue": 0.13060666445171973}, "TMT": {"sum_sq": 60.38066357107578, "df": 1.0, "F": 0.2874106437481339, "pvalue": 0.6002996031867772}, "Quant": {"sum_sq": 638.0687298287172, "df": 1.0, "F": 3.779545245996448, "pvalue": 0.07225833230326337}}, "7": {"Mouse_ID": {}, "Treatment": {"sum_sq": 248.44773877033498, "df": 2.0, "F": 0.7769691762930657, "pvalue": 0.48001890115904466, "tukey_hsd": {"groups": ["A12", "B1-8", "PBS"], "pvalues": [[1.0, 0.4652666490393531, 0.9498489599570944], [0.4652666490393531, 1.0, 0.6673991020505876], [0.9498489599570944, 0.6673991020505876, 1.0]]}}, "Ig_treated": {"sum_sq": 12.231686613491814, "df": 1.0, "F": 0.07398122514820482, "pvalue": 0.7895960635137532}, "A12_treated": {"sum_sq": 127.25087704461431, "df": 1.0, "F": 0.8098994428501064, "pvalue": 0.38336907050496577}, "TMT": {"sum_sq": 1.9046748813384327, "df": 1.0, "F": 0.011468925417999131, "pvalue": 0.9162346854782392}, "Quant": {"sum_sq": 4.7526867781586075, "df": 1.0, "F": 0.028653216373422975, "pvalue": 0.868003682570299}}, "8": {"Mouse_ID": {}, "Treatment": {"sum_sq": 101.96175082305028, "df": 2.0, "F": 0.3656742839415126, "pvalue": 0.7006417997807727, "tukey_hsd": {"groups": ["A12", "B1-8", "PBS"], "pvalues": [[1.0, 0.8889109412816486, 0.9044407163076494], [0.8889109412816486, 1.0, 0.676824683636216], [0.9044407163076494, 0.676824683636216, 1.0]]}}, "Ig_treated": {"sum_sq": 71.89705227906687, "df": 1.0, "F": 0.5463083175660397, "pvalue": 0.4720415220091023}, "A12_treated": {"sum_sq": 0.06145598774753843, "df": 1.0, "F": 0.0004494486913956162, "pvalue": 0.9833851446969774}, "TMT": {"sum_sq": 1.498708119382425, "df": 1.0, "F": 0.010968801201043406, "pvalue": 0.9180741139354219}, "Quant": {"sum_sq": 315.8380970228888, "df": 1.0, "F": 2.7661200531102854, "pvalue": 0.11849489374893309}}, "9": {"Mouse_ID": {}, "Treatment": {"sum_sq": 500.9293457842436, "df": 2.0, "F": 2.8046297370623194, "pvalue": 0.09713879142324518, "tukey_hsd": {"groups": ["A12", "B1-8", "PBS"], "pvalues": [[1.0, 0.9998924173069925, 0.1277541730959897], [0.9998924173069925, 1.0, 0.14491364113078475], [0.1277541730959897, 0.14491364113078475, 1.0]]}}, "Ig_treated": {"sum_sq": 500.91191849800964, "df": 1.0, "F": 6.04044014104017, "pvalue": 0.027629680188015735}, "A12_treated": {"sum_sq": 133.99330297813364, "df": 1.0, "F": 1.2277772204785187, "pvalue": 0.28651356231696995}, "TMT": {"sum_sq": 1.4982928068076995, "df": 1.0, "F": 0.012633288537650592, "pvalue": 0.9121036239980088}, "Quant": {"sum_sq": 72.83157725959741, "df": 1.0, "F": 0.6416677726248491, "pvalue": 0.43649196984084426}}, "10": {"Mouse_ID": {}, "Treatment": {"sum_sq": 57.460616955624296, "df": 2.0, "F": 0.2756326752622656, "pvalue": 0.7634186563325062, "tukey_hsd": {"groups": ["A12", "B1-8", "PBS"], "pvalues": [[1.0, 0.8250053793632133, 0.7868894198830495], [0.8250053793632133, 1.0, 0.9974946202288252], [0.7868894198830495, 0.9974946202288252, 1.0]]}}, "Ig_treated": {"sum_sq": 20.51775874070555, "df": 1.0, "F": 0.206358928325239, "pvalue": 0.6565995079675336}, "A12_treated": {"sum_sq": 56.98625961183802, "df": 1.0, "F": 0.5885633850572259, "pvalue": 0.45571915961777765}, "TMT": {"sum_sq": 7.485951223493224, "df": 1.0, "F": 0.07459219292446383, "pvalue": 0.788751781786274}, "Quant": {"sum_sq": 3.7731013873018533, "df": 1.0, "F": 0.03749718966944428, "pvalue": 0.8492376813488992}}}