{"1": {"Mouse_ID": {}, "Treatment": {"sum_sq": 421.26994747330957, "df": 2.0, "F": 0.24279818079254445, "pvalue": 0.7879084749225217, "tukey_hsd": {"groups": ["A12", "B1-8", "PBS"], "pvalues": [[1.0, 0.7827087227422259, 0.9883200979765193], [0.7827087227422259, 1.0, 0.8703034393701288], [0.9883200979765193, 0.8703034393701288, 1.0]]}}, "Ig_treated": {"sum_sq": 27.99116930151832, "df": 1.0, "F": 0.03357640489590722, "pvalue": 0.8572380031603041}, "A12_treated": {"sum_sq": 200.1996339264912, "df": 1.0, "F": 0.24374302559469394, "pvalue": 0.6291706877629726}, "Batch": {"sum_sq": 70.97758812814047, "df": 1.0, "F": 0.08545488684942787, "pvalue": 0.7743243057135402}, "Quant": {"sum_sq": 5.083621266356632, "df": 1.0, "F": 0.006086039497944344, "pvalue": 0.9389216889279062}}, "2": {"Mouse_ID": {}, "Treatment": {"sum_sq": 2389.9526751679227, "df": 2.0, "F": 2.5355515676771025, "pvalue": 0.11755239197904056, "tukey_hsd": {"groups": ["A12", "B1-8", "PBS"], "pvalues": [[1.0, 0.10624225114541164, 0.8054582462852873], [0.10624225114541164, 1.0, 0.31697161472761315], [0.8054582462852873, 0.31697161472761315, 1.0]]}}, "Ig_treated": {"sum_sq": 82.9590571251271, "df": 1.0, "F": 0.13771188139351345, "pvalue": 0.7161216920291626}, "A12_treated": {"sum_sq": 1310.7677866141255, "df": 1.0, "F": 2.546615736491521, "pvalue": 0.1328500928139566}, "Batch": {"sum_sq": 233.58798864225605, "df": 1.0, "F": 0.39480698760762, "pvalue": 0.5398993306382271}, "Quant": {"sum_sq": 275.3097293659142, "df": 1.0, "F": 0.4676801483108811, "pvalue": 0.5052189568073421}}, "3": {"Mouse_ID": {}, "Treatment": {"sum_sq": 2734.8525397457697, "df": 2.0, "F": 4.572472003587565, "pvalue": 0.031357900489904895, "tukey_hsd": {"groups": ["A12", "B1-8", "PBS"], "pvalues": [[1.0, 0.6912880949208946, 0.027469696438409574], [0.6912880949208946, 1.0, 0.140492702649607], [0.027469696438409574, 0.140492702649607, 1.0]]}}, "Ig_treated": {"sum_sq": 2528.4675089295383, "df": 1.0, "F": 8.646199616810565, "pvalue": 0.010747269972771548}, "A12_treated": {"sum_sq": 1483.1241954669276, "df": 1.0, "F": 4.040062783535442, "pvalue": 0.06410874191897076}, "Batch": {"sum_sq": 2.4623750757327634, "df": 1.0, "F": 0.005207344367320949, "pvalue": 0.9434938316056436}, "Quant": {"sum_sq": 2726.419722297577, "df": 1.0, "F": 9.796784001770831, "pvalue": 0.0073794752425765785}}, "4": {"Mouse_ID": {}, "Treatment": {"sum_sq": 32.678368444304986, "df": 2.0, "F": 0.052639135322980556, "pvalue": 0.9489234622089885, "tukey_hsd": {"groups": ["A12", "B1-8", "PBS"], "pvalues": [[1.0, 0.9449280353412208, 0.9810465459825147], [0.9449280353412208, 1.0, 0.9908609159976784], [0.9810465459825147, 0.9908609159976784, 1.0]]}}, "Ig_treated": {"sum_sq": 0.6388497983661209, "df": 1.0, "F": 0.00219900966561364, "pvalue": 0.963260400072086}, "A12_treated": {"sum_sq": 27.505516675618747, "df": 1.0, "F": 0.09530737067902723, "pvalue": 0.7620815185515806}, "Batch": {"sum_sq": 1.4163756786063069, "df": 1.0, "F": 0.004876293841853909, "pvalue": 0.9453162494288408}, "Quant": {"sum_sq": 28.494899845008803, "df": 1.0, "F": 0.09875979426594479, "pvalue": 0.7579572674528079}}, "5": {"Mouse_ID": {}, "Treatment": {"sum_sq": 905.2413831984891, "df": 2.0, "F": 2.7913873755205927, "pvalue": 0.09804221910653872, "tukey_hsd": {"groups": ["A12", "B1-8", "PBS"], "pvalues": [[1.0, 0.10926687823977788, 0.9733796701815792], [0.10926687823977788, 1.0, 0.18062280222659421], [0.9733796701815792, 0.18062280222659421, 1.0]]}}, "Ig_treated": {"sum_sq": 123.29694556389242, "df": 1.0, "F": 0.5973107268870641, "pvalue": 0.4524575822802145}, "A12_treated": {"sum_sq": 325.74205018318634, "df": 1.0, "F": 1.6969289609277987, "pvalue": 0.21371143453150823}, "Batch": {"sum_sq": 18.095620641554977, "df": 1.0, "F": 0.0845848683222514, "pvalue": 0.7754417102309397}, "Quant": {"sum_sq": 29.97682972442312, "df": 1.0, "F": 0.14067960058537562, "pvalue": 0.7132273290965792}}, "6": {"Mouse_ID": {}, "Treatment": {"sum_sq": 809.850058946844, "df": 2.0, "F": 2.4053627592133915, "pvalue": 0.12918179652698336, "tukey_hsd": {"groups": ["A12", "B1-8", "PBS"], "pvalues": [[1.0, 0.4644331098955099, 0.1125570558539557], [0.4644331098955099, 1.0, 0.6373984039227414], [0.1125570558539557, 0.6373984039227414, 1.0]]}}, "Ig_treated": {"sum_sq": 560.5153084921374, "df": 1.0, "F": 3.2189888524331645, "pvalue": 0.09440628017557663}, "A12_treated": {"sum_sq": 667.1897868703808, "df": 1.0, "F": 4.006949698804532, "pvalue": 0.06508155899671379}, "Batch": {"sum_sq": 49.59242237792286, "df": 1.0, "F": 0.2354567129493538, "pvalue": 0.635012204415665}, "Quant": {"sum_sq": 607.6020960607738, "df": 1.0, "F": 3.558130633722597, "pvalue": 0.08017125629604858}}, "7": {"Mouse_ID": {}, "Treatment": {"sum_sq": 247.72152281916138, "df": 2.0, "F": 0.774733109858195, "pvalue": 0.4809787579615363, "tukey_hsd": {"groups": ["A12", "B1-8", "PBS"], "pvalues": [[1.0, 0.4657807232275699, 0.9488416156637992], [0.4657807232275699, 1.0, 0.6697464502637094], [0.9488416156637992, 0.6697464502637094, 1.0]]}}, "Ig_treated": {"sum_sq": 11.878469102957755, "df": 1.0, "F": 0.0718593474102789, "pvalue": 0.7925578122376924}, "A12_treated": {"sum_sq": 127.61690408170493, "df": 1.0, "F": 0.8126672980502796, "pvalue": 0.38257978557366584}, "Batch": {"sum_sq": 1.9036693809074656, "df": 1.0, "F": 0.011466910982126351, "pvalue": 0.9162420121292989}, "Quant": {"sum_sq": 4.798550613053762, "df": 1.0, "F": 0.028940515627021976, "pvalue": 0.8673503539362111}}, "8": {"Mouse_ID": {}, "Treatment": {"sum_sq": 95.91601163548859, "df": 2.0, "F": 0.3435151710625612, "pvalue": 0.7155200285134975, "tukey_hsd": {"groups": ["A12", "B1-8", "PBS"], "pvalues": [[1.0, 0.8879951583579317, 0.916817035861721], [0.8879951583579317, 1.0, 0.6929727918869036], [0.916817035861721, 0.6929727918869036, 1.0]]}}, "Ig_treated": {"sum_sq": 65.5435090985981, "df": 1.0, "F": 0.4972690908379445, "pvalue": 0.49226907205190285}, "A12_treated": {"sum_sq": 0.22274664548777137, "df": 1.0, "F": 0.0016321700814018985, "pvalue": 0.9683446219698005}, "Batch": {"sum_sq": 1.431606585035279, "df": 1.0, "F": 0.010496700253501462, "pvalue": 0.9198498200009512}, "Quant": {"sum_sq": 310.69109648927184, "df": 1.0, "F": 2.7182933688406576, "pvalue": 0.12145404295955953}}, "9": {"Mouse_ID": {}, "Treatment": {"sum_sq": 503.83679328493093, "df": 2.0, "F": 2.8425714425089046, "pvalue": 0.09460302835857418, "tukey_hsd": {"groups": ["A12", "B1-8", "PBS"], "pvalues": [[1.0, 0.9995651243576359, 0.12612345740322706], [0.9995651243576359, 1.0, 0.14002144713320475], [0.12612345740322706, 0.14002144713320475, 1.0]]}}, "Ig_treated": {"sum_sq": 503.76687147856774, "df": 1.0, "F": 6.121240400124507, "pvalue": 0.026771226634417295}, "A12_treated": {"sum_sq": 132.1553680942366, "df": 1.0, "F": 1.2141963025492148, "pvalue": 0.2890861972322395}, "Batch": {"sum_sq": 1.574140976873464, "df": 1.0, "F": 0.013321090518056418, "pvalue": 0.9097536930274007}, "Quant": {"sum_sq": 77.26631490149136, "df": 1.0, "F": 0.6852128970367984, "pvalue": 0.42168431506652326}}, "10": {"Mouse_ID": {}, "Treatment": {"sum_sq": 58.14244930174341, "df": 2.0, "F": 0.2790823159618553, "pvalue": 0.7608970843112762, "tukey_hsd": {"groups": ["A12", "B1-8", "PBS"], "pvalues": [[1.0, 0.824177592114486, 0.7837026106265467], [0.824177592114486, 1.0, 0.9971914181321732], [0.7837026106265467, 0.9971914181321732, 1.0]]}}, "Ig_treated": {"sum_sq": 21.027576001905, "df": 1.0, "F": 0.21159238905274375, "pvalue": 0.6525848191213187}, "A12_treated": {"sum_sq": 57.61093213474807, "df": 1.0, "F": 0.5953716462868869, "pvalue": 0.45317726365484223}, "Batch": {"sum_sq": 7.553942927131109, "df": 1.0, "F": 0.07528334954008302, "pvalue": 0.7878011763227617}, "Quant": {"sum_sq": 3.599133476420051, "df": 1.0, "F": 0.03576862466720762, "pvalue": 0.852708489563454}}}