{"1": {"Mouse_ID": {}, "Treatment": {"sum_sq": 425.39021391839344, "df": 2.0, "F": 0.2450629503961659, "pvalue": 0.7861904630693127, "tukey_hsd": {"groups": ["A12", "B1-8", "PBS"], "pvalues": [[1.0, 0.7809345118756799, 0.9881871429728726], [0.7809345118756799, 1.0, 0.8692411383628393], [0.9881871429728726, 0.8692411383628393, 1.0]]}}, "Ig_treated": {"sum_sq": 28.21695967614838, "df": 1.0, "F": 0.03382130146902322, "pvalue": 0.856724543457707}, "A12_treated": {"sum_sq": 202.2539464207725, "df": 1.0, "F": 0.2460916592836474, "pvalue": 0.6275377142555528}, "TMT": {"sum_sq": 71.4284853673523, "df": 1.0, "F": 0.0859332471746495, "pvalue": 0.7737125684047695}, "Quant": {"sum_sq": 4.975917582983486, "df": 1.0, "F": 0.005952370825948878, "pvalue": 0.9395947090212852}}, "2": {"Mouse_ID": {}, "Treatment": {"sum_sq": 2393.4095106238174, "df": 2.0, "F": 2.5371194141970843, "pvalue": 0.11741989341951355, "tukey_hsd": {"groups": ["A12", "B1-8", "PBS"], "pvalues": [[1.0, 0.10618387433335608, 0.8063590413226855], [0.10618387433335608, 1.0, 0.31613667392186184], [0.8063590413226855, 0.31613667392186184, 1.0]]}}, "Ig_treated": {"sum_sq": 83.83388195869206, "df": 1.0, "F": 0.13903793585804863, "pvalue": 0.7148240362840084}, "A12_treated": {"sum_sq": 1310.6158512439058, "df": 1.0, "F": 2.543257411353747, "pvalue": 0.13308582435555066}, "TMT": {"sum_sq": 233.4662796561119, "df": 1.0, "F": 0.39418968850675773, "pvalue": 0.5402120254858191}, "Quant": {"sum_sq": 276.8440778122872, "df": 1.0, "F": 0.4698879197307707, "pvalue": 0.5042318832924119}}, "3": {"Mouse_ID": {}, "Treatment": {"sum_sq": 2732.7010173623958, "df": 2.0, "F": 4.565506412090016, "pvalue": 0.03148642883121103, "tukey_hsd": {"groups": ["A12", "B1-8", "PBS"], "pvalues": [[1.0, 0.6905862087725468, 0.027566386733697157], [0.6905862087725468, 1.0, 0.14117593662728412], [0.027566386733697157, 0.14117593662728412, 1.0]]}}, "Ig_treated": {"sum_sq": 2525.5782290671355, "df": 1.0, "F": 8.62871941610777, "pvalue": 0.010810696120915435}, "A12_treated": {"sum_sq": 1483.6533900288207, "df": 1.0, "F": 4.041356781262177, "pvalue": 0.06407107811569343}, "TMT": {"sum_sq": 2.503597581496194, "df": 1.0, "F": 0.005293980010705991, "pvalue": 0.9430265988748269}, "Quant": {"sum_sq": 2723.995539734827, "df": 1.0, "F": 9.780188656075593, "pvalue": 0.00741846942871861}}, "4": {"Mouse_ID": {}, "Treatment": {"sum_sq": 32.23293355850347, "df": 2.0, "F": 0.0518877248727552, "pvalue": 0.9496310694984486, "tukey_hsd": {"groups": ["A12", "B1-8", "PBS"], "pvalues": [[1.0, 0.9458697234451884, 0.9806958758362092], [0.9458697234451884, 1.0, 0.9914690521859436], [0.9806958758362092, 0.9914690521859436, 1.0]]}}, "Ig_treated": {"sum_sq": 0.738793263137051, "df": 1.0, "F": 0.002541722602279058, "pvalue": 0.9605035227000266}, "A12_treated": {"sum_sq": 27.402862475123932, "df": 1.0, "F": 0.09489781472905176, "pvalue": 0.7625762017395753}, "TMT": {"sum_sq": 1.3627689098044982, "df": 1.0, "F": 0.004689149072073726, "pvalue": 0.9463740646664026}, "Quant": {"sum_sq": 28.959171274951395, "df": 1.0, "F": 0.10032603137727215, "pvalue": 0.7561125076522855}}, "5": {"Mouse_ID": {}, "Treatment": {"sum_sq": 976.0749579591557, "df": 2.0, "F": 3.108066599185571, "pvalue": 0.07885019782563056, "tukey_hsd": {"groups": ["A12", "B1-8", "PBS"], "pvalues": [[1.0, 0.07087975018651427, 0.7798368373026416], [0.07087975018651427, 1.0, 0.24519665783588407], [0.7798368373026416, 0.24519665783588407, 1.0]]}}, "Ig_treated": {"sum_sq": 37.121941459756854, "df": 1.0, "F": 0.1743837484187057, "pvalue": 0.6825784731304265}, "A12_treated": {"sum_sq": 526.7036996620337, "df": 1.0, "F": 2.960591631692737, "pvalue": 0.10733185463231332}, "TMT": {"sum_sq": 7.25402791034369, "df": 1.0, "F": 0.03373834212211556, "pvalue": 0.8568982628981829}, "Quant": {"sum_sq": 0.1345008878079402, "df": 1.0, "F": 0.0006240849172590089, "pvalue": 0.9804221586655291}}, "6": {"Mouse_ID": {}, "Treatment": {"sum_sq": 743.1728030445695, "df": 2.0, "F": 2.1389603057413686, "pvalue": 0.15737553076905683, "tukey_hsd": {"groups": ["A12", "B1-8", "PBS"], "pvalues": [[1.0, 0.744993450266525, 0.1380151915173885], [0.744993450266525, 1.0, 0.44048980950919503], [0.1380151915173885, 0.44048980950919503, 1.0]]}}, "Ig_treated": {"sum_sq": 648.1615264243437, "df": 1.0, "F": 3.8557943505599024, "pvalue": 0.06975156777794488}, "A12_treated": {"sum_sq": 466.91107721902796, "df": 1.0, "F": 2.5789480004748717, "pvalue": 0.13060666445164773}, "TMT": {"sum_sq": 60.380663571068304, "df": 1.0, "F": 0.28741064374809777, "pvalue": 0.6002996031867996}, "Quant": {"sum_sq": 638.068729828713, "df": 1.0, "F": 3.779545245996419, "pvalue": 0.07225833230326428}}, "7": {"Mouse_ID": {}, "Treatment": {"sum_sq": 248.44773877033734, "df": 2.0, "F": 0.7769691762930737, "pvalue": 0.48001890115904117, "tukey_hsd": {"groups": ["A12", "B1-8", "PBS"], "pvalues": [[1.0, 0.46526664903935033, 0.9498489599570945], [0.46526664903935033, 1.0, 0.6673991020505844], [0.9498489599570945, 0.6673991020505844, 1.0]]}}, "Ig_treated": {"sum_sq": 12.23168661349209, "df": 1.0, "F": 0.0739812251482065, "pvalue": 0.7895960635137532}, "A12_treated": {"sum_sq": 127.25087704461501, "df": 1.0, "F": 0.8098994428501108, "pvalue": 0.383369070504965}, "TMT": {"sum_sq": 1.904674881338398, "df": 1.0, "F": 0.01146892541799892, "pvalue": 0.9162346854782392}, "Quant": {"sum_sq": 4.752686778158584, "df": 1.0, "F": 0.02865321637342284, "pvalue": 0.868003682570299}}, "8": {"Mouse_ID": {}, "Treatment": {"sum_sq": 101.96175082305044, "df": 2.0, "F": 0.36567428394151286, "pvalue": 0.7006417997807721, "tukey_hsd": {"groups": ["A12", "B1-8", "PBS"], "pvalues": [[1.0, 0.8889109412816513, 0.9044407163076467], [0.8889109412816513, 1.0, 0.6768246836362158], [0.9044407163076467, 0.6768246836362158, 1.0]]}}, "Ig_treated": {"sum_sq": 71.8970522790678, "df": 1.0, "F": 0.5463083175660465, "pvalue": 0.47204152200909966}, "A12_treated": {"sum_sq": 0.06145598774749494, "df": 1.0, "F": 0.00044944869139529765, "pvalue": 0.9833851446969774}, "TMT": {"sum_sq": 1.4987081193823395, "df": 1.0, "F": 0.01096880120104277, "pvalue": 0.9180741139354219}, "Quant": {"sum_sq": 315.83809702288914, "df": 1.0, "F": 2.766120053110286, "pvalue": 0.11849489374893309}}, "9": {"Mouse_ID": {}, "Treatment": {"sum_sq": 500.9293457842417, "df": 2.0, "F": 2.8046297370623208, "pvalue": 0.09713879142324508, "tukey_hsd": {"groups": ["A12", "B1-8", "PBS"], "pvalues": [[1.0, 0.9998924173069925, 0.1277541730959897], [0.9998924173069925, 1.0, 0.1449136411307843], [0.1277541730959897, 0.1449136411307843, 1.0]]}}, "Ig_treated": {"sum_sq": 500.9119184980074, "df": 1.0, "F": 6.040440141040172, "pvalue": 0.027629680188015735}, "A12_treated": {"sum_sq": 133.99330297813285, "df": 1.0, "F": 1.2277772204785167, "pvalue": 0.28651356231697034}, "TMT": {"sum_sq": 1.4982928068076826, "df": 1.0, "F": 0.012633288537650502, "pvalue": 0.9121036239980088}, "Quant": {"sum_sq": 72.83157725959688, "df": 1.0, "F": 0.6416677726248472, "pvalue": 0.43649196984084493}}, "10": {"Mouse_ID": {}, "Treatment": {"sum_sq": 57.46061695562449, "df": 2.0, "F": 0.27563267526226753, "pvalue": 0.7634186563325045, "tukey_hsd": {"groups": ["A12", "B1-8", "PBS"], "pvalues": [[1.0, 0.8250053793632098, 0.78688941988305], [0.8250053793632098, 1.0, 0.9974946202288257], [0.78688941988305, 0.9974946202288257, 1.0]]}}, "Ig_treated": {"sum_sq": 20.517758740705073, "df": 1.0, "F": 0.20635892832523486, "pvalue": 0.6565995079675361}, "A12_treated": {"sum_sq": 56.98625961183834, "df": 1.0, "F": 0.5885633850572315, "pvalue": 0.4557191596177752}, "TMT": {"sum_sq": 7.485951223492669, "df": 1.0, "F": 0.07459219292445851, "pvalue": 0.7887517817862827}, "Quant": {"sum_sq": 3.7731013873020545, "df": 1.0, "F": 0.03749718966944641, "pvalue": 0.8492376813488961}}}