{"1": {"Mouse_ID": {}, "Treatment": {"sum_sq": 421.26994747330315, "df": 2.0, "F": 0.24279818079254048, "pvalue": 0.787908474922524, "tukey_hsd": {"groups": ["A12", "B1-8", "PBS"], "pvalues": [[1.0, 0.7827087227422289, 0.9883200979765197], [0.7827087227422289, 1.0, 0.8703034393701303], [0.9883200979765197, 0.8703034393701303, 1.0]]}}, "Ig_treated": {"sum_sq": 27.991169301518223, "df": 1.0, "F": 0.0335764048959071, "pvalue": 0.8572380031603041}, "A12_treated": {"sum_sq": 200.19963392648745, "df": 1.0, "F": 0.24374302559468927, "pvalue": 0.629170687762977}, "Batch": {"sum_sq": 70.97758812814001, "df": 1.0, "F": 0.08545488684942729, "pvalue": 0.7743243057135402}, "Quant": {"sum_sq": 5.083621266356745, "df": 1.0, "F": 0.006086039497944478, "pvalue": 0.9389216889279062}}, "2": {"Mouse_ID": {}, "Treatment": {"sum_sq": 2389.952675167929, "df": 2.0, "F": 2.5355515676771083, "pvalue": 0.11755239197904009, "tukey_hsd": {"groups": ["A12", "B1-8", "PBS"], "pvalues": [[1.0, 0.10624225114541108, 0.8054582462852852], [0.10624225114541108, 1.0, 0.3169716147276135], [0.8054582462852852, 0.3169716147276135, 1.0]]}}, "Ig_treated": {"sum_sq": 82.95905712512605, "df": 1.0, "F": 0.1377118813935115, "pvalue": 0.7161216920291642}, "A12_treated": {"sum_sq": 1310.7677866141316, "df": 1.0, "F": 2.546615736491533, "pvalue": 0.13285009281395585}, "Batch": {"sum_sq": 233.58798864225741, "df": 1.0, "F": 0.39480698760762195, "pvalue": 0.5398993306382263}, "Quant": {"sum_sq": 275.30972936591127, "df": 1.0, "F": 0.4676801483108755, "pvalue": 0.505218956807345}}, "3": {"Mouse_ID": {}, "Treatment": {"sum_sq": 2734.852539745768, "df": 2.0, "F": 4.57247200358756, "pvalue": 0.031357900489905007, "tukey_hsd": {"groups": ["A12", "B1-8", "PBS"], "pvalues": [[1.0, 0.6912880949208982, 0.027469696438409907], [0.6912880949208982, 1.0, 0.14049270264960612], [0.027469696438409907, 0.14049270264960612, 1.0]]}}, "Ig_treated": {"sum_sq": 2528.467508929539, "df": 1.0, "F": 8.646199616810566, "pvalue": 0.010747269972771532}, "A12_treated": {"sum_sq": 1483.1241954669206, "df": 1.0, "F": 4.040062783535417, "pvalue": 0.06410874191897135}, "Batch": {"sum_sq": 2.462375075732697, "df": 1.0, "F": 0.0052073443673208075, "pvalue": 0.9434938316056436}, "Quant": {"sum_sq": 2726.419722297581, "df": 1.0, "F": 9.796784001770849, "pvalue": 0.007379475242576537}}, "4": {"Mouse_ID": {}, "Treatment": {"sum_sq": 32.678368444304276, "df": 2.0, "F": 0.05263913532297938, "pvalue": 0.9489234622089892, "tukey_hsd": {"groups": ["A12", "B1-8", "PBS"], "pvalues": [[1.0, 0.9449280353412219, 0.9810465459825154], [0.9449280353412219, 1.0, 0.9908609159976783], [0.9810465459825154, 0.9908609159976783, 1.0]]}}, "Ig_treated": {"sum_sq": 0.6388497983660553, "df": 1.0, "F": 0.002199009665613413, "pvalue": 0.963260400072086}, "A12_treated": {"sum_sq": 27.505516675617994, "df": 1.0, "F": 0.09530737067902456, "pvalue": 0.7620815185515845}, "Batch": {"sum_sq": 1.4163756786063437, "df": 1.0, "F": 0.004876293841854035, "pvalue": 0.9453162494288408}, "Quant": {"sum_sq": 28.494899845008415, "df": 1.0, "F": 0.0987597942659434, "pvalue": 0.7579572674528098}}, "5": {"Mouse_ID": {}, "Treatment": {"sum_sq": 905.2413831985139, "df": 2.0, "F": 2.7913873755207015, "pvalue": 0.09804221910653134, "tukey_hsd": {"groups": ["A12", "B1-8", "PBS"], "pvalues": [[1.0, 0.10926687823976222, 0.9733796701815507], [0.10926687823976222, 1.0, 0.18062280222660365], [0.9733796701815507, 0.18062280222660365, 1.0]]}}, "Ig_treated": {"sum_sq": 123.29694556386507, "df": 1.0, "F": 0.5973107268869259, "pvalue": 0.4524575822802659}, "A12_treated": {"sum_sq": 325.7420501832383, "df": 1.0, "F": 1.6969289609281017, "pvalue": 0.21371143453146962}, "Batch": {"sum_sq": 18.095620641551694, "df": 1.0, "F": 0.08458486832223597, "pvalue": 0.775441710230958}, "Quant": {"sum_sq": 29.976829724409185, "df": 1.0, "F": 0.14067960058530954, "pvalue": 0.7132273290966422}}, "6": {"Mouse_ID": {}, "Treatment": {"sum_sq": 809.8500589468251, "df": 2.0, "F": 2.4053627592133227, "pvalue": 0.12918179652698988, "tukey_hsd": {"groups": ["A12", "B1-8", "PBS"], "pvalues": [[1.0, 0.4644331098955724, 0.11255705585395914], [0.4644331098955724, 1.0, 0.637398403922686], [0.11255705585395914, 0.637398403922686, 1.0]]}}, "Ig_treated": {"sum_sq": 560.5153084921642, "df": 1.0, "F": 3.218988852433363, "pvalue": 0.09440628017556736}, "A12_treated": {"sum_sq": 667.1897868703327, "df": 1.0, "F": 4.006949698804173, "pvalue": 0.06508155899672438}, "Batch": {"sum_sq": 49.59242237792584, "df": 1.0, "F": 0.2354567129493688, "pvalue": 0.6350122044156548}, "Quant": {"sum_sq": 607.6020960607892, "df": 1.0, "F": 3.5581306337227208, "pvalue": 0.08017125629604395}}, "7": {"Mouse_ID": {}, "Treatment": {"sum_sq": 247.7215228191579, "df": 2.0, "F": 0.7747331098581874, "pvalue": 0.4809787579615394, "tukey_hsd": {"groups": ["A12", "B1-8", "PBS"], "pvalues": [[1.0, 0.4657807232275739, 0.9488416156638014], [0.4657807232275739, 1.0, 0.6697464502637095], [0.9488416156638014, 0.6697464502637095, 1.0]]}}, "Ig_treated": {"sum_sq": 11.878469102958062, "df": 1.0, "F": 0.07185934741028112, "pvalue": 0.792557812237688}, "A12_treated": {"sum_sq": 127.61690408170206, "df": 1.0, "F": 0.8126672980502646, "pvalue": 0.3825797855736699}, "Batch": {"sum_sq": 1.9036693809075675, "df": 1.0, "F": 0.011466910982127022, "pvalue": 0.9162420121292933}, "Quant": {"sum_sq": 4.798550613053108, "df": 1.0, "F": 0.02894051562701817, "pvalue": 0.8673503539362181}}, "8": {"Mouse_ID": {}, "Treatment": {"sum_sq": 95.91601163548313, "df": 2.0, "F": 0.34351517106254026, "pvalue": 0.7155200285135123, "tukey_hsd": {"groups": ["A12", "B1-8", "PBS"], "pvalues": [[1.0, 0.8879951583579344, 0.9168170358617294], [0.8879951583579344, 1.0, 0.6929727918869193], [0.9168170358617294, 0.6929727918869193, 1.0]]}}, "Ig_treated": {"sum_sq": 65.54350909859318, "df": 1.0, "F": 0.49726909083790544, "pvalue": 0.4922690720519193}, "A12_treated": {"sum_sq": 0.2227466454878712, "df": 1.0, "F": 0.0016321700814026288, "pvalue": 0.9683446219698005}, "Batch": {"sum_sq": 1.4316065850351705, "df": 1.0, "F": 0.010496700253500656, "pvalue": 0.9198498200009512}, "Quant": {"sum_sq": 310.69109648926855, "df": 1.0, "F": 2.71829336884062, "pvalue": 0.12145404295956204}}, "9": {"Mouse_ID": {}, "Treatment": {"sum_sq": 503.8367932849347, "df": 2.0, "F": 2.8425714425089277, "pvalue": 0.0946030283585728, "tukey_hsd": {"groups": ["A12", "B1-8", "PBS"], "pvalues": [[1.0, 0.9995651243576357, 0.12612345740322606], [0.9995651243576357, 1.0, 0.14002144713320186], [0.12612345740322606, 0.14002144713320186, 1.0]]}}, "Ig_treated": {"sum_sq": 503.76687147857143, "df": 1.0, "F": 6.121240400124557, "pvalue": 0.026771226634416792}, "A12_treated": {"sum_sq": 132.15536809423585, "df": 1.0, "F": 1.2141963025492053, "pvalue": 0.2890861972322416}, "Batch": {"sum_sq": 1.57414097687345, "df": 1.0, "F": 0.013321090518056277, "pvalue": 0.9097536930274007}, "Quant": {"sum_sq": 77.26631490149418, "df": 1.0, "F": 0.6852128970368236, "pvalue": 0.4216843150665148}}, "10": {"Mouse_ID": {}, "Treatment": {"sum_sq": 58.142449301743795, "df": 2.0, "F": 0.2790823159618576, "pvalue": 0.7608970843112751, "tukey_hsd": {"groups": ["A12", "B1-8", "PBS"], "pvalues": [[1.0, 0.8241775921144865, 0.7837026106265436], [0.8241775921144865, 1.0, 0.9971914181321726], [0.7837026106265436, 0.9971914181321726, 1.0]]}}, "Ig_treated": {"sum_sq": 21.02757600190565, "df": 1.0, "F": 0.21159238905275066, "pvalue": 0.6525848191213126}, "A12_treated": {"sum_sq": 57.61093213474838, "df": 1.0, "F": 0.5953716462868911, "pvalue": 0.4531772636548409}, "Batch": {"sum_sq": 7.553942927131634, "df": 1.0, "F": 0.07528334954008838, "pvalue": 0.7878011763227553}, "Quant": {"sum_sq": 3.5991334764198117, "df": 1.0, "F": 0.035768624667205276, "pvalue": 0.8527084895634572}}}