{"1": {"Mouse_ID": {}, "Treatment": {"sum_sq": 421.269947473305, "df": 2.0, "F": 0.24279818079254176, "pvalue": 0.7879084749225235, "tukey_hsd": {"groups": ["A12", "B1-8", "PBS"], "pvalues": [[1.0, 0.782708722742228, 0.9883200979765197], [0.782708722742228, 1.0, 0.8703034393701297], [0.9883200979765197, 0.8703034393701297, 1.0]]}}, "Ig_treated": {"sum_sq": 27.991169301518376, "df": 1.0, "F": 0.03357640489590729, "pvalue": 0.8572380031603041}, "A12_treated": {"sum_sq": 200.19963392648813, "df": 1.0, "F": 0.24374302559469016, "pvalue": 0.629170687762977}, "TMT": {"sum_sq": 70.9775881281398, "df": 1.0, "F": 0.08545488684942708, "pvalue": 0.7743243057135422}, "Quant": {"sum_sq": 5.083621266356642, "df": 1.0, "F": 0.006086039497944355, "pvalue": 0.9389216889279062}}, "2": {"Mouse_ID": {}, "Treatment": {"sum_sq": 2389.952675167935, "df": 2.0, "F": 2.5355515676771088, "pvalue": 0.11755239197904009, "tukey_hsd": {"groups": ["A12", "B1-8", "PBS"], "pvalues": [[1.0, 0.1062422511454113, 0.8054582462852893], [0.1062422511454113, 1.0, 0.31697161472761093], [0.8054582462852893, 0.31697161472761093, 1.0]]}}, "Ig_treated": {"sum_sq": 82.95905712512943, "df": 1.0, "F": 0.1377118813935169, "pvalue": 0.7161216920291595}, "A12_treated": {"sum_sq": 1310.7677866141264, "df": 1.0, "F": 2.5466157364915145, "pvalue": 0.13285009281395707}, "TMT": {"sum_sq": 233.587988642258, "df": 1.0, "F": 0.394806987607622, "pvalue": 0.5398993306382263}, "Quant": {"sum_sq": 275.3097293659179, "df": 1.0, "F": 0.46768014831088595, "pvalue": 0.5052189568073397}}, "3": {"Mouse_ID": {}, "Treatment": {"sum_sq": 2734.85253974577, "df": 2.0, "F": 4.57247200358755, "pvalue": 0.0313579004899052, "tukey_hsd": {"groups": ["A12", "B1-8", "PBS"], "pvalues": [[1.0, 0.6912880949208939, 0.027469696438409907], [0.6912880949208939, 1.0, 0.14049270264960778], [0.027469696438409907, 0.14049270264960778, 1.0]]}}, "Ig_treated": {"sum_sq": 2528.467508929539, "df": 1.0, "F": 8.646199616810536, "pvalue": 0.01074726997277165}, "A12_treated": {"sum_sq": 1483.1241954669308, "df": 1.0, "F": 4.040062783535442, "pvalue": 0.06410874191897076}, "TMT": {"sum_sq": 2.4623750757328744, "df": 1.0, "F": 0.005207344367321172, "pvalue": 0.9434938316056436}, "Quant": {"sum_sq": 2726.419722297577, "df": 1.0, "F": 9.796784001770797, "pvalue": 0.007379475242576663}}, "4": {"Mouse_ID": {}, "Treatment": {"sum_sq": 32.678368444304695, "df": 2.0, "F": 0.05263913532298017, "pvalue": 0.9489234622089885, "tukey_hsd": {"groups": ["A12", "B1-8", "PBS"], "pvalues": [[1.0, 0.9449280353412212, 0.9810465459825152], [0.9449280353412212, 1.0, 0.9908609159976782], [0.9810465459825152, 0.9908609159976782, 1.0]]}}, "Ig_treated": {"sum_sq": 0.6388497983660709, "df": 1.0, "F": 0.0021990096656134724, "pvalue": 0.963260400072086}, "A12_treated": {"sum_sq": 27.505516675618363, "df": 1.0, "F": 0.09530737067902605, "pvalue": 0.7620815185515845}, "TMT": {"sum_sq": 1.4163756786063608, "df": 1.0, "F": 0.004876293841854103, "pvalue": 0.9453162494288408}, "Quant": {"sum_sq": 28.494899845008288, "df": 1.0, "F": 0.09875979426594318, "pvalue": 0.7579572674528098}}, "5": {"Mouse_ID": {}, "Treatment": {"sum_sq": 905.2413831985098, "df": 2.0, "F": 2.791387375520689, "pvalue": 0.09804221910653214, "tukey_hsd": {"groups": ["A12", "B1-8", "PBS"], "pvalues": [[1.0, 0.10926687823976267, 0.9733796701815498], [0.10926687823976267, 1.0, 0.18062280222660576], [0.9733796701815498, 0.18062280222660576, 1.0]]}}, "Ig_treated": {"sum_sq": 123.29694556386323, "df": 1.0, "F": 0.5973107268869176, "pvalue": 0.452457582280269}, "A12_treated": {"sum_sq": 325.74205018323846, "df": 1.0, "F": 1.6969289609281057, "pvalue": 0.21371143453146915}, "TMT": {"sum_sq": 18.095620641551786, "df": 1.0, "F": 0.08458486832223652, "pvalue": 0.775441710230958}, "Quant": {"sum_sq": 29.976829724408084, "df": 1.0, "F": 0.14067960058530454, "pvalue": 0.7132273290966468}}, "6": {"Mouse_ID": {}, "Treatment": {"sum_sq": 809.8500589468256, "df": 2.0, "F": 2.4053627592133253, "pvalue": 0.1291817965269895, "tukey_hsd": {"groups": ["A12", "B1-8", "PBS"], "pvalues": [[1.0, 0.4644331098955754, 0.1125570558539587], [0.4644331098955754, 1.0, 0.6373984039226819], [0.1125570558539587, 0.6373984039226819, 1.0]]}}, "Ig_treated": {"sum_sq": 560.5153084921666, "df": 1.0, "F": 3.218988852433381, "pvalue": 0.09440628017556661}, "A12_treated": {"sum_sq": 667.1897868703309, "df": 1.0, "F": 4.006949698804161, "pvalue": 0.06508155899672484}, "TMT": {"sum_sq": 49.59242237792587, "df": 1.0, "F": 0.23545671294936896, "pvalue": 0.6350122044156548}, "Quant": {"sum_sq": 607.6020960607902, "df": 1.0, "F": 3.55813063372273, "pvalue": 0.08017125629604357}}, "7": {"Mouse_ID": {}, "Treatment": {"sum_sq": 247.7215228191569, "df": 2.0, "F": 0.7747331098581823, "pvalue": 0.4809787579615417, "tukey_hsd": {"groups": ["A12", "B1-8", "PBS"], "pvalues": [[1.0, 0.4657807232275757, 0.9488416156638005], [0.4657807232275757, 1.0, 0.6697464502637128], [0.9488416156638005, 0.6697464502637128, 1.0]]}}, "Ig_treated": {"sum_sq": 11.878469102957677, "df": 1.0, "F": 0.07185934741027868, "pvalue": 0.7925578122376924}, "A12_treated": {"sum_sq": 127.61690408170229, "df": 1.0, "F": 0.8126672980502649, "pvalue": 0.3825797855736699}, "TMT": {"sum_sq": 1.9036693809075387, "df": 1.0, "F": 0.011466910982126832, "pvalue": 0.9162420121292933}, "Quant": {"sum_sq": 4.798550613053655, "df": 1.0, "F": 0.028940515627021424, "pvalue": 0.8673503539362146}}, "8": {"Mouse_ID": {}, "Treatment": {"sum_sq": 95.91601163548589, "df": 2.0, "F": 0.3435151710625512, "pvalue": 0.7155200285135052, "tukey_hsd": {"groups": ["A12", "B1-8", "PBS"], "pvalues": [[1.0, 0.8879951583579306, 0.9168170358617271], [0.8879951583579306, 1.0, 0.6929727918869113], [0.9168170358617271, 0.6929727918869113, 1.0]]}}, "Ig_treated": {"sum_sq": 65.54350909859498, "df": 1.0, "F": 0.49726909083792037, "pvalue": 0.4922690720519136}, "A12_treated": {"sum_sq": 0.2227466454878911, "df": 1.0, "F": 0.001632170081402777, "pvalue": 0.9683446219698005}, "TMT": {"sum_sq": 1.431606585035181, "df": 1.0, "F": 0.010496700253500748, "pvalue": 0.9198498200009512}, "Quant": {"sum_sq": 310.6910964892692, "df": 1.0, "F": 2.718293368840632, "pvalue": 0.12145404295956119}}, "9": {"Mouse_ID": {}, "Treatment": {"sum_sq": 503.83679328493133, "df": 2.0, "F": 2.8425714425089166, "pvalue": 0.0946030283585735, "tukey_hsd": {"groups": ["A12", "B1-8", "PBS"], "pvalues": [[1.0, 0.9995651243576357, 0.1261234574032266], [0.9995651243576357, 1.0, 0.14002144713320297], [0.1261234574032266, 0.14002144713320297, 1.0]]}}, "Ig_treated": {"sum_sq": 503.76687147856785, "df": 1.0, "F": 6.12124040012453, "pvalue": 0.026771226634417025}, "A12_treated": {"sum_sq": 132.15536809423537, "df": 1.0, "F": 1.214196302549206, "pvalue": 0.28908619723224127}, "TMT": {"sum_sq": 1.5741409768733898, "df": 1.0, "F": 0.013321090518055823, "pvalue": 0.9097536930274007}, "Quant": {"sum_sq": 77.26631490149295, "df": 1.0, "F": 0.6852128970368151, "pvalue": 0.4216843150665176}}, "10": {"Mouse_ID": {}, "Treatment": {"sum_sq": 58.14244930174441, "df": 2.0, "F": 0.2790823159618606, "pvalue": 0.7608970843112722, "tukey_hsd": {"groups": ["A12", "B1-8", "PBS"], "pvalues": [[1.0, 0.824177592114485, 0.7837026106265413], [0.824177592114485, 1.0, 0.9971914181321725], [0.7837026106265413, 0.9971914181321725, 1.0]]}}, "Ig_treated": {"sum_sq": 21.027576001905917, "df": 1.0, "F": 0.21159238905275332, "pvalue": 0.6525848191213102}, "A12_treated": {"sum_sq": 57.610932134749035, "df": 1.0, "F": 0.5953716462868979, "pvalue": 0.45317726365483835}, "TMT": {"sum_sq": 7.553942927131217, "df": 1.0, "F": 0.07528334954008417, "pvalue": 0.7878011763227595}, "Quant": {"sum_sq": 3.5991334764198233, "df": 1.0, "F": 0.03576862466720538, "pvalue": 0.8527084895634572}}}