{"1": {"Mouse_ID": {}, "Treatment": {"sum_sq": 425.3902139183928, "df": 2.0, "F": 0.24506295039616546, "pvalue": 0.7861904630693133, "tukey_hsd": {"groups": ["A12", "B1-8", "PBS"], "pvalues": [[1.0, 0.7809345118756803, 0.9881871429728725], [0.7809345118756803, 1.0, 0.86924113836284], [0.9881871429728725, 0.86924113836284, 1.0]]}}, "Ig_treated": {"sum_sq": 28.21695967614798, "df": 1.0, "F": 0.03382130146902274, "pvalue": 0.856724543457707}, "A12_treated": {"sum_sq": 202.2539464207728, "df": 1.0, "F": 0.2460916592836477, "pvalue": 0.6275377142555528}, "TMT": {"sum_sq": 71.42848536735224, "df": 1.0, "F": 0.08593324717464941, "pvalue": 0.7737125684047695}, "Quant": {"sum_sq": 4.975917582983682, "df": 1.0, "F": 0.00595237082594911, "pvalue": 0.9395947090212852}}, "2": {"Mouse_ID": {}, "Treatment": {"sum_sq": 2393.4095106238124, "df": 2.0, "F": 2.537119414197082, "pvalue": 0.11741989341951366, "tukey_hsd": {"groups": ["A12", "B1-8", "PBS"], "pvalues": [[1.0, 0.10618387433335641, 0.8063590413226867], [0.10618387433335641, 1.0, 0.3161366739218616], [0.8063590413226867, 0.3161366739218616, 1.0]]}}, "Ig_treated": {"sum_sq": 83.83388195869247, "df": 1.0, "F": 0.13903793585804958, "pvalue": 0.7148240362840084}, "A12_treated": {"sum_sq": 1310.6158512439008, "df": 1.0, "F": 2.543257411353741, "pvalue": 0.133085824355551}, "TMT": {"sum_sq": 233.46627965611142, "df": 1.0, "F": 0.3941896885067577, "pvalue": 0.5402120254858191}, "Quant": {"sum_sq": 276.8440778122877, "df": 1.0, "F": 0.46988791973077265, "pvalue": 0.5042318832924111}}, "3": {"Mouse_ID": {}, "Treatment": {"sum_sq": 2732.7010173623985, "df": 2.0, "F": 4.565506412090021, "pvalue": 0.031486428831210986, "tukey_hsd": {"groups": ["A12", "B1-8", "PBS"], "pvalues": [[1.0, 0.690586208772545, 0.027566386733697157], [0.690586208772545, 1.0, 0.14117593662728445], [0.027566386733697157, 0.14117593662728445, 1.0]]}}, "Ig_treated": {"sum_sq": 2525.5782290671355, "df": 1.0, "F": 8.62871941610777, "pvalue": 0.010810696120915435}, "A12_treated": {"sum_sq": 1483.6533900288237, "df": 1.0, "F": 4.041356781262188, "pvalue": 0.06407107811569315}, "TMT": {"sum_sq": 2.5035975814961833, "df": 1.0, "F": 0.005293980010705967, "pvalue": 0.9430265988748269}, "Quant": {"sum_sq": 2723.9955397348267, "df": 1.0, "F": 9.78018865607559, "pvalue": 0.00741846942871863}}, "4": {"Mouse_ID": {}, "Treatment": {"sum_sq": 32.23293355850317, "df": 2.0, "F": 0.05188772487275451, "pvalue": 0.9496310694984492, "tukey_hsd": {"groups": ["A12", "B1-8", "PBS"], "pvalues": [[1.0, 0.945869723445189, 0.9806958758362095], [0.945869723445189, 1.0, 0.9914690521859436], [0.9806958758362095, 0.9914690521859436, 1.0]]}}, "Ig_treated": {"sum_sq": 0.7387932631370127, "df": 1.0, "F": 0.002541722602278916, "pvalue": 0.9605035227000266}, "A12_treated": {"sum_sq": 27.402862475123584, "df": 1.0, "F": 0.09489781472905018, "pvalue": 0.7625762017395792}, "TMT": {"sum_sq": 1.3627689098044427, "df": 1.0, "F": 0.004689149072073517, "pvalue": 0.9463740646664026}, "Quant": {"sum_sq": 28.959171274951327, "df": 1.0, "F": 0.10032603137727153, "pvalue": 0.7561125076522855}}, "5": {"Mouse_ID": {}, "Treatment": {"sum_sq": 976.074957959208, "df": 2.0, "F": 3.10806659918582, "pvalue": 0.07885019782561727, "tukey_hsd": {"groups": ["A12", "B1-8", "PBS"], "pvalues": [[1.0, 0.07087975018649306, 0.7798368373024207], [0.07087975018649306, 1.0, 0.24519665783596123], [0.7798368373024207, 0.24519665783596123, 1.0]]}}, "Ig_treated": {"sum_sq": 37.12194145970171, "df": 1.0, "F": 0.1743837484184435, "pvalue": 0.6825784731306499}, "A12_treated": {"sum_sq": 526.7036996622106, "df": 1.0, "F": 2.960591631693944, "pvalue": 0.107331854632248}, "TMT": {"sum_sq": 7.254027910336218, "df": 1.0, "F": 0.03373834212208073, "pvalue": 0.8568982628982549}, "Quant": {"sum_sq": 0.13450088780464764, "df": 1.0, "F": 0.000624084917243731, "pvalue": 0.9804221586657728}}, "6": {"Mouse_ID": {}, "Treatment": {"sum_sq": 743.1728030445212, "df": 2.0, "F": 2.1389603057411835, "pvalue": 0.157375530769079, "tukey_hsd": {"groups": ["A12", "B1-8", "PBS"], "pvalues": [[1.0, 0.7449934502667652, 0.1380151915174188], [0.7449934502667652, 1.0, 0.4404898095090506], [0.1380151915174188, 0.4404898095090506, 1.0]]}}, "Ig_treated": {"sum_sq": 648.1615264243995, "df": 1.0, "F": 3.8557943505603256, "pvalue": 0.06975156777793129}, "A12_treated": {"sum_sq": 466.9110772188552, "df": 1.0, "F": 2.5789480004737415, "pvalue": 0.13060666445172525}, "TMT": {"sum_sq": 60.38066357107634, "df": 1.0, "F": 0.2874106437481367, "pvalue": 0.6002996031867752}, "Quant": {"sum_sq": 638.0687298287179, "df": 1.0, "F": 3.779545245996455, "pvalue": 0.0722583323032631}}, "7": {"Mouse_ID": {}, "Treatment": {"sum_sq": 248.4477387703362, "df": 2.0, "F": 0.7769691762930709, "pvalue": 0.48001890115904233, "tukey_hsd": {"groups": ["A12", "B1-8", "PBS"], "pvalues": [[1.0, 0.465266649039351, 0.9498489599570946], [0.465266649039351, 1.0, 0.6673991020505847], [0.9498489599570946, 0.6673991020505847, 1.0]]}}, "Ig_treated": {"sum_sq": 12.23168661349203, "df": 1.0, "F": 0.0739812251482062, "pvalue": 0.7895960635137532}, "A12_treated": {"sum_sq": 127.25087704461468, "df": 1.0, "F": 0.8098994428501097, "pvalue": 0.383369070504965}, "TMT": {"sum_sq": 1.9046748813385055, "df": 1.0, "F": 0.01146892541799958, "pvalue": 0.9162346854782392}, "Quant": {"sum_sq": 4.752686778158688, "df": 1.0, "F": 0.028653216373423496, "pvalue": 0.8680036825702955}}, "8": {"Mouse_ID": {}, "Treatment": {"sum_sq": 101.96175082305139, "df": 2.0, "F": 0.36567428394151674, "pvalue": 0.7006417997807695, "tukey_hsd": {"groups": ["A12", "B1-8", "PBS"], "pvalues": [[1.0, 0.888910941281649, 0.9044407163076468], [0.888910941281649, 1.0, 0.676824683636213], [0.9044407163076468, 0.676824683636213, 1.0]]}}, "Ig_treated": {"sum_sq": 71.89705227906819, "df": 1.0, "F": 0.54630831756605, "pvalue": 0.4720415220090983}, "A12_treated": {"sum_sq": 0.061455987747512854, "df": 1.0, "F": 0.00044944869139542894, "pvalue": 0.9833851446969774}, "TMT": {"sum_sq": 1.4987081193824454, "df": 1.0, "F": 0.010968801201043552, "pvalue": 0.9180741139354219}, "Quant": {"sum_sq": 315.8380970228891, "df": 1.0, "F": 2.7661200531102885, "pvalue": 0.11849489374893293}}, "9": {"Mouse_ID": {}, "Treatment": {"sum_sq": 500.9293457842423, "df": 2.0, "F": 2.804629737062312, "pvalue": 0.09713879142324568, "tukey_hsd": {"groups": ["A12", "B1-8", "PBS"], "pvalues": [[1.0, 0.9998924173069926, 0.12775417309599024], [0.9998924173069926, 1.0, 0.14491364113078542], [0.12775417309599024, 0.14491364113078542, 1.0]]}}, "Ig_treated": {"sum_sq": 500.9119184980083, "df": 1.0, "F": 6.040440141040155, "pvalue": 0.027629680188015905}, "A12_treated": {"sum_sq": 133.9933029781334, "df": 1.0, "F": 1.2277772204785176, "pvalue": 0.28651356231697034}, "TMT": {"sum_sq": 1.498292806807719, "df": 1.0, "F": 0.012633288537650769, "pvalue": 0.9121036239980088}, "Quant": {"sum_sq": 72.83157725959667, "df": 1.0, "F": 0.641667772624843, "pvalue": 0.4364919698408468}}, "10": {"Mouse_ID": {}, "Treatment": {"sum_sq": 57.460616955624275, "df": 2.0, "F": 0.27563267526226604, "pvalue": 0.763418656332505, "tukey_hsd": {"groups": ["A12", "B1-8", "PBS"], "pvalues": [[1.0, 0.8250053793632124, 0.7868894198830494], [0.8250053793632124, 1.0, 0.9974946202288253], [0.7868894198830494, 0.9974946202288253, 1.0]]}}, "Ig_treated": {"sum_sq": 20.51775874070546, "df": 1.0, "F": 0.20635892832523847, "pvalue": 0.6565995079675336}, "A12_treated": {"sum_sq": 56.98625961183809, "df": 1.0, "F": 0.5885633850572278, "pvalue": 0.4557191596177771}, "TMT": {"sum_sq": 7.4859512234929095, "df": 1.0, "F": 0.07459219292446082, "pvalue": 0.7887517817862761}, "Quant": {"sum_sq": 3.773101387302059, "df": 1.0, "F": 0.037497189669446394, "pvalue": 0.8492376813488961}}}