{"1": {"Mouse_ID": {}, "Treatment": {"sum_sq": 421.26994747330707, "df": 2.0, "F": 0.24279818079254262, "pvalue": 0.7879084749225229, "tukey_hsd": {"groups": ["A12", "B1-8", "PBS"], "pvalues": [[1.0, 0.7827087227422274, 0.9883200979765194], [0.7827087227422274, 1.0, 0.8703034393701297], [0.9883200979765194, 0.8703034393701297, 1.0]]}}, "Ig_treated": {"sum_sq": 27.99116930151829, "df": 1.0, "F": 0.03357640489590715, "pvalue": 0.8572380031603041}, "A12_treated": {"sum_sq": 200.19963392648955, "df": 1.0, "F": 0.2437430255946916, "pvalue": 0.6291706877629748}, "Batch": {"sum_sq": 70.9775881281403, "df": 1.0, "F": 0.08545488684942752, "pvalue": 0.7743243057135402}, "Quant": {"sum_sq": 5.083621266356698, "df": 1.0, "F": 0.006086039497944415, "pvalue": 0.9389216889279062}}, "2": {"Mouse_ID": {}, "Treatment": {"sum_sq": 2389.9526751679255, "df": 2.0, "F": 2.5355515676771048, "pvalue": 0.11755239197904033, "tukey_hsd": {"groups": ["A12", "B1-8", "PBS"], "pvalues": [[1.0, 0.10624225114541164, 0.8054582462852897], [0.10624225114541164, 1.0, 0.31697161472761104], [0.8054582462852897, 0.31697161472761104, 1.0]]}}, "Ig_treated": {"sum_sq": 82.95905712512925, "df": 1.0, "F": 0.13771188139351698, "pvalue": 0.7161216920291595}, "A12_treated": {"sum_sq": 1310.767786614121, "df": 1.0, "F": 2.5466157364915105, "pvalue": 0.13285009281395738}, "Batch": {"sum_sq": 233.58798864225724, "df": 1.0, "F": 0.39480698760762195, "pvalue": 0.5398993306382263}, "Quant": {"sum_sq": 275.30972936591763, "df": 1.0, "F": 0.46768014831088695, "pvalue": 0.5052189568073397}}, "3": {"Mouse_ID": {}, "Treatment": {"sum_sq": 2734.8525397457684, "df": 2.0, "F": 4.572472003587557, "pvalue": 0.03135790048990505, "tukey_hsd": {"groups": ["A12", "B1-8", "PBS"], "pvalues": [[1.0, 0.6912880949208937, 0.027469696438409796], [0.6912880949208937, 1.0, 0.14049270264960767], [0.027469696438409796, 0.14049270264960767, 1.0]]}}, "Ig_treated": {"sum_sq": 2528.4675089295365, "df": 1.0, "F": 8.646199616810547, "pvalue": 0.010747269972771591}, "A12_treated": {"sum_sq": 1483.124195466929, "df": 1.0, "F": 4.040062783535444, "pvalue": 0.0641087419189706}, "Batch": {"sum_sq": 2.462375075732808, "df": 1.0, "F": 0.005207344367321039, "pvalue": 0.9434938316056436}, "Quant": {"sum_sq": 2726.419722297575, "df": 1.0, "F": 9.79678400177081, "pvalue": 0.007379475242576621}}, "4": {"Mouse_ID": {}, "Treatment": {"sum_sq": 32.678368444305235, "df": 2.0, "F": 0.05263913532298092, "pvalue": 0.9489234622089885, "tukey_hsd": {"groups": ["A12", "B1-8", "PBS"], "pvalues": [[1.0, 0.9449280353412204, 0.9810465459825146], [0.9449280353412204, 1.0, 0.9908609159976783], [0.9810465459825146, 0.9908609159976783, 1.0]]}}, "Ig_treated": {"sum_sq": 0.6388497983661249, "df": 1.0, "F": 0.0021990096656136528, "pvalue": 0.963260400072086}, "A12_treated": {"sum_sq": 27.505516675618942, "df": 1.0, "F": 0.09530737067902785, "pvalue": 0.7620815185515806}, "Batch": {"sum_sq": 1.4163756786062982, "df": 1.0, "F": 0.004876293841853877, "pvalue": 0.9453162494288408}, "Quant": {"sum_sq": 28.494899845008852, "df": 1.0, "F": 0.0987597942659449, "pvalue": 0.7579572674528079}}, "5": {"Mouse_ID": {}, "Treatment": {"sum_sq": 905.2413831985455, "df": 2.0, "F": 2.7913873755208427, "pvalue": 0.09804221910652153, "tukey_hsd": {"groups": ["A12", "B1-8", "PBS"], "pvalues": [[1.0, 0.10926687823973691, 0.9733796701814992], [0.10926687823973691, 1.0, 0.18062280222662674], [0.9733796701814992, 0.18062280222662674, 1.0]]}}, "Ig_treated": {"sum_sq": 123.29694556381334, "df": 1.0, "F": 0.597310726886665, "pvalue": 0.4524575822803629}, "A12_treated": {"sum_sq": 325.74205018332805, "df": 1.0, "F": 1.6969289609286267, "pvalue": 0.21371143453140265}, "Batch": {"sum_sq": 18.095620641545846, "df": 1.0, "F": 0.08458486832220849, "pvalue": 0.7754417102309944}, "Quant": {"sum_sq": 29.976829724382448, "df": 1.0, "F": 0.1406796005851829, "pvalue": 0.7132273290967667}}, "6": {"Mouse_ID": {}, "Treatment": {"sum_sq": 809.8500589467938, "df": 2.0, "F": 2.405362759213188, "pvalue": 0.1291817965270024, "tukey_hsd": {"groups": ["A12", "B1-8", "PBS"], "pvalues": [[1.0, 0.464433109895694, 0.11255705585396603], [0.464433109895694, 1.0, 0.6373984039225796], [0.11255705585396603, 0.6373984039225796, 1.0]]}}, "Ig_treated": {"sum_sq": 560.5153084922182, "df": 1.0, "F": 3.218988852433737, "pvalue": 0.0944062801755501}, "A12_treated": {"sum_sq": 667.1897868702433, "df": 1.0, "F": 4.006949698803473, "pvalue": 0.0650815589967452}, "Batch": {"sum_sq": 49.592422377931534, "df": 1.0, "F": 0.23545671294939582, "pvalue": 0.6350122044156341}, "Quant": {"sum_sq": 607.6020960608163, "df": 1.0, "F": 3.558130633722912, "pvalue": 0.08017125629603669}}, "7": {"Mouse_ID": {}, "Treatment": {"sum_sq": 247.72152281915885, "df": 2.0, "F": 0.7747331098581893, "pvalue": 0.4809787579615386, "tukey_hsd": {"groups": ["A12", "B1-8", "PBS"], "pvalues": [[1.0, 0.46578072322757313, 0.9488416156638018], [0.46578072322757313, 1.0, 0.6697464502637078], [0.9488416156638018, 0.6697464502637078, 1.0]]}}, "Ig_treated": {"sum_sq": 11.878469102958237, "df": 1.0, "F": 0.07185934741028209, "pvalue": 0.792557812237688}, "A12_treated": {"sum_sq": 127.61690408170232, "df": 1.0, "F": 0.8126672980502652, "pvalue": 0.3825797855736699}, "Batch": {"sum_sq": 1.9036693809075529, "df": 1.0, "F": 0.011466910982126918, "pvalue": 0.9162420121292933}, "Quant": {"sum_sq": 4.798550613053178, "df": 1.0, "F": 0.02894051562701855, "pvalue": 0.8673503539362181}}, "8": {"Mouse_ID": {}, "Treatment": {"sum_sq": 95.91601163548691, "df": 2.0, "F": 0.3435151710625538, "pvalue": 0.7155200285135029, "tukey_hsd": {"groups": ["A12", "B1-8", "PBS"], "pvalues": [[1.0, 0.8879951583579327, 0.9168170358617239], [0.8879951583579327, 1.0, 0.6929727918869093], [0.9168170358617239, 0.6929727918869093, 1.0]]}}, "Ig_treated": {"sum_sq": 65.54350909859649, "df": 1.0, "F": 0.49726909083793036, "pvalue": 0.4922690720519094}, "A12_treated": {"sum_sq": 0.22274664548780707, "df": 1.0, "F": 0.0016321700814021555, "pvalue": 0.9683446219698005}, "Batch": {"sum_sq": 1.431606585035208, "df": 1.0, "F": 0.01049670025350091, "pvalue": 0.9198498200009512}, "Quant": {"sum_sq": 310.69109648927173, "df": 1.0, "F": 2.718293368840646, "pvalue": 0.12145404295956023}}, "9": {"Mouse_ID": {}, "Treatment": {"sum_sq": 503.83679328493093, "df": 2.0, "F": 2.8425714425089015, "pvalue": 0.09460302835857447, "tukey_hsd": {"groups": ["A12", "B1-8", "PBS"], "pvalues": [[1.0, 0.9995651243576358, 0.12612345740322772], [0.9995651243576358, 1.0, 0.1400214471332044], [0.12612345740322772, 0.1400214471332044, 1.0]]}}, "Ig_treated": {"sum_sq": 503.7668714785676, "df": 1.0, "F": 6.121240400124496, "pvalue": 0.0267712266344174}, "A12_treated": {"sum_sq": 132.15536809423574, "df": 1.0, "F": 1.2141963025492057, "pvalue": 0.28908619723224127}, "Batch": {"sum_sq": 1.5741409768734769, "df": 1.0, "F": 0.01332109051805652, "pvalue": 0.9097536930274007}, "Quant": {"sum_sq": 77.26631490149212, "df": 1.0, "F": 0.6852128970368051, "pvalue": 0.42168431506652104}}, "10": {"Mouse_ID": {}, "Treatment": {"sum_sq": 58.14244930174346, "df": 2.0, "F": 0.279082315961855, "pvalue": 0.7608970843112768, "tukey_hsd": {"groups": ["A12", "B1-8", "PBS"], "pvalues": [[1.0, 0.8241775921144887, 0.7837026106265448], [0.8241775921144887, 1.0, 0.9971914181321725], [0.7837026106265448, 0.9971914181321725, 1.0]]}}, "Ig_treated": {"sum_sq": 21.027576001905683, "df": 1.0, "F": 0.2115923890527503, "pvalue": 0.6525848191213126}, "A12_treated": {"sum_sq": 57.61093213474799, "df": 1.0, "F": 0.5953716462868849, "pvalue": 0.4531772636548427}, "Batch": {"sum_sq": 7.553942927131908, "df": 1.0, "F": 0.07528334954009087, "pvalue": 0.7878011763227509}, "Quant": {"sum_sq": 3.5991334764198237, "df": 1.0, "F": 0.03576862466720528, "pvalue": 0.8527084895634572}}}