{"1": {"Mouse_ID": {}, "Treatment": {"sum_sq": 578.9311850672507, "df": 2.0, "F": 0.25224381088661796, "pvalue": 0.7807717076489086, "tukey_hsd": {"groups": ["A12", "B1-8", "PBS"], "pvalues": [[1.0, 0.772037141510342, 0.9836133099787547], [0.772037141510342, 1.0, 0.8739964457126563], [0.9836133099787547, 0.8739964457126563, 1.0]]}}, "Ig_treated": {"sum_sq": 28.93923452208941, "df": 1.0, "F": 0.026192218500869894, "pvalue": 0.8737442529844781}, "A12_treated": {"sum_sq": 295.5129806329573, "df": 1.0, "F": 0.2721519705647176, "pvalue": 0.6100465138914224}, "TMT": {"sum_sq": 125.69332067427993, "df": 1.0, "F": 0.11447811881962691, "pvalue": 0.7401228888758589}, "Quant": {"sum_sq": 11.316374526165982, "df": 1.0, "F": 0.010230528114833392, "pvalue": 0.9208688033189294}}, "2": {"Mouse_ID": {}, "Treatment": {"sum_sq": 2985.115441224461, "df": 2.0, "F": 2.3397348457374747, "pvalue": 0.1355444593672751, "tukey_hsd": {"groups": ["A12", "B1-8", "PBS"], "pvalues": [[1.0, 0.12448277152385012, 0.835955367346189], [0.12448277152385012, 1.0, 0.33239553653080445], [0.835955367346189, 0.33239553653080445, 1.0]]}}, "Ig_treated": {"sum_sq": 121.5382192410625, "df": 1.0, "F": 0.15251507367032485, "pvalue": 0.7020212737356352}, "A12_treated": {"sum_sq": 1590.2712777363965, "df": 1.0, "F": 2.298134155043713, "pvalue": 0.15177977107775784}, "TMT": {"sum_sq": 378.7744031047592, "df": 1.0, "F": 0.48653190339038066, "pvalue": 0.4968997305394882}, "Quant": {"sum_sq": 383.45213703101496, "df": 1.0, "F": 0.4927518840981656, "pvalue": 0.4942079345961762}}, "3": {"Mouse_ID": {}, "Treatment": {"sum_sq": 3509.6621926920243, "df": 2.0, "F": 4.461959562356771, "pvalue": 0.03347060375107398, "tukey_hsd": {"groups": ["A12", "B1-8", "PBS"], "pvalues": [[1.0, 0.6709363261213214, 0.028906493394518118], [0.6709363261213214, 1.0, 0.15472763195321548], [0.028906493394518118, 0.15472763195321548, 1.0]]}}, "Ig_treated": {"sum_sq": 3215.5606197454863, "df": 1.0, "F": 8.326101876015569, "pvalue": 0.011980407275421365}, "A12_treated": {"sum_sq": 1957.0666739064661, "df": 1.0, "F": 4.110665620906155, "pvalue": 0.06209159048269068}, "TMT": {"sum_sq": 3.226324343266659, "df": 1.0, "F": 0.005240475709263349, "pvalue": 0.9433146935171887}, "Quant": {"sum_sq": 3452.8767595456834, "df": 1.0, "F": 9.351022324633586, "pvalue": 0.008514499123296371}}, "4": {"Mouse_ID": {}, "Treatment": {"sum_sq": 36.772465228964435, "df": 2.0, "F": 0.04462538505380743, "pvalue": 0.9565015247073748, "tukey_hsd": {"groups": ["A12", "B1-8", "PBS"], "pvalues": [[1.0, 0.9539648344882097, 0.9812562327089609], [0.9539648344882097, 1.0, 0.9941757526367134], [0.9812562327089609, 0.9941757526367134, 1.0]]}}, "Ig_treated": {"sum_sq": 1.4176281129942594, "df": 1.0, "F": 0.003681111460279626, "pvalue": 0.9524779179977365}, "A12_treated": {"sum_sq": 32.405155437709865, "df": 1.0, "F": 0.08463189161014271, "pvalue": 0.7753811563313703}, "TMT": {"sum_sq": 3.887184427730379, "df": 1.0, "F": 0.010098358128764518, "pvalue": 0.9213797678381965}, "Quant": {"sum_sq": 38.6762911717188, "df": 1.0, "F": 0.1011283976807794, "pvalue": 0.7551736267768739}}, "5": {"Mouse_ID": {}, "Treatment": {"sum_sq": 988.6061693227218, "df": 2.0, "F": 2.0762082249245624, "pvalue": 0.16501265746919325, "tukey_hsd": {"groups": ["A12", "B1-8", "PBS"], "pvalues": [[1.0, 0.8925031889034403, 0.1573885538395905], [0.8925031889034403, 1.0, 0.3430888716514806], [0.1573885538395905, 0.3430888716514806, 1.0]]}}, "Ig_treated": {"sum_sq": 939.0395707651287, "df": 1.0, "F": 4.180672045033769, "pvalue": 0.06016541988250482}, "A12_treated": {"sum_sq": 484.317413633321, "df": 1.0, "F": 1.8838097236652591, "pvalue": 0.19149112412810307}, "TMT": {"sum_sq": 132.6907475155685, "df": 1.0, "F": 0.47018301741981927, "pvalue": 0.5041002092517394}, "Quant": {"sum_sq": 893.9266288812529, "df": 1.0, "F": 3.9235383039848695, "pvalue": 0.06761090232028993}}, "6": {"Mouse_ID": {}, "Treatment": {"sum_sq": 1310.9709950915187, "df": 2.0, "F": 3.161593958864558, "pvalue": 0.07605359310878892, "tukey_hsd": {"groups": ["A12", "B1-8", "PBS"], "pvalues": [[1.0, 0.0649862087469193, 0.6799473435390188], [0.0649862087469193, 1.0, 0.29079835519084185], [0.6799473435390188, 0.29079835519084185, 1.0]]}}, "Ig_treated": {"sum_sq": 21.084840925314023, "df": 1.0, "F": 0.07407204361569822, "pvalue": 0.7894703262359345}, "A12_treated": {"sum_sq": 796.9555239614709, "df": 1.0, "F": 3.476605335246787, "pvalue": 0.08334327429097126}, "TMT": {"sum_sq": 7.287621146605686, "df": 1.0, "F": 0.025513426191115934, "pvalue": 0.8753759687642186}, "Quant": {"sum_sq": 2.1036735673368896, "df": 1.0, "F": 0.007355271736909184, "pvalue": 0.9328693754269841}}, "7": {"Mouse_ID": {}, "Treatment": {"sum_sq": 383.1233038786774, "df": 2.0, "F": 0.9035693142246073, "pvalue": 0.42911072030207614, "tukey_hsd": {"groups": ["A12", "B1-8", "PBS"], "pvalues": [[1.0, 0.4040807155737304, 0.9024184008330842], [0.4040807155737304, 1.0, 0.6744434217887132], [0.9024184008330842, 0.6744434217887132, 1.0]]}}, "Ig_treated": {"sum_sq": 7.849800275608764, "df": 1.0, "F": 0.03509584857196872, "pvalue": 0.854082862134002}, "A12_treated": {"sum_sq": 226.7226378096935, "df": 1.0, "F": 1.0898360366479416, "pvalue": 0.3141994036463556}, "TMT": {"sum_sq": 4.185720319461222, "df": 1.0, "F": 0.01869215884880348, "pvalue": 0.8931993302186483}, "Quant": {"sum_sq": 19.916956140843755, "df": 1.0, "F": 0.08939165262333551, "pvalue": 0.7693441802913877}}, "8": {"Mouse_ID": {}, "Treatment": {"sum_sq": 158.74099498365146, "df": 2.0, "F": 0.4276014008158012, "pvalue": 0.6609186762018704, "tukey_hsd": {"groups": ["A12", "B1-8", "PBS"], "pvalues": [[1.0, 0.8812057729488091, 0.8797943226648259], [0.8812057729488091, 1.0, 0.634869283921963], [0.8797943226648259, 0.634869283921963, 1.0]]}}, "Ig_treated": {"sum_sq": 115.7232062453271, "df": 1.0, "F": 0.6596462185429615, "pvalue": 0.4302791870162904}, "A12_treated": {"sum_sq": 0.000602585678371768, "df": 1.0, "F": 3.2803038436695074e-06, "pvalue": 0.9985804583490194}, "TMT": {"sum_sq": 1.5873123273443093, "df": 1.0, "F": 0.008646208139801704, "pvalue": 0.927233044819518}, "Quant": {"sum_sq": 433.0477154273616, "df": 1.0, "F": 2.834709099832584, "pvalue": 0.11440317116102036}}, "9": {"Mouse_ID": {}, "Treatment": {"sum_sq": 672.390321877173, "df": 2.0, "F": 2.8135732385188708, "pvalue": 0.09653407664234721, "tukey_hsd": {"groups": ["A12", "B1-8", "PBS"], "pvalues": [[1.0, 0.9999999602215801, 0.12571674285746237], [0.9999999602215801, 1.0, 0.14584383631203846], [0.12571674285746237, 0.14584383631203846, 1.0]]}}, "Ig_treated": {"sum_sq": 672.3903132559275, "df": 1.0, "F": 6.060003787015203, "pvalue": 0.02741891758517639}, "A12_treated": {"sum_sq": 183.3113655984826, "df": 1.0, "F": 1.2565070936602447, "pvalue": 0.28117355434206626}, "TMT": {"sum_sq": 4.107193195116261, "df": 1.0, "F": 0.025881875601968855, "pvalue": 0.8744875410851577}, "Quant": {"sum_sq": 95.28564116247833, "df": 1.0, "F": 0.6261493003178525, "pvalue": 0.44197180793805846}}, "10": {"Mouse_ID": {}, "Treatment": {"sum_sq": 59.70643972437518, "df": 2.0, "F": 0.20996737191082293, "pvalue": 0.8133063513244934, "tukey_hsd": {"groups": ["A12", "B1-8", "PBS"], "pvalues": [[1.0, 0.8431356176184308, 0.8508685729116725], [0.8431356176184308, 1.0, 0.9998802124410912], [0.8508685729116725, 0.9998802124410912, 1.0]]}}, "Ig_treated": {"sum_sq": 15.088199110048475, "df": 1.0, "F": 0.11158956172584664, "pvalue": 0.7432928584536806}, "A12_treated": {"sum_sq": 59.675545978335926, "df": 1.0, "F": 0.4519958616181019, "pvalue": 0.5123324092687659}, "TMT": {"sum_sq": 46.88845843106983, "df": 1.0, "F": 0.3527036059735183, "pvalue": 0.5620606301681013}, "Quant": {"sum_sq": 4.49792334691023, "df": 1.0, "F": 0.03308074663112194, "pvalue": 0.8582831888972644}}}