{"1": {"Mouse_ID": {}, "Treatment": {"sum_sq": 421.2699474733081, "df": 2.0, "F": 0.24279818079254442, "pvalue": 0.7879084749225217, "tukey_hsd": {"groups": ["A12", "B1-8", "PBS"], "pvalues": [[1.0, 0.7827087227422258, 0.9883200979765195], [0.7827087227422258, 1.0, 0.8703034393701282], [0.9883200979765195, 0.8703034393701282, 1.0]]}}, "Ig_treated": {"sum_sq": 27.991169301518646, "df": 1.0, "F": 0.03357640489590773, "pvalue": 0.8572380031603041}, "A12_treated": {"sum_sq": 200.19963392648972, "df": 1.0, "F": 0.24374302559469294, "pvalue": 0.6291706877629737}, "TMT": {"sum_sq": 70.97758812814018, "df": 1.0, "F": 0.08545488684942779, "pvalue": 0.7743243057135402}, "Quant": {"sum_sq": 5.0836212663563884, "df": 1.0, "F": 0.006086039497944073, "pvalue": 0.9389216889279062}}, "2": {"Mouse_ID": {}, "Treatment": {"sum_sq": 2389.9526751679346, "df": 2.0, "F": 2.5355515676771008, "pvalue": 0.1175523919790408, "tukey_hsd": {"groups": ["A12", "B1-8", "PBS"], "pvalues": [[1.0, 0.10624225114541186, 0.8054582462852881], [0.10624225114541186, 1.0, 0.3169716147276128], [0.8054582462852881, 0.3169716147276128, 1.0]]}}, "Ig_treated": {"sum_sq": 82.95905712512818, "df": 1.0, "F": 0.1377118813935145, "pvalue": 0.7161216920291626}, "A12_treated": {"sum_sq": 1310.7677866141296, "df": 1.0, "F": 2.546615736491516, "pvalue": 0.1328500928139569}, "TMT": {"sum_sq": 233.5879886422585, "df": 1.0, "F": 0.39480698760762206, "pvalue": 0.5398993306382263}, "Quant": {"sum_sq": 275.30972936591667, "df": 1.0, "F": 0.46768014831088284, "pvalue": 0.5052189568073413}}, "3": {"Mouse_ID": {}, "Treatment": {"sum_sq": 2734.8525397457774, "df": 2.0, "F": 4.572472003587562, "pvalue": 0.03135790048990497, "tukey_hsd": {"groups": ["A12", "B1-8", "PBS"], "pvalues": [[1.0, 0.6912880949208934, 0.027469696438409574], [0.6912880949208934, 1.0, 0.14049270264960723], [0.027469696438409574, 0.14049270264960723, 1.0]]}}, "Ig_treated": {"sum_sq": 2528.4675089295447, "df": 1.0, "F": 8.646199616810552, "pvalue": 0.010747269972771577}, "A12_treated": {"sum_sq": 1483.1241954669347, "df": 1.0, "F": 4.040062783535449, "pvalue": 0.06410874191897054}, "TMT": {"sum_sq": 2.4623750757328517, "df": 1.0, "F": 0.005207344367321118, "pvalue": 0.9434938316056436}, "Quant": {"sum_sq": 2726.4197222975854, "df": 1.0, "F": 9.79678400177083, "pvalue": 0.0073794752425765785}}, "4": {"Mouse_ID": {}, "Treatment": {"sum_sq": 32.6783684443062, "df": 2.0, "F": 0.052639135322982485, "pvalue": 0.9489234622089864, "tukey_hsd": {"groups": ["A12", "B1-8", "PBS"], "pvalues": [[1.0, 0.9449280353412187, 0.9810465459825145], [0.9449280353412187, 1.0, 0.9908609159976777], [0.9810465459825145, 0.9908609159976777, 1.0]]}}, "Ig_treated": {"sum_sq": 0.6388497983660695, "df": 1.0, "F": 0.0021990096656134615, "pvalue": 0.963260400072086}, "A12_treated": {"sum_sq": 27.505516675619532, "df": 1.0, "F": 0.09530737067902989, "pvalue": 0.7620815185515768}, "TMT": {"sum_sq": 1.4163756786063966, "df": 1.0, "F": 0.004876293841854215, "pvalue": 0.9453162494288408}, "Quant": {"sum_sq": 28.49489984500849, "df": 1.0, "F": 0.09875979426594363, "pvalue": 0.7579572674528098}}, "5": {"Mouse_ID": {}, "Treatment": {"sum_sq": 905.2413831985773, "df": 2.0, "F": 2.7913873755209844, "pvalue": 0.09804221910651192, "tukey_hsd": {"groups": ["A12", "B1-8", "PBS"], "pvalues": [[1.0, 0.10926687823971237, 0.9733796701814486], [0.10926687823971237, 1.0, 0.18062280222664884], [0.9733796701814486, 0.18062280222664884, 1.0]]}}, "Ig_treated": {"sum_sq": 123.29694556376282, "df": 1.0, "F": 0.5973107268864098, "pvalue": 0.4524575822804575}, "A12_treated": {"sum_sq": 325.74205018341644, "df": 1.0, "F": 1.6969289609291438, "pvalue": 0.21371143453133656}, "TMT": {"sum_sq": 18.095620641540233, "df": 1.0, "F": 0.08458486832218214, "pvalue": 0.7754417102310288}, "Quant": {"sum_sq": 29.97682972435672, "df": 1.0, "F": 0.14067960058506096, "pvalue": 0.7132273290968835}}, "6": {"Mouse_ID": {}, "Treatment": {"sum_sq": 809.8500589467573, "df": 2.0, "F": 2.405362759213041, "pvalue": 0.12918179652701633, "tukey_hsd": {"groups": ["A12", "B1-8", "PBS"], "pvalues": [[1.0, 0.464433109895812, 0.11255705585397391], [0.464433109895812, 1.0, 0.6373984039224798], [0.11255705585397391, 0.6373984039224798, 1.0]]}}, "Ig_treated": {"sum_sq": 560.515308492266, "df": 1.0, "F": 3.2189888524340757, "pvalue": 0.09440628017553432}, "A12_treated": {"sum_sq": 667.1897868701534, "df": 1.0, "F": 4.0069496988027815, "pvalue": 0.0650815589967657}, "TMT": {"sum_sq": 49.59242237793723, "df": 1.0, "F": 0.23545671294942339, "pvalue": 0.6350122044156159}, "Quant": {"sum_sq": 607.6020960608405, "df": 1.0, "F": 3.5581306337230907, "pvalue": 0.08017125629602982}}, "7": {"Mouse_ID": {}, "Treatment": {"sum_sq": 247.7215228191605, "df": 2.0, "F": 0.774733109858194, "pvalue": 0.48097875796153666, "tukey_hsd": {"groups": ["A12", "B1-8", "PBS"], "pvalues": [[1.0, 0.4657807232275716, 0.948841615663803], [0.4657807232275716, 1.0, 0.6697464502637043], [0.948841615663803, 0.6697464502637043, 1.0]]}}, "Ig_treated": {"sum_sq": 11.878469102958736, "df": 1.0, "F": 0.07185934741028502, "pvalue": 0.7925578122376835}, "A12_treated": {"sum_sq": 127.61690408170219, "df": 1.0, "F": 0.8126672980502629, "pvalue": 0.38257978557367045}, "TMT": {"sum_sq": 1.9036693809075869, "df": 1.0, "F": 0.011466910982127107, "pvalue": 0.9162420121292933}, "Quant": {"sum_sq": 4.798550613052946, "df": 1.0, "F": 0.02894051562701711, "pvalue": 0.8673503539362216}}, "8": {"Mouse_ID": {}, "Treatment": {"sum_sq": 95.91601163548806, "df": 2.0, "F": 0.3435151710625584, "pvalue": 0.7155200285134997, "tukey_hsd": {"groups": ["A12", "B1-8", "PBS"], "pvalues": [[1.0, 0.887995158357934, 0.9168170358617204], [0.887995158357934, 1.0, 0.6929727918869057], [0.9168170358617204, 0.6929727918869057, 1.0]]}}, "Ig_treated": {"sum_sq": 65.54350909859805, "df": 1.0, "F": 0.4972690908379432, "pvalue": 0.4922690720519036}, "A12_treated": {"sum_sq": 0.22274664548772913, "df": 1.0, "F": 0.0016321700814015858, "pvalue": 0.9683446219698005}, "TMT": {"sum_sq": 1.431606585035168, "df": 1.0, "F": 0.010496700253500626, "pvalue": 0.9198498200009512}, "Quant": {"sum_sq": 310.69109648927287, "df": 1.0, "F": 2.718293368840662, "pvalue": 0.1214540429595594}}, "9": {"Mouse_ID": {}, "Treatment": {"sum_sq": 503.83679328492906, "df": 2.0, "F": 2.8425714425088873, "pvalue": 0.09460302835857536, "tukey_hsd": {"groups": ["A12", "B1-8", "PBS"], "pvalues": [[1.0, 0.9995651243576358, 0.12612345740322872], [0.9995651243576358, 1.0, 0.14002144713320575], [0.12612345740322872, 0.14002144713320575, 1.0]]}}, "Ig_treated": {"sum_sq": 503.7668714785658, "df": 1.0, "F": 6.121240400124469, "pvalue": 0.02677122663441766}, "A12_treated": {"sum_sq": 132.1553680942355, "df": 1.0, "F": 1.2141963025492037, "pvalue": 0.2890861972322416}, "TMT": {"sum_sq": 1.5741409768734453, "df": 1.0, "F": 0.013321090518056255, "pvalue": 0.9097536930274007}, "Quant": {"sum_sq": 77.26631490149131, "df": 1.0, "F": 0.6852128970367977, "pvalue": 0.42168431506652326}}, "10": {"Mouse_ID": {}, "Treatment": {"sum_sq": 58.142449301744335, "df": 2.0, "F": 0.27908231596185984, "pvalue": 0.7608970843112733, "tukey_hsd": {"groups": ["A12", "B1-8", "PBS"], "pvalues": [[1.0, 0.8241775921144869, 0.7837026106265406], [0.8241775921144869, 1.0, 0.9971914181321722], [0.7837026106265406, 0.9971914181321722, 1.0]]}}, "Ig_treated": {"sum_sq": 21.027576001906258, "df": 1.0, "F": 0.2115923890527565, "pvalue": 0.6525848191213091}, "A12_treated": {"sum_sq": 57.61093213474887, "df": 1.0, "F": 0.5953716462868953, "pvalue": 0.453177263654839}, "TMT": {"sum_sq": 7.553942927131658, "df": 1.0, "F": 0.07528334954008849, "pvalue": 0.7878011763227553}, "Quant": {"sum_sq": 3.599133476419859, "df": 1.0, "F": 0.03576862466720569, "pvalue": 0.8527084895634572}}}