{"1": {"Seqn": {}, "Group": {"sum_sq": 425.3902139483936, "df": 2.0, "F": 0.2450629504143335, "pvalue": 0.7861904630555485, "tukey_hsd": {"groups": ["A12", "B1-8", "PBS"], "pvalues": [[1.0, 0.7809345118557779, 0.9881871429656416], [0.7809345118557779, 1.0, 0.8692411383672523], [0.9881871429656416, 0.8692411383672523, 1.0]]}}, "Ig-Treated": {"sum_sq": 28.216959665820788, "df": 1.0, "F": 0.033821301456645594, "pvalue": 0.8567245434836094}, "A12-Treated": {"sum_sq": 202.2539464597543, "df": 1.0, "F": 0.24609165933214167, "pvalue": 0.6275377142219372}, "Quant": {"sum_sq": 831.7465018241076, "df": 1.0, "F": 1.6804639813761548, "pvalue": 0.2174034574041934}}, "2": {"Seqn": {}, "Group": {"sum_sq": 2393.4095105823044, "df": 2.0, "F": 2.537119414192922, "pvalue": 0.11741989341986508, "tukey_hsd": {"groups": ["A12", "B1-8", "PBS"], "pvalues": [[1.0, 0.10618387433584942, 0.8063590413561583], [0.10618387433584942, 1.0, 0.3161366739016641], [0.8063590413561583, 0.3161366739016641, 1.0]]}}, "Ig-Treated": {"sum_sq": 83.83388198219677, "df": 1.0, "F": 0.13903793589968802, "pvalue": 0.7148240362433713}, "A12-Treated": {"sum_sq": 1310.6158511536028, "df": 1.0, "F": 2.54325741119526, "pvalue": 0.1330858243666876}, "Quant": {"sum_sq": 34.67962819000242, "df": 1.0, "F": 0.05332782461884209, "pvalue": 0.8209652333284183}}, "3": {"Seqn": {}, "Group": {"sum_sq": 2732.7010173853578, "df": 2.0, "F": 4.5655064121976014, "pvalue": 0.0314864288292212, "tukey_hsd": {"groups": ["A12", "B1-8", "PBS"], "pvalues": [[1.0, 0.6905862087344821, 0.027566386731366466], [0.6905862087344821, 1.0, 0.14117593663131045], [0.027566386731366466, 0.14117593663131045, 1.0]]}}, "Ig-Treated": {"sum_sq": 2525.5782290614666, "df": 1.0, "F": 8.628719416152334, "pvalue": 0.010810696120753178}, "A12-Treated": {"sum_sq": 1483.6533900918996, "df": 1.0, "F": 4.041356781511929, "pvalue": 0.0640710781084265}, "Quant": {"sum_sq": 71.45214749477967, "df": 1.0, "F": 0.14349951903762845, "pvalue": 0.7109411513486764}}, "4": {"Seqn": {}, "Group": {"sum_sq": 32.23293356401109, "df": 2.0, "F": 0.05188772488175115, "pvalue": 0.9496310694899736, "tukey_hsd": {"groups": ["A12", "B1-8", "PBS"], "pvalues": [[1.0, 0.9458697234365668, 0.9806958758313691], [0.9458697234365668, 1.0, 0.9914690521856392], [0.9806958758313691, 0.9914690521856392, 1.0]]}}, "Ig-Treated": {"sum_sq": 0.7387932635417725, "df": 1.0, "F": 0.0025417226036745775, "pvalue": 0.9605035226891999}, "A12-Treated": {"sum_sq": 27.40286248047041, "df": 1.0, "F": 0.0948978147478005, "pvalue": 0.7625762017169038}, "Quant": {"sum_sq": 40.66203496045948, "df": 1.0, "F": 0.13120786418498084, "pvalue": 0.7230033118244751}}, "5": {"Seqn": {}, "Group": {"sum_sq": 976.074957936573, "df": 2.0, "F": 3.108066599116993, "pvalue": 0.07885019782928877, "tukey_hsd": {"groups": ["A12", "B1-8", "PBS"], "pvalues": [[1.0, 0.07087975018647807, 0.7798368372314466], [0.07087975018647807, 1.0, 0.24519665788017353], [0.7798368372314466, 0.24519665788017353, 1.0]]}}, "Ig-Treated": {"sum_sq": 37.12194143795715, "df": 1.0, "F": 0.1743837483164733, "pvalue": 0.6825784732178595}, "A12-Treated": {"sum_sq": 526.7036997044162, "df": 1.0, "F": 2.9605916320107903, "pvalue": 0.10733185461512935}, "Quant": {"sum_sq": 162.67840029227696, "df": 1.0, "F": 0.8312920819209232, "pvalue": 0.37849639495980203}}, "6": {"Seqn": {}, "Group": {"sum_sq": 743.1728030617506, "df": 2.0, "F": 2.1389603057879194, "pvalue": 0.1573755307635449, "tukey_hsd": {"groups": ["A12", "B1-8", "PBS"], "pvalues": [[1.0, 0.7449934503249446, 0.13801519151510533], [0.7449934503249446, 1.0, 0.4404898094522327], [0.13801519151510533, 0.4404898094522327, 1.0]]}}, "Ig-Treated": {"sum_sq": 648.1615264673134, "df": 1.0, "F": 3.8557943508527566, "pvalue": 0.06975156776851792}, "A12-Treated": {"sum_sq": 466.91107718932057, "df": 1.0, "F": 2.578948000259962, "pvalue": 0.13060666446640393}, "Quant": {"sum_sq": 14.712822524073955, "df": 1.0, "F": 0.07286102035641252, "pvalue": 0.7914532007600175}}, "7": {"Seqn": {}, "Group": {"sum_sq": 248.4477387734301, "df": 2.0, "F": 0.7769691763432214, "pvalue": 0.4800189011375394, "tukey_hsd": {"groups": ["A12", "B1-8", "PBS"], "pvalues": [[1.0, 0.4652666490190871, 0.9498489599573654], [0.4652666490190871, 1.0, 0.6673991020289691], [0.9498489599573654, 0.6673991020289691, 1.0]]}}, "Ig-Treated": {"sum_sq": 12.231686614599065, "df": 1.0, "F": 0.07398122515829902, "pvalue": 0.7895960634997738}, "A12-Treated": {"sum_sq": 127.25087704399347, "df": 1.0, "F": 0.8098994428846537, "pvalue": 0.383369070495099}, "Quant": {"sum_sq": 273.76934491905706, "df": 1.0, "F": 1.8220321499598624, "pvalue": 0.2001076557902726}}, "8": {"Seqn": {}, "Group": {"sum_sq": 101.96175086102306, "df": 2.0, "F": 0.3656742840833421, "pvalue": 0.7006417996866934, "tukey_hsd": {"groups": ["A12", "B1-8", "PBS"], "pvalues": [[1.0, 0.8889109412906668, 0.904440716224927], [0.8889109412906668, 1.0, 0.676824683534986], [0.904440716224927, 0.676824683534986, 1.0]]}}, "Ig-Treated": {"sum_sq": 71.89705232011873, "df": 1.0, "F": 0.5463083178871795, "pvalue": 0.4720415218813261}, "A12-Treated": {"sum_sq": 0.061455987002026424, "df": 1.0, "F": 0.00044944868594090924, "pvalue": 0.98338514479775}, "Quant": {"sum_sq": 32.93651438203034, "df": 1.0, "F": 0.2341748768647113, "pvalue": 0.6364951602424429}}, "9": {"Seqn": {}, "Group": {"sum_sq": 500.9293457584369, "df": 2.0, "F": 2.804629736743632, "pvalue": 0.09713879144487095, "tukey_hsd": {"groups": ["A12", "B1-8", "PBS"], "pvalues": [[1.0, 0.9998924173059642, 0.12775417312808335], [0.9998924173059642, 1.0, 0.1449136411498556], [0.12775417312808335, 0.1449136411498556, 1.0]]}}, "Ig-Treated": {"sum_sq": 500.9119184720351, "df": 1.0, "F": 6.0404401403509, "pvalue": 0.027629680195474605}, "A12-Treated": {"sum_sq": 133.99330295857953, "df": 1.0, "F": 1.227777220246425, "pvalue": 0.2865135623606669}, "Quant": {"sum_sq": 119.72228157890595, "df": 1.0, "F": 1.024526961167397, "pvalue": 0.32991678103728905}}, "10": {"Seqn": {}, "Group": {"sum_sq": 57.460616952205676, "df": 2.0, "F": 0.27563267524821183, "pvalue": 0.7634186563427984, "tukey_hsd": {"groups": ["A12", "B1-8", "PBS"], "pvalues": [[1.0, 0.8250053793404573, 0.7868894199165681], [0.8250053793404573, 1.0, 0.9974946202361873], [0.7868894199165681, 0.9974946202361873, 1.0]]}}, "Ig-Treated": {"sum_sq": 20.517758732221, "df": 1.0, "F": 0.20635892824086305, "pvalue": 0.6565995080327571}, "A12-Treated": {"sum_sq": 56.9862596098194, "df": 1.0, "F": 0.5885633850419908, "pvalue": 0.4557191596234923}, "Quant": {"sum_sq": 267.2593508609716, "df": 1.0, "F": 3.4860953637303655, "pvalue": 0.08459628485336373}}}