{"1": {"Mouse_ID": {}, "Treatment": {"sum_sq": 421.26994747330616, "df": 2.0, "F": 0.24279818079254278, "pvalue": 0.7879084749225229, "tukey_hsd": {"groups": ["A12", "B1-8", "PBS"], "pvalues": [[1.0, 0.7827087227422271, 0.9883200979765194], [0.7827087227422271, 1.0, 0.8703034393701297], [0.9883200979765194, 0.8703034393701297, 1.0]]}}, "Ig_treated": {"sum_sq": 27.991169301518056, "df": 1.0, "F": 0.033576404895906964, "pvalue": 0.8572380031603041}, "A12_treated": {"sum_sq": 200.19963392648944, "df": 1.0, "F": 0.24374302559469216, "pvalue": 0.6291706877629737}, "TMT": {"sum_sq": 70.97758812814008, "df": 1.0, "F": 0.08545488684942755, "pvalue": 0.7743243057135402}, "Quant": {"sum_sq": 5.083621266356706, "df": 1.0, "F": 0.006086039497944442, "pvalue": 0.9389216889279062}}, "2": {"Mouse_ID": {}, "Treatment": {"sum_sq": 2389.9526751679377, "df": 2.0, "F": 2.5355515676771088, "pvalue": 0.11755239197904009, "tukey_hsd": {"groups": ["A12", "B1-8", "PBS"], "pvalues": [[1.0, 0.1062422511454113, 0.8054582462852852], [0.1062422511454113, 1.0, 0.3169716147276138], [0.8054582462852852, 0.3169716147276138, 1.0]]}}, "Ig_treated": {"sum_sq": 82.9590571251263, "df": 1.0, "F": 0.1377118813935115, "pvalue": 0.7161216920291642}, "A12_treated": {"sum_sq": 1310.7677866141355, "df": 1.0, "F": 2.5466157364915327, "pvalue": 0.13285009281395585}, "TMT": {"sum_sq": 233.58798864225787, "df": 1.0, "F": 0.39480698760762145, "pvalue": 0.5398993306382263}, "Quant": {"sum_sq": 275.30972936591274, "df": 1.0, "F": 0.46768014831087656, "pvalue": 0.505218956807345}}, "3": {"Mouse_ID": {}, "Treatment": {"sum_sq": 2734.8525397457674, "df": 2.0, "F": 4.572472003587555, "pvalue": 0.03135790048990508, "tukey_hsd": {"groups": ["A12", "B1-8", "PBS"], "pvalues": [[1.0, 0.6912880949208966, 0.027469696438409907], [0.6912880949208966, 1.0, 0.14049270264960678], [0.027469696438409907, 0.14049270264960678, 1.0]]}}, "Ig_treated": {"sum_sq": 2528.4675089295374, "df": 1.0, "F": 8.646199616810554, "pvalue": 0.010747269972771563}, "A12_treated": {"sum_sq": 1483.1241954669235, "df": 1.0, "F": 4.040062783535426, "pvalue": 0.06410874191897113}, "TMT": {"sum_sq": 2.4623750757327967, "df": 1.0, "F": 0.005207344367321016, "pvalue": 0.9434938316056436}, "Quant": {"sum_sq": 2726.4197222975777, "df": 1.0, "F": 9.796784001770824, "pvalue": 0.007379475242576588}}, "4": {"Mouse_ID": {}, "Treatment": {"sum_sq": 32.67836844430618, "df": 2.0, "F": 0.052639135322982436, "pvalue": 0.9489234622089864, "tukey_hsd": {"groups": ["A12", "B1-8", "PBS"], "pvalues": [[1.0, 0.9449280353412189, 0.981046545982514], [0.9449280353412189, 1.0, 0.9908609159976781], [0.981046545982514, 0.9908609159976781, 1.0]]}}, "Ig_treated": {"sum_sq": 0.638849798366158, "df": 1.0, "F": 0.0021990096656137655, "pvalue": 0.963260400072086}, "A12_treated": {"sum_sq": 27.505516675619784, "df": 1.0, "F": 0.09530737067903074, "pvalue": 0.7620815185515768}, "TMT": {"sum_sq": 1.4163756786063504, "df": 1.0, "F": 0.004876293841854054, "pvalue": 0.9453162494288408}, "Quant": {"sum_sq": 28.49489984500912, "df": 1.0, "F": 0.09875979426594579, "pvalue": 0.757957267452806}}, "5": {"Mouse_ID": {}, "Treatment": {"sum_sq": 905.2413831985918, "df": 2.0, "F": 2.791387375521073, "pvalue": 0.09804221910650585, "tukey_hsd": {"groups": ["A12", "B1-8", "PBS"], "pvalues": [[1.0, 0.10926687823969894, 0.9733796701814232], [0.10926687823969894, 1.0, 0.18062280222665827], [0.9733796701814232, 0.18062280222665827, 1.0]]}}, "Ig_treated": {"sum_sq": 123.29694556373724, "df": 1.0, "F": 0.5973107268862846, "pvalue": 0.4524575822805039}, "A12_treated": {"sum_sq": 325.74205018345964, "df": 1.0, "F": 1.6969289609294087, "pvalue": 0.21371143453130292}, "TMT": {"sum_sq": 18.0956206415372, "df": 1.0, "F": 0.0845848683221684, "pvalue": 0.7754417102310451}, "Quant": {"sum_sq": 29.97682972434396, "df": 1.0, "F": 0.1406796005850014, "pvalue": 0.7132273290969419}}, "6": {"Mouse_ID": {}, "Treatment": {"sum_sq": 809.8500589467393, "df": 2.0, "F": 2.4053627592129714, "pvalue": 0.12918179652702283, "tukey_hsd": {"groups": ["A12", "B1-8", "PBS"], "pvalues": [[1.0, 0.4644331098958734, 0.11255705585397713], [0.4644331098958734, 1.0, 0.6373984039224262], [0.11255705585397713, 0.6373984039224262, 1.0]]}}, "Ig_treated": {"sum_sq": 560.5153084922924, "df": 1.0, "F": 3.2189888524342654, "pvalue": 0.09440628017552562}, "A12_treated": {"sum_sq": 667.1897868701075, "df": 1.0, "F": 4.00694969880243, "pvalue": 0.06508155899677615}, "TMT": {"sum_sq": 49.59242237794013, "df": 1.0, "F": 0.23545671294943765, "pvalue": 0.6350122044156055}, "Quant": {"sum_sq": 607.6020960608546, "df": 1.0, "F": 3.5581306337231977, "pvalue": 0.08017125629602573}}, "7": {"Mouse_ID": {}, "Treatment": {"sum_sq": 247.7215228191588, "df": 2.0, "F": 0.7747331098581904, "pvalue": 0.4809787579615382, "tukey_hsd": {"groups": ["A12", "B1-8", "PBS"], "pvalues": [[1.0, 0.46578072322757225, 0.9488416156638011], [0.46578072322757225, 1.0, 0.6697464502637084], [0.9488416156638011, 0.6697464502637084, 1.0]]}}, "Ig_treated": {"sum_sq": 11.878469102958089, "df": 1.0, "F": 0.07185934741028129, "pvalue": 0.792557812237688}, "A12_treated": {"sum_sq": 127.61690408170266, "df": 1.0, "F": 0.8126672980502688, "pvalue": 0.38257978557366884}, "TMT": {"sum_sq": 1.9036693809073972, "df": 1.0, "F": 0.011466910982125999, "pvalue": 0.9162420121292989}, "Quant": {"sum_sq": 4.798550613053273, "df": 1.0, "F": 0.02894051562701917, "pvalue": 0.8673503539362181}}, "8": {"Mouse_ID": {}, "Treatment": {"sum_sq": 95.91601163548252, "df": 2.0, "F": 0.3435151710625385, "pvalue": 0.7155200285135133, "tukey_hsd": {"groups": ["A12", "B1-8", "PBS"], "pvalues": [[1.0, 0.8879951583579359, 0.9168170358617289], [0.8879951583579359, 1.0, 0.6929727918869204], [0.9168170358617289, 0.6929727918869204, 1.0]]}}, "Ig_treated": {"sum_sq": 65.54350909859302, "df": 1.0, "F": 0.49726909083790494, "pvalue": 0.4922690720519193}, "A12_treated": {"sum_sq": 0.2227466454878428, "df": 1.0, "F": 0.0016321700814024233, "pvalue": 0.9683446219698005}, "TMT": {"sum_sq": 1.4316065850353095, "df": 1.0, "F": 0.010496700253501691, "pvalue": 0.9198498200009512}, "Quant": {"sum_sq": 310.6910964892672, "df": 1.0, "F": 2.718293368840611, "pvalue": 0.12145404295956247}}, "9": {"Mouse_ID": {}, "Treatment": {"sum_sq": 503.83679328493247, "df": 2.0, "F": 2.8425714425089272, "pvalue": 0.0946030283585728, "tukey_hsd": {"groups": ["A12", "B1-8", "PBS"], "pvalues": [[1.0, 0.9995651243576357, 0.12612345740322606], [0.9995651243576357, 1.0, 0.1400214471332022], [0.12612345740322606, 0.1400214471332022, 1.0]]}}, "Ig_treated": {"sum_sq": 503.76687147856865, "df": 1.0, "F": 6.121240400124548, "pvalue": 0.026771226634416855}, "A12_treated": {"sum_sq": 132.15536809423568, "df": 1.0, "F": 1.2141963025492095, "pvalue": 0.2890861972322406}, "TMT": {"sum_sq": 1.574140976873416, "df": 1.0, "F": 0.013321090518056052, "pvalue": 0.9097536930274007}, "Quant": {"sum_sq": 77.26631490149391, "df": 1.0, "F": 0.6852128970368241, "pvalue": 0.4216843150665148}}, "10": {"Mouse_ID": {}, "Treatment": {"sum_sq": 58.14244930174447, "df": 2.0, "F": 0.27908231596185945, "pvalue": 0.7608970843112739, "tukey_hsd": {"groups": ["A12", "B1-8", "PBS"], "pvalues": [[1.0, 0.8241775921144853, 0.7837026106265421], [0.8241775921144853, 1.0, 0.9971914181321726], [0.7837026106265421, 0.9971914181321726, 1.0]]}}, "Ig_treated": {"sum_sq": 21.027576001905864, "df": 1.0, "F": 0.21159238905275174, "pvalue": 0.6525848191213114}, "A12_treated": {"sum_sq": 57.610932134749135, "df": 1.0, "F": 0.5953716462868959, "pvalue": 0.453177263654839}, "TMT": {"sum_sq": 7.553942927130966, "df": 1.0, "F": 0.07528334954008128, "pvalue": 0.7878011763227638}, "Quant": {"sum_sq": 3.599133476419922, "df": 1.0, "F": 0.035768624667206185, "pvalue": 0.8527084895634572}}}