{"1": {"Mouse_ID": {}, "Treatment": {"sum_sq": 421.2699474733096, "df": 2.0, "F": 0.2427981807925443, "pvalue": 0.7879084749225217, "tukey_hsd": {"groups": ["A12", "B1-8", "PBS"], "pvalues": [[1.0, 0.782708722742226, 0.9883200979765194], [0.782708722742226, 1.0, 0.8703034393701287], [0.9883200979765194, 0.8703034393701287, 1.0]]}}, "Ig_treated": {"sum_sq": 27.99116930151849, "df": 1.0, "F": 0.03357640489590741, "pvalue": 0.8572380031603041}, "A12_treated": {"sum_sq": 200.19963392649086, "df": 1.0, "F": 0.24374302559469338, "pvalue": 0.6291706877629737}, "Batch": {"sum_sq": 70.9775881281403, "df": 1.0, "F": 0.08545488684942758, "pvalue": 0.7743243057135402}, "Quant": {"sum_sq": 5.083621266356483, "df": 1.0, "F": 0.006086039497944161, "pvalue": 0.9389216889279062}}, "2": {"Mouse_ID": {}, "Treatment": {"sum_sq": 2389.952675167936, "df": 2.0, "F": 2.5355515676771043, "pvalue": 0.11755239197904056, "tukey_hsd": {"groups": ["A12", "B1-8", "PBS"], "pvalues": [[1.0, 0.1062422511454113, 0.8054582462852852], [0.1062422511454113, 1.0, 0.31697161472761404], [0.8054582462852852, 0.31697161472761404, 1.0]]}}, "Ig_treated": {"sum_sq": 82.95905712512618, "df": 1.0, "F": 0.1377118813935112, "pvalue": 0.7161216920291658}, "A12_treated": {"sum_sq": 1310.7677866141355, "df": 1.0, "F": 2.54661573649153, "pvalue": 0.13285009281395585}, "Batch": {"sum_sq": 233.58798864225815, "df": 1.0, "F": 0.3948069876076217, "pvalue": 0.5398993306382263}, "Quant": {"sum_sq": 275.30972936591286, "df": 1.0, "F": 0.46768014831087634, "pvalue": 0.505218956807345}}, "3": {"Mouse_ID": {}, "Treatment": {"sum_sq": 2734.852539745777, "df": 2.0, "F": 4.572472003587556, "pvalue": 0.03135790048990505, "tukey_hsd": {"groups": ["A12", "B1-8", "PBS"], "pvalues": [[1.0, 0.6912880949208977, 0.027469696438409907], [0.6912880949208977, 1.0, 0.14049270264960667], [0.027469696438409907, 0.14049270264960667, 1.0]]}}, "Ig_treated": {"sum_sq": 2528.4675089295465, "df": 1.0, "F": 8.64619961681056, "pvalue": 0.010747269972771548}, "A12_treated": {"sum_sq": 1483.124195466927, "df": 1.0, "F": 4.040062783535421, "pvalue": 0.06410874191897128}, "Batch": {"sum_sq": 2.4623750757327194, "df": 1.0, "F": 0.005207344367320836, "pvalue": 0.9434938316056436}, "Quant": {"sum_sq": 2726.4197222975877, "df": 1.0, "F": 9.796784001770837, "pvalue": 0.007379475242576557}}, "4": {"Mouse_ID": {}, "Treatment": {"sum_sq": 32.678368444306074, "df": 2.0, "F": 0.052639135322982256, "pvalue": 0.9489234622089864, "tukey_hsd": {"groups": ["A12", "B1-8", "PBS"], "pvalues": [[1.0, 0.9449280353412189, 0.9810465459825146], [0.9449280353412189, 1.0, 0.9908609159976778], [0.9810465459825146, 0.9908609159976778, 1.0]]}}, "Ig_treated": {"sum_sq": 0.6388497983660681, "df": 1.0, "F": 0.0021990096656134563, "pvalue": 0.963260400072086}, "A12_treated": {"sum_sq": 27.50551667561945, "df": 1.0, "F": 0.09530737067902956, "pvalue": 0.7620815185515787}, "Batch": {"sum_sq": 1.4163756786063566, "df": 1.0, "F": 0.004876293841854075, "pvalue": 0.9453162494288408}, "Quant": {"sum_sq": 28.494899845008636, "df": 1.0, "F": 0.09875979426594408, "pvalue": 0.7579572674528079}}, "5": {"Mouse_ID": {}, "Treatment": {"sum_sq": 905.2413831984727, "df": 2.0, "F": 2.7913873755205145, "pvalue": 0.09804221910654408, "tukey_hsd": {"groups": ["A12", "B1-8", "PBS"], "pvalues": [[1.0, 0.10926687823979286, 0.9733796701816113], [0.10926687823979286, 1.0, 0.18062280222657923], [0.9733796701816113, 0.18062280222657923, 1.0]]}}, "Ig_treated": {"sum_sq": 123.29694556392496, "df": 1.0, "F": 0.5973107268872277, "pvalue": 0.45245758228015376}, "A12_treated": {"sum_sq": 325.7420501831314, "df": 1.0, "F": 1.6969289609274751, "pvalue": 0.21371143453154934}, "Batch": {"sum_sq": 18.09562064155877, "df": 1.0, "F": 0.08458486832226914, "pvalue": 0.7754417102309173}, "Quant": {"sum_sq": 29.9768297244398, "df": 1.0, "F": 0.14067960058545448, "pvalue": 0.7132273290965023}}, "6": {"Mouse_ID": {}, "Treatment": {"sum_sq": 809.8500589468671, "df": 2.0, "F": 2.4053627592134843, "pvalue": 0.12918179652697442, "tukey_hsd": {"groups": ["A12", "B1-8", "PBS"], "pvalues": [[1.0, 0.4644331098954335, 0.11255705585395082], [0.4644331098954335, 1.0, 0.637398403922806], [0.11255705585395082, 0.637398403922806, 1.0]]}}, "Ig_treated": {"sum_sq": 560.5153084921066, "df": 1.0, "F": 3.218988852432945, "pvalue": 0.09440628017558675}, "A12_treated": {"sum_sq": 667.1897868704388, "df": 1.0, "F": 4.006949698804979, "pvalue": 0.06508155899670054}, "Batch": {"sum_sq": 49.59242237791944, "df": 1.0, "F": 0.23545671294933715, "pvalue": 0.6350122044156765}, "Quant": {"sum_sq": 607.6020960607593, "df": 1.0, "F": 3.5581306337224903, "pvalue": 0.08017125629605258}}, "7": {"Mouse_ID": {}, "Treatment": {"sum_sq": 247.72152281915743, "df": 2.0, "F": 0.7747331098581823, "pvalue": 0.4809787579615417, "tukey_hsd": {"groups": ["A12", "B1-8", "PBS"], "pvalues": [[1.0, 0.4657807232275746, 0.9488416156637985], [0.4657807232275746, 1.0, 0.6697464502637154], [0.9488416156637985, 0.6697464502637154, 1.0]]}}, "Ig_treated": {"sum_sq": 11.878469102957151, "df": 1.0, "F": 0.07185934741027532, "pvalue": 0.7925578122376989}, "A12_treated": {"sum_sq": 127.61690408170394, "df": 1.0, "F": 0.812667298050274, "pvalue": 0.3825797855736673}, "Batch": {"sum_sq": 1.9036693809074945, "df": 1.0, "F": 0.01146691098212654, "pvalue": 0.9162420121292989}, "Quant": {"sum_sq": 4.79855061305379, "df": 1.0, "F": 0.028940515627022177, "pvalue": 0.8673503539362111}}, "8": {"Mouse_ID": {}, "Treatment": {"sum_sq": 95.91601163548793, "df": 2.0, "F": 0.34351517106255836, "pvalue": 0.7155200285135003, "tukey_hsd": {"groups": ["A12", "B1-8", "PBS"], "pvalues": [[1.0, 0.887995158357932, 0.9168170358617223], [0.887995158357932, 1.0, 0.6929727918869057], [0.9168170358617223, 0.6929727918869057, 1.0]]}}, "Ig_treated": {"sum_sq": 65.54350909859743, "df": 1.0, "F": 0.4972690908379387, "pvalue": 0.49226907205190507}, "A12_treated": {"sum_sq": 0.22274664548778916, "df": 1.0, "F": 0.001632170081402027, "pvalue": 0.9683446219698005}, "Batch": {"sum_sq": 1.4316065850351911, "df": 1.0, "F": 0.010496700253500805, "pvalue": 0.9198498200009512}, "Quant": {"sum_sq": 310.69109648927184, "df": 1.0, "F": 2.7182933688406536, "pvalue": 0.12145404295955979}}, "9": {"Mouse_ID": {}, "Treatment": {"sum_sq": 503.8367932849303, "df": 2.0, "F": 2.8425714425089033, "pvalue": 0.09460302835857427, "tukey_hsd": {"groups": ["A12", "B1-8", "PBS"], "pvalues": [[1.0, 0.9995651243576358, 0.12612345740322728], [0.9995651243576358, 1.0, 0.14002144713320408], [0.12612345740322728, 0.14002144713320408, 1.0]]}}, "Ig_treated": {"sum_sq": 503.766871478567, "df": 1.0, "F": 6.121240400124504, "pvalue": 0.026771226634417295}, "A12_treated": {"sum_sq": 132.15536809423557, "df": 1.0, "F": 1.214196302549206, "pvalue": 0.28908619723224127}, "Batch": {"sum_sq": 1.5741409768734589, "df": 1.0, "F": 0.013321090518056388, "pvalue": 0.9097536930274007}, "Quant": {"sum_sq": 77.26631490149148, "df": 1.0, "F": 0.6852128970368006, "pvalue": 0.4216843150665226}}, "10": {"Mouse_ID": {}, "Treatment": {"sum_sq": 58.142449301744286, "df": 2.0, "F": 0.2790823159618599, "pvalue": 0.7608970843112733, "tukey_hsd": {"groups": ["A12", "B1-8", "PBS"], "pvalues": [[1.0, 0.8241775921144858, 0.7837026106265417], [0.8241775921144858, 1.0, 0.9971914181321725], [0.7837026106265417, 0.9971914181321725, 1.0]]}}, "Ig_treated": {"sum_sq": 21.02757600190591, "df": 1.0, "F": 0.21159238905275318, "pvalue": 0.6525848191213102}, "A12_treated": {"sum_sq": 57.61093213474883, "df": 1.0, "F": 0.5953716462868957, "pvalue": 0.453177263654839}, "Batch": {"sum_sq": 7.5539429271313585, "df": 1.0, "F": 0.07528334954008559, "pvalue": 0.7878011763227574}, "Quant": {"sum_sq": 3.5991334764197918, "df": 1.0, "F": 0.03576862466720506, "pvalue": 0.8527084895634605}}}