{"1": {"Seqn": {}, "ID": {}, "Group": {"sum_sq": 578.9311850672473, "df": 2.0, "F": 0.25224381088661646, "pvalue": 0.7807717076489098, "tukey_hsd": {"groups": ["A12", "B1-8", "PBS"], "pvalues": [[1.0, 0.7720371415103434, 0.9836133099787552], [0.7720371415103434, 1.0, 0.8739964457126563], [0.9836133099787552, 0.8739964457126563, 1.0]]}}, "Ig": {"sum_sq": 28.93923452208994, "df": 1.0, "F": 0.026192218500870373, "pvalue": 0.8737442529844781}, "Control": {"sum_sq": 295.51298063295377, "df": 1.0, "F": 0.27215197056471435, "pvalue": 0.6100465138914244}, "TMT": {"sum_sq": 125.69332067427993, "df": 1.0, "F": 0.11447811881962691, "pvalue": 0.7401228888758589}, "Tag": {"sum_sq": 12881.384645579687, "df": 8.0, "F": 4.308794677378477, "pvalue": 0.03485699793181701, "tukey_hsd": {}}, "ID_metabo": {}, "Quant": {"sum_sq": 1121.7739195262145, "df": 1.0, "F": 1.7064626160254055, "pvalue": 0.21408548212961606}}, "2": {"Seqn": {}, "ID": {}, "Group": {"sum_sq": 2985.1154412244746, "df": 2.0, "F": 2.339734845737477, "pvalue": 0.135544459367275, "tukey_hsd": {"groups": ["A12", "B1-8", "PBS"], "pvalues": [[1.0, 0.12448277152385001, 0.8359553673461876], [0.12448277152385001, 1.0, 0.33239553653080545], [0.8359553673461876, 0.33239553653080545, 1.0]]}}, "Ig": {"sum_sq": 121.53821924106141, "df": 1.0, "F": 0.15251507367032294, "pvalue": 0.7020212737356366}, "Control": {"sum_sq": 1590.271277736407, "df": 1.0, "F": 2.2981341550437215, "pvalue": 0.15177977107775695}, "TMT": {"sum_sq": 378.77440310476015, "df": 1.0, "F": 0.4865319033903803, "pvalue": 0.4968997305394882}, "Tag": {"sum_sq": 6051.313940460617, "df": 8.0, "F": 1.0130427966375462, "pvalue": 0.4997651209645432, "tukey_hsd": {}}, "ID_metabo": {}, "Quant": {"sum_sq": 52.22148070653838, "df": 1.0, "F": 0.06088592962577695, "pvalue": 0.8089548167165945}}, "3": {"Seqn": {}, "ID": {}, "Group": {"sum_sq": 3509.662192692036, "df": 2.0, "F": 4.4619595623567685, "pvalue": 0.033470603751074066, "tukey_hsd": {"groups": ["A12", "B1-8", "PBS"], "pvalues": [[1.0, 0.6709363261213226, 0.028906493394518118], [0.6709363261213226, 1.0, 0.15472763195321504], [0.028906493394518118, 0.15472763195321504, 1.0]]}}, "Ig": {"sum_sq": 3215.560619745497, "df": 1.0, "F": 8.326101876015569, "pvalue": 0.011980407275421365}, "Control": {"sum_sq": 1957.0666739064702, "df": 1.0, "F": 4.110665620906147, "pvalue": 0.062091590482690875}, "TMT": {"sum_sq": 3.226324343266647, "df": 1.0, "F": 0.00524047570926331, "pvalue": 0.9433146935171887}, "Tag": {"sum_sq": 7052.2049616150025, "df": 8.0, "F": 3.929894882206987, "pvalue": 0.0438878715946801, "tukey_hsd": {}}, "ID_metabo": {}, "Quant": {"sum_sq": 93.33076098182921, "df": 1.0, "F": 0.1436923595184416, "pvalue": 0.7107567357508818}}, "4": {"Seqn": {}, "ID": {}, "Group": {"sum_sq": 36.772465228964116, "df": 2.0, "F": 0.04462538505380684, "pvalue": 0.9565015247073756, "tukey_hsd": {"groups": ["A12", "B1-8", "PBS"], "pvalues": [[1.0, 0.9539648344882105, 0.9812562327089606], [0.9539648344882105, 1.0, 0.9941757526367139], [0.9812562327089606, 0.9941757526367139, 1.0]]}}, "Ig": {"sum_sq": 1.4176281129944122, "df": 1.0, "F": 0.003681111460280007, "pvalue": 0.9524779179977365}, "Control": {"sum_sq": 32.405155437709865, "df": 1.0, "F": 0.08463189161014234, "pvalue": 0.7753811563313703}, "TMT": {"sum_sq": 3.8871844277303347, "df": 1.0, "F": 0.010098358128764359, "pvalue": 0.9213797678381965}, "Tag": {"sum_sq": 4284.978021226062, "df": 8.0, "F": 3.384012224575265, "pvalue": 0.06286661203030007, "tukey_hsd": {}}, "ID_metabo": {}, "Quant": {"sum_sq": 52.63092291629635, "df": 1.0, "F": 0.12813442527798186, "pvalue": 0.7261193606166597}}, "5": {"Seqn": {}, "ID": {}, "Group": {"sum_sq": 988.6061693227314, "df": 2.0, "F": 2.0762082249245783, "pvalue": 0.16501265746919136, "tukey_hsd": {"groups": ["A12", "B1-8", "PBS"], "pvalues": [[1.0, 0.8925031889034181, 0.1573885538395855], [0.8925031889034181, 1.0, 0.34308887165149404], [0.1573885538395855, 0.34308887165149404, 1.0]]}}, "Ig": {"sum_sq": 939.0395707651272, "df": 1.0, "F": 4.18067204503374, "pvalue": 0.06016541988250575}, "Control": {"sum_sq": 484.31741363335, "df": 1.0, "F": 1.8838097236653784, "pvalue": 0.1914911241280899}, "TMT": {"sum_sq": 132.690747515567, "df": 1.0, "F": 0.4701830174198119, "pvalue": 0.504100209251743}, "Tag": {"sum_sq": 1366.2666445264233, "df": 8.0, "F": 0.43994034396123394, "pvalue": 0.8636519919802081, "tukey_hsd": {}}, "ID_metabo": {}, "Quant": {"sum_sq": 23.76875827196366, "df": 1.0, "F": 0.08510858866492102, "pvalue": 0.7750934714246873}}, "6": {"Seqn": {}, "ID": {}, "Group": {"sum_sq": 1310.9709950915203, "df": 2.0, "F": 3.161593958864547, "pvalue": 0.0760535931087895, "tukey_hsd": {"groups": ["A12", "B1-8", "PBS"], "pvalues": [[1.0, 0.06498620874692018, 0.6799473435390431], [0.06498620874692018, 1.0, 0.2907983551908294], [0.6799473435390431, 0.2907983551908294, 1.0]]}}, "Ig": {"sum_sq": 21.08484092531956, "df": 1.0, "F": 0.07407204361571751, "pvalue": 0.7894703262359084}, "Control": {"sum_sq": 796.9555239614509, "df": 1.0, "F": 3.4766053352466617, "pvalue": 0.08334327429097638}, "TMT": {"sum_sq": 7.287621146607037, "df": 1.0, "F": 0.025513426191120583, "pvalue": 0.8753759687642111}, "Tag": {"sum_sq": 1971.678827204458, "df": 8.0, "F": 0.8479608837153558, "pvalue": 0.5928000304899971, "tukey_hsd": {}}, "ID_metabo": {}, "Quant": {"sum_sq": 221.04057533256503, "df": 1.0, "F": 0.877986687789611, "pvalue": 0.3658358051446404}}, "7": {"Seqn": {}, "ID": {}, "Group": {"sum_sq": 383.1233038786761, "df": 2.0, "F": 0.9035693142246032, "pvalue": 0.42911072030207753, "tukey_hsd": {"groups": ["A12", "B1-8", "PBS"], "pvalues": [[1.0, 0.4040807155737324, 0.9024184008330871], [0.4040807155737324, 1.0, 0.6744434217887119], [0.9024184008330871, 0.6744434217887119, 1.0]]}}, "Ig": {"sum_sq": 7.8498002756091925, "df": 1.0, "F": 0.03509584857197062, "pvalue": 0.8540828621339988}, "Control": {"sum_sq": 226.72263780969132, "df": 1.0, "F": 1.0898360366479296, "pvalue": 0.31419940364635823}, "TMT": {"sum_sq": 4.185720319461201, "df": 1.0, "F": 0.01869215884880338, "pvalue": 0.8931993302186483}, "Tag": {"sum_sq": 1541.312543145155, "df": 8.0, "F": 0.8440225277213873, "pvalue": 0.5951906238823097, "tukey_hsd": {}}, "ID_metabo": {}, "Quant": {"sum_sq": 339.6607065375017, "df": 1.0, "F": 1.6331949618644253, "pvalue": 0.22361015491795053}}, "8": {"Seqn": {}, "ID": {}, "Group": {"sum_sq": 158.74099498364785, "df": 2.0, "F": 0.4276014008157913, "pvalue": 0.660918676201876, "tukey_hsd": {"groups": ["A12", "B1-8", "PBS"], "pvalues": [[1.0, 0.8812057729488111, 0.879794322664829], [0.8812057729488111, 1.0, 0.6348692839219695], [0.879794322664829, 0.6348692839219695, 1.0]]}}, "Ig": {"sum_sq": 115.72320624532433, "df": 1.0, "F": 0.6596462185429456, "pvalue": 0.4302791870162961}, "Control": {"sum_sq": 0.0006025856783709026, "df": 1.0, "F": 3.2803038436647987e-06, "pvalue": 0.9985804583490194}, "TMT": {"sum_sq": 1.5873123273443484, "df": 1.0, "F": 0.008646208139801922, "pvalue": 0.927233044819518}, "Tag": {"sum_sq": 1962.6080021394816, "df": 8.0, "F": 2.8190687911381422, "pvalue": 0.09490680095970414, "tukey_hsd": {}}, "ID_metabo": {}, "Quant": {"sum_sq": 38.04693654835898, "df": 1.0, "F": 0.2005186675961808, "pvalue": 0.6616737419488372}}, "9": {"Seqn": {}, "ID": {}, "Group": {"sum_sq": 672.3903218771721, "df": 2.0, "F": 2.813573238518875, "pvalue": 0.09653407664234682, "tukey_hsd": {"groups": ["A12", "B1-8", "PBS"], "pvalues": [[1.0, 0.9999999602215801, 0.12571674285746282], [0.9999999602215801, 1.0, 0.1458438363120368], [0.12571674285746282, 0.1458438363120368, 1.0]]}}, "Ig": {"sum_sq": 672.3903132559271, "df": 1.0, "F": 6.060003787015217, "pvalue": 0.027418917585176245}, "Control": {"sum_sq": 183.31136559848025, "df": 1.0, "F": 1.2565070936602303, "pvalue": 0.2811735543420691}, "TMT": {"sum_sq": 4.107193195115957, "df": 1.0, "F": 0.025881875601967006, "pvalue": 0.8744875410851615}, "Tag": {"sum_sq": 1534.8746559676379, "df": 8.0, "F": 1.943887045258674,