{"1": {"sample_id": {}, "Group": {"sum_sq": 6323.10347253251, "df": 1.0, "F": 47.91965710484769, "pvalue": 2.0624112986733196e-10}}, "2": {"sample_id": {}, "Group": {"sum_sq": 2814.591355753068, "df": 1.0, "F": 57.09308693700325, "pvalue": 7.687983422636911e-12}}, "3": {"sample_id": {}, "Group": {"sum_sq": 161.47617761894827, "df": 1.0, "F": 6.178257117522983, "pvalue": 0.014253683778688183}}, "4": {"sample_id": {}, "Group": {"sum_sq": 1.429350364871734, "df": 1.0, "F": 0.10427349090883131, "pvalue": 0.7472998569733994}}, "5": {"sample_id": {}, "Group": {"sum_sq": 3.9377691309448783, "df": 1.0, "F": 0.3366511862930553, "pvalue": 0.5628130863929867}}, "6": {"sample_id": {}, "Group": {"sum_sq": 2.6732286959215275, "df": 1.0, "F": 0.27340182235825616, "pvalue": 0.6019844582957161}}, "7": {"sample_id": {}, "Group": {"sum_sq": 11.166863756364691, "df": 1.0, "F": 1.1529145051695344, "pvalue": 0.28500827648420957}}, "8": {"sample_id": {}, "Group": {"sum_sq": 56.059568708169905, "df": 1.0, "F": 7.289981711100708, "pvalue": 0.007894838205355451}}, "9": {"sample_id": {}, "Group": {"sum_sq": 51.49599989867395, "df": 1.0, "F": 7.112393771367526, "pvalue": 0.008668291127839785}}, "10": {"sample_id": {}, "Group": {"sum_sq": 1.7474262757172785, "df": 1.0, "F": 0.259562465723718, "pvalue": 0.6113191649158869}}}