{"1": {"Seqn": {}, "ID": {}, "Group": {"sum_sq": 578.9311850672468, "df": 2.0, "F": 0.25224381088661646, "pvalue": 0.7807717076489098, "tukey_hsd": {"groups": ["A12", "B1-8", "PBS"], "pvalues": [[1.0, 0.7720371415103431, 0.983613309978755], [0.7720371415103431, 1.0, 0.8739964457126567], [0.983613309978755, 0.8739964457126567, 1.0]]}}, "Ig": {"sum_sq": 28.93923452208949, "df": 1.0, "F": 0.02619221850086999, "pvalue": 0.8737442529844781}, "Control": {"sum_sq": 295.5129806329548, "df": 1.0, "F": 0.27215197056471563, "pvalue": 0.6100465138914234}, "TMT": {"sum_sq": 125.69332067427946, "df": 1.0, "F": 0.11447811881962662, "pvalue": 0.7401228888758589}, "Tag": {"sum_sq": 12881.38464557967, "df": 8.0, "F": 4.308794677378474, "pvalue": 0.03485699793181706, "tukey_hsd": {}}, "ID_metabo": {}, "Quant": {"sum_sq": 1121.7739195262131, "df": 1.0, "F": 1.7064626160254064, "pvalue": 0.21408548212961578}}, "2": {"Seqn": {}, "ID": {}, "Group": {"sum_sq": 2985.1154412244787, "df": 2.0, "F": 2.339734845737482, "pvalue": 0.13554445936727444, "tukey_hsd": {"groups": ["A12", "B1-8", "PBS"], "pvalues": [[1.0, 0.12448277152384901, 0.8359553673461836], [0.12448277152384901, 1.0, 0.332395536530807], [0.8359553673461836, 0.332395536530807, 1.0]]}}, "Ig": {"sum_sq": 121.5382192410577, "df": 1.0, "F": 0.15251507367031822, "pvalue": 0.7020212737356395}, "Control": {"sum_sq": 1590.2712777364195, "df": 1.0, "F": 2.298134155043742, "pvalue": 0.15177977107775556}, "TMT": {"sum_sq": 378.7744031047611, "df": 1.0, "F": 0.48653190339038155, "pvalue": 0.49689973053948744}, "Tag": {"sum_sq": 6051.313940460631, "df": 8.0, "F": 1.0130427966375513, "pvalue": 0.49976512096454034, "tukey_hsd": {}}, "ID_metabo": {}, "Quant": {"sum_sq": 52.22148070653779, "df": 1.0, "F": 0.06088592962577626, "pvalue": 0.8089548167165945}}, "3": {"Seqn": {}, "ID": {}, "Group": {"sum_sq": 3509.6621926920316, "df": 2.0, "F": 4.46195956235677, "pvalue": 0.03347060375107398, "tukey_hsd": {"groups": ["A12", "B1-8", "PBS"], "pvalues": [[1.0, 0.6709363261213273, 0.02890649339451823], [0.6709363261213273, 1.0, 0.15472763195321382], [0.02890649339451823, 0.15472763195321382, 1.0]]}}, "Ig": {"sum_sq": 3215.560619745495, "df": 1.0, "F": 8.326101876015583, "pvalue": 0.0119804072754213}, "Control": {"sum_sq": 1957.0666739064566, "df": 1.0, "F": 4.110665620906119, "pvalue": 0.06209159048269161}, "TMT": {"sum_sq": 3.226324343266419, "df": 1.0, "F": 0.005240475709262949, "pvalue": 0.9433146935171887}, "Tag": {"sum_sq": 7052.2049616149825, "df": 8.0, "F": 3.929894882206971, "pvalue": 0.04388787159468054, "tukey_hsd": {}}, "ID_metabo": {}, "Quant": {"sum_sq": 93.3307609818298, "df": 1.0, "F": 0.14369235951844275, "pvalue": 0.7107567357508804}}, "4": {"Seqn": {}, "ID": {}, "Group": {"sum_sq": 36.772465228963775, "df": 2.0, "F": 0.04462538505380656, "pvalue": 0.9565015247073756, "tukey_hsd": {"groups": ["A12", "B1-8", "PBS"], "pvalues": [[1.0, 0.9539648344882109, 0.9812562327089606], [0.9539648344882109, 1.0, 0.9941757526367141], [0.9812562327089606, 0.9941757526367141, 1.0]]}}, "Ig": {"sum_sq": 1.417628112994467, "df": 1.0, "F": 0.0036811114602801616, "pvalue": 0.9524779179977365}, "Control": {"sum_sq": 32.40515543770969, "df": 1.0, "F": 0.08463189161014213, "pvalue": 0.7753811563313703}, "TMT": {"sum_sq": 3.8871844277304066, "df": 1.0, "F": 0.010098358128764579, "pvalue": 0.9213797678381965}, "Tag": {"sum_sq": 4284.978021226038, "df": 8.0, "F": 3.384012224575229, "pvalue": 0.06286661203030164, "tukey_hsd": {}}, "ID_metabo": {}, "Quant": {"sum_sq": 52.63092291629633, "df": 1.0, "F": 0.12813442527798216, "pvalue": 0.7261193606166583}}, "5": {"Seqn": {}, "ID": {}, "Group": {"sum_sq": 988.6061693227268, "df": 2.0, "F": 2.07620822492457, "pvalue": 0.16501265746919214, "tukey_hsd": {"groups": ["A12", "B1-8", "PBS"], "pvalues": [[1.0, 0.8925031889034213, 0.15738855383958683], [0.8925031889034213, 1.0, 0.34308887165149304], [0.15738855383958683, 0.34308887165149304, 1.0]]}}, "Ig": {"sum_sq": 939.0395707651244, "df": 1.0, "F": 4.180672045033732, "pvalue": 0.06016541988250589}, "Control": {"sum_sq": 484.3174136333447, "df": 1.0, "F": 1.8838097236653584, "pvalue": 0.19149112412809194}, "TMT": {"sum_sq": 132.69074751556712, "df": 1.0, "F": 0.4701830174198131, "pvalue": 0.5041002092517423}, "Tag": {"sum_sq": 1366.2666445264188, "df": 8.0, "F": 0.43994034396123316, "pvalue": 0.8636519919802086, "tukey_hsd": {}}, "ID_metabo": {}, "Quant": {"sum_sq": 23.76875827196347, "df": 1.0, "F": 0.08510858866492048, "pvalue": 0.7750934714246873}}, "6": {"Seqn": {}, "ID": {}, "Group": {"sum_sq": 1310.970995091515, "df": 2.0, "F": 3.1615939588645428, "pvalue": 0.07605359310878966, "tukey_hsd": {"groups": ["A12", "B1-8", "PBS"], "pvalues": [[1.0, 0.06498620874692052, 0.6799473435390395], [0.06498620874692052, 1.0, 0.2907983551908321], [0.6799473435390395, 0.2907983551908321, 1.0]]}}, "Ig": {"sum_sq": 21.08484092531852, "df": 1.0, "F": 0.07407204361571407, "pvalue": 0.7894703262359127}, "Control": {"sum_sq": 796.9555239614517, "df": 1.0, "F": 3.4766053352466795, "pvalue": 0.0833432742909755}, "TMT": {"sum_sq": 7.287621146606858, "df": 1.0, "F": 0.025513426191120032, "pvalue": 0.8753759687642111}, "Tag": {"sum_sq": 1971.6788272044505, "df": 8.0, "F": 0.8479608837153553, "pvalue": 0.5928000304899975, "tukey_hsd": {}}, "ID_metabo": {}, "Quant": {"sum_sq": 221.0405753325638, "df": 1.0, "F": 0.8779866877896091, "pvalue": 0.3658358051446413}}, "7": {"Seqn": {}, "ID": {}, "Group": {"sum_sq": 383.1233038786773, "df": 2.0, "F": 0.9035693142246062, "pvalue": 0.4291107203020765, "tukey_hsd": {"groups": ["A12", "B1-8", "PBS"], "pvalues": [[1.0, 0.40408071557373115, 0.9024184008330847], [0.40408071557373115, 1.0, 0.6744434217887136], [0.9024184008330847, 0.6744434217887136, 1.0]]}}, "Ig": {"sum_sq": 7.849800275608772, "df": 1.0, "F": 0.035095848571968735, "pvalue": 0.854082862134002}, "Control": {"sum_sq": 226.7226378096931, "df": 1.0, "F": 1.0898360366479385, "pvalue": 0.31419940364635623}, "TMT": {"sum_sq": 4.185720319461309, "df": 1.0, "F": 0.018692158848803857, "pvalue": 0.8931993302186483}, "Tag": {"sum_sq": 1541.312543145155, "df": 8.0, "F": 0.8440225277213876, "pvalue": 0.5951906238823093, "tukey_hsd": {}}, "ID_metabo": {}, "Quant": {"sum_sq": 339.66070653750023, "df": 1.0, "F": 1.6331949618644164, "pvalue": 0.2236101549179517}}, "8": {"Seqn": {}, "ID": {}, "Group": {"sum_sq": 158.74099498365078, "df": 2.0, "F": 0.4276014008158002, "pvalue": 0.660918676201871, "tukey_hsd": {"groups": ["A12", "B1-8", "PBS"], "pvalues": [[1.0, 0.8812057729488075, 0.8797943226648278], [0.8812057729488075, 1.0, 0.6348692839219635], [0.8797943226648278, 0.6348692839219635, 1.0]]}}, "Ig": {"sum_sq": 115.72320624532598, "df": 1.0, "F": 0.6596462185429564, "pvalue": 0.4302791870162922}, "Control": {"sum_sq": 0.0006025856783688758, "df": 1.0, "F": 3.280303843653769e-06, "pvalue": 0.9985804583490194}, "TMT": {"sum_sq": 1.5873123273441951, "df": 1.0, "F": 0.008646208139801097, "pvalue": 0.927233044819518}, "Tag": {"sum_sq": 1962.6080021394803, "df": 8.0, "F": 2.8190687911381427, "pvalue": 0.0949068009597041, "tukey_hsd": {}}, "ID_metabo": {}, "Quant": {"sum_sq": 38.04693654835877, "df": 1.0, "F": 0.20051866759617995, "pvalue": 0.6616737419488385}}, "9": {"Seqn": {}, "ID": {}, "Group": {"sum_sq": 672.3903218771723, "df": 2.0, "F": 2.8135732385188734, "pvalue": 0.09653407664234692, "tukey_hsd": {"groups": ["A12", "B1-8", "PBS"], "pvalues": [[1.0, 0.9999999602215801, 0.12571674285746304], [0.9999999602215801, 1.0, 0.14584383631203734], [0.12571674285746304, 0.14584383631203734, 1.0]]}}, "Ig": {"sum_sq": 672.3903132559277, "df": 1.0, "F": 6.060003787015216, "pvalue": 0.027418917585176245}, "Control": {"sum_sq": 183.31136559848076, "df": 1.0, "F": 1.256507093660233, "pvalue": 0.28117355434206875}, "TMT": {"sum_sq": 4.107193195116065, "df": 1.0, "F": 0.02588187560196767, "pvalue": 0.8744875410851615}, "Tag": {"sum_sq": 1534.8746559676406, "df": 8.0, "F": 1.9438870452586785,