{"1": {"Mouse_ID": {}, "Treatment": {"sum_sq": 421.26994747330815, "df": 2.0, "F": 0.24279818079254323, "pvalue": 0.7879084749225223, "tukey_hsd": {"groups": ["A12", "B1-8", "PBS"], "pvalues": [[1.0, 0.7827087227422267, 0.9883200979765193], [0.7827087227422267, 1.0, 0.8703034393701294], [0.9883200979765193, 0.8703034393701294, 1.0]]}}, "Ig_treated": {"sum_sq": 27.991169301518187, "df": 1.0, "F": 0.03357640489590701, "pvalue": 0.8572380031603041}, "A12_treated": {"sum_sq": 200.19963392649046, "df": 1.0, "F": 0.2437430255946927, "pvalue": 0.6291706877629737}, "TMT": {"sum_sq": 70.97758812814044, "df": 1.0, "F": 0.0854548868494277, "pvalue": 0.7743243057135402}, "Quant": {"sum_sq": 5.083621266356725, "df": 1.0, "F": 0.0060860394979444475, "pvalue": 0.9389216889279062}}, "2": {"Mouse_ID": {}, "Treatment": {"sum_sq": 2389.9526751679305, "df": 2.0, "F": 2.5355515676771097, "pvalue": 0.11755239197903997, "tukey_hsd": {"groups": ["A12", "B1-8", "PBS"], "pvalues": [[1.0, 0.1062422511454113, 0.8054582462852864], [0.1062422511454113, 1.0, 0.3169716147276127], [0.8054582462852864, 0.3169716147276127, 1.0]]}}, "Ig_treated": {"sum_sq": 82.95905712512703, "df": 1.0, "F": 0.1377118813935132, "pvalue": 0.7161216920291626}, "A12_treated": {"sum_sq": 1310.7677866141296, "df": 1.0, "F": 2.5466157364915287, "pvalue": 0.13285009281395616}, "TMT": {"sum_sq": 233.58798864225733, "df": 1.0, "F": 0.3948069876076218, "pvalue": 0.5398993306382263}, "Quant": {"sum_sq": 275.3097293659131, "df": 1.0, "F": 0.4676801483108787, "pvalue": 0.5052189568073443}}, "3": {"Mouse_ID": {}, "Treatment": {"sum_sq": 2734.8525397457615, "df": 2.0, "F": 4.572472003587555, "pvalue": 0.03135790048990508, "tukey_hsd": {"groups": ["A12", "B1-8", "PBS"], "pvalues": [[1.0, 0.6912880949208965, 0.027469696438409907], [0.6912880949208965, 1.0, 0.140492702649607], [0.027469696438409907, 0.140492702649607, 1.0]]}}, "Ig_treated": {"sum_sq": 2528.4675089295315, "df": 1.0, "F": 8.64619961681055, "pvalue": 0.010747269972771591}, "A12_treated": {"sum_sq": 1483.124195466921, "df": 1.0, "F": 4.0400627835354275, "pvalue": 0.06410874191897113}, "TMT": {"sum_sq": 2.462375075732719, "df": 1.0, "F": 0.005207344367320863, "pvalue": 0.9434938316056436}, "Quant": {"sum_sq": 2726.4197222975713, "df": 1.0, "F": 9.796784001770824, "pvalue": 0.007379475242576588}}, "4": {"Mouse_ID": {}, "Treatment": {"sum_sq": 32.67836844430513, "df": 2.0, "F": 0.05263913532298083, "pvalue": 0.9489234622089885, "tukey_hsd": {"groups": ["A12", "B1-8", "PBS"], "pvalues": [[1.0, 0.9449280353412204, 0.9810465459825152], [0.9449280353412204, 1.0, 0.9908609159976779], [0.9810465459825152, 0.9908609159976779, 1.0]]}}, "Ig_treated": {"sum_sq": 0.6388497983660262, "df": 1.0, "F": 0.0021990096656133162, "pvalue": 0.963260400072086}, "A12_treated": {"sum_sq": 27.5055166756186, "df": 1.0, "F": 0.09530737067902681, "pvalue": 0.7620815185515806}, "TMT": {"sum_sq": 1.416375678606384, "df": 1.0, "F": 0.0048762938418541795, "pvalue": 0.9453162494288408}, "Quant": {"sum_sq": 28.49489984500815, "df": 1.0, "F": 0.09875979426594261, "pvalue": 0.7579572674528098}}, "5": {"Mouse_ID": {}, "Treatment": {"sum_sq": 905.2413831985176, "df": 2.0, "F": 2.7913873755207343, "pvalue": 0.09804221910652901, "tukey_hsd": {"groups": ["A12", "B1-8", "PBS"], "pvalues": [[1.0, 0.1092668782397549, 0.9733796701815334], [0.1092668782397549, 1.0, 0.1806228022266132], [0.9733796701815334, 0.1806228022266132, 1.0]]}}, "Ig_treated": {"sum_sq": 123.29694556384644, "df": 1.0, "F": 0.5973107268868345, "pvalue": 0.45245758228029964}, "A12_treated": {"sum_sq": 325.7420501832662, "df": 1.0, "F": 1.6969289609282727, "pvalue": 0.21371143453144792}, "TMT": {"sum_sq": 18.095620641549655, "df": 1.0, "F": 0.08458486832222673, "pvalue": 0.7754417102309721}, "Quant": {"sum_sq": 29.976829724399796, "df": 1.0, "F": 0.14067960058526563, "pvalue": 0.7132273290966853}}, "6": {"Mouse_ID": {}, "Treatment": {"sum_sq": 809.8500589468113, "df": 2.0, "F": 2.405362759213268, "pvalue": 0.12918179652699488, "tukey_hsd": {"groups": ["A12", "B1-8", "PBS"], "pvalues": [[1.0, 0.4644331098956159, 0.11255705585396214], [0.4644331098956159, 1.0, 0.6373984039226497], [0.11255705585396214, 0.6373984039226497, 1.0]]}}, "Ig_treated": {"sum_sq": 560.5153084921809, "df": 1.0, "F": 3.2189888524334833, "pvalue": 0.09440628017556182}, "A12_treated": {"sum_sq": 667.1897868702996, "df": 1.0, "F": 4.00694969880392, "pvalue": 0.06508155899673193}, "TMT": {"sum_sq": 49.592422377928, "df": 1.0, "F": 0.23545671294937934, "pvalue": 0.6350122044156468}, "Quant": {"sum_sq": 607.6020960607965, "df": 1.0, "F": 3.5581306337227767, "pvalue": 0.08017125629604178}}, "7": {"Mouse_ID": {}, "Treatment": {"sum_sq": 247.7215228191602, "df": 2.0, "F": 0.7747331098581922, "pvalue": 0.48097875796153744, "tukey_hsd": {"groups": ["A12", "B1-8", "PBS"], "pvalues": [[1.0, 0.46578072322757125, 0.9488416156638002], [0.46578072322757125, 1.0, 0.6697464502637089], [0.9488416156638002, 0.6697464502637089, 1.0]]}}, "Ig_treated": {"sum_sq": 11.878469102957933, "df": 1.0, "F": 0.07185934741028008, "pvalue": 0.7925578122376902}, "A12_treated": {"sum_sq": 127.61690408170385, "df": 1.0, "F": 0.8126672980502737, "pvalue": 0.3825797855736673}, "TMT": {"sum_sq": 1.9036693809075724, "df": 1.0, "F": 0.01146691098212701, "pvalue": 0.9162420121292933}, "Quant": {"sum_sq": 4.798550613053349, "df": 1.0, "F": 0.028940515627019523, "pvalue": 0.8673503539362181}}, "8": {"Mouse_ID": {}, "Treatment": {"sum_sq": 95.91601163548454, "df": 2.0, "F": 0.34351517106254587, "pvalue": 0.7155200285135084, "tukey_hsd": {"groups": ["A12", "B1-8", "PBS"], "pvalues": [[1.0, 0.8879951583579342, 0.9168170358617267], [0.8879951583579342, 1.0, 0.692972791886915], [0.9168170358617267, 0.692972791886915, 1.0]]}}, "Ig_treated": {"sum_sq": 65.54350909859458, "df": 1.0, "F": 0.497269090837917, "pvalue": 0.4922690720519143}, "A12_treated": {"sum_sq": 0.22274664548783019, "df": 1.0, "F": 0.0016321700814023298, "pvalue": 0.9683446219698005}, "TMT": {"sum_sq": 1.43160658503519, "df": 1.0, "F": 0.010496700253500808, "pvalue": 0.9198498200009512}, "Quant": {"sum_sq": 310.6910964892695, "df": 1.0, "F": 2.718293368840633, "pvalue": 0.12145404295956119}}, "9": {"Mouse_ID": {}, "Treatment": {"sum_sq": 503.8367932849332, "df": 2.0, "F": 2.842571442508923, "pvalue": 0.094603028358573, "tukey_hsd": {"groups": ["A12", "B1-8", "PBS"], "pvalues": [[1.0, 0.9995651243576358, 0.12612345740322606], [0.9995651243576358, 1.0, 0.14002144713320241], [0.12612345740322606, 0.14002144713320241, 1.0]]}}, "Ig_treated": {"sum_sq": 503.76687147856995, "df": 1.0, "F": 6.121240400124546, "pvalue": 0.026771226634416886}, "A12_treated": {"sum_sq": 132.15536809423622, "df": 1.0, "F": 1.2141963025492113, "pvalue": 0.2890861972322402}, "TMT": {"sum_sq": 1.5741409768734287, "df": 1.0, "F": 0.013321090518056121, "pvalue": 0.9097536930274007}, "Quant": {"sum_sq": 77.26631490149346, "df": 1.0, "F": 0.6852128970368181, "pvalue": 0.4216843150665165}}, "10": {"Mouse_ID": {}, "Treatment": {"sum_sq": 58.14244930174413, "df": 2.0, "F": 0.2790823159618589, "pvalue": 0.7608970843112739, "tukey_hsd": {"groups": ["A12", "B1-8", "PBS"], "pvalues": [[1.0, 0.8241775921144853, 0.7837026106265432], [0.8241775921144853, 1.0, 0.9971914181321727], [0.7837026106265432, 0.9971914181321727, 1.0]]}}, "Ig_treated": {"sum_sq": 21.027576001905604, "df": 1.0, "F": 0.2115923890527499, "pvalue": 0.6525848191213126}, "A12_treated": {"sum_sq": 57.61093213474873, "df": 1.0, "F": 0.5953716462868941, "pvalue": 0.4531772636548397}, "TMT": {"sum_sq": 7.553942927131298, "df": 1.0, "F": 0.07528334954008492, "pvalue": 0.7878011763227595}, "Quant": {"sum_sq": 3.599133476419867, "df": 1.0, "F": 0.03576862466720578, "pvalue": 0.8527084895634572}}}