{"1": {"Mouse_ID": {}, "Treatment": {"sum_sq": 421.2699474733068, "df": 2.0, "F": 0.24279818079254298, "pvalue": 0.7879084749225223, "tukey_hsd": {"groups": ["A12", "B1-8", "PBS"], "pvalues": [[1.0, 0.7827087227422271, 0.9883200979765195], [0.7827087227422271, 1.0, 0.8703034393701292], [0.9883200979765195, 0.8703034393701292, 1.0]]}}, "Ig_treated": {"sum_sq": 27.991169301518447, "df": 1.0, "F": 0.03357640489590741, "pvalue": 0.8572380031603041}, "A12_treated": {"sum_sq": 200.19963392648916, "df": 1.0, "F": 0.2437430255946916, "pvalue": 0.6291706877629748}, "Batch": {"sum_sq": 70.97758812814006, "df": 1.0, "F": 0.08545488684942742, "pvalue": 0.7743243057135402}, "Quant": {"sum_sq": 5.083621266356529, "df": 1.0, "F": 0.006086039497944226, "pvalue": 0.9389216889279062}}, "2": {"Mouse_ID": {}, "Treatment": {"sum_sq": 2389.952675167936, "df": 2.0, "F": 2.5355515676771083, "pvalue": 0.11755239197904009, "tukey_hsd": {"groups": ["A12", "B1-8", "PBS"], "pvalues": [[1.0, 0.10624225114541164, 0.8054582462852924], [0.10624225114541164, 1.0, 0.31697161472760893], [0.8054582462852924, 0.31697161472760893, 1.0]]}}, "Ig_treated": {"sum_sq": 82.95905712513176, "df": 1.0, "F": 0.1377118813935207, "pvalue": 0.7161216920291564}, "A12_treated": {"sum_sq": 1310.7677866141216, "df": 1.0, "F": 2.5466157364915007, "pvalue": 0.13285009281395813}, "Batch": {"sum_sq": 233.5879886422578, "df": 1.0, "F": 0.3948069876076214, "pvalue": 0.5398993306382263}, "Quant": {"sum_sq": 275.30972936592224, "df": 1.0, "F": 0.46768014831089333, "pvalue": 0.5052189568073369}}, "3": {"Mouse_ID": {}, "Treatment": {"sum_sq": 2734.852539745773, "df": 2.0, "F": 4.572472003587555, "pvalue": 0.03135790048990508, "tukey_hsd": {"groups": ["A12", "B1-8", "PBS"], "pvalues": [[1.0, 0.691288094920891, 0.027469696438409796], [0.691288094920891, 1.0, 0.14049270264960856], [0.027469696438409796, 0.14049270264960856, 1.0]]}}, "Ig_treated": {"sum_sq": 2528.467508929539, "df": 1.0, "F": 8.646199616810529, "pvalue": 0.010747269972771666}, "A12_treated": {"sum_sq": 1483.1241954669365, "df": 1.0, "F": 4.040062783535459, "pvalue": 0.06410874191897023}, "Batch": {"sum_sq": 2.4623750757328855, "df": 1.0, "F": 0.0052073443673211935, "pvalue": 0.9434938316056436}, "Quant": {"sum_sq": 2726.419722297577, "df": 1.0, "F": 9.796784001770787, "pvalue": 0.007379475242576672}}, "4": {"Mouse_ID": {}, "Treatment": {"sum_sq": 32.67836844430385, "df": 2.0, "F": 0.052639135322978654, "pvalue": 0.9489234622089898, "tukey_hsd": {"groups": ["A12", "B1-8", "PBS"], "pvalues": [[1.0, 0.9449280353412225, 0.9810465459825163], [0.9449280353412225, 1.0, 0.990860915997678], [0.9810465459825163, 0.990860915997678, 1.0]]}}, "Ig_treated": {"sum_sq": 0.6388497983659432, "df": 1.0, "F": 0.0021990096656130265, "pvalue": 0.963260400072086}, "A12_treated": {"sum_sq": 27.50551667561738, "df": 1.0, "F": 0.09530737067902237, "pvalue": 0.7620815185515882}, "Batch": {"sum_sq": 1.4163756786063293, "df": 1.0, "F": 0.004876293841853983, "pvalue": 0.9453162494288408}, "Quant": {"sum_sq": 28.494899845007648, "df": 1.0, "F": 0.09875979426594068, "pvalue": 0.7579572674528116}}, "5": {"Mouse_ID": {}, "Treatment": {"sum_sq": 905.2413831984967, "df": 2.0, "F": 2.7913873755206287, "pvalue": 0.0980422191065363, "tukey_hsd": {"groups": ["A12", "B1-8", "PBS"], "pvalues": [[1.0, 0.10926687823977344, 0.973379670181572], [0.10926687823977344, 1.0, 0.180622802226596], [0.973379670181572, 0.180622802226596, 1.0]]}}, "Ig_treated": {"sum_sq": 123.29694556388574, "df": 1.0, "F": 0.5973107268870307, "pvalue": 0.4524575822802269}, "A12_treated": {"sum_sq": 325.74205018320015, "df": 1.0, "F": 1.6969289609278801, "pvalue": 0.2137114345314977}, "Batch": {"sum_sq": 18.095620641554046, "df": 1.0, "F": 0.08458486832224708, "pvalue": 0.7754417102309438}, "Quant": {"sum_sq": 29.976829724419854, "df": 1.0, "F": 0.1406796005853602, "pvalue": 0.7132273290965945}}, "6": {"Mouse_ID": {}, "Treatment": {"sum_sq": 809.8500589468404, "df": 2.0, "F": 2.405362759213382, "pvalue": 0.12918179652698414, "tukey_hsd": {"groups": ["A12", "B1-8", "PBS"], "pvalues": [[1.0, 0.46443310989552333, 0.11255705585395603], [0.46443310989552333, 1.0, 0.6373984039227276], [0.11255705585395603, 0.6373984039227276, 1.0]]}}, "Ig_treated": {"sum_sq": 560.5153084921444, "df": 1.0, "F": 3.2189888524332204, "pvalue": 0.09440628017557393}, "A12_treated": {"sum_sq": 667.1897868703703, "df": 1.0, "F": 4.00694969880446, "pvalue": 0.06508155899671593}, "Batch": {"sum_sq": 49.59242237792337, "df": 1.0, "F": 0.2354567129493567, "pvalue": 0.6350122044156628}, "Quant": {"sum_sq": 607.6020960607796, "df": 1.0, "F": 3.5581306337226475, "pvalue": 0.08017125629604673}}, "7": {"Mouse_ID": {}, "Treatment": {"sum_sq": 247.72152281915876, "df": 2.0, "F": 0.7747331098581881, "pvalue": 0.4809787579615394, "tukey_hsd": {"groups": ["A12", "B1-8", "PBS"], "pvalues": [[1.0, 0.4657807232275739, 0.9488416156638017], [0.4657807232275739, 1.0, 0.6697464502637092], [0.9488416156638017, 0.6697464502637092, 1.0]]}}, "Ig_treated": {"sum_sq": 11.878469102958151, "df": 1.0, "F": 0.0718593474102815, "pvalue": 0.792557812237688}, "A12_treated": {"sum_sq": 127.61690408170227, "df": 1.0, "F": 0.8126672980502639, "pvalue": 0.3825797855736699}, "Batch": {"sum_sq": 1.9036693809075143, "df": 1.0, "F": 0.011466910982126674, "pvalue": 0.9162420121292933}, "Quant": {"sum_sq": 4.798550613053358, "df": 1.0, "F": 0.028940515627019613, "pvalue": 0.8673503539362181}}, "8": {"Mouse_ID": {}, "Treatment": {"sum_sq": 95.91601163548567, "df": 2.0, "F": 0.3435151710625496, "pvalue": 0.7155200285135057, "tukey_hsd": {"groups": ["A12", "B1-8", "PBS"], "pvalues": [[1.0, 0.8879951583579335, 0.9168170358617254], [0.8879951583579335, 1.0, 0.6929727918869124], [0.9168170358617254, 0.6929727918869124, 1.0]]}}, "Ig_treated": {"sum_sq": 65.54350909859552, "df": 1.0, "F": 0.4972690908379234, "pvalue": 0.49226907205191217}, "A12_treated": {"sum_sq": 0.22274664548781598, "df": 1.0, "F": 0.001632170081402223, "pvalue": 0.9683446219698005}, "Batch": {"sum_sq": 1.4316065850352342, "df": 1.0, "F": 0.010496700253501115, "pvalue": 0.9198498200009512}, "Quant": {"sum_sq": 310.69109648927025, "df": 1.0, "F": 2.718293368840636, "pvalue": 0.12145404295956092}}, "9": {"Mouse_ID": {}, "Treatment": {"sum_sq": 503.8367932849335, "df": 2.0, "F": 2.84257144250892, "pvalue": 0.0946030283585733, "tukey_hsd": {"groups": ["A12", "B1-8", "PBS"], "pvalues": [[1.0, 0.9995651243576359, 0.12612345740322606], [0.9995651243576359, 1.0, 0.14002144713320297], [0.12612345740322606, 0.14002144713320297, 1.0]]}}, "Ig_treated": {"sum_sq": 503.7668714785699, "df": 1.0, "F": 6.121240400124534, "pvalue": 0.026771226634416993}, "A12_treated": {"sum_sq": 132.1553680942366, "df": 1.0, "F": 1.2141963025492135, "pvalue": 0.2890861972322399}, "Batch": {"sum_sq": 1.5741409768734198, "df": 1.0, "F": 0.01332109051805603, "pvalue": 0.9097536930274007}, "Quant": {"sum_sq": 77.26631490149286, "df": 1.0, "F": 0.6852128970368119, "pvalue": 0.4216843150665188}}, "10": {"Mouse_ID": {}, "Treatment": {"sum_sq": 58.14244930174412, "df": 2.0, "F": 0.2790823159618582, "pvalue": 0.7608970843112746, "tukey_hsd": {"groups": ["A12", "B1-8", "PBS"], "pvalues": [[1.0, 0.8241775921144862, 0.7837026106265434], [0.8241775921144862, 1.0, 0.9971914181321727], [0.7837026106265434, 0.9971914181321727, 1.0]]}}, "Ig_treated": {"sum_sq": 21.027576001905715, "df": 1.0, "F": 0.21159238905275057, "pvalue": 0.6525848191213126}, "A12_treated": {"sum_sq": 57.6109321347487, "df": 1.0, "F": 0.5953716462868923, "pvalue": 0.45317726365484035}, "Batch": {"sum_sq": 7.553942927131364, "df": 1.0, "F": 0.07528334954008539, "pvalue": 0.7878011763227595}, "Quant": {"sum_sq": 3.5991334764198513, "df": 1.0, "F": 0.03576862466720555, "pvalue": 0.8527084895634572}}}