{"1": {"Mouse_ID": {}, "Treatment": {"sum_sq": 421.2699474733076, "df": 2.0, "F": 0.24279818079254356, "pvalue": 0.7879084749225223, "tukey_hsd": {"groups": ["A12", "B1-8", "PBS"], "pvalues": [[1.0, 0.7827087227422265, 0.9883200979765194], [0.7827087227422265, 1.0, 0.870303439370129], [0.9883200979765194, 0.870303439370129, 1.0]]}}, "Ig_treated": {"sum_sq": 27.991169301518333, "df": 1.0, "F": 0.03357640489590728, "pvalue": 0.8572380031603041}, "A12_treated": {"sum_sq": 200.19963392649, "df": 1.0, "F": 0.24374302559469282, "pvalue": 0.6291706877629737}, "Batch": {"sum_sq": 70.9775881281402, "df": 1.0, "F": 0.08545488684942763, "pvalue": 0.7743243057135402}, "Quant": {"sum_sq": 5.083621266356575, "df": 1.0, "F": 0.006086039497944283, "pvalue": 0.9389216889279062}}, "2": {"Mouse_ID": {}, "Treatment": {"sum_sq": 2389.952675167927, "df": 2.0, "F": 2.5355515676771123, "pvalue": 0.11755239197903973, "tukey_hsd": {"groups": ["A12", "B1-8", "PBS"], "pvalues": [[1.0, 0.1062422511454113, 0.8054582462852891], [0.1062422511454113, 1.0, 0.3169716147276106], [0.8054582462852891, 0.3169716147276106, 1.0]]}}, "Ig_treated": {"sum_sq": 82.9590571251291, "df": 1.0, "F": 0.13771188139351698, "pvalue": 0.7161216920291595}, "A12_treated": {"sum_sq": 1310.767786614121, "df": 1.0, "F": 2.546615736491516, "pvalue": 0.1328500928139569}, "Batch": {"sum_sq": 233.58798864225622, "df": 1.0, "F": 0.3948069876076208, "pvalue": 0.5398993306382263}, "Quant": {"sum_sq": 275.3097293659168, "df": 1.0, "F": 0.4676801483108862, "pvalue": 0.5052189568073397}}, "3": {"Mouse_ID": {}, "Treatment": {"sum_sq": 2734.8525397457665, "df": 2.0, "F": 4.57247200358756, "pvalue": 0.031357900489905007, "tukey_hsd": {"groups": ["A12", "B1-8", "PBS"], "pvalues": [[1.0, 0.6912880949208937, 0.027469696438409796], [0.6912880949208937, 1.0, 0.14049270264960767], [0.027469696438409796, 0.14049270264960767, 1.0]]}}, "Ig_treated": {"sum_sq": 2528.467508929534, "df": 1.0, "F": 8.646199616810549, "pvalue": 0.010747269972771591}, "A12_treated": {"sum_sq": 1483.1241954669274, "df": 1.0, "F": 4.040062783535444, "pvalue": 0.0641087419189706}, "Batch": {"sum_sq": 2.4623750757328295, "df": 1.0, "F": 0.005207344367321091, "pvalue": 0.9434938316056436}, "Quant": {"sum_sq": 2726.419722297572, "df": 1.0, "F": 9.796784001770815, "pvalue": 0.007379475242576611}}, "4": {"Mouse_ID": {}, "Treatment": {"sum_sq": 32.67836844430539, "df": 2.0, "F": 0.05263913532298113, "pvalue": 0.948923462208987, "tukey_hsd": {"groups": ["A12", "B1-8", "PBS"], "pvalues": [[1.0, 0.94492803534122, 0.9810465459825152], [0.94492803534122, 1.0, 0.9908609159976778], [0.9810465459825152, 0.9908609159976778, 1.0]]}}, "Ig_treated": {"sum_sq": 0.638849798366017, "df": 1.0, "F": 0.0021990096656132794, "pvalue": 0.963260400072086}, "A12_treated": {"sum_sq": 27.50551667561879, "df": 1.0, "F": 0.09530737067902723, "pvalue": 0.7620815185515806}, "Batch": {"sum_sq": 1.416375678606281, "df": 1.0, "F": 0.004876293841853814, "pvalue": 0.9453162494288408}, "Quant": {"sum_sq": 28.49489984500833, "df": 1.0, "F": 0.098759794265943, "pvalue": 0.7579572674528098}}, "5": {"Mouse_ID": {}, "Treatment": {"sum_sq": 905.241383198496, "df": 2.0, "F": 2.791387375520613, "pvalue": 0.0980422191065373, "tukey_hsd": {"groups": ["A12", "B1-8", "PBS"], "pvalues": [[1.0, 0.10926687823977543, 0.9733796701815758], [0.10926687823977543, 1.0, 0.18062280222659455], [0.9733796701815758, 0.18062280222659455, 1.0]]}}, "Ig_treated": {"sum_sq": 123.29694556388968, "df": 1.0, "F": 0.5973107268870487, "pvalue": 0.45245758228022015}, "A12_treated": {"sum_sq": 325.7420501831942, "df": 1.0, "F": 1.696928960927839, "pvalue": 0.2137114345315032}, "Batch": {"sum_sq": 18.095620641554678, "df": 1.0, "F": 0.08458486832224978, "pvalue": 0.7754417102309418}, "Quant": {"sum_sq": 29.976829724421613, "df": 1.0, "F": 0.14067960058536808, "pvalue": 0.7132273290965854}}, "6": {"Mouse_ID": {}, "Treatment": {"sum_sq": 809.8500589468433, "df": 2.0, "F": 2.4053627592133933, "pvalue": 0.1291817965269831, "tukey_hsd": {"groups": ["A12", "B1-8", "PBS"], "pvalues": [[1.0, 0.4644331098955149, 0.11255705585395526], [0.4644331098955149, 1.0, 0.6373984039227347], [0.11255705585395526, 0.6373984039227347, 1.0]]}}, "Ig_treated": {"sum_sq": 560.515308492141, "df": 1.0, "F": 3.2189888524331955, "pvalue": 0.09440628017557509}, "A12_treated": {"sum_sq": 667.1897868703765, "df": 1.0, "F": 4.006949698804508, "pvalue": 0.06508155899671454}, "Batch": {"sum_sq": 49.592422377922894, "df": 1.0, "F": 0.23545671294935436, "pvalue": 0.635012204415665}, "Quant": {"sum_sq": 607.6020960607776, "df": 1.0, "F": 3.5581306337226324, "pvalue": 0.0801712562960472}}, "7": {"Mouse_ID": {}, "Treatment": {"sum_sq": 247.72152281915717, "df": 2.0, "F": 0.7747331098581799, "pvalue": 0.4809787579615429, "tukey_hsd": {"groups": ["A12", "B1-8", "PBS"], "pvalues": [[1.0, 0.4657807232275768, 0.9488416156638021], [0.4657807232275768, 1.0, 0.6697464502637114], [0.9488416156638021, 0.6697464502637114, 1.0]]}}, "Ig_treated": {"sum_sq": 11.87846910295809, "df": 1.0, "F": 0.0718593474102809, "pvalue": 0.792557812237688}, "A12_treated": {"sum_sq": 127.61690408170169, "df": 1.0, "F": 0.8126672980502574, "pvalue": 0.38257978557367195}, "Batch": {"sum_sq": 1.9036693809075724, "df": 1.0, "F": 0.011466910982126991, "pvalue": 0.9162420121292933}, "Quant": {"sum_sq": 4.798550613053254, "df": 1.0, "F": 0.028940515627018895, "pvalue": 0.8673503539362181}}, "8": {"Mouse_ID": {}, "Treatment": {"sum_sq": 95.91601163548627, "df": 2.0, "F": 0.3435151710625517, "pvalue": 0.7155200285135046, "tukey_hsd": {"groups": ["A12", "B1-8", "PBS"], "pvalues": [[1.0, 0.8879951583579326, 0.9168170358617251], [0.8879951583579326, 1.0, 0.6929727918869109], [0.9168170358617251, 0.6929727918869109, 1.0]]}}, "Ig_treated": {"sum_sq": 65.54350909859583, "df": 1.0, "F": 0.4972690908379257, "pvalue": 0.4922690720519115}, "A12_treated": {"sum_sq": 0.22274664548782858, "df": 1.0, "F": 0.0016321700814023142, "pvalue": 0.9683446219698005}, "Batch": {"sum_sq": 1.4316065850351531, "df": 1.0, "F": 0.010496700253500517, "pvalue": 0.9198498200009512}, "Quant": {"sum_sq": 310.6910964892706, "df": 1.0, "F": 2.718293368840638, "pvalue": 0.12145404295956092}}, "9": {"Mouse_ID": {}, "Treatment": {"sum_sq": 503.83679328493105, "df": 2.0, "F": 2.8425714425089095, "pvalue": 0.09460302835857398, "tukey_hsd": {"groups": ["A12", "B1-8", "PBS"], "pvalues": [[1.0, 0.9995651243576358, 0.12612345740322706], [0.9995651243576358, 1.0, 0.14002144713320352], [0.12612345740322706, 0.14002144713320352, 1.0]]}}, "Ig_treated": {"sum_sq": 503.7668714785676, "df": 1.0, "F": 6.121240400124515, "pvalue": 0.026771226634417226}, "A12_treated": {"sum_sq": 132.15536809423546, "df": 1.0, "F": 1.2141963025492053, "pvalue": 0.2890861972322416}, "Batch": {"sum_sq": 1.5741409768734729, "df": 1.0, "F": 0.013321090518056512, "pvalue": 0.9097536930274007}, "Quant": {"sum_sq": 77.26631490149228, "df": 1.0, "F": 0.685212897036808, "pvalue": 0.4216843150665204}}, "10": {"Mouse_ID": {}, "Treatment": {"sum_sq": 58.14244930174372, "df": 2.0, "F": 0.27908231596185584, "pvalue": 0.7608970843112762, "tukey_hsd": {"groups": ["A12", "B1-8", "PBS"], "pvalues": [[1.0, 0.8241775921144876, 0.7837026106265448], [0.8241775921144876, 1.0, 0.9971914181321726], [0.7837026106265448, 0.9971914181321726, 1.0]]}}, "Ig_treated": {"sum_sq": 21.027576001905604, "df": 1.0, "F": 0.21159238905274919, "pvalue": 0.6525848191213138}, "A12_treated": {"sum_sq": 57.61093213474829, "df": 1.0, "F": 0.5953716462868872, "pvalue": 0.45317726365484223}, "Batch": {"sum_sq": 7.553942927131703, "df": 1.0, "F": 0.07528334954008872, "pvalue": 0.7878011763227553}, "Quant": {"sum_sq": 3.5991334764199894, "df": 1.0, "F": 0.03576862466720688, "pvalue": 0.852708489563454}}}