{"1": {"Mouse_ID": {}, "Treatment": {"sum_sq": 421.269947473308, "df": 2.0, "F": 0.2427981807925433, "pvalue": 0.7879084749225223, "tukey_hsd": {"groups": ["A12", "B1-8", "PBS"], "pvalues": [[1.0, 0.7827087227422267, 0.9883200979765194], [0.7827087227422267, 1.0, 0.8703034393701291], [0.9883200979765194, 0.8703034393701291, 1.0]]}}, "Ig_treated": {"sum_sq": 27.991169301518397, "df": 1.0, "F": 0.03357640489590729, "pvalue": 0.8572380031603041}, "A12_treated": {"sum_sq": 200.19963392648998, "df": 1.0, "F": 0.2437430255946923, "pvalue": 0.6291706877629737}, "Batch": {"sum_sq": 70.97758812814024, "df": 1.0, "F": 0.08545488684942752, "pvalue": 0.7743243057135402}, "Quant": {"sum_sq": 5.083621266356603, "df": 1.0, "F": 0.006086039497944307, "pvalue": 0.9389216889279062}}, "2": {"Mouse_ID": {}, "Treatment": {"sum_sq": 2389.952675167924, "df": 2.0, "F": 2.5355515676771003, "pvalue": 0.1175523919790408, "tukey_hsd": {"groups": ["A12", "B1-8", "PBS"], "pvalues": [[1.0, 0.10624225114541219, 0.8054582462852935], [0.10624225114541219, 1.0, 0.3169716147276096], [0.8054582462852935, 0.3169716147276096, 1.0]]}}, "Ig_treated": {"sum_sq": 82.95905712513182, "df": 1.0, "F": 0.13771188139352114, "pvalue": 0.7161216920291564}, "A12_treated": {"sum_sq": 1310.7677866141144, "df": 1.0, "F": 2.5466157364914914, "pvalue": 0.13285009281395863}, "Batch": {"sum_sq": 233.58798864225682, "df": 1.0, "F": 0.3948069876076208, "pvalue": 0.5398993306382263}, "Quant": {"sum_sq": 275.3097293659228, "df": 1.0, "F": 0.46768014831089555, "pvalue": 0.5052189568073361}}, "3": {"Mouse_ID": {}, "Treatment": {"sum_sq": 2734.852539745769, "df": 2.0, "F": 4.572472003587558, "pvalue": 0.031357900489905007, "tukey_hsd": {"groups": ["A12", "B1-8", "PBS"], "pvalues": [[1.0, 0.6912880949208893, 0.027469696438409574], [0.6912880949208893, 1.0, 0.140492702649609], [0.027469696438409574, 0.140492702649609, 1.0]]}}, "Ig_treated": {"sum_sq": 2528.467508929533, "df": 1.0, "F": 8.646199616810524, "pvalue": 0.01074726997277168}, "A12_treated": {"sum_sq": 1483.1241954669367, "df": 1.0, "F": 4.04006278353547, "pvalue": 0.06410874191896992}, "Batch": {"sum_sq": 2.4623750757329184, "df": 1.0, "F": 0.005207344367321272, "pvalue": 0.9434938316056436}, "Quant": {"sum_sq": 2726.4197222975686, "df": 1.0, "F": 9.796784001770767, "pvalue": 0.007379475242576725}}, "4": {"Mouse_ID": {}, "Treatment": {"sum_sq": 32.678368444304354, "df": 2.0, "F": 0.052639135322979355, "pvalue": 0.9489234622089892, "tukey_hsd": {"groups": ["A12", "B1-8", "PBS"], "pvalues": [[1.0, 0.9449280353412217, 0.9810465459825163], [0.9449280353412217, 1.0, 0.9908609159976778], [0.9810465459825163, 0.9908609159976778, 1.0]]}}, "Ig_treated": {"sum_sq": 0.638849798365922, "df": 1.0, "F": 0.0021990096656129485, "pvalue": 0.963260400072086}, "A12_treated": {"sum_sq": 27.505516675617717, "df": 1.0, "F": 0.09530737067902333, "pvalue": 0.7620815185515863}, "Batch": {"sum_sq": 1.416375678606243, "df": 1.0, "F": 0.004876293841853673, "pvalue": 0.9453162494288408}, "Quant": {"sum_sq": 28.49489984500743, "df": 1.0, "F": 0.09875979426593968, "pvalue": 0.7579572674528134}}, "5": {"Mouse_ID": {}, "Treatment": {"sum_sq": 905.2413831985378, "df": 2.0, "F": 2.7913873755208134, "pvalue": 0.09804221910652365, "tukey_hsd": {"groups": ["A12", "B1-8", "PBS"], "pvalues": [[1.0, 0.1092668782397418, 0.9733796701815076], [0.1092668782397418, 1.0, 0.18062280222662352], [0.9733796701815076, 0.18062280222662352, 1.0]]}}, "Ig_treated": {"sum_sq": 123.29694556382141, "df": 1.0, "F": 0.5973107268867062, "pvalue": 0.4524575822803474}, "A12_treated": {"sum_sq": 325.7420501833126, "df": 1.0, "F": 1.696928960928538, "pvalue": 0.2137114345314139}, "Batch": {"sum_sq": 18.095620641546958, "df": 1.0, "F": 0.08458486832221379, "pvalue": 0.7754417102309884}, "Quant": {"sum_sq": 29.976829724387006, "df": 1.0, "F": 0.14067960058520457, "pvalue": 0.7132273290967437}}, "6": {"Mouse_ID": {}, "Treatment": {"sum_sq": 809.8500589468008, "df": 2.0, "F": 2.405362759213212, "pvalue": 0.12918179652700024, "tukey_hsd": {"groups": ["A12", "B1-8", "PBS"], "pvalues": [[1.0, 0.46443310989567044, 0.11255705585396458], [0.46443310989567044, 1.0, 0.6373984039226006], [0.11255705585396458, 0.6373984039226006, 1.0]]}}, "Ig_treated": {"sum_sq": 560.5153084922082, "df": 1.0, "F": 3.2189888524336605, "pvalue": 0.09440628017555357}, "A12_treated": {"sum_sq": 667.1897868702616, "df": 1.0, "F": 4.006949698803607, "pvalue": 0.06508155899674131}, "Batch": {"sum_sq": 49.592422377930816, "df": 1.0, "F": 0.23545671294939197, "pvalue": 0.6350122044156388}, "Quant": {"sum_sq": 607.6020960608137, "df": 1.0, "F": 3.558130633722885, "pvalue": 0.08017125629603762}}, "7": {"Mouse_ID": {}, "Treatment": {"sum_sq": 247.7215228191573, "df": 2.0, "F": 0.7747331098581813, "pvalue": 0.4809787579615421, "tukey_hsd": {"groups": ["A12", "B1-8", "PBS"], "pvalues": [[1.0, 0.4657807232275759, 0.9488416156638003], [0.4657807232275759, 1.0, 0.6697464502637137], [0.9488416156638003, 0.6697464502637137, 1.0]]}}, "Ig_treated": {"sum_sq": 11.8784691029576, "df": 1.0, "F": 0.07185934741027802, "pvalue": 0.7925578122376924}, "A12_treated": {"sum_sq": 127.61690408170271, "df": 1.0, "F": 0.8126672980502653, "pvalue": 0.3825797855736699}, "Batch": {"sum_sq": 1.903669380907587, "df": 1.0, "F": 0.011466910982127093, "pvalue": 0.9162420121292933}, "Quant": {"sum_sq": 4.798550613053741, "df": 1.0, "F": 0.028940515627021865, "pvalue": 0.8673503539362111}}, "8": {"Mouse_ID": {}, "Treatment": {"sum_sq": 95.91601163548977, "df": 2.0, "F": 0.343515171062565, "pvalue": 0.7155200285134954, "tukey_hsd": {"groups": ["A12", "B1-8", "PBS"], "pvalues": [[1.0, 0.8879951583579305, 0.9168170358617203], [0.8879951583579305, 1.0, 0.6929727918869011], [0.9168170358617203, 0.6929727918869011, 1.0]]}}, "Ig_treated": {"sum_sq": 65.54350909859882, "df": 1.0, "F": 0.4972690908379493, "pvalue": 0.49226907205190074}, "A12_treated": {"sum_sq": 0.22274664548777703, "df": 1.0, "F": 0.0016321700814019373, "pvalue": 0.9683446219698005}, "Batch": {"sum_sq": 1.4316065850350952, "df": 1.0, "F": 0.010496700253500095, "pvalue": 0.919849820000957}, "Quant": {"sum_sq": 310.69109648927304, "df": 1.0, "F": 2.718293368840664, "pvalue": 0.1214540429595594}}, "9": {"Mouse_ID": {}, "Treatment": {"sum_sq": 503.8367932849315, "df": 2.0, "F": 2.8425714425089113, "pvalue": 0.09460302835857388, "tukey_hsd": {"groups": ["A12", "B1-8", "PBS"], "pvalues": [[1.0, 0.999565124357636, 0.1261234574032264], [0.999565124357636, 1.0, 0.1400214471332042], [0.1261234574032264, 0.1400214471332042, 1.0]]}}, "Ig_treated": {"sum_sq": 503.76687147856853, "df": 1.0, "F": 6.121240400124521, "pvalue": 0.02677122663441716}, "A12_treated": {"sum_sq": 132.15536809423702, "df": 1.0, "F": 1.2141963025492195, "pvalue": 0.2890861972322388}, "Batch": {"sum_sq": 1.5741409768734969, "df": 1.0, "F": 0.013321090518056702, "pvalue": 0.9097536930274007}, "Quant": {"sum_sq": 77.26631490149062, "df": 1.0, "F": 0.6852128970367919, "pvalue": 0.4216843150665255}}, "10": {"Mouse_ID": {}, "Treatment": {"sum_sq": 58.14244930174318, "df": 2.0, "F": 0.27908231596185307, "pvalue": 0.7608970843112786, "tukey_hsd": {"groups": ["A12", "B1-8", "PBS"], "pvalues": [[1.0, 0.8241775921144869, 0.7837026106265482], [0.8241775921144869, 1.0, 0.9971914181321732], [0.7837026106265482, 0.9971914181321732, 1.0]]}}, "Ig_treated": {"sum_sq": 21.02757600190487, "df": 1.0, "F": 0.2115923890527417, "pvalue": 0.6525848191213199}, "A12_treated": {"sum_sq": 57.61093213474783, "df": 1.0, "F": 0.5953716462868822, "pvalue": 0.453177263654844}, "Batch": {"sum_sq": 7.553942927131433, "df": 1.0, "F": 0.075283349540086, "pvalue": 0.7878011763227574}, "Quant": {"sum_sq": 3.599133476419993, "df": 1.0, "F": 0.03576862466720692, "pvalue": 0.852708489563454}}}