{"1": {"Seqn": {}, "ID": {}, "Group": {"sum_sq": 578.9311850672455, "df": 2.0, "F": 0.2522438108866151, "pvalue": 0.7807717076489109, "tukey_hsd": {"groups": ["A12", "B1-8", "PBS"], "pvalues": [[1.0, 0.7720371415103444, 0.9836133099787553], [0.7720371415103444, 1.0, 0.873996445712657], [0.9836133099787553, 0.873996445712657, 1.0]]}}, "Ig": {"sum_sq": 28.939234522089833, "df": 1.0, "F": 0.02619221850087023, "pvalue": 0.8737442529844781}, "Control": {"sum_sq": 295.5129806329531, "df": 1.0, "F": 0.2721519705647132, "pvalue": 0.6100465138914244}, "TMT": {"sum_sq": 125.69332067427955, "df": 1.0, "F": 0.11447811881962634, "pvalue": 0.7401228888758589}, "Tag": {"sum_sq": 12881.384645579717, "df": 8.0, "F": 4.308794677378484, "pvalue": 0.034856997931816854, "tukey_hsd": {}}, "ID_metabo": {}, "Quant": {"sum_sq": 1121.7739195262163, "df": 1.0, "F": 1.7064626160254062, "pvalue": 0.21408548212961578}}, "2": {"Seqn": {}, "ID": {}, "Group": {"sum_sq": 2985.115441224474, "df": 2.0, "F": 2.3397348457374796, "pvalue": 0.13554445936727458, "tukey_hsd": {"groups": ["A12", "B1-8", "PBS"], "pvalues": [[1.0, 0.12448277152384934, 0.8359553673461848], [0.12448277152384934, 1.0, 0.3323955365308068], [0.8359553673461848, 0.3323955365308068, 1.0]]}}, "Ig": {"sum_sq": 121.53821924105867, "df": 1.0, "F": 0.15251507367031963, "pvalue": 0.7020212737356395}, "Control": {"sum_sq": 1590.271277736413, "df": 1.0, "F": 2.298134155043734, "pvalue": 0.1517797710777561}, "TMT": {"sum_sq": 378.77440310476067, "df": 1.0, "F": 0.4865319033903815, "pvalue": 0.49689973053948744}, "Tag": {"sum_sq": 6051.313940460618, "df": 8.0, "F": 1.013042796637549, "pvalue": 0.4997651209645416, "tukey_hsd": {}}, "ID_metabo": {}, "Quant": {"sum_sq": 52.22148070653785, "df": 1.0, "F": 0.06088592962577636, "pvalue": 0.8089548167165945}}, "3": {"Seqn": {}, "ID": {}, "Group": {"sum_sq": 3509.66219269202, "df": 2.0, "F": 4.461959562356753, "pvalue": 0.03347060375107431, "tukey_hsd": {"groups": ["A12", "B1-8", "PBS"], "pvalues": [[1.0, 0.6709363261213277, 0.02890649339451845], [0.6709363261213277, 1.0, 0.1547276319532147], [0.02890649339451845, 0.1547276319532147, 1.0]]}}, "Ig": {"sum_sq": 3215.56061974549, "df": 1.0, "F": 8.326101876015565, "pvalue": 0.011980407275421382}, "Control": {"sum_sq": 1957.0666739064538, "df": 1.0, "F": 4.110665620906115, "pvalue": 0.06209159048269174}, "TMT": {"sum_sq": 3.2263243432663553, "df": 1.0, "F": 0.005240475709262849, "pvalue": 0.9433146935171887}, "Tag": {"sum_sq": 7052.204961614982, "df": 8.0, "F": 3.9298948822069675, "pvalue": 0.043887871594680626, "tukey_hsd": {}}, "ID_metabo": {}, "Quant": {"sum_sq": 93.33076098183041, "df": 1.0, "F": 0.14369235951844378, "pvalue": 0.7107567357508804}}, "4": {"Seqn": {}, "ID": {}, "Group": {"sum_sq": 36.7724652289646, "df": 2.0, "F": 0.044625385053807524, "pvalue": 0.9565015247073748, "tukey_hsd": {"groups": ["A12", "B1-8", "PBS"], "pvalues": [[1.0, 0.9539648344882097, 0.9812562327089605], [0.9539648344882097, 1.0, 0.9941757526367136], [0.9812562327089605, 0.9941757526367136, 1.0]]}}, "Ig": {"sum_sq": 1.4176281129944044, "df": 1.0, "F": 0.0036811114602799946, "pvalue": 0.9524779179977365}, "Control": {"sum_sq": 32.405155437710285, "df": 1.0, "F": 0.08463189161014363, "pvalue": 0.7753811563313683}, "TMT": {"sum_sq": 3.8871844277304177, "df": 1.0, "F": 0.010098358128764596, "pvalue": 0.9213797678381965}, "Tag": {"sum_sq": 4284.978021226044, "df": 8.0, "F": 3.3840122245752395, "pvalue": 0.0628666120303012, "tukey_hsd": {}}, "ID_metabo": {}, "Quant": {"sum_sq": 52.630922916296456, "df": 1.0, "F": 0.12813442527798236, "pvalue": 0.7261193606166583}}, "5": {"Seqn": {}, "ID": {}, "Group": {"sum_sq": 988.606169322722, "df": 2.0, "F": 2.076208224924562, "pvalue": 0.16501265746919325, "tukey_hsd": {"groups": ["A12", "B1-8", "PBS"], "pvalues": [[1.0, 0.8925031889034427, 0.15738855383959116], [0.8925031889034427, 1.0, 0.3430888716514786], [0.15738855383959116, 0.3430888716514786, 1.0]]}}, "Ig": {"sum_sq": 939.0395707651305, "df": 1.0, "F": 4.180672045033777, "pvalue": 0.060165419882504685}, "Control": {"sum_sq": 484.3174136333186, "df": 1.0, "F": 1.8838097236652478, "pvalue": 0.19149112412810418}, "TMT": {"sum_sq": 132.69074751556826, "df": 1.0, "F": 0.4701830174198183, "pvalue": 0.5041002092517394}, "Tag": {"sum_sq": 1366.266644526392, "df": 8.0, "F": 0.4399403439612216, "pvalue": 0.8636519919802158, "tukey_hsd": {}}, "ID_metabo": {}, "Quant": {"sum_sq": 23.768758271967677, "df": 1.0, "F": 0.08510858866493522, "pvalue": 0.7750934714246687}}, "6": {"Seqn": {}, "ID": {}, "Group": {"sum_sq": 1310.9709950915217, "df": 2.0, "F": 3.161593958864559, "pvalue": 0.07605359310878884, "tukey_hsd": {"groups": ["A12", "B1-8", "PBS"], "pvalues": [[1.0, 0.06498620874691885, 0.6799473435390138], [0.06498620874691885, 1.0, 0.2907983551908444], [0.6799473435390138, 0.2907983551908444, 1.0]]}}, "Ig": {"sum_sq": 21.08484092531295, "df": 1.0, "F": 0.07407204361569426, "pvalue": 0.7894703262359409}, "Control": {"sum_sq": 796.9555239614773, "df": 1.0, "F": 3.4766053352468123, "pvalue": 0.08334327429097028}, "TMT": {"sum_sq": 7.287621146605394, "df": 1.0, "F": 0.025513426191114855, "pvalue": 0.8753759687642224}, "Tag": {"sum_sq": 1971.6788272044764, "df": 8.0, "F": 0.8479608837153745, "pvalue": 0.5928000304899859, "tukey_hsd": {}}, "ID_metabo": {}, "Quant": {"sum_sq": 221.04057533256275, "df": 1.0, "F": 0.8779866877896085, "pvalue": 0.3658358051446413}}, "7": {"Seqn": {}, "ID": {}, "Group": {"sum_sq": 383.1233038786778, "df": 2.0, "F": 0.9035693142246074, "pvalue": 0.42911072030207614, "tukey_hsd": {"groups": ["A12", "B1-8", "PBS"], "pvalues": [[1.0, 0.40408071557373115, 0.9024184008330872], [0.40408071557373115, 1.0, 0.6744434217887101], [0.9024184008330872, 0.6744434217887101, 1.0]]}}, "Ig": {"sum_sq": 7.84980027560934, "df": 1.0, "F": 0.03509584857197127, "pvalue": 0.8540828621339955}, "Control": {"sum_sq": 226.72263780969166, "df": 1.0, "F": 1.089836036647931, "pvalue": 0.3141994036463578}, "TMT": {"sum_sq": 4.185720319461432, "df": 1.0, "F": 0.018692158848804402, "pvalue": 0.8931993302186483}, "Tag": {"sum_sq": 1541.312543145157, "df": 8.0, "F": 0.8440225277213893, "pvalue": 0.5951906238823086, "tukey_hsd": {}}, "ID_metabo": {}, "Quant": {"sum_sq": 339.6607065375007, "df": 1.0, "F": 1.6331949618644186, "pvalue": 0.22361015491795153}}, "8": {"Seqn": {}, "ID": {}, "Group": {"sum_sq": 158.74099498364927, "df": 2.0, "F": 0.4276014008157958, "pvalue": 0.6609186762018735, "tukey_hsd": {"groups": ["A12", "B1-8", "PBS"], "pvalues": [[1.0, 0.88120577294881, 0.8797943226648279], [0.88120577294881, 1.0, 0.6348692839219667], [0.8797943226648279, 0.6348692839219667, 1.0]]}}, "Ig": {"sum_sq": 115.72320624532527, "df": 1.0, "F": 0.6596462185429518, "pvalue": 0.43027918701629453}, "Control": {"sum_sq": 0.0006025856783708602, "df": 1.0, "F": 3.280303843664571e-06, "pvalue": 0.9985804583490194}, "TMT": {"sum_sq": 1.5873123273442082, "df": 1.0, "F": 0.008646208139801168, "pvalue": 0.927233044819518}, "Tag": {"sum_sq": 1962.6080021394816, "df": 8.0, "F": 2.8190687911381462, "pvalue": 0.09490680095970383, "tukey_hsd": {}}, "ID_metabo": {}, "Quant": {"sum_sq": 38.0469365483587, "df": 1.0, "F": 0.2005186675961795, "pvalue": 0.6616737419488385}}, "9": {"Seqn": {}, "ID": {}, "Group": {"sum_sq": 672.3903218771746, "df": 2.0, "F": 2.8135732385188827, "pvalue": 0.09653407664234633, "tukey_hsd": {"groups": ["A12", "B1-8", "PBS"], "pvalues": [[1.0, 0.9999999602215801, 0.1257167428574617], [0.9999999602215801, 1.0, 0.145843836312037], [0.1257167428574617, 0.145843836312037, 1.0]]}}, "Ig": {"sum_sq": 672.3903132559295, "df": 1.0, "F": 6.060003787015231, "pvalue": 0.027418917585176113}, "Control": {"sum_sq": 183.3113655984826, "df": 1.0, "F": 1.2565070936602454, "pvalue": 0.28117355434206626}, "TMT": {"sum_sq": 4.107193195116326, "df": 1.0, "F": 0.025881875601969286, "pvalue": 0.8744875410851577}, "Tag": {"sum_sq": 1534.8746559676422, "df": 8.0, "F": 1.9438870452586785, "pvalue": 0.1981733264978132,