{"1": {"Mouse_ID": {}, "Treatment": {"sum_sq": 578.9311850672511, "df": 2.0, "F": 0.252243810886618, "pvalue": 0.7807717076489086, "tukey_hsd": {"groups": ["A12", "B1-8", "PBS"], "pvalues": [[1.0, 0.7720371415103419, 0.9836133099787547], [0.7720371415103419, 1.0, 0.8739964457126562], [0.9836133099787547, 0.8739964457126562, 1.0]]}}, "Ig_treated": {"sum_sq": 28.939234522089492, "df": 1.0, "F": 0.026192218500869946, "pvalue": 0.8737442529844781}, "A12_treated": {"sum_sq": 295.51298063295775, "df": 1.0, "F": 0.27215197056471785, "pvalue": 0.6100465138914224}, "TMT": {"sum_sq": 125.69332067428003, "df": 1.0, "F": 0.11447811881962691, "pvalue": 0.7401228888758589}, "Quant": {"sum_sq": 11.31637452616591, "df": 1.0, "F": 0.010230528114833323, "pvalue": 0.9208688033189294}}, "2": {"Mouse_ID": {}, "Treatment": {"sum_sq": 2985.11544122447, "df": 2.0, "F": 2.339734845737478, "pvalue": 0.13554445936727486, "tukey_hsd": {"groups": ["A12", "B1-8", "PBS"], "pvalues": [[1.0, 0.12448277152384934, 0.8359553673461835], [0.12448277152384934, 1.0, 0.3323955365308079], [0.8359553673461835, 0.3323955365308079, 1.0]]}}, "Ig_treated": {"sum_sq": 121.53821924105685, "df": 1.0, "F": 0.15251507367031736, "pvalue": 0.7020212737356425}, "A12_treated": {"sum_sq": 1590.271277736417, "df": 1.0, "F": 2.2981341550437415, "pvalue": 0.15177977107775556}, "TMT": {"sum_sq": 378.7744031047597, "df": 1.0, "F": 0.4865319033903804, "pvalue": 0.4968997305394882}, "Quant": {"sum_sq": 383.45213703100507, "df": 1.0, "F": 0.49275188409815146, "pvalue": 0.49420793459618195}}, "3": {"Mouse_ID": {}, "Treatment": {"sum_sq": 3509.6621926920266, "df": 2.0, "F": 4.461959562356766, "pvalue": 0.033470603751074066, "tukey_hsd": {"groups": ["A12", "B1-8", "PBS"], "pvalues": [[1.0, 0.670936326121328, 0.02890649339451823], [0.670936326121328, 1.0, 0.1547276319532137], [0.02890649339451823, 0.1547276319532137, 1.0]]}}, "Ig_treated": {"sum_sq": 3215.5606197454936, "df": 1.0, "F": 8.326101876015585, "pvalue": 0.0119804072754213}, "A12_treated": {"sum_sq": 1957.0666739064538, "df": 1.0, "F": 4.110665620906115, "pvalue": 0.06209159048269174}, "TMT": {"sum_sq": 3.226324343266419, "df": 1.0, "F": 0.005240475709262953, "pvalue": 0.9433146935171887}, "Quant": {"sum_sq": 3452.876759545699, "df": 1.0, "F": 9.351022324633632, "pvalue": 0.00851449912329624}}, "4": {"Mouse_ID": {}, "Treatment": {"sum_sq": 36.77246522896446, "df": 2.0, "F": 0.04462538505380723, "pvalue": 0.9565015247073748, "tukey_hsd": {"groups": ["A12", "B1-8", "PBS"], "pvalues": [[1.0, 0.95396483448821, 0.9812562327089606], [0.95396483448821, 1.0, 0.9941757526367138], [0.9812562327089606, 0.9941757526367138, 1.0]]}}, "Ig_treated": {"sum_sq": 1.4176281129943964, "df": 1.0, "F": 0.003681111460279965, "pvalue": 0.9524779179977365}, "A12_treated": {"sum_sq": 32.40515543771012, "df": 1.0, "F": 0.08463189161014298, "pvalue": 0.7753811563313683}, "TMT": {"sum_sq": 3.8871844277303302, "df": 1.0, "F": 0.010098358128764345, "pvalue": 0.9213797678381965}, "Quant": {"sum_sq": 38.676291171719605, "df": 1.0, "F": 0.10112839768078104, "pvalue": 0.755173626776872}}, "5": {"Mouse_ID": {}, "Treatment": {"sum_sq": 988.606169322739, "df": 2.0, "F": 2.076208224924595, "pvalue": 0.165012657469189, "tukey_hsd": {"groups": ["A12", "B1-8", "PBS"], "pvalues": [[1.0, 0.8925031889033868, 0.15738855383957917], [0.8925031889033868, 1.0, 0.3430888716515146], [0.15738855383957917, 0.3430888716515146, 1.0]]}}, "Ig_treated": {"sum_sq": 939.0395707651197, "df": 1.0, "F": 4.1806720450336865, "pvalue": 0.060165419882507086}, "A12_treated": {"sum_sq": 484.31741363338796, "df": 1.0, "F": 1.8838097236655431, "pvalue": 0.19149112412807154}, "TMT": {"sum_sq": 132.69074751556556, "df": 1.0, "F": 0.47018301741980595, "pvalue": 0.5041002092517453}, "Quant": {"sum_sq": 893.9266288812618, "df": 1.0, "F": 3.9235383039848917, "pvalue": 0.06761090232028923}}, "6": {"Mouse_ID": {}, "Treatment": {"sum_sq": 1310.9709950915164, "df": 2.0, "F": 3.1615939588645197, "pvalue": 0.07605359310879081, "tukey_hsd": {"groups": ["A12", "B1-8", "PBS"], "pvalues": [[1.0, 0.0649862087469224, 0.6799473435390824], [0.0649862087469224, 1.0, 0.2907983551908109], [0.6799473435390824, 0.2907983551908109, 1.0]]}}, "Ig_treated": {"sum_sq": 21.084840925328134, "df": 1.0, "F": 0.07407204361574757, "pvalue": 0.7894703262358693}, "A12_treated": {"sum_sq": 796.955523961415, "df": 1.0, "F": 3.476605335246454, "pvalue": 0.08334327429098455}, "TMT": {"sum_sq": 7.287621146608855, "df": 1.0, "F": 0.025513426191126884, "pvalue": 0.8753759687641922}, "Quant": {"sum_sq": 2.1036735673325366, "df": 1.0, "F": 0.0073552717368939105, "pvalue": 0.9328693754270478}}, "7": {"Mouse_ID": {}, "Treatment": {"sum_sq": 383.1233038786777, "df": 2.0, "F": 0.903569314224605, "pvalue": 0.4291107203020772, "tukey_hsd": {"groups": ["A12", "B1-8", "PBS"], "pvalues": [[1.0, 0.4040807155737314, 0.9024184008330852], [0.4040807155737314, 1.0, 0.6744434217887132], [0.9024184008330852, 0.6744434217887132, 1.0]]}}, "Ig_treated": {"sum_sq": 7.849800275608893, "df": 1.0, "F": 0.03509584857196919, "pvalue": 0.854082862134002}, "A12_treated": {"sum_sq": 226.72263780969325, "df": 1.0, "F": 1.0898360366479367, "pvalue": 0.3141994036463566}, "TMT": {"sum_sq": 4.185720319461345, "df": 1.0, "F": 0.018692158848803972, "pvalue": 0.8931993302186483}, "Quant": {"sum_sq": 19.916956140843645, "df": 1.0, "F": 0.08939165262333473, "pvalue": 0.7693441802913896}}, "8": {"Mouse_ID": {}, "Treatment": {"sum_sq": 158.74099498365314, "df": 2.0, "F": 0.4276014008158078, "pvalue": 0.6609186762018658, "tukey_hsd": {"groups": ["A12", "B1-8", "PBS"], "pvalues": [[1.0, 0.8812057729488094, 0.8797943226648222], [0.8812057729488094, 1.0, 0.6348692839219587], [0.8797943226648222, 0.6348692839219587, 1.0]]}}, "Ig_treated": {"sum_sq": 115.72320624532924, "df": 1.0, "F": 0.6596462185429768, "pvalue": 0.43027918701628576}, "A12_treated": {"sum_sq": 0.0006025856783753569, "df": 1.0, "F": 3.2803038436890556e-06, "pvalue": 0.9985804583490194}, "TMT": {"sum_sq": 1.5873123273442764, "df": 1.0, "F": 0.008646208139801555, "pvalue": 0.927233044819518}, "Quant": {"sum_sq": 433.0477154273616, "df": 1.0, "F": 2.834709099832597, "pvalue": 0.11440317116101953}}, "9": {"Mouse_ID": {}, "Treatment": {"sum_sq": 672.3903218771688, "df": 2.0, "F": 2.8135732385188557, "pvalue": 0.09653407664234812, "tukey_hsd": {"groups": ["A12", "B1-8", "PBS"], "pvalues": [[1.0, 0.9999999602215801, 0.12571674285746415], [0.9999999602215801, 1.0, 0.14584383631203923], [0.12571674285746415, 0.14584383631203923, 1.0]]}}, "Ig_treated": {"sum_sq": 672.3903132559235, "df": 1.0, "F": 6.060003787015171, "pvalue": 0.027418917585176766}, "A12_treated": {"sum_sq": 183.31136559848048, "df": 1.0, "F": 1.2565070936602323, "pvalue": 0.28117355434206875}, "TMT": {"sum_sq": 4.107193195116275, "df": 1.0, "F": 0.025881875601969015, "pvalue": 0.8744875410851577}, "Quant": {"sum_sq": 95.28564116247703, "df": 1.0, "F": 0.6261493003178452, "pvalue": 0.4419718079380609}}, "10": {"Mouse_ID": {}, "Treatment": {"sum_sq": 59.706439724376565, "df": 2.0, "F": 0.20996737191082795, "pvalue": 0.8133063513244891, "tukey_hsd": {"groups": ["A12", "B1-8", "PBS"], "pvalues": [[1.0, 0.8431356176184273, 0.8508685729116695], [0.8431356176184273, 1.0, 0.9998802124410912], [0.8508685729116695, 0.9998802124410912, 1.0]]}}, "Ig_treated": {"sum_sq": 15.088199110048754, "df": 1.0, "F": 0.11158956172584872, "pvalue": 0.7432928584536789}, "A12_treated": {"sum_sq": 59.675545978337325, "df": 1.0, "F": 0.45199586161811284, "pvalue": 0.5123324092687613}, "TMT": {"sum_sq": 46.888458431066034, "df": 1.0, "F": 0.3527036059734891, "pvalue": 0.5620606301681182}, "Quant": {"sum_sq": 4.497923346910619, "df": 1.0, "F": 0.0330807466311248, "pvalue": 0.8582831888972577}}}