{"1": {"Mouse_ID": {}, "Treatment": {"sum_sq": 421.2699474733089, "df": 2.0, "F": 0.24279818079254417, "pvalue": 0.7879084749225217, "tukey_hsd": {"groups": ["A12", "B1-8", "PBS"], "pvalues": [[1.0, 0.7827087227422262, 0.9883200979765193], [0.7827087227422262, 1.0, 0.870303439370129], [0.9883200979765193, 0.870303439370129, 1.0]]}}, "Ig_treated": {"sum_sq": 27.9911693015183, "df": 1.0, "F": 0.03357640489590723, "pvalue": 0.8572380031603041}, "A12_treated": {"sum_sq": 200.19963392649063, "df": 1.0, "F": 0.24374302559469344, "pvalue": 0.6291706877629737}, "Batch": {"sum_sq": 70.97758812814047, "df": 1.0, "F": 0.08545488684942792, "pvalue": 0.7743243057135402}, "Quant": {"sum_sq": 5.0836212663565945, "df": 1.0, "F": 0.0060860394979443035, "pvalue": 0.9389216889279062}}, "2": {"Mouse_ID": {}, "Treatment": {"sum_sq": 2389.95267516794, "df": 2.0, "F": 2.5355515676771048, "pvalue": 0.11755239197904033, "tukey_hsd": {"groups": ["A12", "B1-8", "PBS"], "pvalues": [[1.0, 0.1062422511454113, 0.8054582462852857], [0.1062422511454113, 1.0, 0.3169716147276138], [0.8054582462852857, 0.3169716147276138, 1.0]]}}, "Ig_treated": {"sum_sq": 82.95905712512679, "df": 1.0, "F": 0.13771188139351198, "pvalue": 0.7161216920291642}, "A12_treated": {"sum_sq": 1310.7677866141366, "df": 1.0, "F": 2.546615736491528, "pvalue": 0.13285009281395616}, "Batch": {"sum_sq": 233.5879886422579, "df": 1.0, "F": 0.3948069876076205, "pvalue": 0.5398993306382271}, "Quant": {"sum_sq": 275.3097293659137, "df": 1.0, "F": 0.4676801483108771, "pvalue": 0.5052189568073443}}, "3": {"Mouse_ID": {}, "Treatment": {"sum_sq": 2734.8525397457724, "df": 2.0, "F": 4.572472003587558, "pvalue": 0.031357900489905007, "tukey_hsd": {"groups": ["A12", "B1-8", "PBS"], "pvalues": [[1.0, 0.6912880949208963, 0.027469696438409907], [0.6912880949208963, 1.0, 0.14049270264960678], [0.027469696438409907, 0.14049270264960678, 1.0]]}}, "Ig_treated": {"sum_sq": 2528.4675089295406, "df": 1.0, "F": 8.646199616810552, "pvalue": 0.010747269972771577}, "A12_treated": {"sum_sq": 1483.1241954669263, "df": 1.0, "F": 4.040062783535429, "pvalue": 0.06410874191897105}, "Batch": {"sum_sq": 2.4623750757327967, "df": 1.0, "F": 0.005207344367321009, "pvalue": 0.9434938316056436}, "Quant": {"sum_sq": 2726.419722297581, "df": 1.0, "F": 9.796784001770826, "pvalue": 0.007379475242576588}}, "4": {"Mouse_ID": {}, "Treatment": {"sum_sq": 32.6783684443051, "df": 2.0, "F": 0.05263913532298049, "pvalue": 0.9489234622089885, "tukey_hsd": {"groups": ["A12", "B1-8", "PBS"], "pvalues": [[1.0, 0.9449280353412207, 0.9810465459825152], [0.9449280353412207, 1.0, 0.990860915997678], [0.9810465459825152, 0.990860915997678, 1.0]]}}, "Ig_treated": {"sum_sq": 0.6388497983660406, "df": 1.0, "F": 0.0021990096656133535, "pvalue": 0.963260400072086}, "A12_treated": {"sum_sq": 27.5055166756186, "df": 1.0, "F": 0.09530737067902627, "pvalue": 0.7620815185515806}, "Batch": {"sum_sq": 1.4163756786062722, "df": 1.0, "F": 0.004876293841853768, "pvalue": 0.9453162494288408}, "Quant": {"sum_sq": 28.49489984500848, "df": 1.0, "F": 0.09875979426594321, "pvalue": 0.7579572674528098}}, "5": {"Mouse_ID": {}, "Treatment": {"sum_sq": 905.2413831985621, "df": 2.0, "F": 2.791387375520926, "pvalue": 0.09804221910651587, "tukey_hsd": {"groups": ["A12", "B1-8", "PBS"], "pvalues": [[1.0, 0.10926687823972303, 0.9733796701814711], [0.10926687823972303, 1.0, 0.1806228022266383], [0.9733796701814711, 0.1806228022266383, 1.0]]}}, "Ig_treated": {"sum_sq": 123.29694556378526, "df": 1.0, "F": 0.5973107268865246, "pvalue": 0.452457582280415}, "A12_treated": {"sum_sq": 325.7420501833767, "df": 1.0, "F": 1.6969289609289158, "pvalue": 0.21371143453136596}, "Batch": {"sum_sq": 18.09562064154267, "df": 1.0, "F": 0.08458486832219378, "pvalue": 0.7754417102310126}, "Quant": {"sum_sq": 29.976829724368404, "df": 1.0, "F": 0.14067960058511667, "pvalue": 0.7132273290968296}}, "6": {"Mouse_ID": {}, "Treatment": {"sum_sq": 809.8500589467725, "df": 2.0, "F": 2.4053627592131064, "pvalue": 0.12918179652701006, "tukey_hsd": {"groups": ["A12", "B1-8", "PBS"], "pvalues": [[1.0, 0.4644331098957576, 0.11255705585397024], [0.4644331098957576, 1.0, 0.637398403922526], [0.11255705585397024, 0.637398403922526, 1.0]]}}, "Ig_treated": {"sum_sq": 560.5153084922433, "df": 1.0, "F": 3.218988852433919, "pvalue": 0.09440628017554159}, "A12_treated": {"sum_sq": 667.1897868701941, "df": 1.0, "F": 4.0069496988030995, "pvalue": 0.06508155899675633}, "Batch": {"sum_sq": 49.59242237793488, "df": 1.0, "F": 0.23545671294941226, "pvalue": 0.6350122044156226}, "Quant": {"sum_sq": 607.6020960608308, "df": 1.0, "F": 3.5581306337230227, "pvalue": 0.08017125629603232}}, "7": {"Mouse_ID": {}, "Treatment": {"sum_sq": 247.7215228191572, "df": 2.0, "F": 0.7747331098581827, "pvalue": 0.4809787579615417, "tukey_hsd": {"groups": ["A12", "B1-8", "PBS"], "pvalues": [[1.0, 0.46578072322757624, 0.9488416156638025], [0.46578072322757624, 1.0, 0.6697464502637099], [0.9488416156638025, 0.6697464502637099, 1.0]]}}, "Ig_treated": {"sum_sq": 11.878469102958237, "df": 1.0, "F": 0.071859347410282, "pvalue": 0.792557812237688}, "A12_treated": {"sum_sq": 127.61690408170122, "df": 1.0, "F": 0.8126672980502567, "pvalue": 0.38257978557367195}, "Batch": {"sum_sq": 1.9036693809075822, "df": 1.0, "F": 0.011466910982127081, "pvalue": 0.9162420121292933}, "Quant": {"sum_sq": 4.798550613053128, "df": 1.0, "F": 0.028940515627018208, "pvalue": 0.8673503539362181}}, "8": {"Mouse_ID": {}, "Treatment": {"sum_sq": 95.91601163548643, "df": 2.0, "F": 0.3435151710625536, "pvalue": 0.7155200285135029, "tukey_hsd": {"groups": ["A12", "B1-8", "PBS"], "pvalues": [[1.0, 0.8879951583579329, 0.916817035861724], [0.8879951583579329, 1.0, 0.6929727918869095], [0.916817035861724, 0.6929727918869095, 1.0]]}}, "Ig_treated": {"sum_sq": 65.54350909859622, "df": 1.0, "F": 0.4972690908379304, "pvalue": 0.4922690720519094}, "A12_treated": {"sum_sq": 0.2227466454878042, "df": 1.0, "F": 0.0016321700814021416, "pvalue": 0.9683446219698005}, "Batch": {"sum_sq": 1.4316065850351745, "df": 1.0, "F": 0.01049670025350071, "pvalue": 0.9198498200009512}, "Quant": {"sum_sq": 310.69109648927025, "df": 1.0, "F": 2.7182933688406457, "pvalue": 0.12145404295956051}}, "9": {"Mouse_ID": {}, "Treatment": {"sum_sq": 503.8367932849309, "df": 2.0, "F": 2.842571442508914, "pvalue": 0.0946030283585736, "tukey_hsd": {"groups": ["A12", "B1-8", "PBS"], "pvalues": [[1.0, 0.9995651243576359, 0.1261234574032266], [0.9995651243576359, 1.0, 0.14002144713320375], [0.1261234574032266, 0.14002144713320375, 1.0]]}}, "Ig_treated": {"sum_sq": 503.7668714785673, "df": 1.0, "F": 6.121240400124522, "pvalue": 0.02677122663441716}, "A12_treated": {"sum_sq": 132.15536809423605, "df": 1.0, "F": 1.2141963025492133, "pvalue": 0.2890861972322399}, "Batch": {"sum_sq": 1.5741409768734707, "df": 1.0, "F": 0.01332109051805651, "pvalue": 0.9097536930274007}, "Quant": {"sum_sq": 77.26631490149182, "df": 1.0, "F": 0.6852128970368048, "pvalue": 0.42168431506652104}}, "10": {"Mouse_ID": {}, "Treatment": {"sum_sq": 58.1424493017432, "df": 2.0, "F": 0.2790823159618547, "pvalue": 0.7608970843112768, "tukey_hsd": {"groups": ["A12", "B1-8", "PBS"], "pvalues": [[1.0, 0.8241775921144874, 0.7837026106265461], [0.8241775921144874, 1.0, 0.9971914181321728], [0.7837026106265461, 0.9971914181321728, 1.0]]}}, "Ig_treated": {"sum_sq": 21.027576001905242, "df": 1.0, "F": 0.2115923890527465, "pvalue": 0.652584819121315}, "A12_treated": {"sum_sq": 57.61093213474782, "df": 1.0, "F": 0.595371646286885, "pvalue": 0.4531772636548427}, "Batch": {"sum_sq": 7.553942927131721, "df": 1.0, "F": 0.07528334954008925, "pvalue": 0.787801176322753}, "Quant": {"sum_sq": 3.5991334764198233, "df": 1.0, "F": 0.035768624667205394, "pvalue": 0.8527084895634572}}}