{"1": {"Mouse_ID": {}, "Treatment": {"sum_sq": 421.2699474733073, "df": 2.0, "F": 0.2427981807925439, "pvalue": 0.7879084749225217, "tukey_hsd": {"groups": ["A12", "B1-8", "PBS"], "pvalues": [[1.0, 0.782708722742226, 0.9883200979765192], [0.782708722742226, 1.0, 0.8703034393701294], [0.9883200979765192, 0.8703034393701294, 1.0]]}}, "Ig_treated": {"sum_sq": 27.99116930151782, "df": 1.0, "F": 0.03357640489590673, "pvalue": 0.8572380031603041}, "A12_treated": {"sum_sq": 200.19963392649097, "df": 1.0, "F": 0.24374302559469443, "pvalue": 0.6291706877629726}, "Batch": {"sum_sq": 70.97758812814025, "df": 1.0, "F": 0.08545488684942787, "pvalue": 0.7743243057135402}, "Quant": {"sum_sq": 5.083621266356753, "df": 1.0, "F": 0.006086039497944508, "pvalue": 0.9389216889279062}}, "2": {"Mouse_ID": {}, "Treatment": {"sum_sq": 2389.952675167937, "df": 2.0, "F": 2.535551567677103, "pvalue": 0.11755239197904056, "tukey_hsd": {"groups": ["A12", "B1-8", "PBS"], "pvalues": [[1.0, 0.10624225114541186, 0.8054582462852915], [0.10624225114541186, 1.0, 0.3169716147276106], [0.8054582462852915, 0.3169716147276106, 1.0]]}}, "Ig_treated": {"sum_sq": 82.95905712513078, "df": 1.0, "F": 0.13771188139351884, "pvalue": 0.716121692029158}, "A12_treated": {"sum_sq": 1310.7677866141241, "df": 1.0, "F": 2.5466157364915016, "pvalue": 0.13285009281395785}, "Batch": {"sum_sq": 233.58798864225793, "df": 1.0, "F": 0.39480698760762095, "pvalue": 0.5398993306382263}, "Quant": {"sum_sq": 275.30972936592127, "df": 1.0, "F": 0.4676801483108907, "pvalue": 0.5052189568073384}}, "3": {"Mouse_ID": {}, "Treatment": {"sum_sq": 2734.8525397457747, "df": 2.0, "F": 4.572472003587557, "pvalue": 0.03135790048990505, "tukey_hsd": {"groups": ["A12", "B1-8", "PBS"], "pvalues": [[1.0, 0.6912880949208913, 0.027469696438409574], [0.6912880949208913, 1.0, 0.14049270264960811], [0.027469696438409574, 0.14049270264960811, 1.0]]}}, "Ig_treated": {"sum_sq": 2528.467508929541, "df": 1.0, "F": 8.646199616810538, "pvalue": 0.010747269972771636}, "A12_treated": {"sum_sq": 1483.1241954669363, "df": 1.0, "F": 4.040062783535457, "pvalue": 0.06410874191897023}, "Batch": {"sum_sq": 2.4623750757327967, "df": 1.0, "F": 0.0052073443673210035, "pvalue": 0.9434938316056436}, "Quant": {"sum_sq": 2726.4197222975777, "df": 1.0, "F": 9.796784001770783, "pvalue": 0.007379475242576693}}, "4": {"Mouse_ID": {}, "Treatment": {"sum_sq": 32.67836844430529, "df": 2.0, "F": 0.052639135322981125, "pvalue": 0.948923462208987, "tukey_hsd": {"groups": ["A12", "B1-8", "PBS"], "pvalues": [[1.0, 0.9449280353412202, 0.9810465459825148], [0.9449280353412202, 1.0, 0.9908609159976781], [0.9810465459825148, 0.9908609159976781, 1.0]]}}, "Ig_treated": {"sum_sq": 0.6388497983660697, "df": 1.0, "F": 0.002199009665613467, "pvalue": 0.963260400072086}, "A12_treated": {"sum_sq": 27.50551667561883, "df": 1.0, "F": 0.09530737067902766, "pvalue": 0.7620815185515806}, "Batch": {"sum_sq": 1.4163756786063377, "df": 1.0, "F": 0.004876293841854023, "pvalue": 0.9453162494288408}, "Quant": {"sum_sq": 28.494899845008707, "df": 1.0, "F": 0.09875979426594461, "pvalue": 0.7579572674528079}}, "5": {"Mouse_ID": {}, "Treatment": {"sum_sq": 905.2413831985413, "df": 2.0, "F": 2.7913873755208276, "pvalue": 0.09804221910652264, "tukey_hsd": {"groups": ["A12", "B1-8", "PBS"], "pvalues": [[1.0, 0.10926687823973824, 0.9733796701814995], [0.10926687823973824, 1.0, 0.18062280222662808], [0.9733796701814995, 0.18062280222662808, 1.0]]}}, "Ig_treated": {"sum_sq": 123.29694556381301, "df": 1.0, "F": 0.5973107268866638, "pvalue": 0.4524575822803636}, "A12_treated": {"sum_sq": 325.74205018332617, "df": 1.0, "F": 1.6969289609286178, "pvalue": 0.2137114345314039}, "Batch": {"sum_sq": 18.095620641545892, "df": 1.0, "F": 0.08458486832220878, "pvalue": 0.7754417102309944}, "Quant": {"sum_sq": 29.976829724382906, "df": 1.0, "F": 0.1406796005851852, "pvalue": 0.7132273290967636}}, "6": {"Mouse_ID": {}, "Treatment": {"sum_sq": 809.850058946791, "df": 2.0, "F": 2.4053627592131837, "pvalue": 0.12918179652700293, "tukey_hsd": {"groups": ["A12", "B1-8", "PBS"], "pvalues": [[1.0, 0.4644331098956932, 0.11255705585396625], [0.4644331098956932, 1.0, 0.6373984039225813], [0.11255705585396625, 0.6373984039225813, 1.0]]}}, "Ig_treated": {"sum_sq": 560.5153084922157, "df": 1.0, "F": 3.218988852433727, "pvalue": 0.09440628017555042}, "A12_treated": {"sum_sq": 667.1897868702421, "df": 1.0, "F": 4.006949698803474, "pvalue": 0.0650815589967452}, "Batch": {"sum_sq": 49.59242237793136, "df": 1.0, "F": 0.23545671294939538, "pvalue": 0.6350122044156352}, "Quant": {"sum_sq": 607.6020960608156, "df": 1.0, "F": 3.5581306337229144, "pvalue": 0.08017125629603658}}, "7": {"Mouse_ID": {}, "Treatment": {"sum_sq": 247.72152281916166, "df": 2.0, "F": 0.7747331098581971, "pvalue": 0.4809787579615355, "tukey_hsd": {"groups": ["A12", "B1-8", "PBS"], "pvalues": [[1.0, 0.46578072322756936, 0.9488416156638005], [0.46578072322756936, 1.0, 0.6697464502637065], [0.9488416156638005, 0.6697464502637065, 1.0]]}}, "Ig_treated": {"sum_sq": 11.878469102958167, "df": 1.0, "F": 0.07185934741028151, "pvalue": 0.792557812237688}, "A12_treated": {"sum_sq": 127.6169040817042, "df": 1.0, "F": 0.8126672980502758, "pvalue": 0.38257978557366684}, "Batch": {"sum_sq": 1.9036693809075624, "df": 1.0, "F": 0.01146691098212695, "pvalue": 0.9162420121292933}, "Quant": {"sum_sq": 4.798550613053236, "df": 1.0, "F": 0.028940515627018826, "pvalue": 0.8673503539362181}}, "8": {"Mouse_ID": {}, "Treatment": {"sum_sq": 95.91601163548538, "df": 2.0, "F": 0.3435151710625485, "pvalue": 0.7155200285135068, "tukey_hsd": {"groups": ["A12", "B1-8", "PBS"], "pvalues": [[1.0, 0.8879951583579336, 0.9168170358617259], [0.8879951583579336, 1.0, 0.6929727918869132], [0.9168170358617259, 0.6929727918869132, 1.0]]}}, "Ig_treated": {"sum_sq": 65.5435090985952, "df": 1.0, "F": 0.49726909083792087, "pvalue": 0.49226907205191284}, "A12_treated": {"sum_sq": 0.22274664548782575, "df": 1.0, "F": 0.0016321700814022943, "pvalue": 0.9683446219698005}, "Batch": {"sum_sq": 1.4316065850352122, "df": 1.0, "F": 0.010496700253500956, "pvalue": 0.9198498200009512}, "Quant": {"sum_sq": 310.6910964892701, "df": 1.0, "F": 2.718293368840634, "pvalue": 0.12145404295956119}}, "9": {"Mouse_ID": {}, "Treatment": {"sum_sq": 503.83679328493196, "df": 2.0, "F": 2.8425714425089104, "pvalue": 0.09460302835857388, "tukey_hsd": {"groups": ["A12", "B1-8", "PBS"], "pvalues": [[1.0, 0.9995651243576357, 0.12612345740322728], [0.9995651243576357, 1.0, 0.14002144713320297], [0.12612345740322728, 0.14002144713320297, 1.0]]}}, "Ig_treated": {"sum_sq": 503.7668714785686, "df": 1.0, "F": 6.121240400124516, "pvalue": 0.02677122663441719}, "A12_treated": {"sum_sq": 132.15536809423511, "df": 1.0, "F": 1.2141963025491995, "pvalue": 0.2890861972322426}, "Batch": {"sum_sq": 1.574140976873484, "df": 1.0, "F": 0.013321090518056581, "pvalue": 0.9097536930274007}, "Quant": {"sum_sq": 77.26631490149292, "df": 1.0, "F": 0.6852128970368127, "pvalue": 0.4216843150665188}}, "10": {"Mouse_ID": {}, "Treatment": {"sum_sq": 58.14244930174486, "df": 2.0, "F": 0.27908231596186284, "pvalue": 0.760897084311271, "tukey_hsd": {"groups": ["A12", "B1-8", "PBS"], "pvalues": [[1.0, 0.8241775921144846, 0.7837026106265393], [0.8241775921144846, 1.0, 0.9971914181321724], [0.7837026106265393, 0.9971914181321724, 1.0]]}}, "Ig_treated": {"sum_sq": 21.027576001906226, "df": 1.0, "F": 0.21159238905275649, "pvalue": 0.6525848191213091}, "A12_treated": {"sum_sq": 57.610932134749376, "df": 1.0, "F": 0.5953716462869018, "pvalue": 0.4531772636548371}, "Batch": {"sum_sq": 7.553942927130904, "df": 1.0, "F": 0.07528334954008105, "pvalue": 0.7878011763227638}, "Quant": {"sum_sq": 3.599133476419823, "df": 1.0, "F": 0.03576862466720539, "pvalue": 0.8527084895634572}}}