{"1": {"Mouse_ID": {}, "Treatment": {"sum_sq": 421.26994747330997, "df": 2.0, "F": 0.2427981807925451, "pvalue": 0.7879084749225206, "tukey_hsd": {"groups": ["A12", "B1-8", "PBS"], "pvalues": [[1.0, 0.7827087227422256, 0.9883200979765193], [0.7827087227422256, 1.0, 0.8703034393701286], [0.9883200979765193, 0.8703034393701286, 1.0]]}}, "Ig_treated": {"sum_sq": 27.991169301518454, "df": 1.0, "F": 0.033576404895907436, "pvalue": 0.8572380031603041}, "A12_treated": {"sum_sq": 200.199633926491, "df": 1.0, "F": 0.24374302559469402, "pvalue": 0.6291706877629726}, "Batch": {"sum_sq": 70.97758812814084, "df": 1.0, "F": 0.08545488684942842, "pvalue": 0.7743243057135402}, "Quant": {"sum_sq": 5.083621266356464, "df": 1.0, "F": 0.00608603949794415, "pvalue": 0.9389216889279062}}, "2": {"Mouse_ID": {}, "Treatment": {"sum_sq": 2389.9526751679323, "df": 2.0, "F": 2.5355515676771043, "pvalue": 0.11755239197904056, "tukey_hsd": {"groups": ["A12", "B1-8", "PBS"], "pvalues": [[1.0, 0.10624225114541175, 0.8054582462852891], [0.10624225114541175, 1.0, 0.3169716147276117], [0.8054582462852891, 0.3169716147276117, 1.0]]}}, "Ig_treated": {"sum_sq": 82.95905712512895, "df": 1.0, "F": 0.137711881393516, "pvalue": 0.7161216920291611}, "A12_treated": {"sum_sq": 1310.7677866141257, "df": 1.0, "F": 2.546615736491512, "pvalue": 0.13285009281395738}, "Batch": {"sum_sq": 233.58798864225773, "df": 1.0, "F": 0.39480698760762145, "pvalue": 0.5398993306382263}, "Quant": {"sum_sq": 275.3097293659176, "df": 1.0, "F": 0.4676801483108854, "pvalue": 0.5052189568073406}}, "3": {"Mouse_ID": {}, "Treatment": {"sum_sq": 2734.852539745778, "df": 2.0, "F": 4.572472003587556, "pvalue": 0.03135790048990505, "tukey_hsd": {"groups": ["A12", "B1-8", "PBS"], "pvalues": [[1.0, 0.6912880949208939, 0.027469696438409796], [0.6912880949208939, 1.0, 0.14049270264960767], [0.027469696438409796, 0.14049270264960767, 1.0]]}}, "Ig_treated": {"sum_sq": 2528.467508929546, "df": 1.0, "F": 8.646199616810547, "pvalue": 0.010747269972771591}, "A12_treated": {"sum_sq": 1483.1241954669333, "df": 1.0, "F": 4.040062783535441, "pvalue": 0.06410874191897076}, "Batch": {"sum_sq": 2.462375075732808, "df": 1.0, "F": 0.005207344367321019, "pvalue": 0.9434938316056436}, "Quant": {"sum_sq": 2726.419722297586, "df": 1.0, "F": 9.796784001770815, "pvalue": 0.007379475242576611}}, "4": {"Mouse_ID": {}, "Treatment": {"sum_sq": 32.67836844430441, "df": 2.0, "F": 0.05263913532297964, "pvalue": 0.9489234622089892, "tukey_hsd": {"groups": ["A12", "B1-8", "PBS"], "pvalues": [[1.0, 0.9449280353412215, 0.981046545982516], [0.9449280353412215, 1.0, 0.9908609159976779], [0.981046545982516, 0.9908609159976779, 1.0]]}}, "Ig_treated": {"sum_sq": 0.6388497983659578, "df": 1.0, "F": 0.0021990096656130794, "pvalue": 0.963260400072086}, "A12_treated": {"sum_sq": 27.505516675617834, "df": 1.0, "F": 0.09530737067902408, "pvalue": 0.7620815185515863}, "Batch": {"sum_sq": 1.416375678606321, "df": 1.0, "F": 0.00487629384185396, "pvalue": 0.9453162494288408}, "Quant": {"sum_sq": 28.494899845007627, "df": 1.0, "F": 0.09875979426594073, "pvalue": 0.7579572674528116}}, "5": {"Mouse_ID": {}, "Treatment": {"sum_sq": 905.2413831984904, "df": 2.0, "F": 2.7913873755206025, "pvalue": 0.09804221910653801, "tukey_hsd": {"groups": ["A12", "B1-8", "PBS"], "pvalues": [[1.0, 0.10926687823977721, 0.9733796701815787], [0.10926687823977721, 1.0, 0.18062280222659377], [0.9733796701815787, 0.18062280222659377, 1.0]]}}, "Ig_treated": {"sum_sq": 123.29694556389185, "df": 1.0, "F": 0.5973107268870619, "pvalue": 0.45245758228021515}, "A12_treated": {"sum_sq": 325.7420501831877, "df": 1.0, "F": 1.6969289609278086, "pvalue": 0.213711434531507}, "Batch": {"sum_sq": 18.09562064155484, "df": 1.0, "F": 0.08458486832225084, "pvalue": 0.7754417102309397}, "Quant": {"sum_sq": 29.97682972442292, "df": 1.0, "F": 0.14067960058537482, "pvalue": 0.7132273290965792}}, "6": {"Mouse_ID": {}, "Treatment": {"sum_sq": 809.850058946843, "df": 2.0, "F": 2.4053627592133955, "pvalue": 0.12918179652698286, "tukey_hsd": {"groups": ["A12", "B1-8", "PBS"], "pvalues": [[1.0, 0.46443310989551057, 0.11255705585395548], [0.46443310989551057, 1.0, 0.6373984039227392], [0.11255705585395548, 0.6373984039227392, 1.0]]}}, "Ig_treated": {"sum_sq": 560.5153084921379, "df": 1.0, "F": 3.218988852433178, "pvalue": 0.09440628017557597}, "A12_treated": {"sum_sq": 667.189786870379, "df": 1.0, "F": 4.006949698804531, "pvalue": 0.06508155899671379}, "Batch": {"sum_sq": 49.59242237792247, "df": 1.0, "F": 0.2354567129493525, "pvalue": 0.6350122044156662}, "Quant": {"sum_sq": 607.6020960607748, "df": 1.0, "F": 3.558130633722616, "pvalue": 0.08017125629604795}}, "7": {"Mouse_ID": {}, "Treatment": {"sum_sq": 247.72152281915854, "df": 2.0, "F": 0.774733109858186, "pvalue": 0.48097875796154016, "tukey_hsd": {"groups": ["A12", "B1-8", "PBS"], "pvalues": [[1.0, 0.4657807232275729, 0.9488416156637981], [0.4657807232275729, 1.0, 0.6697464502637147], [0.9488416156637981, 0.6697464502637147, 1.0]]}}, "Ig_treated": {"sum_sq": 11.878469102957173, "df": 1.0, "F": 0.07185934741027541, "pvalue": 0.7925578122376989}, "A12_treated": {"sum_sq": 127.61690408170462, "df": 1.0, "F": 0.8126672980502782, "pvalue": 0.38257978557366584}, "Batch": {"sum_sq": 1.90366938090748, "df": 1.0, "F": 0.011466910982126448, "pvalue": 0.9162420121292989}, "Quant": {"sum_sq": 4.79855061305409, "df": 1.0, "F": 0.028940515627023978, "pvalue": 0.8673503539362075}}, "8": {"Mouse_ID": {}, "Treatment": {"sum_sq": 95.9160116354881, "df": 2.0, "F": 0.3435151710625595, "pvalue": 0.7155200285134992, "tukey_hsd": {"groups": ["A12", "B1-8", "PBS"], "pvalues": [[1.0, 0.8879951583579314, 0.9168170358617223], [0.8879951583579314, 1.0, 0.6929727918869052], [0.9168170358617223, 0.6929727918869052, 1.0]]}}, "Ig_treated": {"sum_sq": 65.54350909859743, "df": 1.0, "F": 0.4972690908379394, "pvalue": 0.49226907205190507}, "A12_treated": {"sum_sq": 0.22274664548779774, "df": 1.0, "F": 0.0016321700814020924, "pvalue": 0.9683446219698005}, "Batch": {"sum_sq": 1.431606585035256, "df": 1.0, "F": 0.010496700253501294, "pvalue": 0.9198498200009512}, "Quant": {"sum_sq": 310.6910964892708, "df": 1.0, "F": 2.7182933688406483, "pvalue": 0.12145404295956023}}, "9": {"Mouse_ID": {}, "Treatment": {"sum_sq": 503.8367932849295, "df": 2.0, "F": 2.8425714425089033, "pvalue": 0.09460302835857427, "tukey_hsd": {"groups": ["A12", "B1-8", "PBS"], "pvalues": [[1.0, 0.9995651243576358, 0.12612345740322728], [0.9995651243576358, 1.0, 0.1400214471332042], [0.12612345740322728, 0.1400214471332042, 1.0]]}}, "Ig_treated": {"sum_sq": 503.76687147856603, "df": 1.0, "F": 6.1212404001245, "pvalue": 0.026771226634417354}, "A12_treated": {"sum_sq": 132.15536809423548, "df": 1.0, "F": 1.2141963025492073, "pvalue": 0.289086197232241}, "Batch": {"sum_sq": 1.5741409768734722, "df": 1.0, "F": 0.013321090518056524, "pvalue": 0.9097536930274007}, "Quant": {"sum_sq": 77.26631490149157, "df": 1.0, "F": 0.6852128970368023, "pvalue": 0.42168431506652215}}, "10": {"Mouse_ID": {}, "Treatment": {"sum_sq": 58.142449301744485, "df": 2.0, "F": 0.2790823159618616, "pvalue": 0.7608970843112717, "tukey_hsd": {"groups": ["A12", "B1-8", "PBS"], "pvalues": [[1.0, 0.824177592114484, 0.783702610626541], [0.824177592114484, 1.0, 0.9971914181321726], [0.783702610626541, 0.9971914181321726, 1.0]]}}, "Ig_treated": {"sum_sq": 21.02757600190582, "df": 1.0, "F": 0.2115923890527528, "pvalue": 0.6525848191213114}, "A12_treated": {"sum_sq": 57.610932134749085, "df": 1.0, "F": 0.5953716462868999, "pvalue": 0.4531772636548377}, "Batch": {"sum_sq": 7.553942927131085, "df": 1.0, "F": 0.07528334954008303, "pvalue": 0.7878011763227617}, "Quant": {"sum_sq": 3.599133476419863, "df": 1.0, "F": 0.03576862466720586, "pvalue": 0.8527084895634572}}}