{"1": {"Mouse_ID": {}, "Treatment": {"sum_sq": 578.9311850672509, "df": 2.0, "F": 0.25224381088661785, "pvalue": 0.7807717076489086, "tukey_hsd": {"groups": ["A12", "B1-8", "PBS"], "pvalues": [[1.0, 0.7720371415103421, 0.983613309978755], [0.7720371415103421, 1.0, 0.8739964457126559], [0.983613309978755, 0.8739964457126559, 1.0]]}}, "Ig_treated": {"sum_sq": 28.939234522089826, "df": 1.0, "F": 0.02619221850087025, "pvalue": 0.8737442529844781}, "A12_treated": {"sum_sq": 295.5129806329565, "df": 1.0, "F": 0.27215197056471674, "pvalue": 0.6100465138914224}, "TMT": {"sum_sq": 125.6933206742802, "df": 1.0, "F": 0.11447811881962708, "pvalue": 0.7401228888758589}, "Quant": {"sum_sq": 11.31637452616566, "df": 1.0, "F": 0.010230528114833097, "pvalue": 0.9208688033189294}}, "2": {"Mouse_ID": {}, "Treatment": {"sum_sq": 2985.11544122447, "df": 2.0, "F": 2.3397348457374716, "pvalue": 0.13554445936727552, "tukey_hsd": {"groups": ["A12", "B1-8", "PBS"], "pvalues": [[1.0, 0.12448277152385034, 0.8359553673461867], [0.12448277152385034, 1.0, 0.3323955365308068], [0.8359553673461867, 0.3323955365308068, 1.0]]}}, "Ig_treated": {"sum_sq": 121.53821924105998, "df": 1.0, "F": 0.15251507367032108, "pvalue": 0.702021273735638}, "A12_treated": {"sum_sq": 1590.2712777364084, "df": 1.0, "F": 2.298134155043722, "pvalue": 0.15177977107775695}, "TMT": {"sum_sq": 378.77440310476, "df": 1.0, "F": 0.4865319033903799, "pvalue": 0.4968997305394882}, "Quant": {"sum_sq": 383.4521370310119, "df": 1.0, "F": 0.4927518840981596, "pvalue": 0.4942079345961783}}, "3": {"Mouse_ID": {}, "Treatment": {"sum_sq": 3509.662192692026, "df": 2.0, "F": 4.461959562356763, "pvalue": 0.03347060375107411, "tukey_hsd": {"groups": ["A12", "B1-8", "PBS"], "pvalues": [[1.0, 0.6709363261213248, 0.02890649339451823], [0.6709363261213248, 1.0, 0.15472763195321504], [0.02890649339451823, 0.15472763195321504, 1.0]]}}, "Ig_treated": {"sum_sq": 3215.560619745488, "df": 1.0, "F": 8.32610187601556, "pvalue": 0.011980407275421398}, "A12_treated": {"sum_sq": 1957.0666739064595, "df": 1.0, "F": 4.11066562090613, "pvalue": 0.062091590482691326}, "TMT": {"sum_sq": 3.226324343266609, "df": 1.0, "F": 0.0052404757092632615, "pvalue": 0.9433146935171887}, "Quant": {"sum_sq": 3452.8767595456898, "df": 1.0, "F": 9.351022324633588, "pvalue": 0.00851449912329636}}, "4": {"Mouse_ID": {}, "Treatment": {"sum_sq": 36.772465228965274, "df": 2.0, "F": 0.04462538505380854, "pvalue": 0.9565015247073735, "tukey_hsd": {"groups": ["A12", "B1-8", "PBS"], "pvalues": [[1.0, 0.9539648344882088, 0.9812562327089596], [0.9539648344882088, 1.0, 0.9941757526367139], [0.9812562327089596, 0.9941757526367139, 1.0]]}}, "Ig_treated": {"sum_sq": 1.4176281129945496, "df": 1.0, "F": 0.0036811114602803862, "pvalue": 0.9524779179977164}, "A12_treated": {"sum_sq": 32.40515543771108, "df": 1.0, "F": 0.08463189161014606, "pvalue": 0.7753811563313663}, "TMT": {"sum_sq": 3.8871844277302996, "df": 1.0, "F": 0.010098358128764327, "pvalue": 0.9213797678381965}, "Quant": {"sum_sq": 38.67629117172033, "df": 1.0, "F": 0.1011283976807836, "pvalue": 0.7551736267768702}}, "5": {"Mouse_ID": {}, "Treatment": {"sum_sq": 988.606169322713, "df": 2.0, "F": 2.0762082249245317, "pvalue": 0.16501265746919702, "tukey_hsd": {"groups": ["A12", "B1-8", "PBS"], "pvalues": [[1.0, 0.8925031889034942, 0.15738855383960182], [0.8925031889034942, 1.0, 0.34308887165144564], [0.15738855383960182, 0.34308887165144564, 1.0]]}}, "Ig_treated": {"sum_sq": 939.0395707651463, "df": 1.0, "F": 4.18067204503386, "pvalue": 0.06016541988250242}, "A12_treated": {"sum_sq": 484.3174136332576, "df": 1.0, "F": 1.8838097236649745, "pvalue": 0.1914911241281345}, "TMT": {"sum_sq": 132.69074751557142, "df": 1.0, "F": 0.4701830174198289, "pvalue": 0.5041002092517348}, "Quant": {"sum_sq": 893.9266288812503, "df": 1.0, "F": 3.923538303984844, "pvalue": 0.06761090232029066}}, "6": {"Mouse_ID": {}, "Treatment": {"sum_sq": 1310.9709950915337, "df": 2.0, "F": 3.1615939588645934, "pvalue": 0.07605359310878713, "tukey_hsd": {"groups": ["A12", "B1-8", "PBS"], "pvalues": [[1.0, 0.06498620874691585, 0.6799473435389529], [0.06498620874691585, 1.0, 0.29079835519087416], [0.6799473435389529, 0.29079835519087416, 1.0]]}}, "Ig_treated": {"sum_sq": 21.08484092529965, "df": 1.0, "F": 0.07407204361564715, "pvalue": 0.7894703262360062}, "A12_treated": {"sum_sq": 796.9555239615369, "df": 1.0, "F": 3.476605335247129, "pvalue": 0.08334327429095764}, "TMT": {"sum_sq": 7.287621146602566, "df": 1.0, "F": 0.02551342619110489, "pvalue": 0.8753759687642451}, "Quant": {"sum_sq": 2.103673567341258, "df": 1.0, "F": 0.007355271736924437, "pvalue": 0.9328693754269062}}, "7": {"Mouse_ID": {}, "Treatment": {"sum_sq": 383.1233038786793, "df": 2.0, "F": 0.9035693142246108, "pvalue": 0.42911072030207476, "tukey_hsd": {"groups": ["A12", "B1-8", "PBS"], "pvalues": [[1.0, 0.40408071557372904, 0.9024184008330826], [0.40408071557372904, 1.0, 0.6744434217887141], [0.9024184008330826, 0.6744434217887141, 1.0]]}}, "Ig_treated": {"sum_sq": 7.849800275608506, "df": 1.0, "F": 0.035095848571967514, "pvalue": 0.854082862134002}, "A12_treated": {"sum_sq": 226.7226378096956, "df": 1.0, "F": 1.0898360366479507, "pvalue": 0.3141994036463535}, "TMT": {"sum_sq": 4.18572031946128, "df": 1.0, "F": 0.01869215884880371, "pvalue": 0.8931993302186483}, "Quant": {"sum_sq": 19.91695614084432, "df": 1.0, "F": 0.08939165262333792, "pvalue": 0.7693441802913857}}, "8": {"Mouse_ID": {}, "Treatment": {"sum_sq": 158.74099498365, "df": 2.0, "F": 0.4276014008157982, "pvalue": 0.660918676201872, "tukey_hsd": {"groups": ["A12", "B1-8", "PBS"], "pvalues": [[1.0, 0.8812057729488093, 0.8797943226648272], [0.8812057729488093, 1.0, 0.634869283921965], [0.8797943226648272, 0.634869283921965, 1.0]]}}, "Ig_treated": {"sum_sq": 115.72320624532588, "df": 1.0, "F": 0.659646218542956, "pvalue": 0.4302791870162922}, "A12_treated": {"sum_sq": 0.0006025856783708814, "df": 1.0, "F": 3.280303843664689e-06, "pvalue": 0.9985804583490194}, "TMT": {"sum_sq": 1.5873123273443694, "df": 1.0, "F": 0.008646208139802053, "pvalue": 0.9272330448195049}, "Quant": {"sum_sq": 433.0477154273588, "df": 1.0, "F": 2.8347090998325712, "pvalue": 0.11440317116102101}}, "9": {"Mouse_ID": {}, "Treatment": {"sum_sq": 672.3903218771716, "df": 2.0, "F": 2.813573238518875, "pvalue": 0.09653407664234682, "tukey_hsd": {"groups": ["A12", "B1-8", "PBS"], "pvalues": [[1.0, 0.9999999602215801, 0.1257167428574627], [0.9999999602215801, 1.0, 0.145843836312037], [0.1257167428574627, 0.145843836312037, 1.0]]}}, "Ig_treated": {"sum_sq": 672.3903132559268, "df": 1.0, "F": 6.0600037870152175, "pvalue": 0.027418917585176214}, "A12_treated": {"sum_sq": 183.31136559848068, "df": 1.0, "F": 1.2565070936602345, "pvalue": 0.28117355434206837}, "TMT": {"sum_sq": 4.1071931951164675, "df": 1.0, "F": 0.025881875601970243, "pvalue": 0.8744875410851577}, "Quant": {"sum_sq": 95.285641162479, "df": 1.0, "F": 0.6261493003178591, "pvalue": 0.4419718079380561}}, "10": {"Mouse_ID": {}, "Treatment": {"sum_sq": 59.70643972437556, "df": 2.0, "F": 0.20996737191082404, "pvalue": 0.8133063513244928, "tukey_hsd": {"groups": ["A12", "B1-8", "PBS"], "pvalues": [[1.0, 0.8431356176184287, 0.8508685729116734], [0.8431356176184287, 1.0, 0.999880212441091], [0.8508685729116734, 0.999880212441091, 1.0]]}}, "Ig_treated": {"sum_sq": 15.088199110048139, "df": 1.0, "F": 0.11158956172584401, "pvalue": 0.7432928584536824}, "A12_treated": {"sum_sq": 59.67554597833623, "df": 1.0, "F": 0.4519958616181038, "pvalue": 0.5123324092687651}, "TMT": {"sum_sq": 46.88845843107002, "df": 1.0, "F": 0.35270360597351935, "pvalue": 0.5620606301681004}, "Quant": {"sum_sq": 4.497923346910441, "df": 1.0, "F": 0.03308074663112345, "pvalue": 0.8582831888972611}}}