{"1": {"Mouse_ID": {}, "Treatment": {"sum_sq": 421.26994747330315, "df": 2.0, "F": 0.24279818079254084, "pvalue": 0.787908474922524, "tukey_hsd": {"groups": ["A12", "B1-8", "PBS"], "pvalues": [[1.0, 0.7827087227422287, 0.9883200979765195], [0.7827087227422287, 1.0, 0.8703034393701303], [0.9883200979765195, 0.8703034393701303, 1.0]]}}, "Ig_treated": {"sum_sq": 27.991169301518024, "df": 1.0, "F": 0.03357640489590691, "pvalue": 0.8572380031603041}, "A12_treated": {"sum_sq": 200.19963392648773, "df": 1.0, "F": 0.24374302559468994, "pvalue": 0.629170687762977}, "Batch": {"sum_sq": 70.97758812813986, "df": 1.0, "F": 0.08545488684942723, "pvalue": 0.7743243057135402}, "Quant": {"sum_sq": 5.083621266356827, "df": 1.0, "F": 0.0060860394979445846, "pvalue": 0.9389216889279062}}, "2": {"Mouse_ID": {}, "Treatment": {"sum_sq": 2389.952675167945, "df": 2.0, "F": 2.5355515676771154, "pvalue": 0.1175523919790395, "tukey_hsd": {"groups": ["A12", "B1-8", "PBS"], "pvalues": [[1.0, 0.10624225114541064, 0.8054582462852857], [0.10624225114541064, 1.0, 0.31697161472761193], [0.8054582462852857, 0.31697161472761193, 1.0]]}}, "Ig_treated": {"sum_sq": 82.95905712512744, "df": 1.0, "F": 0.13771188139351323, "pvalue": 0.7161216920291626}, "A12_treated": {"sum_sq": 1310.767786614138, "df": 1.0, "F": 2.5466157364915336, "pvalue": 0.13285009281395585}, "Batch": {"sum_sq": 233.58798864225943, "df": 1.0, "F": 0.39480698760762356, "pvalue": 0.5398993306382255}, "Quant": {"sum_sq": 275.3097293659142, "df": 1.0, "F": 0.46768014831087845, "pvalue": 0.5052189568073443}}, "3": {"Mouse_ID": {}, "Treatment": {"sum_sq": 2734.8525397457706, "df": 2.0, "F": 4.572472003587556, "pvalue": 0.03135790048990505, "tukey_hsd": {"groups": ["A12", "B1-8", "PBS"], "pvalues": [[1.0, 0.6912880949208957, 0.027469696438409907], [0.6912880949208957, 1.0, 0.14049270264960723], [0.027469696438409907, 0.14049270264960723, 1.0]]}}, "Ig_treated": {"sum_sq": 2528.4675089295392, "df": 1.0, "F": 8.64619961681055, "pvalue": 0.010747269972771591}, "A12_treated": {"sum_sq": 1483.1241954669263, "df": 1.0, "F": 4.040062783535431, "pvalue": 0.06410874191897098}, "Batch": {"sum_sq": 2.462375075732774, "df": 1.0, "F": 0.0052073443673209645, "pvalue": 0.9434938316056436}, "Quant": {"sum_sq": 2726.4197222975786, "df": 1.0, "F": 9.796784001770817, "pvalue": 0.007379475242576611}}, "4": {"Mouse_ID": {}, "Treatment": {"sum_sq": 32.678368444305356, "df": 2.0, "F": 0.05263913532298124, "pvalue": 0.948923462208987, "tukey_hsd": {"groups": ["A12", "B1-8", "PBS"], "pvalues": [[1.0, 0.94492803534122, 0.9810465459825146], [0.94492803534122, 1.0, 0.9908609159976782], [0.9810465459825146, 0.9908609159976782, 1.0]]}}, "Ig_treated": {"sum_sq": 0.638849798366109, "df": 1.0, "F": 0.002199009665613603, "pvalue": 0.963260400072086}, "A12_treated": {"sum_sq": 27.505516675619003, "df": 1.0, "F": 0.09530737067902827, "pvalue": 0.7620815185515787}, "Batch": {"sum_sq": 1.4163756786063462, "df": 1.0, "F": 0.004876293841854052, "pvalue": 0.9453162494288408}, "Quant": {"sum_sq": 28.49489984500884, "df": 1.0, "F": 0.09875979426594508, "pvalue": 0.7579572674528079}}, "5": {"Mouse_ID": {}, "Treatment": {"sum_sq": 905.2413831985087, "df": 2.0, "F": 2.791387375520689, "pvalue": 0.09804221910653214, "tukey_hsd": {"groups": ["A12", "B1-8", "PBS"], "pvalues": [[1.0, 0.10926687823976367, 0.973379670181553], [0.10926687823976367, 1.0, 0.18062280222660354], [0.973379670181553, 0.18062280222660354, 1.0]]}}, "Ig_treated": {"sum_sq": 123.29694556386667, "df": 1.0, "F": 0.5973107268869357, "pvalue": 0.45245758228026267}, "A12_treated": {"sum_sq": 325.7420501832331, "df": 1.0, "F": 1.6969289609280764, "pvalue": 0.21371143453147295}, "Batch": {"sum_sq": 18.095620641551996, "df": 1.0, "F": 0.08458486832223759, "pvalue": 0.775441710230958}, "Quant": {"sum_sq": 29.97682972440986, "df": 1.0, "F": 0.1406796005853131, "pvalue": 0.7132273290966391}}, "6": {"Mouse_ID": {}, "Treatment": {"sum_sq": 809.8500589468256, "df": 2.0, "F": 2.4053627592133213, "pvalue": 0.12918179652698988, "tukey_hsd": {"groups": ["A12", "B1-8", "PBS"], "pvalues": [[1.0, 0.46443310989556996, 0.11255705585395925], [0.46443310989556996, 1.0, 0.6373984039226891], [0.11255705585395925, 0.6373984039226891, 1.0]]}}, "Ig_treated": {"sum_sq": 560.5153084921627, "df": 1.0, "F": 3.218988852433348, "pvalue": 0.09440628017556803}, "A12_treated": {"sum_sq": 667.1897868703346, "df": 1.0, "F": 4.006949698804183, "pvalue": 0.06508155899672409}, "Batch": {"sum_sq": 49.59242237792572, "df": 1.0, "F": 0.2354567129493679, "pvalue": 0.6350122044156548}, "Quant": {"sum_sq": 607.6020960607873, "df": 1.0, "F": 3.558130633722703, "pvalue": 0.0801712562960445}}, "7": {"Mouse_ID": {}, "Treatment": {"sum_sq": 247.72152281915697, "df": 2.0, "F": 0.7747331098581829, "pvalue": 0.4809787579615417, "tukey_hsd": {"groups": ["A12", "B1-8", "PBS"], "pvalues": [[1.0, 0.4657807232275749, 0.9488416156638], [0.4657807232275749, 1.0, 0.6697464502637132], [0.9488416156638, 0.6697464502637132, 1.0]]}}, "Ig_treated": {"sum_sq": 11.878469102957556, "df": 1.0, "F": 0.07185934741027795, "pvalue": 0.7925578122376924}, "A12_treated": {"sum_sq": 127.61690408170277, "df": 1.0, "F": 0.8126672980502684, "pvalue": 0.38257978557366884}, "Batch": {"sum_sq": 1.9036693809075822, "df": 1.0, "F": 0.0114669109821271, "pvalue": 0.9162420121292933}, "Quant": {"sum_sq": 4.798550613053581, "df": 1.0, "F": 0.02894051562702099, "pvalue": 0.8673503539362146}}, "8": {"Mouse_ID": {}, "Treatment": {"sum_sq": 95.91601163548579, "df": 2.0, "F": 0.34351517106255053, "pvalue": 0.7155200285135052, "tukey_hsd": {"groups": ["A12", "B1-8", "PBS"], "pvalues": [[1.0, 0.8879951583579331, 0.9168170358617254], [0.8879951583579331, 1.0, 0.6929727918869117], [0.9168170358617254, 0.6929727918869117, 1.0]]}}, "Ig_treated": {"sum_sq": 65.54350909859552, "df": 1.0, "F": 0.49726909083792414, "pvalue": 0.4922690720519115}, "A12_treated": {"sum_sq": 0.2227466454878249, "df": 1.0, "F": 0.0016321700814022908, "pvalue": 0.9683446219698005}, "Batch": {"sum_sq": 1.4316065850351776, "df": 1.0, "F": 0.010496700253500715, "pvalue": 0.9198498200009512}, "Quant": {"sum_sq": 310.69109648927036, "df": 1.0, "F": 2.7182933688406417, "pvalue": 0.12145404295956065}}, "9": {"Mouse_ID": {}, "Treatment": {"sum_sq": 503.8367932849324, "df": 2.0, "F": 2.8425714425089175, "pvalue": 0.0946030283585734, "tukey_hsd": {"groups": ["A12", "B1-8", "PBS"], "pvalues": [[1.0, 0.9995651243576359, 0.1261234574032264], [0.9995651243576359, 1.0, 0.1400214471332033], [0.1261234574032264, 0.1400214471332033, 1.0]]}}, "Ig_treated": {"sum_sq": 503.7668714785691, "df": 1.0, "F": 6.121240400124532, "pvalue": 0.026771226634417025}, "A12_treated": {"sum_sq": 132.15536809423648, "df": 1.0, "F": 1.2141963025492142, "pvalue": 0.2890861972322399}, "Batch": {"sum_sq": 1.5741409768734964, "df": 1.0, "F": 0.013321090518056699, "pvalue": 0.9097536930274007}, "Quant": {"sum_sq": 77.26631490149327, "df": 1.0, "F": 0.6852128970368166, "pvalue": 0.42168431506651705}}, "10": {"Mouse_ID": {}, "Treatment": {"sum_sq": 58.14244930174378, "df": 2.0, "F": 0.27908231596185723, "pvalue": 0.7608970843112751, "tukey_hsd": {"groups": ["A12", "B1-8", "PBS"], "pvalues": [[1.0, 0.8241775921144873, 0.7837026106265434], [0.8241775921144873, 1.0, 0.9971914181321725], [0.7837026106265434, 0.9971914181321725, 1.0]]}}, "Ig_treated": {"sum_sq": 21.027576001905743, "df": 1.0, "F": 0.2115923890527514, "pvalue": 0.6525848191213114}, "A12_treated": {"sum_sq": 57.610932134748374, "df": 1.0, "F": 0.5953716462868904, "pvalue": 0.4531772636548409}, "Batch": {"sum_sq": 7.553942927131394, "df": 1.0, "F": 0.07528334954008589, "pvalue": 0.7878011763227574}, "Quant": {"sum_sq": 3.5991334764198943, "df": 1.0, "F": 0.03576862466720607, "pvalue": 0.8527084895634572}}}