{"1": {"Mouse_ID": {}, "Treatment": {"sum_sq": 578.9311850672494, "df": 2.0, "F": 0.25224381088661674, "pvalue": 0.7807717076489098, "tukey_hsd": {"groups": ["A12", "B1-8", "PBS"], "pvalues": [[1.0, 0.7720371415103431, 0.9836133099787552], [0.7720371415103431, 1.0, 0.8739964457126561], [0.9836133099787552, 0.8739964457126561, 1.0]]}}, "Ig_treated": {"sum_sq": 28.93923452209011, "df": 1.0, "F": 0.026192218500870456, "pvalue": 0.8737442529844781}, "A12_treated": {"sum_sq": 295.5129806329552, "df": 1.0, "F": 0.27215197056471496, "pvalue": 0.6100465138914234}, "TMT": {"sum_sq": 125.6933206742804, "df": 1.0, "F": 0.11447811881962704, "pvalue": 0.7401228888758589}, "Quant": {"sum_sq": 11.316374526165617, "df": 1.0, "F": 0.01023052811483304, "pvalue": 0.9208688033189294}}, "2": {"Mouse_ID": {}, "Treatment": {"sum_sq": 2985.1154412244787, "df": 2.0, "F": 2.3397348457374787, "pvalue": 0.13554445936727486, "tukey_hsd": {"groups": ["A12", "B1-8", "PBS"], "pvalues": [[1.0, 0.12448277152384912, 0.8359553673461817], [0.12448277152384912, 1.0, 0.3323955365308089], [0.8359553673461817, 0.3323955365308089, 1.0]]}}, "Ig_treated": {"sum_sq": 121.53821924105522, "df": 1.0, "F": 0.15251507367031494, "pvalue": 0.7020212737356439}, "A12_treated": {"sum_sq": 1590.2712777364247, "df": 1.0, "F": 2.2981341550437486, "pvalue": 0.1517797710777549}, "TMT": {"sum_sq": 378.7744031047609, "df": 1.0, "F": 0.4865319033903808, "pvalue": 0.4968997305394882}, "Quant": {"sum_sq": 383.45213703100205, "df": 1.0, "F": 0.4927518840981463, "pvalue": 0.49420793459618473}}, "3": {"Mouse_ID": {}, "Treatment": {"sum_sq": 3509.6621926920325, "df": 2.0, "F": 4.461959562356756, "pvalue": 0.033470603751074274, "tukey_hsd": {"groups": ["A12", "B1-8", "PBS"], "pvalues": [[1.0, 0.6709363261213293, 0.02890649339451845], [0.6709363261213293, 1.0, 0.15472763195321382], [0.02890649339451845, 0.15472763195321382, 1.0]]}}, "Ig_treated": {"sum_sq": 3215.560619745504, "df": 1.0, "F": 8.326101876015583, "pvalue": 0.0119804072754213}, "A12_treated": {"sum_sq": 1957.0666739064568, "df": 1.0, "F": 4.110665620906107, "pvalue": 0.06209159048269197}, "TMT": {"sum_sq": 3.2263243432663424, "df": 1.0, "F": 0.005240475709262812, "pvalue": 0.9433146935171887}, "Quant": {"sum_sq": 3452.876759545709, "df": 1.0, "F": 9.351022324633629, "pvalue": 0.008514499123296252}}, "4": {"Mouse_ID": {}, "Treatment": {"sum_sq": 36.77246522896444, "df": 2.0, "F": 0.0446253850538074, "pvalue": 0.9565015247073748, "tukey_hsd": {"groups": ["A12", "B1-8", "PBS"], "pvalues": [[1.0, 0.9539648344882098, 0.9812562327089605], [0.9539648344882098, 1.0, 0.9941757526367138], [0.9812562327089605, 0.9941757526367138, 1.0]]}}, "Ig_treated": {"sum_sq": 1.4176281129944122, "df": 1.0, "F": 0.00368111146028002, "pvalue": 0.9524779179977365}, "A12_treated": {"sum_sq": 32.40515543771012, "df": 1.0, "F": 0.08463189161014333, "pvalue": 0.7753811563313683}, "TMT": {"sum_sq": 3.887184427730372, "df": 1.0, "F": 0.01009835812876449, "pvalue": 0.9213797678381965}, "Quant": {"sum_sq": 38.676291171719576, "df": 1.0, "F": 0.10112839768078134, "pvalue": 0.755173626776872}}, "5": {"Mouse_ID": {}, "Treatment": {"sum_sq": 988.6061693227356, "df": 2.0, "F": 2.0762082249245988, "pvalue": 0.1650126574691887, "tukey_hsd": {"groups": ["A12", "B1-8", "PBS"], "pvalues": [[1.0, 0.8925031889033817, 0.15738855383957806], [0.8925031889033817, 1.0, 0.34308887165151736], [0.15738855383957806, 0.34308887165151736, 1.0]]}}, "Ig_treated": {"sum_sq": 939.0395707651139, "df": 1.0, "F": 4.18067204503368, "pvalue": 0.060165419882507225}, "A12_treated": {"sum_sq": 484.3174136333922, "df": 1.0, "F": 1.8838097236655722, "pvalue": 0.19149112412806849}, "TMT": {"sum_sq": 132.6907475155636, "df": 1.0, "F": 0.4701830174198012, "pvalue": 0.5041002092517475}, "Quant": {"sum_sq": 893.9266288812574, "df": 1.0, "F": 3.9235383039848912, "pvalue": 0.06761090232028923}}, "6": {"Mouse_ID": {}, "Treatment": {"sum_sq": 1310.9709950915058, "df": 2.0, "F": 3.1615939588645117, "pvalue": 0.0760535931087913, "tukey_hsd": {"groups": ["A12", "B1-8", "PBS"], "pvalues": [[1.0, 0.06498620874692274, 0.679947343539087], [0.06498620874692274, 1.0, 0.29079835519080954], [0.679947343539087, 0.29079835519080954, 1.0]]}}, "Ig_treated": {"sum_sq": 21.08484092532886, "df": 1.0, "F": 0.07407204361575062, "pvalue": 0.7894703262358627}, "A12_treated": {"sum_sq": 796.9555239614053, "df": 1.0, "F": 3.4766053352464286, "pvalue": 0.08334327429098554}, "TMT": {"sum_sq": 7.287621146609036, "df": 1.0, "F": 0.025513426191127682, "pvalue": 0.8753759687641922}, "Quant": {"sum_sq": 2.103673567332343, "df": 1.0, "F": 0.00735527173689328, "pvalue": 0.932869375427055}}, "7": {"Mouse_ID": {}, "Treatment": {"sum_sq": 383.123303878678, "df": 2.0, "F": 0.9035693142246101, "pvalue": 0.4291107203020751, "tukey_hsd": {"groups": ["A12", "B1-8", "PBS"], "pvalues": [[1.0, 0.40408071557372993, 0.9024184008330871], [0.40408071557372993, 1.0, 0.674443421788709], [0.9024184008330871, 0.674443421788709, 1.0]]}}, "Ig_treated": {"sum_sq": 7.849800275609382, "df": 1.0, "F": 0.03509584857197153, "pvalue": 0.8540828621339955}, "A12_treated": {"sum_sq": 226.72263780969158, "df": 1.0, "F": 1.0898360366479332, "pvalue": 0.31419940364635734}, "TMT": {"sum_sq": 4.185720319461324, "df": 1.0, "F": 0.01869215884880396, "pvalue": 0.8931993302186483}, "Quant": {"sum_sq": 19.916956140842675, "df": 1.0, "F": 0.08939165262333075, "pvalue": 0.7693441802913936}}, "8": {"Mouse_ID": {}, "Treatment": {"sum_sq": 158.74099498365274, "df": 2.0, "F": 0.42760140081580594, "pvalue": 0.6609186762018674, "tukey_hsd": {"groups": ["A12", "B1-8", "PBS"], "pvalues": [[1.0, 0.8812057729488095, 0.8797943226648227], [0.8812057729488095, 1.0, 0.6348692839219598], [0.8797943226648227, 0.6348692839219598, 1.0]]}}, "Ig_treated": {"sum_sq": 115.72320624532883, "df": 1.0, "F": 0.6596462185429732, "pvalue": 0.430279187016287}, "A12_treated": {"sum_sq": 0.0006025856783748925, "df": 1.0, "F": 3.280303843686522e-06, "pvalue": 0.9985804583490194}, "TMT": {"sum_sq": 1.587312327344217, "df": 1.0, "F": 0.008646208139801218, "pvalue": 0.927233044819518}, "Quant": {"sum_sq": 433.0477154273628, "df": 1.0, "F": 2.8347090998326006, "pvalue": 0.11440317116101928}}, "9": {"Mouse_ID": {}, "Treatment": {"sum_sq": 672.3903218771686, "df": 2.0, "F": 2.8135732385188623, "pvalue": 0.09653407664234762, "tukey_hsd": {"groups": ["A12", "B1-8", "PBS"], "pvalues": [[1.0, 0.9999999602215801, 0.12571674285746304], [0.9999999602215801, 1.0, 0.14584383631203923], [0.12571674285746304, 0.14584383631203923, 1.0]]}}, "Ig_treated": {"sum_sq": 672.3903132559236, "df": 1.0, "F": 6.060003787015187, "pvalue": 0.02741891758517656}, "A12_treated": {"sum_sq": 183.31136559848164, "df": 1.0, "F": 1.2565070936602432, "pvalue": 0.28117355434206664}, "TMT": {"sum_sq": 4.107193195116021, "df": 1.0, "F": 0.025881875601967454, "pvalue": 0.8744875410851615}, "Quant": {"sum_sq": 95.28564116247686, "df": 1.0, "F": 0.6261493003178451, "pvalue": 0.4419718079380609}}, "10": {"Mouse_ID": {}, "Treatment": {"sum_sq": 59.70643972437567, "df": 2.0, "F": 0.20996737191082468, "pvalue": 0.8133063513244916, "tukey_hsd": {"groups": ["A12", "B1-8", "PBS"], "pvalues": [[1.0, 0.8431356176184284, 0.8508685729116725], [0.8431356176184284, 1.0, 0.999880212441091], [0.8508685729116725, 0.999880212441091, 1.0]]}}, "Ig_treated": {"sum_sq": 15.088199110048242, "df": 1.0, "F": 0.11158956172584489, "pvalue": 0.7432928584536824}, "A12_treated": {"sum_sq": 59.67554597833642, "df": 1.0, "F": 0.45199586161810584, "pvalue": 0.5123324092687644}, "TMT": {"sum_sq": 46.88845843106902, "df": 1.0, "F": 0.352703605973512, "pvalue": 0.5620606301681048}, "Quant": {"sum_sq": 4.497923346910446, "df": 1.0, "F": 0.03308074663112352, "pvalue": 0.8582831888972611}}}