{"1": {"Mouse_ID": {}, "Treatment": {"sum_sq": 421.2699474733073, "df": 2.0, "F": 0.24279818079254317, "pvalue": 0.7879084749225223, "tukey_hsd": {"groups": ["A12", "B1-8", "PBS"], "pvalues": [[1.0, 0.782708722742227, 0.9883200979765195], [0.782708722742227, 1.0, 0.870303439370129], [0.9883200979765195, 0.870303439370129, 1.0]]}}, "Ig_treated": {"sum_sq": 27.99116930151857, "df": 1.0, "F": 0.03357640489590754, "pvalue": 0.8572380031603041}, "A12_treated": {"sum_sq": 200.19963392648933, "df": 1.0, "F": 0.2437430255946917, "pvalue": 0.6291706877629748}, "Batch": {"sum_sq": 70.97758812814006, "df": 1.0, "F": 0.08545488684942738, "pvalue": 0.7743243057135402}, "Quant": {"sum_sq": 5.083621266356501, "df": 1.0, "F": 0.006086039497944187, "pvalue": 0.9389216889279062}}, "2": {"Mouse_ID": {}, "Treatment": {"sum_sq": 2389.9526751679314, "df": 2.0, "F": 2.5355515676770994, "pvalue": 0.1175523919790408, "tukey_hsd": {"groups": ["A12", "B1-8", "PBS"], "pvalues": [[1.0, 0.10624225114541186, 0.8054582462852888], [0.10624225114541186, 1.0, 0.3169716147276125], [0.8054582462852888, 0.3169716147276125, 1.0]]}}, "Ig_treated": {"sum_sq": 82.95905712512877, "df": 1.0, "F": 0.13771188139351556, "pvalue": 0.7161216920291611}, "A12_treated": {"sum_sq": 1310.7677866141278, "df": 1.0, "F": 2.546615736491513, "pvalue": 0.13285009281395707}, "Batch": {"sum_sq": 233.58798864225756, "df": 1.0, "F": 0.39480698760762073, "pvalue": 0.5398993306382263}, "Quant": {"sum_sq": 275.30972936591724, "df": 1.0, "F": 0.4676801483108842, "pvalue": 0.5052189568073406}}, "3": {"Mouse_ID": {}, "Treatment": {"sum_sq": 2734.852539745777, "df": 2.0, "F": 4.572472003587554, "pvalue": 0.031357900489905124, "tukey_hsd": {"groups": ["A12", "B1-8", "PBS"], "pvalues": [[1.0, 0.6912880949208949, 0.027469696438409907], [0.6912880949208949, 1.0, 0.14049270264960767], [0.027469696438409907, 0.14049270264960767, 1.0]]}}, "Ig_treated": {"sum_sq": 2528.467508929545, "df": 1.0, "F": 8.646199616810543, "pvalue": 0.01074726997277162}, "A12_treated": {"sum_sq": 1483.1241954669317, "df": 1.0, "F": 4.040062783535435, "pvalue": 0.06410874191897098}, "Batch": {"sum_sq": 2.4623750757328517, "df": 1.0, "F": 0.005207344367321113, "pvalue": 0.9434938316056436}, "Quant": {"sum_sq": 2726.419722297586, "df": 1.0, "F": 9.796784001770815, "pvalue": 0.007379475242576611}}, "4": {"Mouse_ID": {}, "Treatment": {"sum_sq": 32.67836844430486, "df": 2.0, "F": 0.05263913532298043, "pvalue": 0.9489234622089885, "tukey_hsd": {"groups": ["A12", "B1-8", "PBS"], "pvalues": [[1.0, 0.9449280353412208, 0.9810465459825151], [0.9449280353412208, 1.0, 0.9908609159976782], [0.9810465459825151, 0.9908609159976782, 1.0]]}}, "Ig_treated": {"sum_sq": 0.6388497983660708, "df": 1.0, "F": 0.0021990096656134715, "pvalue": 0.963260400072086}, "A12_treated": {"sum_sq": 27.505516675618487, "df": 1.0, "F": 0.09530737067902646, "pvalue": 0.7620815185515806}, "Batch": {"sum_sq": 1.416375678606321, "df": 1.0, "F": 0.004876293841853966, "pvalue": 0.9453162494288408}, "Quant": {"sum_sq": 28.494899845008266, "df": 1.0, "F": 0.09875979426594308, "pvalue": 0.7579572674528098}}, "5": {"Mouse_ID": {}, "Treatment": {"sum_sq": 905.2413831985684, "df": 2.0, "F": 2.7913873755209484, "pvalue": 0.09804221910651434, "tukey_hsd": {"groups": ["A12", "B1-8", "PBS"], "pvalues": [[1.0, 0.10926687823972037, 0.9733796701814663], [0.10926687823972037, 1.0, 0.18062280222663962], [0.9733796701814663, 0.18062280222663962, 1.0]]}}, "Ig_treated": {"sum_sq": 123.29694556378097, "df": 1.0, "F": 0.5973107268865021, "pvalue": 0.4524575822804231}, "A12_treated": {"sum_sq": 325.74205018338586, "df": 1.0, "F": 1.6969289609289668, "pvalue": 0.21371143453135924}, "Batch": {"sum_sq": 18.095620641542276, "df": 1.0, "F": 0.08458486832219182, "pvalue": 0.7754417102310147}, "Quant": {"sum_sq": 29.976829724365853, "df": 1.0, "F": 0.1406796005851044, "pvalue": 0.7132273290968419}}, "6": {"Mouse_ID": {}, "Treatment": {"sum_sq": 809.8500589467678, "df": 2.0, "F": 2.405362759213089, "pvalue": 0.12918179652701187, "tukey_hsd": {"groups": ["A12", "B1-8", "PBS"], "pvalues": [[1.0, 0.4644331098957717, 0.11255705585397124], [0.4644331098957717, 1.0, 0.6373984039225141], [0.11255705585397124, 0.6373984039225141, 1.0]]}}, "Ig_treated": {"sum_sq": 560.5153084922488, "df": 1.0, "F": 3.2189888524339594, "pvalue": 0.09440628017553974}, "A12_treated": {"sum_sq": 667.1897868701832, "df": 1.0, "F": 4.006949698803017, "pvalue": 0.06508155899675876}, "Batch": {"sum_sq": 49.59242237793523, "df": 1.0, "F": 0.23545671294941403, "pvalue": 0.6350122044156215}, "Quant": {"sum_sq": 607.6020960608315, "df": 1.0, "F": 3.5581306337230307, "pvalue": 0.08017125629603211}}, "7": {"Mouse_ID": {}, "Treatment": {"sum_sq": 247.72152281915822, "df": 2.0, "F": 0.7747331098581838, "pvalue": 0.48097875796154094, "tukey_hsd": {"groups": ["A12", "B1-8", "PBS"], "pvalues": [[1.0, 0.46578072322757424, 0.9488416156637985], [0.46578072322757424, 1.0, 0.669746450263715], [0.9488416156637985, 0.669746450263715, 1.0]]}}, "Ig_treated": {"sum_sq": 11.878469102957228, "df": 1.0, "F": 0.07185934741027568, "pvalue": 0.7925578122376967}, "A12_treated": {"sum_sq": 127.61690408170422, "df": 1.0, "F": 0.8126672980502747, "pvalue": 0.38257978557366684}, "Batch": {"sum_sq": 1.903669380907475, "df": 1.0, "F": 0.011466910982126407, "pvalue": 0.9162420121292989}, "Quant": {"sum_sq": 4.798550613053767, "df": 1.0, "F": 0.028940515627022007, "pvalue": 0.8673503539362111}}, "8": {"Mouse_ID": {}, "Treatment": {"sum_sq": 95.9160116354886, "df": 2.0, "F": 0.343515171062561, "pvalue": 0.7155200285134975, "tukey_hsd": {"groups": ["A12", "B1-8", "PBS"], "pvalues": [[1.0, 0.8879951583579321, 0.9168170358617207], [0.8879951583579321, 1.0, 0.6929727918869036], [0.9168170358617207, 0.6929727918869036, 1.0]]}}, "Ig_treated": {"sum_sq": 65.5435090985982, "df": 1.0, "F": 0.4972690908379449, "pvalue": 0.49226907205190285}, "A12_treated": {"sum_sq": 0.22274664548776163, "df": 1.0, "F": 0.0016321700814018263, "pvalue": 0.9683446219698005}, "Batch": {"sum_sq": 1.4316065850351702, "df": 1.0, "F": 0.010496700253500657, "pvalue": 0.9198498200009512}, "Quant": {"sum_sq": 310.69109648927184, "df": 1.0, "F": 2.7182933688406554, "pvalue": 0.12145404295955979}}, "9": {"Mouse_ID": {}, "Treatment": {"sum_sq": 503.8367932849288, "df": 2.0, "F": 2.8425714425088993, "pvalue": 0.09460302835857466, "tukey_hsd": {"groups": ["A12", "B1-8", "PBS"], "pvalues": [[1.0, 0.9995651243576358, 0.12612345740322772], [0.9995651243576358, 1.0, 0.14002144713320464], [0.12612345740322772, 0.14002144713320464, 1.0]]}}, "Ig_treated": {"sum_sq": 503.7668714785654, "df": 1.0, "F": 6.121240400124492, "pvalue": 0.026771226634417458}, "A12_treated": {"sum_sq": 132.15536809423529, "df": 1.0, "F": 1.2141963025492057, "pvalue": 0.28908619723224127}, "Batch": {"sum_sq": 1.5741409768734442, "df": 1.0, "F": 0.013321090518056291, "pvalue": 0.9097536930274007}, "Quant": {"sum_sq": 77.26631490149084, "df": 1.0, "F": 0.6852128970367959, "pvalue": 0.4216843150665244}}, "10": {"Mouse_ID": {}, "Treatment": {"sum_sq": 58.14244930174459, "df": 2.0, "F": 0.27908231596186134, "pvalue": 0.7608970843112722, "tukey_hsd": {"groups": ["A12", "B1-8", "PBS"], "pvalues": [[1.0, 0.8241775921144845, 0.7837026106265413], [0.8241775921144845, 1.0, 0.9971914181321726], [0.7837026106265413, 0.9971914181321726, 1.0]]}}, "Ig_treated": {"sum_sq": 21.02757600190588, "df": 1.0, "F": 0.21159238905275282, "pvalue": 0.6525848191213114}, "A12_treated": {"sum_sq": 57.61093213474912, "df": 1.0, "F": 0.5953716462868984, "pvalue": 0.45317726365483835}, "Batch": {"sum_sq": 7.553942927131088, "df": 1.0, "F": 0.07528334954008284, "pvalue": 0.7878011763227617}, "Quant": {"sum_sq": 3.5991334764198943, "df": 1.0, "F": 0.03576862466720607, "pvalue": 0.8527084895634572}}}