{"1": {"Seqn": {}, "ID": {"sum_sq": 2.0073614884690344e+16, "df": 1.0, "F": 0.4511757412792033, "pvalue": 0.5113598733739193}, "Group": {"sum_sq": 6.52720176175755e+16, "df": 2.0, "F": 0.7343063219408712, "pvalue": 0.4963143506846735, "tukey_hsd": {"groups": ["A12", "B1-8", "PBS"], "pvalues": [[1.0, 0.4648567803673007, 0.8030335255247047], [0.4648567803673007, 1.0, 0.8349584257983196], [0.8030335255247047, 0.8349584257983196, 1.0]]}}, "Ig": {"sum_sq": 53424163365527.52, "df": 1.0, "F": 0.001167918730276097, "pvalue": 0.9731604575186776}, "Control": {"sum_sq": 5.0543836498688696e+16, "df": 1.0, "F": 1.1868261257448451, "pvalue": 0.29210749237322214}, "TMT": {"sum_sq": 1.8167833064672456e+16, "df": 1.0, "F": 0.36075095856304984, "pvalue": 0.5576884343690656}, "Tag": {"sum_sq": 3.4843099837113837e+17, "df": 8.0, "F": 0.8134548376750637, "pvalue": 0.6140014026678455, "tukey_hsd": {}}, "ID_metabo": {}, "Quant": {"sum_sq": 924005792897655.1, "df": 1.0, "F": 0.02022397353860807, "pvalue": 0.8886886848197881}}, "2": {"Seqn": {}, "ID": {"sum_sq": 256188523824860.7, "df": 1.0, "F": 0.011245599430182537, "pvalue": 0.9168646124915661}, "Group": {"sum_sq": 1.234271120631279e+17, "df": 2.0, "F": 3.835861500371686, "pvalue": 0.04513885015944579, "tukey_hsd": {"groups": ["A12", "B1-8", "PBS"], "pvalues": [[1.0, 0.03781518360347391, 0.5608706695480832], [0.03781518360347391, 1.0, 0.23803169436721872], [0.5608706695480832, 0.23803169436721872, 1.0]]}}, "Ig": {"sum_sq": 2287533485173888.5, "df": 1.0, "F": 0.10097584069065933, "pvalue": 0.7547712513373415}, "Control": {"sum_sq": 7.701014847820251e+16, "df": 1.0, "F": 4.282123678511601, "pvalue": 0.05506597102941516}, "TMT": {"sum_sq": 5.025578364813825e+16, "df": 1.0, "F": 3.2247642595150117, "pvalue": 0.09413956575489346}, "Tag": {"sum_sq": 2.0159389033394304e+17, "df": 8.0, "F": 2.638960185139005, "pvalue": 0.10928666465261713, "tukey_hsd": {}}, "ID_metabo": {}, "Quant": {"sum_sq": 1156630629324771.0, "df": 1.0, "F": 0.05089695665736966, "pvalue": 0.8243662408451671}}, "3": {"Seqn": {}, "ID": {"sum_sq": 3209572667998353.0, "df": 1.0, "F": 0.3879118294234397, "pvalue": 0.542175221042521}, "Group": {"sum_sq": 1.7283161733865464e+16, "df": 2.0, "F": 1.095627639539331, "pvalue": 0.3596478949708907, "tukey_hsd": {"groups": ["A12", "B1-8", "PBS"], "pvalues": [[1.0, 0.3740434512480114, 0.9700518884062593], [0.3740434512480114, 1.0, 0.5006620691654688], [0.9700518884062593, 0.5006620691654688, 1.0]]}}, "Ig": {"sum_sq": 2191817402662461.5, "df": 1.0, "F": 0.2628839832613169, "pvalue": 0.6151512663843932}, "Control": {"sum_sq": 6885689230300060.0, "df": 1.0, "F": 0.8559799994225752, "pvalue": 0.36861084441220876}, "TMT": {"sum_sq": 1280724178537820.8, "df": 1.0, "F": 0.18741970708318317, "pvalue": 0.671667967726683}, "Tag": {"sum_sq": 6.282447609908261e+16, "df": 8.0, "F": 1.6109018760431888, "pvalue": 0.27175273969388436, "tukey_hsd": {}}, "ID_metabo": {}, "Quant": {"sum_sq": 1.1557255302195724e+16, "df": 1.0, "F": 1.4908269764026272, "pvalue": 0.23977634464335168}}, "4": {"Seqn": {}, "ID": {"sum_sq": 4596993580195831.0, "df": 1.0, "F": 1.0955492843511707, "pvalue": 0.31080039019839256}, "Group": {"sum_sq": 6596095095594358.0, "df": 2.0, "F": 0.759476601422286, "pvalue": 0.4850824043829655, "tukey_hsd": {"groups": ["A12", "B1-8", "PBS"], "pvalues": [[1.0, 0.9563448885521711, 0.6510161496151715], [0.9563448885521711, 1.0, 0.48197018025038296], [0.6510161496151715, 0.48197018025038296, 1.0]]}}, "Ig": {"sum_sq": 6243399184526104.0, "df": 1.0, "F": 1.5253240704423894, "pvalue": 0.2346452190755531}, "Control": {"sum_sq": 540258496031889.5, "df": 1.0, "F": 0.12141707938779804, "pvalue": 0.7320452856464983}, "TMT": {"sum_sq": 8405199802756382.0, "df": 1.0, "F": 1.8727939544709589, "pvalue": 0.19271637477147785}, "Tag": {"sum_sq": 2.0176798838884212e+16, "df": 8.0, "F": 0.345755983093498, "pvalue": 0.9200400785581281, "tukey_hsd": {}}, "ID_metabo": {}, "Quant": {"sum_sq": 2257205375497533.0, "df": 1.0, "F": 0.5198179791904448, "pvalue": 0.481322141092264}}, "5": {"Seqn": {}, "ID": {"sum_sq": 3302667415020272.0, "df": 1.0, "F": 1.9139809865112143, "pvalue": 0.18552168060112997}, "Group": {"sum_sq": 5353688172741379.0, "df": 2.0, "F": 1.5710556631826547, "pvalue": 0.2401738588670626, "tukey_hsd": {"groups": ["A12", "B1-8", "PBS"], "pvalues": [[1.0, 0.2664748936731749, 0.3524029236666789], [0.2664748936731749, 1.0, 0.9790350722849257], [0.3524029236666789, 0.9790350722849257, 1.0]]}}, "Ig": {"sum_sq": 861221928838547.0, "df": 1.0, "F": 0.458550675065541, "pvalue": 0.5079755658805164}, "Control": {"sum_sq": 5288109841041598.0, "df": 1.0, "F": 3.3020585052576896, "pvalue": 0.08797026417257078}, "TMT": {"sum_sq": 431387032998179.2, "df": 1.0, "F": 0.21134955537587538, "pvalue": 0.6527697512815975}, "Tag": {"sum_sq": 2.155043839327613e+16, "df": 8.0, "F": 2.52890398246059, "pvalue": 0.11942781864223234, "tukey_hsd": {}}, "ID_metabo": {}, "Quant": {"sum_sq": 2243207338287115.0, "df": 1.0, "F": 1.2519540157793783, "pvalue": 0.2796971473339316}}, "6": {"Seqn": {}, "ID": {"sum_sq": 170017048571177.78, "df": 1.0, "F": 0.1517323929017793, "pvalue": 0.7020211769378103}, "Group": {"sum_sq": 3513327549619421.5, "df": 2.0, "F": 1.8066743704524706, "pvalue": 0.19815296948619723, "tukey_hsd": {"groups": ["A12", "B1-8", "PBS"], "pvalues": [[1.0, 0.7871483006018337, 0.46556446769262905], [0.7871483006018337, 1.0, 0.18023387233783428], [0.46556446769262905, 0.18023387233783428, 1.0]]}}, "Ig": {"sum_sq": 3083988016203911.0, "df": 1.0, "F": 3.2864926160845243, "pvalue": 0.08865622959352627}, "Control": {"sum_sq": 96478457216517.25, "df": 1.0, "F": 0.08575084560230843, "pvalue": 0.7734138467777277}, "TMT": {"sum_sq": 1325039956449238.0, "df": 1.0, "F": 1.3796900394581133, "pvalue": 0.25974676469285773}, "Tag": {"sum_sq": 1.0237429376667676e+16, "df": 8.0, "F": 1.9760914344677092, "pvalue": 0.19241892394306243, "tukey_hsd": {}}, "ID_metabo": {}, "Quant": {"sum_sq": 4800064574467674.0, "df": 1.0, "F": 5.775361569442711, "pvalue": 0.028735770224369673}}, "7": {"Seqn": {}, "ID": {"sum_sq": 41832666594294.83, "df": 1.0, "F": 0.046600805665487036, "pvalue": 0.8318153587605597}, "Group": {"sum_sq": 776804114333311.2, "df": 2.0, "F": 0.42750673800804956, "pvalue": 0.659834207476611, "tukey_hsd": {"groups": ["A12", "B1-8", "PBS"], "pvalues": [[1.0, 0.8662147241086129, 0.9121434157775895], [0.8662147241086129, 1.0, 0.6347710064517238], [0.9121434157775895, 0.6347710064517238, 1.0]]}}, "Ig": {"sum_sq": 537702436827412.9, "df": 1.0, "F": 0.6204096667816429, "pvalue": 0.4424081504999552}, "Control": {"sum_sq": 3229459153980.5005, "df": 1.0, "F": 0.0035879136556261526, "pvalue": 0.9529777122731431}, "TMT": {"sum_sq": 215231253485114.84, "df": 1.0, "F": 0.3159573586958949, "pvalue": 0.5829356079451817}, "Tag": {"sum_sq": 4940018268469411.0, "df": 8.0, "F": 0.8982669387323764, "pvalue": 0.5629490162378064, "tukey_hsd": {}}, "ID_metabo": {}, "Quant": {"sum_sq": 1663774763167.5366, "df": 1.0, "F": 0.0018482448596421508, "pvalue": 0.9662404815674187}}, "8": {"Seqn": {}, "ID": {"sum_sq": 2685803216893037.5, "df": 1.0, "F": 8.034570942247063, "pvalue": 0.011957495028675167}, "Group": {"sum_sq": 2534016686420703.0, "df": 2.0, "F": 3.4553012952688045, "pvalue": 0.058314563540260274, "tukey_hsd": {"groups": ["A12", "B1-8", "PBS"], "pvalues": [[1.0, 0.6846565928280348, 0.05194057342975078], [0.6846565928280348, 1.0, 0.22428858666024176], [0.05194057342975078, 0.22428858666024176, 1.0]]}}, "Ig": {"sum_sq": 2275170276933617.5, "df": 1.0, "F": 6.320875920256681, "pvalue": 0.023009990917483965}, "Control": {"sum_sq": 1427524805524461.2, "df": 1.0, "F": 3.4571189621874487, "pvalue": 0.08146945436088517}, "TMT": {"sum_sq": 130205390661417.64, "df": 1.0, "F": 0.2410472649823131, "pvalue": 0.6310572462300132}, "Tag": {"sum_sq": 6355987875757750.0, "df": 8.0, "F": 4.161131308482686, "pvalue": 0.0380661984214674, "tukey_hsd": {}}, "ID_metabo": {}, "Quant": {"sum_sq": 1984681454031705.8,