{"1": {"Mouse_ID": {}, "Treatment": {"sum_sq": 421.26994747330787, "df": 2.0, "F": 0.2427981807925434, "pvalue": 0.7879084749225223, "tukey_hsd": {"groups": ["A12", "B1-8", "PBS"], "pvalues": [[1.0, 0.7827087227422267, 0.9883200979765195], [0.7827087227422267, 1.0, 0.870303439370129], [0.9883200979765195, 0.870303439370129, 1.0]]}}, "Ig_treated": {"sum_sq": 27.991169301518422, "df": 1.0, "F": 0.03357640489590733, "pvalue": 0.8572380031603041}, "A12_treated": {"sum_sq": 200.19963392648992, "df": 1.0, "F": 0.24374302559469224, "pvalue": 0.6291706877629737}, "Batch": {"sum_sq": 70.97758812814052, "df": 1.0, "F": 0.08545488684942788, "pvalue": 0.7743243057135402}, "Quant": {"sum_sq": 5.083621266356586, "df": 1.0, "F": 0.006086039497944287, "pvalue": 0.9389216889279062}}, "2": {"Mouse_ID": {}, "Treatment": {"sum_sq": 2389.9526751679414, "df": 2.0, "F": 2.535551567677109, "pvalue": 0.11755239197904009, "tukey_hsd": {"groups": ["A12", "B1-8", "PBS"], "pvalues": [[1.0, 0.1062422511454113, 0.8054582462852875], [0.1062422511454113, 1.0, 0.31697161472761193], [0.8054582462852875, 0.31697161472761193, 1.0]]}}, "Ig_treated": {"sum_sq": 82.95905712512823, "df": 1.0, "F": 0.13771188139351453, "pvalue": 0.7161216920291626}, "A12_treated": {"sum_sq": 1310.7677866141332, "df": 1.0, "F": 2.546615736491523, "pvalue": 0.13285009281395643}, "Batch": {"sum_sq": 233.5879886422581, "df": 1.0, "F": 0.3948069876076213, "pvalue": 0.5398993306382263}, "Quant": {"sum_sq": 275.3097293659161, "df": 1.0, "F": 0.4676801483108816, "pvalue": 0.5052189568073421}}, "3": {"Mouse_ID": {}, "Treatment": {"sum_sq": 2734.852539745768, "df": 2.0, "F": 4.572472003587551, "pvalue": 0.03135790048990516, "tukey_hsd": {"groups": ["A12", "B1-8", "PBS"], "pvalues": [[1.0, 0.6912880949208945, 0.027469696438409907], [0.6912880949208945, 1.0, 0.14049270264960778], [0.027469696438409907, 0.14049270264960778, 1.0]]}}, "Ig_treated": {"sum_sq": 2528.4675089295365, "df": 1.0, "F": 8.646199616810534, "pvalue": 0.01074726997277165}, "A12_treated": {"sum_sq": 1483.1241954669276, "df": 1.0, "F": 4.040062783535436, "pvalue": 0.06410874191897084}, "Batch": {"sum_sq": 2.462375075732808, "df": 1.0, "F": 0.005207344367321036, "pvalue": 0.9434938316056436}, "Quant": {"sum_sq": 2726.419722297577, "df": 1.0, "F": 9.79678400177081, "pvalue": 0.007379475242576621}}, "4": {"Mouse_ID": {}, "Treatment": {"sum_sq": 32.6783684443059, "df": 2.0, "F": 0.05263913532298203, "pvalue": 0.9489234622089864, "tukey_hsd": {"groups": ["A12", "B1-8", "PBS"], "pvalues": [[1.0, 0.9449280353412193, 0.9810465459825141], [0.9449280353412193, 1.0, 0.9908609159976782], [0.9810465459825141, 0.9908609159976782, 1.0]]}}, "Ig_treated": {"sum_sq": 0.638849798366154, "df": 1.0, "F": 0.0021990096656137534, "pvalue": 0.963260400072086}, "A12_treated": {"sum_sq": 27.505516675619553, "df": 1.0, "F": 0.09530737067903002, "pvalue": 0.7620815185515768}, "Batch": {"sum_sq": 1.4163756786063377, "df": 1.0, "F": 0.004876293841854015, "pvalue": 0.9453162494288408}, "Quant": {"sum_sq": 28.494899845009176, "df": 1.0, "F": 0.09875979426594607, "pvalue": 0.757957267452806}}, "5": {"Mouse_ID": {}, "Treatment": {"sum_sq": 905.2413831985111, "df": 2.0, "F": 2.7913873755206917, "pvalue": 0.09804221910653195, "tukey_hsd": {"groups": ["A12", "B1-8", "PBS"], "pvalues": [[1.0, 0.10926687823976244, 0.9733796701815484], [0.10926687823976244, 1.0, 0.18062280222660687], [0.9733796701815484, 0.18062280222660687, 1.0]]}}, "Ig_treated": {"sum_sq": 123.29694556386185, "df": 1.0, "F": 0.5973107268869101, "pvalue": 0.45245758228027155}, "A12_treated": {"sum_sq": 325.7420501832406, "df": 1.0, "F": 1.6969289609281166, "pvalue": 0.21371143453146763}, "Batch": {"sum_sq": 18.095620641551438, "df": 1.0, "F": 0.08458486832223483, "pvalue": 0.77544171023096}, "Quant": {"sum_sq": 29.976829724407484, "df": 1.0, "F": 0.14067960058530157, "pvalue": 0.7132273290966513}}, "6": {"Mouse_ID": {}, "Treatment": {"sum_sq": 809.8500589468244, "df": 2.0, "F": 2.4053627592133178, "pvalue": 0.12918179652699013, "tukey_hsd": {"groups": ["A12", "B1-8", "PBS"], "pvalues": [[1.0, 0.4644331098955805, 0.11255705585395925], [0.4644331098955805, 1.0, 0.6373984039226783], [0.11255705585395925, 0.6373984039226783, 1.0]]}}, "Ig_treated": {"sum_sq": 560.5153084921687, "df": 1.0, "F": 3.218988852433393, "pvalue": 0.09440628017556585}, "A12_treated": {"sum_sq": 667.1897868703273, "df": 1.0, "F": 4.00694969880413, "pvalue": 0.06508155899672577}, "Batch": {"sum_sq": 49.592422377926006, "df": 1.0, "F": 0.2354567129493694, "pvalue": 0.6350122044156536}, "Quant": {"sum_sq": 607.6020960607905, "df": 1.0, "F": 3.558130633722728, "pvalue": 0.08017125629604377}}, "7": {"Mouse_ID": {}, "Treatment": {"sum_sq": 247.72152281915945, "df": 2.0, "F": 0.7747331098581905, "pvalue": 0.4809787579615382, "tukey_hsd": {"groups": ["A12", "B1-8", "PBS"], "pvalues": [[1.0, 0.4657807232275726, 0.9488416156638013], [0.4657807232275726, 1.0, 0.6697464502637083], [0.9488416156638013, 0.6697464502637083, 1.0]]}}, "Ig_treated": {"sum_sq": 11.878469102958169, "df": 1.0, "F": 0.07185934741028159, "pvalue": 0.792557812237688}, "A12_treated": {"sum_sq": 127.61690408170277, "df": 1.0, "F": 0.8126672980502672, "pvalue": 0.3825797855736693}, "Batch": {"sum_sq": 1.903669380907543, "df": 1.0, "F": 0.011466910982126845, "pvalue": 0.9162420121292933}, "Quant": {"sum_sq": 4.7985506130533535, "df": 1.0, "F": 0.028940515627019575, "pvalue": 0.8673503539362181}}, "8": {"Mouse_ID": {}, "Treatment": {"sum_sq": 95.91601163548818, "df": 2.0, "F": 0.34351517106255924, "pvalue": 0.7155200285134992, "tukey_hsd": {"groups": ["A12", "B1-8", "PBS"], "pvalues": [[1.0, 0.8879951583579325, 0.9168170358617213], [0.8879951583579325, 1.0, 0.6929727918869051], [0.9168170358617213, 0.6929727918869051, 1.0]]}}, "Ig_treated": {"sum_sq": 65.54350909859782, "df": 1.0, "F": 0.4972690908379418, "pvalue": 0.4922690720519036}, "A12_treated": {"sum_sq": 0.22274664548776604, "df": 1.0, "F": 0.0016321700814018575, "pvalue": 0.9683446219698005}, "Batch": {"sum_sq": 1.431606585035187, "df": 1.0, "F": 0.010496700253500774, "pvalue": 0.9198498200009512}, "Quant": {"sum_sq": 310.69109648927196, "df": 1.0, "F": 2.7182933688406554, "pvalue": 0.12145404295955979}}, "9": {"Mouse_ID": {}, "Treatment": {"sum_sq": 503.83679328492906, "df": 2.0, "F": 2.8425714425089006, "pvalue": 0.09460302835857456, "tukey_hsd": {"groups": ["A12", "B1-8", "PBS"], "pvalues": [[1.0, 0.9995651243576359, 0.12612345740322728], [0.9995651243576359, 1.0, 0.14002144713320508], [0.12612345740322728, 0.14002144713320508, 1.0]]}}, "Ig_treated": {"sum_sq": 503.76687147856546, "df": 1.0, "F": 6.121240400124493, "pvalue": 0.026771226634417458}, "A12_treated": {"sum_sq": 132.15536809423605, "df": 1.0, "F": 1.2141963025492133, "pvalue": 0.2890861972322399}, "Batch": {"sum_sq": 1.5741409768735337, "df": 1.0, "F": 0.013321090518057048, "pvalue": 0.9097536930274007}, "Quant": {"sum_sq": 77.266314901491, "df": 1.0, "F": 0.6852128970367973, "pvalue": 0.4216843150665238}}, "10": {"Mouse_ID": {}, "Treatment": {"sum_sq": 58.14244930174306, "df": 2.0, "F": 0.2790823159618538, "pvalue": 0.7608970843112779, "tukey_hsd": {"groups": ["A12", "B1-8", "PBS"], "pvalues": [[1.0, 0.8241775921144879, 0.7837026106265467], [0.8241775921144879, 1.0, 0.9971914181321728], [0.7837026106265467, 0.9971914181321728, 1.0]]}}, "Ig_treated": {"sum_sq": 21.0275760019052, "df": 1.0, "F": 0.21159238905274594, "pvalue": 0.6525848191213163}, "A12_treated": {"sum_sq": 57.61093213474771, "df": 1.0, "F": 0.5953716462868835, "pvalue": 0.45317726365484334}, "Batch": {"sum_sq": 7.553942927131991, "df": 1.0, "F": 0.07528334954009192, "pvalue": 0.7878011763227509}, "Quant": {"sum_sq": 3.5991334764198464, "df": 1.0, "F": 0.0357686246672056, "pvalue": 0.8527084895634572}}}