{"1": {"Mouse_ID": {}, "Treatment": {"sum_sq": 421.2699474733076, "df": 2.0, "F": 0.24279818079254337, "pvalue": 0.7879084749225223, "tukey_hsd": {"groups": ["A12", "B1-8", "PBS"], "pvalues": [[1.0, 0.7827087227422267, 0.9883200979765193], [0.7827087227422267, 1.0, 0.8703034393701293], [0.9883200979765193, 0.8703034393701293, 1.0]]}}, "Ig_treated": {"sum_sq": 27.99116930151815, "df": 1.0, "F": 0.033576404895907026, "pvalue": 0.8572380031603041}, "A12_treated": {"sum_sq": 200.1996339264903, "df": 1.0, "F": 0.24374302559469288, "pvalue": 0.6291706877629737}, "Batch": {"sum_sq": 70.97758812814047, "df": 1.0, "F": 0.08545488684942788, "pvalue": 0.7743243057135402}, "Quant": {"sum_sq": 5.083621266356697, "df": 1.0, "F": 0.006086039497944425, "pvalue": 0.9389216889279062}}, "2": {"Mouse_ID": {}, "Treatment": {"sum_sq": 2389.9526751679336, "df": 2.0, "F": 2.5355515676771065, "pvalue": 0.1175523919790402, "tukey_hsd": {"groups": ["A12", "B1-8", "PBS"], "pvalues": [[1.0, 0.10624225114541164, 0.8054582462852874], [0.10624225114541164, 1.0, 0.3169716147276127], [0.8054582462852874, 0.3169716147276127, 1.0]]}}, "Ig_treated": {"sum_sq": 82.95905712512764, "df": 1.0, "F": 0.13771188139351392, "pvalue": 0.7161216920291626}, "A12_treated": {"sum_sq": 1310.7677866141296, "df": 1.0, "F": 2.546615736491522, "pvalue": 0.1328500928139566}, "Batch": {"sum_sq": 233.5879886422579, "df": 1.0, "F": 0.3948069876076219, "pvalue": 0.5398993306382263}, "Quant": {"sum_sq": 275.3097293659151, "df": 1.0, "F": 0.4676801483108811, "pvalue": 0.5052189568073421}}, "3": {"Mouse_ID": {}, "Treatment": {"sum_sq": 2734.852539745769, "df": 2.0, "F": 4.572472003587554, "pvalue": 0.031357900489905124, "tukey_hsd": {"groups": ["A12", "B1-8", "PBS"], "pvalues": [[1.0, 0.6912880949208968, 0.027469696438409907], [0.6912880949208968, 1.0, 0.140492702649607], [0.027469696438409907, 0.140492702649607, 1.0]]}}, "Ig_treated": {"sum_sq": 2528.4675089295392, "df": 1.0, "F": 8.64619961681055, "pvalue": 0.010747269972771591}, "A12_treated": {"sum_sq": 1483.1241954669251, "df": 1.0, "F": 4.040062783535427, "pvalue": 0.06410874191897113}, "Batch": {"sum_sq": 2.46237507573273, "df": 1.0, "F": 0.005207344367320871, "pvalue": 0.9434938316056436}, "Quant": {"sum_sq": 2726.419722297578, "df": 1.0, "F": 9.796784001770815, "pvalue": 0.007379475242576611}}, "4": {"Mouse_ID": {}, "Treatment": {"sum_sq": 32.67836844430475, "df": 2.0, "F": 0.05263913532298035, "pvalue": 0.9489234622089885, "tukey_hsd": {"groups": ["A12", "B1-8", "PBS"], "pvalues": [[1.0, 0.9449280353412209, 0.9810465459825152], [0.9449280353412209, 1.0, 0.9908609159976782], [0.9810465459825152, 0.9908609159976782, 1.0]]}}, "Ig_treated": {"sum_sq": 0.638849798366059, "df": 1.0, "F": 0.0021990096656134346, "pvalue": 0.963260400072086}, "A12_treated": {"sum_sq": 27.505516675618402, "df": 1.0, "F": 0.09530737067902632, "pvalue": 0.7620815185515806}, "Batch": {"sum_sq": 1.416375678606275, "df": 1.0, "F": 0.004876293841853815, "pvalue": 0.9453162494288408}, "Quant": {"sum_sq": 28.49489984500834, "df": 1.0, "F": 0.09875979426594352, "pvalue": 0.7579572674528098}}, "5": {"Mouse_ID": {}, "Treatment": {"sum_sq": 905.2413831984233, "df": 2.0, "F": 2.7913873755203045, "pvalue": 0.09804221910655844, "tukey_hsd": {"groups": ["A12", "B1-8", "PBS"], "pvalues": [[1.0, 0.10926687823982772, 0.9733796701816797], [0.10926687823982772, 1.0, 0.18062280222655147], [0.9733796701816797, 0.18062280222655147, 1.0]]}}, "Ig_treated": {"sum_sq": 123.29694556399228, "df": 1.0, "F": 0.5973107268875689, "pvalue": 0.4524575822800272}, "A12_treated": {"sum_sq": 325.7420501830102, "df": 1.0, "F": 1.6969289609267704, "pvalue": 0.2137114345316393}, "Batch": {"sum_sq": 18.095620641566278, "df": 1.0, "F": 0.0845848683223046, "pvalue": 0.7754417102308708}, "Quant": {"sum_sq": 29.976829724474335, "df": 1.0, "F": 0.14067960058561843, "pvalue": 0.7132273290963425}}, "6": {"Mouse_ID": {}, "Treatment": {"sum_sq": 809.8500589469112, "df": 2.0, "F": 2.405362759213678, "pvalue": 0.12918179652695644, "tukey_hsd": {"groups": ["A12", "B1-8", "PBS"], "pvalues": [[1.0, 0.4644331098952734, 0.11255705585394049], [0.4644331098952734, 1.0, 0.6373984039229424], [0.11255705585394049, 0.6373984039229424, 1.0]]}}, "Ig_treated": {"sum_sq": 560.5153084920381, "df": 1.0, "F": 3.2189888524324783, "pvalue": 0.09440628017560826}, "A12_treated": {"sum_sq": 667.1897868705568, "df": 1.0, "F": 4.006949698805913, "pvalue": 0.06508155899667292}, "Batch": {"sum_sq": 49.592422377911305, "df": 1.0, "F": 0.23545671294929899, "pvalue": 0.6350122044157039}, "Quant": {"sum_sq": 607.6020960607227, "df": 1.0, "F": 3.5581306337222385, "pvalue": 0.08017125629606225}}, "7": {"Mouse_ID": {}, "Treatment": {"sum_sq": 247.72152281915876, "df": 2.0, "F": 0.7747331098581887, "pvalue": 0.480978757961539, "tukey_hsd": {"groups": ["A12", "B1-8", "PBS"], "pvalues": [[1.0, 0.4657807232275726, 0.9488416156637997], [0.4657807232275726, 1.0, 0.6697464502637114], [0.9488416156637997, 0.6697464502637114, 1.0]]}}, "Ig_treated": {"sum_sq": 11.878469102957624, "df": 1.0, "F": 0.07185934741027833, "pvalue": 0.7925578122376924}, "A12_treated": {"sum_sq": 127.61690408170362, "df": 1.0, "F": 0.8126672980502737, "pvalue": 0.3825797855736673}, "Batch": {"sum_sq": 1.903669380907495, "df": 1.0, "F": 0.011466910982126564, "pvalue": 0.9162420121292989}, "Quant": {"sum_sq": 4.798550613053572, "df": 1.0, "F": 0.028940515627020918, "pvalue": 0.8673503539362146}}, "8": {"Mouse_ID": {}, "Treatment": {"sum_sq": 95.91601163548542, "df": 2.0, "F": 0.3435151710625489, "pvalue": 0.7155200285135063, "tukey_hsd": {"groups": ["A12", "B1-8", "PBS"], "pvalues": [[1.0, 0.8879951583579324, 0.9168170358617268], [0.8879951583579324, 1.0, 0.692972791886913], [0.9168170358617268, 0.692972791886913, 1.0]]}}, "Ig_treated": {"sum_sq": 65.54350909859495, "df": 1.0, "F": 0.4972690908379193, "pvalue": 0.4922690720519136}, "A12_treated": {"sum_sq": 0.22274664548786063, "df": 1.0, "F": 0.0016321700814025514, "pvalue": 0.9683446219698005}, "Batch": {"sum_sq": 1.431606585035242, "df": 1.0, "F": 0.010496700253501181, "pvalue": 0.9198498200009512}, "Quant": {"sum_sq": 310.69109648926957, "df": 1.0, "F": 2.718293368840631, "pvalue": 0.12145404295956136}}, "9": {"Mouse_ID": {}, "Treatment": {"sum_sq": 503.83679328493207, "df": 2.0, "F": 2.84257144250892, "pvalue": 0.0946030283585733, "tukey_hsd": {"groups": ["A12", "B1-8", "PBS"], "pvalues": [[1.0, 0.9995651243576357, 0.1261234574032266], [0.9995651243576357, 1.0, 0.14002144713320253], [0.1261234574032266, 0.14002144713320253, 1.0]]}}, "Ig_treated": {"sum_sq": 503.76687147856836, "df": 1.0, "F": 6.121240400124533, "pvalue": 0.026771226634416993}, "A12_treated": {"sum_sq": 132.15536809423526, "df": 1.0, "F": 1.2141963025492037, "pvalue": 0.2890861972322416}, "Batch": {"sum_sq": 1.5741409768735022, "df": 1.0, "F": 0.013321090518056763, "pvalue": 0.9097536930274007}, "Quant": {"sum_sq": 77.26631490149319, "df": 1.0, "F": 0.6852128970368168, "pvalue": 0.42168431506651705}}, "10": {"Mouse_ID": {}, "Treatment": {"sum_sq": 58.14244930174379, "df": 2.0, "F": 0.27908231596185695, "pvalue": 0.7608970843112757, "tukey_hsd": {"groups": ["A12", "B1-8", "PBS"], "pvalues": [[1.0, 0.8241775921144859, 0.7837026106265447], [0.8241775921144859, 1.0, 0.9971914181321728], [0.7837026106265447, 0.9971914181321728, 1.0]]}}, "Ig_treated": {"sum_sq": 21.02757600190541, "df": 1.0, "F": 0.2115923890527478, "pvalue": 0.652584819121315}, "A12_treated": {"sum_sq": 57.610932134748474, "df": 1.0, "F": 0.5953716462868909, "pvalue": 0.4531772636548409}, "Batch": {"sum_sq": 7.553942927131694, "df": 1.0, "F": 0.07528334954008882, "pvalue": 0.7878011763227553}, "Quant": {"sum_sq": 3.5991334764198, "df": 1.0, "F": 0.03576862466720509, "pvalue": 0.8527084895634605}}}