{"1": {"Mouse_ID": {}, "Treatment": {"sum_sq": 421.2699474733093, "df": 2.0, "F": 0.24279818079254384, "pvalue": 0.7879084749225217, "tukey_hsd": {"groups": ["A12", "B1-8", "PBS"], "pvalues": [[1.0, 0.7827087227422265, 0.9883200979765197], [0.7827087227422265, 1.0, 0.8703034393701286], [0.9883200979765197, 0.8703034393701286, 1.0]]}}, "Ig_treated": {"sum_sq": 27.991169301518855, "df": 1.0, "F": 0.03357640489590781, "pvalue": 0.8572380031603041}, "A12_treated": {"sum_sq": 200.19963392648978, "df": 1.0, "F": 0.24374302559469183, "pvalue": 0.6291706877629748}, "Batch": {"sum_sq": 70.97758812814082, "df": 1.0, "F": 0.08545488684942817, "pvalue": 0.7743243057135402}, "Quant": {"sum_sq": 5.083621266356397, "df": 1.0, "F": 0.006086039497944055, "pvalue": 0.9389216889279062}}, "2": {"Mouse_ID": {}, "Treatment": {"sum_sq": 2389.9526751679264, "df": 2.0, "F": 2.5355515676771025, "pvalue": 0.11755239197904056, "tukey_hsd": {"groups": ["A12", "B1-8", "PBS"], "pvalues": [[1.0, 0.10624225114541164, 0.8054582462852881], [0.10624225114541164, 1.0, 0.3169716147276127], [0.8054582462852881, 0.3169716147276127, 1.0]]}}, "Ig_treated": {"sum_sq": 82.95905712512794, "df": 1.0, "F": 0.13771188139351465, "pvalue": 0.7161216920291626}, "A12_treated": {"sum_sq": 1310.7677866141244, "df": 1.0, "F": 2.5466157364915154, "pvalue": 0.13285009281395707}, "Batch": {"sum_sq": 233.58798864225767, "df": 1.0, "F": 0.39480698760762234, "pvalue": 0.5398993306382255}, "Quant": {"sum_sq": 275.30972936591536, "df": 1.0, "F": 0.46768014831088245, "pvalue": 0.5052189568073413}}, "3": {"Mouse_ID": {}, "Treatment": {"sum_sq": 2734.852539745779, "df": 2.0, "F": 4.572472003587562, "pvalue": 0.03135790048990497, "tukey_hsd": {"groups": ["A12", "B1-8", "PBS"], "pvalues": [[1.0, 0.6912880949208947, 0.027469696438409796], [0.6912880949208947, 1.0, 0.14049270264960723], [0.027469696438409796, 0.14049270264960723, 1.0]]}}, "Ig_treated": {"sum_sq": 2528.4675089295456, "df": 1.0, "F": 8.646199616810554, "pvalue": 0.010747269972771563}, "A12_treated": {"sum_sq": 1483.1241954669324, "df": 1.0, "F": 4.040062783535439, "pvalue": 0.06410874191897076}, "Batch": {"sum_sq": 2.46237507573283, "df": 1.0, "F": 0.005207344367321069, "pvalue": 0.9434938316056436}, "Quant": {"sum_sq": 2726.4197222975854, "df": 1.0, "F": 9.796784001770824, "pvalue": 0.007379475242576588}}, "4": {"Mouse_ID": {}, "Treatment": {"sum_sq": 32.67836844430446, "df": 2.0, "F": 0.052639135322979785, "pvalue": 0.9489234622089892, "tukey_hsd": {"groups": ["A12", "B1-8", "PBS"], "pvalues": [[1.0, 0.9449280353412216, 0.9810465459825151], [0.9449280353412216, 1.0, 0.9908609159976784], [0.9810465459825151, 0.9908609159976784, 1.0]]}}, "Ig_treated": {"sum_sq": 0.6388497983660933, "df": 1.0, "F": 0.0021990096656135487, "pvalue": 0.963260400072086}, "A12_treated": {"sum_sq": 27.505516675618242, "df": 1.0, "F": 0.09530737067902562, "pvalue": 0.7620815185515845}, "Batch": {"sum_sq": 1.4163756786063482, "df": 1.0, "F": 0.004876293841854059, "pvalue": 0.9453162494288408}, "Quant": {"sum_sq": 28.494899845008394, "df": 1.0, "F": 0.09875979426594352, "pvalue": 0.7579572674528098}}, "5": {"Mouse_ID": {}, "Treatment": {"sum_sq": 905.2413831984936, "df": 2.0, "F": 2.7913873755206215, "pvalue": 0.0980422191065368, "tukey_hsd": {"groups": ["A12", "B1-8", "PBS"], "pvalues": [[1.0, 0.1092668782397751, 0.9733796701815756], [0.1092668782397751, 1.0, 0.18062280222659433], [0.9733796701815756, 0.18062280222659433, 1.0]]}}, "Ig_treated": {"sum_sq": 123.29694556388904, "df": 1.0, "F": 0.5973107268870484, "pvalue": 0.45245758228022015}, "A12_treated": {"sum_sq": 325.74205018319344, "df": 1.0, "F": 1.6969289609278442, "pvalue": 0.21371143453150254}, "Batch": {"sum_sq": 18.09562064155444, "df": 1.0, "F": 0.08458486832224905, "pvalue": 0.7754417102309418}, "Quant": {"sum_sq": 29.97682972442173, "df": 1.0, "F": 0.14067960058536932, "pvalue": 0.7132273290965854}}, "6": {"Mouse_ID": {}, "Treatment": {"sum_sq": 809.8500589468421, "df": 2.0, "F": 2.405362759213393, "pvalue": 0.1291817965269831, "tukey_hsd": {"groups": ["A12", "B1-8", "PBS"], "pvalues": [[1.0, 0.464433109895516, 0.11255705585395526], [0.464433109895516, 1.0, 0.6373984039227334], [0.11255705585395526, 0.6373984039227334, 1.0]]}}, "Ig_treated": {"sum_sq": 560.5153084921411, "df": 1.0, "F": 3.2189888524332018, "pvalue": 0.0944062801755748}, "A12_treated": {"sum_sq": 667.1897868703752, "df": 1.0, "F": 4.006949698804504, "pvalue": 0.06508155899671463}, "Batch": {"sum_sq": 49.592422377922865, "df": 1.0, "F": 0.23545671294935452, "pvalue": 0.635012204415665}, "Quant": {"sum_sq": 607.6020960607767, "df": 1.0, "F": 3.5581306337226315, "pvalue": 0.08017125629604736}}, "7": {"Mouse_ID": {}, "Treatment": {"sum_sq": 247.72152281915945, "df": 2.0, "F": 0.7747331098581907, "pvalue": 0.4809787579615382, "tukey_hsd": {"groups": ["A12", "B1-8", "PBS"], "pvalues": [[1.0, 0.46578072322757225, 0.9488416156638012], [0.46578072322757225, 1.0, 0.6697464502637083], [0.9488416156638012, 0.6697464502637083, 1.0]]}}, "Ig_treated": {"sum_sq": 11.87846910295813, "df": 1.0, "F": 0.07185934741028135, "pvalue": 0.792557812237688}, "A12_treated": {"sum_sq": 127.61690408170288, "df": 1.0, "F": 0.8126672980502684, "pvalue": 0.38257978557366884}, "Batch": {"sum_sq": 1.903669380907548, "df": 1.0, "F": 0.01146691098212688, "pvalue": 0.9162420121292933}, "Quant": {"sum_sq": 4.798550613053431, "df": 1.0, "F": 0.02894051562702005, "pvalue": 0.8673503539362146}}, "8": {"Mouse_ID": {}, "Treatment": {"sum_sq": 95.91601163548658, "df": 2.0, "F": 0.3435151710625534, "pvalue": 0.7155200285135029, "tukey_hsd": {"groups": ["A12", "B1-8", "PBS"], "pvalues": [[1.0, 0.8879951583579334, 0.9168170358617235], [0.8879951583579334, 1.0, 0.6929727918869093], [0.9168170358617235, 0.6929727918869093, 1.0]]}}, "Ig_treated": {"sum_sq": 65.54350909859645, "df": 1.0, "F": 0.4972690908379313, "pvalue": 0.49226907205190795}, "A12_treated": {"sum_sq": 0.22274664548778841, "df": 1.0, "F": 0.0016321700814020226, "pvalue": 0.9683446219698005}, "Batch": {"sum_sq": 1.4316065850352355, "df": 1.0, "F": 0.010496700253501138, "pvalue": 0.9198498200009512}, "Quant": {"sum_sq": 310.6910964892703, "df": 1.0, "F": 2.7182933688406385, "pvalue": 0.12145404295956092}}, "9": {"Mouse_ID": {}, "Treatment": {"sum_sq": 503.83679328493076, "df": 2.0, "F": 2.8425714425089, "pvalue": 0.09460302835857456, "tukey_hsd": {"groups": ["A12", "B1-8", "PBS"], "pvalues": [[1.0, 0.9995651243576358, 0.12612345740322817], [0.9995651243576358, 1.0, 0.1400214471332044], [0.12612345740322817, 0.1400214471332044, 1.0]]}}, "Ig_treated": {"sum_sq": 503.7668714785673, "df": 1.0, "F": 6.121240400124494, "pvalue": 0.026771226634417458}, "A12_treated": {"sum_sq": 132.15536809423546, "df": 1.0, "F": 1.2141963025492029, "pvalue": 0.289086197232242}, "Batch": {"sum_sq": 1.5741409768734809, "df": 1.0, "F": 0.013321090518056551, "pvalue": 0.9097536930274007}, "Quant": {"sum_sq": 77.2663149014923, "df": 1.0, "F": 0.6852128970368068, "pvalue": 0.4216843150665204}}, "10": {"Mouse_ID": {}, "Treatment": {"sum_sq": 58.14244930174517, "df": 2.0, "F": 0.2790823159618637, "pvalue": 0.7608970843112706, "tukey_hsd": {"groups": ["A12", "B1-8", "PBS"], "pvalues": [[1.0, 0.824177592114483, 0.7837026106265397], [0.824177592114483, 1.0, 0.9971914181321726], [0.7837026106265397, 0.9971914181321726, 1.0]]}}, "Ig_treated": {"sum_sq": 21.027576001906077, "df": 1.0, "F": 0.21159238905275443, "pvalue": 0.6525848191213102}, "A12_treated": {"sum_sq": 57.61093213474967, "df": 1.0, "F": 0.5953716462869034, "pvalue": 0.45317726365483646}, "Batch": {"sum_sq": 7.553942927131009, "df": 1.0, "F": 0.07528334954008192, "pvalue": 0.7878011763227638}, "Quant": {"sum_sq": 3.5991334764198584, "df": 1.0, "F": 0.03576862466720565, "pvalue": 0.8527084895634572}}}