{"1": {"Mouse_ID": {}, "Treatment": {"sum_sq": 425.39021391839356, "df": 2.0, "F": 0.24506295039616627, "pvalue": 0.7861904630693127, "tukey_hsd": {"groups": ["A12", "B1-8", "PBS"], "pvalues": [[1.0, 0.7809345118756794, 0.9881871429728721], [0.7809345118756794, 1.0, 0.86924113836284], [0.9881871429728721, 0.86924113836284, 1.0]]}}, "Ig_treated": {"sum_sq": 28.216959676147702, "df": 1.0, "F": 0.03382130146902245, "pvalue": 0.8567245434577102}, "A12_treated": {"sum_sq": 202.2539464207739, "df": 1.0, "F": 0.24609165928364937, "pvalue": 0.6275377142555517}, "TMT": {"sum_sq": 71.42848536735212, "df": 1.0, "F": 0.08593324717464938, "pvalue": 0.7737125684047695}, "Quant": {"sum_sq": 4.975917582983764, "df": 1.0, "F": 0.005952370825949217, "pvalue": 0.9395947090212852}}, "2": {"Mouse_ID": {}, "Treatment": {"sum_sq": 2393.4095106238105, "df": 2.0, "F": 2.5371194141970834, "pvalue": 0.11741989341951366, "tukey_hsd": {"groups": ["A12", "B1-8", "PBS"], "pvalues": [[1.0, 0.1061838743333563, 0.8063590413226863], [0.1061838743333563, 1.0, 0.3161366739218613], [0.8063590413226863, 0.3161366739218613, 1.0]]}}, "Ig_treated": {"sum_sq": 83.83388195869234, "df": 1.0, "F": 0.1390379358580495, "pvalue": 0.7148240362840084}, "A12_treated": {"sum_sq": 1310.6158512439008, "df": 1.0, "F": 2.543257411353743, "pvalue": 0.133085824355551}, "TMT": {"sum_sq": 233.46627965611123, "df": 1.0, "F": 0.3941896885067576, "pvalue": 0.5402120254858191}, "Quant": {"sum_sq": 276.844077812287, "df": 1.0, "F": 0.4698879197307717, "pvalue": 0.5042318832924119}}, "3": {"Mouse_ID": {}, "Treatment": {"sum_sq": 2732.7010173623985, "df": 2.0, "F": 4.56550641209002, "pvalue": 0.031486428831210986, "tukey_hsd": {"groups": ["A12", "B1-8", "PBS"], "pvalues": [[1.0, 0.6905862087725445, 0.027566386733696935], [0.6905862087725445, 1.0, 0.14117593662728445], [0.027566386733696935, 0.14117593662728445, 1.0]]}}, "Ig_treated": {"sum_sq": 2525.5782290671377, "df": 1.0, "F": 8.628719416107774, "pvalue": 0.010810696120915418}, "A12_treated": {"sum_sq": 1483.6533900288257, "df": 1.0, "F": 4.041356781262192, "pvalue": 0.064071078115693}, "TMT": {"sum_sq": 2.503597581496161, "df": 1.0, "F": 0.005293980010705918, "pvalue": 0.9430265988748269}, "Quant": {"sum_sq": 2723.99553973483, "df": 1.0, "F": 9.780188656075595, "pvalue": 0.00741846942871861}}, "4": {"Mouse_ID": {}, "Treatment": {"sum_sq": 32.23293355850246, "df": 2.0, "F": 0.05188772487275353, "pvalue": 0.94963106949845, "tukey_hsd": {"groups": ["A12", "B1-8", "PBS"], "pvalues": [[1.0, 0.94586972344519, 0.9806958758362099], [0.94586972344519, 1.0, 0.9914690521859438], [0.9806958758362099, 0.9914690521859438, 1.0]]}}, "Ig_treated": {"sum_sq": 0.7387932631370141, "df": 1.0, "F": 0.0025417226022789305, "pvalue": 0.9605035227000266}, "A12_treated": {"sum_sq": 27.40286247512301, "df": 1.0, "F": 0.0948978147290485, "pvalue": 0.762576201739581}, "TMT": {"sum_sq": 1.3627689098044407, "df": 1.0, "F": 0.004689149072073526, "pvalue": 0.9463740646664026}, "Quant": {"sum_sq": 28.959171274951245, "df": 1.0, "F": 0.10032603137727159, "pvalue": 0.7561125076522855}}, "5": {"Mouse_ID": {}, "Treatment": {"sum_sq": 976.0749579591975, "df": 2.0, "F": 3.1080665991857797, "pvalue": 0.07885019782561946, "tukey_hsd": {"groups": ["A12", "B1-8", "PBS"], "pvalues": [[1.0, 0.0708797501864965, 0.7798368373024607], [0.0708797501864965, 1.0, 0.24519665783594657], [0.7798368373024607, 0.24519665783594657, 1.0]]}}, "Ig_treated": {"sum_sq": 37.12194145971176, "df": 1.0, "F": 0.1743837484184916, "pvalue": 0.6825784731306077}, "A12_treated": {"sum_sq": 526.7036996621779, "df": 1.0, "F": 2.960591631693728, "pvalue": 0.1073318546322597}, "TMT": {"sum_sq": 7.254027910337691, "df": 1.0, "F": 0.03373834212208767, "pvalue": 0.8568982628982386}, "Quant": {"sum_sq": 0.13450088780524883, "df": 1.0, "F": 0.0006240849172465219, "pvalue": 0.980422158665724}}, "6": {"Mouse_ID": {}, "Treatment": {"sum_sq": 743.1728030445263, "df": 2.0, "F": 2.138960305741203, "pvalue": 0.15737553076907645, "tukey_hsd": {"groups": ["A12", "B1-8", "PBS"], "pvalues": [[1.0, 0.7449934502667257, 0.13801519151741481], [0.7449934502667257, 1.0, 0.44048980950907624], [0.13801519151741481, 0.44048980950907624, 1.0]]}}, "Ig_treated": {"sum_sq": 648.161526424388, "df": 1.0, "F": 3.855794350560237, "pvalue": 0.06975156777793412}, "A12_treated": {"sum_sq": 466.91107721888284, "df": 1.0, "F": 2.578948000473922, "pvalue": 0.13060666445171284}, "TMT": {"sum_sq": 60.38066357107473, "df": 1.0, "F": 0.28741064374812886, "pvalue": 0.6002996031867803}, "Quant": {"sum_sq": 638.0687298287145, "df": 1.0, "F": 3.7795452459964287, "pvalue": 0.072258332303264}}, "7": {"Mouse_ID": {}, "Treatment": {"sum_sq": 248.44773877033418, "df": 2.0, "F": 0.7769691762930651, "pvalue": 0.48001890115904505, "tukey_hsd": {"groups": ["A12", "B1-8", "PBS"], "pvalues": [[1.0, 0.4652666490393528, 0.949848959957092], [0.4652666490393528, 1.0, 0.6673991020505916], [0.949848959957092, 0.6673991020505916, 1.0]]}}, "Ig_treated": {"sum_sq": 12.231686613491064, "df": 1.0, "F": 0.07398122514820042, "pvalue": 0.7895960635137598}, "A12_treated": {"sum_sq": 127.25087704461554, "df": 1.0, "F": 0.8098994428501163, "pvalue": 0.3833690705049629}, "TMT": {"sum_sq": 1.904674881338345, "df": 1.0, "F": 0.011468925417998628, "pvalue": 0.9162346854782392}, "Quant": {"sum_sq": 4.752686778159217, "df": 1.0, "F": 0.02865321637342673, "pvalue": 0.8680036825702884}}, "8": {"Mouse_ID": {}, "Treatment": {"sum_sq": 101.9617508230523, "df": 2.0, "F": 0.36567428394152024, "pvalue": 0.7006417997807673, "tukey_hsd": {"groups": ["A12", "B1-8", "PBS"], "pvalues": [[1.0, 0.8889109412816499, 0.9044407163076441], [0.8889109412816499, 1.0, 0.6768246836362105], [0.9044407163076441, 0.6768246836362105, 1.0]]}}, "Ig_treated": {"sum_sq": 71.89705227906931, "df": 1.0, "F": 0.546308317566059, "pvalue": 0.472041522009095}, "A12_treated": {"sum_sq": 0.061455987747484495, "df": 1.0, "F": 0.0004494486913952217, "pvalue": 0.9833851446969774}, "TMT": {"sum_sq": 1.498708119382359, "df": 1.0, "F": 0.010968801201042922, "pvalue": 0.9180741139354219}, "Quant": {"sum_sq": 315.83809702289, "df": 1.0, "F": 2.7661200531102983, "pvalue": 0.11849489374893227}}, "9": {"Mouse_ID": {}, "Treatment": {"sum_sq": 500.92934578424376, "df": 2.0, "F": 2.8046297370623186, "pvalue": 0.09713879142324518, "tukey_hsd": {"groups": ["A12", "B1-8", "PBS"], "pvalues": [[1.0, 0.9998924173069926, 0.12775417309598924], [0.9998924173069926, 1.0, 0.1449136411307852], [0.12775417309598924, 0.1449136411307852, 1.0]]}}, "Ig_treated": {"sum_sq": 500.91191849800987, "df": 1.0, "F": 6.04044014104017, "pvalue": 0.027629680188015735}, "A12_treated": {"sum_sq": 133.99330297813438, "df": 1.0, "F": 1.2277772204785253, "pvalue": 0.28651356231696856}, "TMT": {"sum_sq": 1.498292806807725, "df": 1.0, "F": 0.0126332885376508, "pvalue": 0.9121036239980035}, "Quant": {"sum_sq": 72.83157725959623, "df": 1.0, "F": 0.641667772624838, "pvalue": 0.4364919698408479}}, "10": {"Mouse_ID": {}, "Treatment": {"sum_sq": 57.46061695562428, "df": 2.0, "F": 0.2756326752622653, "pvalue": 0.7634186563325062, "tukey_hsd": {"groups": ["A12", "B1-8", "PBS"], "pvalues": [[1.0, 0.8250053793632104, 0.7868894198830518], [0.8250053793632104, 1.0, 0.9974946202288258], [0.7868894198830518, 0.9974946202288258, 1.0]]}}, "Ig_treated": {"sum_sq": 20.517758740704895, "df": 1.0, "F": 0.20635892832523214, "pvalue": 0.6565995079675385}, "A12_treated": {"sum_sq": 56.98625961183818, "df": 1.0, "F": 0.5885633850572272, "pvalue": 0.4557191596177771}, "TMT": {"sum_sq": 7.485951223492468, "df": 1.0, "F": 0.0745921929244562, "pvalue": 0.7887517817862848}, "Quant": {"sum_sq": 3.773101387302191, "df": 1.0, "F": 0.03749718966944761, "pvalue": 0.849237681348893}}}