{"1": {"Seqn": {}, "ID": {}, "Group": {"sum_sq": 578.9311850672473, "df": 2.0, "F": 0.2522438108866163, "pvalue": 0.7807717076489098, "tukey_hsd": {"groups": ["A12", "B1-8", "PBS"], "pvalues": [[1.0, 0.7720371415103434, 0.9836133099787551], [0.7720371415103434, 1.0, 0.8739964457126566], [0.9836133099787551, 0.8739964457126566, 1.0]]}}, "Ig": {"sum_sq": 28.939234522089752, "df": 1.0, "F": 0.026192218500870192, "pvalue": 0.8737442529844781}, "Control": {"sum_sq": 295.51298063295417, "df": 1.0, "F": 0.27215197056471463, "pvalue": 0.6100465138914244}, "TMT": {"sum_sq": 125.69332067427911, "df": 1.0, "F": 0.11447811881962612, "pvalue": 0.7401228888758589}, "Tag": {"sum_sq": 12881.384645579687, "df": 8.0, "F": 4.308794677378477, "pvalue": 0.03485699793181701, "tukey_hsd": {}}, "ID_metabo": {}, "Quant": {"sum_sq": 1121.7739195262125, "df": 1.0, "F": 1.7064626160254026, "pvalue": 0.21408548212961623}}, "2": {"Seqn": {}, "ID": {}, "Group": {"sum_sq": 2985.11544122447, "df": 2.0, "F": 2.3397348457374814, "pvalue": 0.13554445936727444, "tukey_hsd": {"groups": ["A12", "B1-8", "PBS"], "pvalues": [[1.0, 0.12448277152384934, 0.8359553673461856], [0.12448277152384934, 1.0, 0.3323955365308062], [0.8359553673461856, 0.3323955365308062, 1.0]]}}, "Ig": {"sum_sq": 121.53821924105918, "df": 1.0, "F": 0.15251507367032058, "pvalue": 0.702021273735638}, "Control": {"sum_sq": 1590.2712777364084, "df": 1.0, "F": 2.2981341550437313, "pvalue": 0.15177977107775645}, "TMT": {"sum_sq": 378.7744031047596, "df": 1.0, "F": 0.48653190339038105, "pvalue": 0.4968997305394882}, "Tag": {"sum_sq": 6051.313940460605, "df": 8.0, "F": 1.0130427966375486, "pvalue": 0.49976512096454173, "tukey_hsd": {}}, "ID_metabo": {}, "Quant": {"sum_sq": 52.22148070653812, "df": 1.0, "F": 0.06088592962577682, "pvalue": 0.8089548167165945}}, "3": {"Seqn": {}, "ID": {}, "Group": {"sum_sq": 3509.66219269203, "df": 2.0, "F": 4.461959562356761, "pvalue": 0.03347060375107419, "tukey_hsd": {"groups": ["A12", "B1-8", "PBS"], "pvalues": [[1.0, 0.6709363261213254, 0.02890649339451823], [0.6709363261213254, 1.0, 0.1547276319532147], [0.02890649339451823, 0.1547276319532147, 1.0]]}}, "Ig": {"sum_sq": 3215.560619745495, "df": 1.0, "F": 8.326101876015567, "pvalue": 0.011980407275421365}, "Control": {"sum_sq": 1957.0666739064623, "df": 1.0, "F": 4.110665620906129, "pvalue": 0.062091590482691326}, "TMT": {"sum_sq": 3.2263243432664943, "df": 1.0, "F": 0.005240475709263066, "pvalue": 0.9433146935171887}, "Tag": {"sum_sq": 7052.204961614992, "df": 8.0, "F": 3.9298948822069786, "pvalue": 0.04388787159468034, "tukey_hsd": {}}, "ID_metabo": {}, "Quant": {"sum_sq": 93.33076098183042, "df": 1.0, "F": 0.14369235951844353, "pvalue": 0.7107567357508804}}, "4": {"Seqn": {}, "ID": {}, "Group": {"sum_sq": 36.77246522896504, "df": 2.0, "F": 0.044625385053807975, "pvalue": 0.9565015247073735, "tukey_hsd": {"groups": ["A12", "B1-8", "PBS"], "pvalues": [[1.0, 0.9539648344882093, 0.9812562327089599], [0.9539648344882093, 1.0, 0.9941757526367139], [0.9812562327089599, 0.9941757526367139, 1.0]]}}, "Ig": {"sum_sq": 1.417628112994514, "df": 1.0, "F": 0.003681111460280272, "pvalue": 0.9524779179977365}, "Control": {"sum_sq": 32.405155437710796, "df": 1.0, "F": 0.08463189161014478, "pvalue": 0.7753811563313663}, "TMT": {"sum_sq": 3.8871844277303658, "df": 1.0, "F": 0.01009835812876444, "pvalue": 0.9213797678381965}, "Tag": {"sum_sq": 4284.97802122606, "df": 8.0, "F": 3.384012224575251, "pvalue": 0.06286661203030068, "tukey_hsd": {}}, "ID_metabo": {}, "Quant": {"sum_sq": 52.6309229162961, "df": 1.0, "F": 0.12813442527798122, "pvalue": 0.7261193606166597}}, "5": {"Seqn": {}, "ID": {}, "Group": {"sum_sq": 988.60616932272, "df": 2.0, "F": 2.0762082249245575, "pvalue": 0.16501265746919402, "tukey_hsd": {"groups": ["A12", "B1-8", "PBS"], "pvalues": [[1.0, 0.8925031889034583, 0.1573885538395935], [0.8925031889034583, 1.0, 0.3430888716514675], [0.1573885538395935, 0.3430888716514675, 1.0]]}}, "Ig": {"sum_sq": 939.0395707651357, "df": 1.0, "F": 4.180672045033811, "pvalue": 0.06016541988250377}, "Control": {"sum_sq": 484.31741363329985, "df": 1.0, "F": 1.883809723665166, "pvalue": 0.1914911241281132}, "TMT": {"sum_sq": 132.69074751556894, "df": 1.0, "F": 0.47018301741982105, "pvalue": 0.5041002092517387}, "Tag": {"sum_sq": 1366.266644526382, "df": 8.0, "F": 0.4399403439612167, "pvalue": 0.8636519919802192, "tukey_hsd": {}}, "ID_metabo": {}, "Quant": {"sum_sq": 23.768758271969162, "df": 1.0, "F": 0.08510858866494038, "pvalue": 0.7750934714246629}}, "6": {"Seqn": {}, "ID": {}, "Group": {"sum_sq": 1310.9709950915226, "df": 2.0, "F": 3.161593958864564, "pvalue": 0.07605359310878852, "tukey_hsd": {"groups": ["A12", "B1-8", "PBS"], "pvalues": [[1.0, 0.06498620874691818, 0.6799473435389967], [0.06498620874691818, 1.0, 0.2907983551908536], [0.6799473435389967, 0.2907983551908536, 1.0]]}}, "Ig": {"sum_sq": 21.08484092530905, "df": 1.0, "F": 0.07407204361568051, "pvalue": 0.7894703262359584}, "Control": {"sum_sq": 796.9555239614929, "df": 1.0, "F": 3.4766053352468984, "pvalue": 0.0833432742909669}, "TMT": {"sum_sq": 7.287621146604631, "df": 1.0, "F": 0.025513426191112187, "pvalue": 0.8753759687642262}, "Tag": {"sum_sq": 1971.6788272044885, "df": 8.0, "F": 0.8479608837153854, "pvalue": 0.592800030489979, "tukey_hsd": {}}, "ID_metabo": {}, "Quant": {"sum_sq": 221.0405753325605, "df": 1.0, "F": 0.8779866877896034, "pvalue": 0.36583580514464253}}, "7": {"Seqn": {}, "ID": {}, "Group": {"sum_sq": 383.12330387867866, "df": 2.0, "F": 0.9035693142246087, "pvalue": 0.4291107203020754, "tukey_hsd": {"groups": ["A12", "B1-8", "PBS"], "pvalues": [[1.0, 0.40408071557373015, 0.9024184008330849], [0.40408071557373015, 1.0, 0.674443421788712], [0.9024184008330849, 0.674443421788712, 1.0]]}}, "Ig": {"sum_sq": 7.849800275608956, "df": 1.0, "F": 0.035095848571969526, "pvalue": 0.8540828621339988}, "Control": {"sum_sq": 226.72263780969362, "df": 1.0, "F": 1.0898360366479403, "pvalue": 0.31419940364635596}, "TMT": {"sum_sq": 4.185720319461418, "df": 1.0, "F": 0.018692158848804322, "pvalue": 0.8931993302186483}, "Tag": {"sum_sq": 1541.3125431451567, "df": 8.0, "F": 0.8440225277213873, "pvalue": 0.5951906238823097, "tukey_hsd": {}}, "ID_metabo": {}, "Quant": {"sum_sq": 339.6607065374996, "df": 1.0, "F": 1.633194961864411, "pvalue": 0.2236101549179525}}, "8": {"Seqn": {}, "ID": {}, "Group": {"sum_sq": 158.7409949836492, "df": 2.0, "F": 0.42760140081579534, "pvalue": 0.6609186762018735, "tukey_hsd": {"groups": ["A12", "B1-8", "PBS"], "pvalues": [[1.0, 0.88120577294881, 0.8797943226648278], [0.88120577294881, 1.0, 0.6348692839219666], [0.8797943226648278, 0.6348692839219666, 1.0]]}}, "Ig": {"sum_sq": 115.72320624532533, "df": 1.0, "F": 0.6596462185429521, "pvalue": 0.430279187016294}, "Control": {"sum_sq": 0.0006025856783708603, "df": 1.0, "F": 3.2803038436645704e-06, "pvalue": 0.9985804583490194}, "TMT": {"sum_sq": 1.5873123273443195, "df": 1.0, "F": 0.008646208139801772, "pvalue": 0.927233044819518}, "Tag": {"sum_sq": 1962.608002139483, "df": 8.0, "F": 2.8190687911381405, "pvalue": 0.09490680095970423, "tukey_hsd": {}}, "ID_metabo": {}, "Quant": {"sum_sq": 38.04693654835816, "df": 1.0, "F": 0.20051866759617656, "pvalue": 0.6616737419488421}}, "9": {"Seqn": {}, "ID": {}, "Group": {"sum_sq": 672.3903218771728, "df": 2.0, "F": 2.8135732385188743, "pvalue": 0.09653407664234692, "tukey_hsd": {"groups": ["A12", "B1-8", "PBS"], "pvalues": [[1.0, 0.9999999602215801, 0.1257167428574626], [0.9999999602215801, 1.0, 0.14584383631203746], [0.1257167428574626, 0.14584383631203746, 1.0]]}}, "Ig": {"sum_sq": 672.3903132559279, "df": 1.0, "F": 6.060003787015215, "pvalue": 0.027418917585176245}, "Control": {"sum_sq": 183.31136559848167, "df": 1.0, "F": 1.2565070936602392, "pvalue": 0.28117355434206737}, "TMT": {"sum_sq": 4.107193195116107, "df": 1.0, "F": 0.025881875601967915, "pvalue": 0.8744875410851615}, "Tag": {"sum_sq": 1534.8746559676408, "df": 8.0, "F": 1.9438870452586763,