{"1": {"Mouse_ID": {}, "Treatment": {"sum_sq": 421.2699474733074, "df": 2.0, "F": 0.24279818079254342, "pvalue": 0.7879084749225223, "tukey_hsd": {"groups": ["A12", "B1-8", "PBS"], "pvalues": [[1.0, 0.7827087227422267, 0.9883200979765194], [0.7827087227422267, 1.0, 0.8703034393701292], [0.9883200979765194, 0.8703034393701292, 1.0]]}}, "Ig_treated": {"sum_sq": 27.991169301518287, "df": 1.0, "F": 0.03357640489590722, "pvalue": 0.8572380031603041}, "A12_treated": {"sum_sq": 200.19963392648978, "df": 1.0, "F": 0.2437430255946925, "pvalue": 0.6291706877629737}, "TMT": {"sum_sq": 70.97758812814052, "df": 1.0, "F": 0.08545488684942804, "pvalue": 0.7743243057135402}, "Quant": {"sum_sq": 5.083621266356622, "df": 1.0, "F": 0.006086039497944338, "pvalue": 0.9389216889279062}}, "2": {"Mouse_ID": {}, "Treatment": {"sum_sq": 2389.9526751679327, "df": 2.0, "F": 2.5355515676771065, "pvalue": 0.1175523919790402, "tukey_hsd": {"groups": ["A12", "B1-8", "PBS"], "pvalues": [[1.0, 0.1062422511454113, 0.8054582462852855], [0.1062422511454113, 1.0, 0.3169716147276137], [0.8054582462852855, 0.3169716147276137, 1.0]]}}, "Ig_treated": {"sum_sq": 82.9590571251263, "df": 1.0, "F": 0.13771188139351168, "pvalue": 0.7161216920291642}, "A12_treated": {"sum_sq": 1310.7677866141335, "df": 1.0, "F": 2.5466157364915314, "pvalue": 0.13285009281395585}, "TMT": {"sum_sq": 233.58798864225741, "df": 1.0, "F": 0.3948069876076213, "pvalue": 0.5398993306382263}, "Quant": {"sum_sq": 275.30972936591235, "df": 1.0, "F": 0.4676801483108764, "pvalue": 0.505218956807345}}, "3": {"Mouse_ID": {}, "Treatment": {"sum_sq": 2734.8525397457643, "df": 2.0, "F": 4.572472003587549, "pvalue": 0.0313579004899052, "tukey_hsd": {"groups": ["A12", "B1-8", "PBS"], "pvalues": [[1.0, 0.6912880949208983, 0.027469696438409907], [0.6912880949208983, 1.0, 0.14049270264960667], [0.027469696438409907, 0.14049270264960667, 1.0]]}}, "Ig_treated": {"sum_sq": 2528.467508929537, "df": 1.0, "F": 8.646199616810552, "pvalue": 0.010747269972771577}, "A12_treated": {"sum_sq": 1483.12419546692, "df": 1.0, "F": 4.040062783535415, "pvalue": 0.06410874191897144}, "TMT": {"sum_sq": 2.462375075732719, "df": 1.0, "F": 0.0052073443673208535, "pvalue": 0.9434938316056436}, "Quant": {"sum_sq": 2726.419722297575, "df": 1.0, "F": 9.796784001770817, "pvalue": 0.007379475242576611}}, "4": {"Mouse_ID": {}, "Treatment": {"sum_sq": 32.678368444304674, "df": 2.0, "F": 0.05263913532298, "pvalue": 0.9489234622089892, "tukey_hsd": {"groups": ["A12", "B1-8", "PBS"], "pvalues": [[1.0, 0.9449280353412212, 0.9810465459825158], [0.9449280353412212, 1.0, 0.9908609159976778], [0.9810465459825158, 0.9908609159976778, 1.0]]}}, "Ig_treated": {"sum_sq": 0.6388497983659525, "df": 1.0, "F": 0.0021990096656130586, "pvalue": 0.963260400072086}, "A12_treated": {"sum_sq": 27.50551667561806, "df": 1.0, "F": 0.09530737067902477, "pvalue": 0.7620815185515845}, "TMT": {"sum_sq": 1.4163756786062809, "df": 1.0, "F": 0.004876293841853817, "pvalue": 0.9453162494288408}, "Quant": {"sum_sq": 28.494899845007758, "df": 1.0, "F": 0.09875979426594107, "pvalue": 0.7579572674528116}}, "5": {"Mouse_ID": {}, "Treatment": {"sum_sq": 905.24138319848, "df": 2.0, "F": 2.791387375520554, "pvalue": 0.09804221910654146, "tukey_hsd": {"groups": ["A12", "B1-8", "PBS"], "pvalues": [[1.0, 0.10926687823978531, 0.9733796701815949], [0.10926687823978531, 1.0, 0.18062280222658722], [0.9733796701815949, 0.18062280222658722, 1.0]]}}, "Ig_treated": {"sum_sq": 123.29694556390812, "df": 1.0, "F": 0.5973107268871436, "pvalue": 0.4524575822801852}, "A12_treated": {"sum_sq": 325.7420501831594, "df": 1.0, "F": 1.6969289609276417, "pvalue": 0.21371143453152835}, "TMT": {"sum_sq": 18.095620641556927, "df": 1.0, "F": 0.0845848683222606, "pvalue": 0.7754417102309276}, "Quant": {"sum_sq": 29.976829724430978, "df": 1.0, "F": 0.14067960058541287, "pvalue": 0.7132273290965423}}, "6": {"Mouse_ID": {}, "Treatment": {"sum_sq": 809.8500589468565, "df": 2.0, "F": 2.4053627592134483, "pvalue": 0.129181796526978, "tukey_hsd": {"groups": ["A12", "B1-8", "PBS"], "pvalues": [[1.0, 0.46443310989547115, 0.11255705585395237], [0.46443310989547115, 1.0, 0.6373984039227709], [0.11255705585395237, 0.6373984039227709, 1.0]]}}, "Ig_treated": {"sum_sq": 560.515308492124, "df": 1.0, "F": 3.2189888524330756, "pvalue": 0.09440628017558066}, "A12_treated": {"sum_sq": 667.1897868704101, "df": 1.0, "F": 4.0069496988047675, "pvalue": 0.06508155899670685}, "TMT": {"sum_sq": 49.59242237792081, "df": 1.0, "F": 0.23545671294934428, "pvalue": 0.6350122044156707}, "Quant": {"sum_sq": 607.6020960607685, "df": 1.0, "F": 3.5581306337225658, "pvalue": 0.0801712562960498}}, "7": {"Mouse_ID": {}, "Treatment": {"sum_sq": 247.72152281915928, "df": 2.0, "F": 0.7747331098581878, "pvalue": 0.4809787579615394, "tukey_hsd": {"groups": ["A12", "B1-8", "PBS"], "pvalues": [[1.0, 0.4657807232275738, 0.948841615663801], [0.4657807232275738, 1.0, 0.6697464502637103], [0.948841615663801, 0.6697464502637103, 1.0]]}}, "Ig_treated": {"sum_sq": 11.878469102957977, "df": 1.0, "F": 0.07185934741028027, "pvalue": 0.7925578122376902}, "A12_treated": {"sum_sq": 127.61690408170297, "df": 1.0, "F": 0.8126672980502666, "pvalue": 0.3825797855736693}, "TMT": {"sum_sq": 1.9036693809074703, "df": 1.0, "F": 0.01146691098212638, "pvalue": 0.9162420121292989}, "Quant": {"sum_sq": 4.7985506130534175, "df": 1.0, "F": 0.028940515627019898, "pvalue": 0.8673503539362146}}, "8": {"Mouse_ID": {}, "Treatment": {"sum_sq": 95.91601163548901, "df": 2.0, "F": 0.3435151710625617, "pvalue": 0.7155200285134975, "tukey_hsd": {"groups": ["A12", "B1-8", "PBS"], "pvalues": [[1.0, 0.8879951583579326, 0.9168170358617201], [0.8879951583579326, 1.0, 0.6929727918869034], [0.9168170358617201, 0.6929727918869034, 1.0]]}}, "Ig_treated": {"sum_sq": 65.54350909859855, "df": 1.0, "F": 0.49726909083794646, "pvalue": 0.4922690720519022}, "A12_treated": {"sum_sq": 0.22274664548774378, "df": 1.0, "F": 0.0016321700814016914, "pvalue": 0.9683446219698005}, "TMT": {"sum_sq": 1.4316065850352377, "df": 1.0, "F": 0.010496700253501126, "pvalue": 0.9198498200009512}, "Quant": {"sum_sq": 310.69109648927315, "df": 1.0, "F": 2.7182933688406616, "pvalue": 0.1214540429595594}}, "9": {"Mouse_ID": {}, "Treatment": {"sum_sq": 503.83679328492957, "df": 2.0, "F": 2.8425714425088935, "pvalue": 0.09460302835857497, "tukey_hsd": {"groups": ["A12", "B1-8", "PBS"], "pvalues": [[1.0, 0.9995651243576359, 0.12612345740322772], [0.9995651243576359, 1.0, 0.14002144713320552], [0.12612345740322772, 0.14002144713320552, 1.0]]}}, "Ig_treated": {"sum_sq": 503.7668714785662, "df": 1.0, "F": 6.1212404001244805, "pvalue": 0.026771226634417562}, "A12_treated": {"sum_sq": 132.15536809423614, "df": 1.0, "F": 1.2141963025492102, "pvalue": 0.2890861972322406}, "TMT": {"sum_sq": 1.5741409768734946, "df": 1.0, "F": 0.013321090518056678, "pvalue": 0.9097536930274007}, "Quant": {"sum_sq": 77.26631490149089, "df": 1.0, "F": 0.6852128970367942, "pvalue": 0.4216843150665244}}, "10": {"Mouse_ID": {}, "Treatment": {"sum_sq": 58.14244930174498, "df": 2.0, "F": 0.2790823159618636, "pvalue": 0.7608970843112706, "tukey_hsd": {"groups": ["A12", "B1-8", "PBS"], "pvalues": [[1.0, 0.8241775921144809, 0.7837026106265412], [0.8241775921144809, 1.0, 0.9971914181321732], [0.7837026106265412, 0.9971914181321732, 1.0]]}}, "Ig_treated": {"sum_sq": 21.027576001905533, "df": 1.0, "F": 0.2115923890527495, "pvalue": 0.6525848191213138}, "A12_treated": {"sum_sq": 57.61093213474967, "df": 1.0, "F": 0.5953716462869051, "pvalue": 0.4531772636548359}, "TMT": {"sum_sq": 7.553942927130795, "df": 1.0, "F": 0.07528334954008, "pvalue": 0.787801176322766}, "Quant": {"sum_sq": 3.5991334764199143, "df": 1.0, "F": 0.03576862466720631, "pvalue": 0.8527084895634572}}}