{"1": {"Mouse_ID": {}, "Treatment": {"sum_sq": 421.26994747330923, "df": 2.0, "F": 0.24279818079254417, "pvalue": 0.7879084749225217, "tukey_hsd": {"groups": ["A12", "B1-8", "PBS"], "pvalues": [[1.0, 0.7827087227422264, 0.9883200979765195], [0.7827087227422264, 1.0, 0.8703034393701284], [0.9883200979765195, 0.8703034393701284, 1.0]]}}, "Ig_treated": {"sum_sq": 27.99116930151875, "df": 1.0, "F": 0.033576404895907734, "pvalue": 0.8572380031603041}, "A12_treated": {"sum_sq": 200.19963392649012, "df": 1.0, "F": 0.24374302559469258, "pvalue": 0.6291706877629737}, "TMT": {"sum_sq": 70.97758812814052, "df": 1.0, "F": 0.0854548868494279, "pvalue": 0.7743243057135402}, "Quant": {"sum_sq": 5.0836212663563884, "df": 1.0, "F": 0.006086039497944049, "pvalue": 0.9389216889279062}}, "2": {"Mouse_ID": {}, "Treatment": {"sum_sq": 2389.9526751679396, "df": 2.0, "F": 2.535551567677105, "pvalue": 0.11755239197904033, "tukey_hsd": {"groups": ["A12", "B1-8", "PBS"], "pvalues": [[1.0, 0.1062422511454113, 0.8054582462852826], [0.1062422511454113, 1.0, 0.3169716147276158], [0.8054582462852826, 0.3169716147276158, 1.0]]}}, "Ig_treated": {"sum_sq": 82.95905712512446, "df": 1.0, "F": 0.13771188139350815, "pvalue": 0.7161216920291673}, "A12_treated": {"sum_sq": 1310.7677866141437, "df": 1.0, "F": 2.5466157364915447, "pvalue": 0.13285009281395493}, "TMT": {"sum_sq": 233.58798864225864, "df": 1.0, "F": 0.39480698760762195, "pvalue": 0.5398993306382263}, "Quant": {"sum_sq": 275.30972936590916, "df": 1.0, "F": 0.46768014831086924, "pvalue": 0.505218956807348}}, "3": {"Mouse_ID": {}, "Treatment": {"sum_sq": 2734.852539745783, "df": 2.0, "F": 4.572472003587555, "pvalue": 0.03135790048990508, "tukey_hsd": {"groups": ["A12", "B1-8", "PBS"], "pvalues": [[1.0, 0.6912880949209002, 0.027469696438409907], [0.6912880949209002, 1.0, 0.140492702649606], [0.027469696438409907, 0.140492702649606, 1.0]]}}, "Ig_treated": {"sum_sq": 2528.467508929554, "df": 1.0, "F": 8.646199616810563, "pvalue": 0.010747269972771548}, "A12_treated": {"sum_sq": 1483.124195466927, "df": 1.0, "F": 4.040062783535407, "pvalue": 0.06410874191897166}, "TMT": {"sum_sq": 2.462375075732763, "df": 1.0, "F": 0.005207344367320915, "pvalue": 0.9434938316056436}, "Quant": {"sum_sq": 2726.4197222975963, "df": 1.0, "F": 9.796784001770847, "pvalue": 0.007379475242576537}}, "4": {"Mouse_ID": {}, "Treatment": {"sum_sq": 32.67836844430535, "df": 2.0, "F": 0.05263913532298104, "pvalue": 0.948923462208987, "tukey_hsd": {"groups": ["A12", "B1-8", "PBS"], "pvalues": [[1.0, 0.9449280353412202, 0.981046545982515], [0.9449280353412202, 1.0, 0.990860915997678], [0.981046545982515, 0.990860915997678, 1.0]]}}, "Ig_treated": {"sum_sq": 0.6388497983660618, "df": 1.0, "F": 0.0021990096656134333, "pvalue": 0.963260400072086}, "A12_treated": {"sum_sq": 27.505516675618846, "df": 1.0, "F": 0.0953073706790274, "pvalue": 0.7620815185515806}, "TMT": {"sum_sq": 1.4163756786063146, "df": 1.0, "F": 0.004876293841853928, "pvalue": 0.9453162494288408}, "Quant": {"sum_sq": 28.494899845008472, "df": 1.0, "F": 0.09875979426594347, "pvalue": 0.7579572674528098}}, "5": {"Mouse_ID": {}, "Treatment": {"sum_sq": 905.2413831985747, "df": 2.0, "F": 2.7913873755209773, "pvalue": 0.09804221910651242, "tukey_hsd": {"groups": ["A12", "B1-8", "PBS"], "pvalues": [[1.0, 0.10926687823971237, 0.9733796701814459], [0.10926687823971237, 1.0, 0.18062280222665184], [0.9733796701814459, 0.18062280222665184, 1.0]]}}, "Ig_treated": {"sum_sq": 123.29694556375914, "df": 1.0, "F": 0.5973107268863921, "pvalue": 0.45245758228046384}, "A12_treated": {"sum_sq": 325.7420501834194, "df": 1.0, "F": 1.6969289609291633, "pvalue": 0.21371143453133412}, "TMT": {"sum_sq": 18.09562064153971, "df": 1.0, "F": 0.08458486832217976, "pvalue": 0.7754417102310309}, "Quant": {"sum_sq": 29.976829724355007, "df": 1.0, "F": 0.140679600585053, "pvalue": 0.7132273290968927}}, "6": {"Mouse_ID": {}, "Treatment": {"sum_sq": 809.850058946755, "df": 2.0, "F": 2.405362759213034, "pvalue": 0.12918179652701697, "tukey_hsd": {"groups": ["A12", "B1-8", "PBS"], "pvalues": [[1.0, 0.46443310989581854, 0.11255705585397413], [0.46443310989581854, 1.0, 0.6373984039224743], [0.11255705585397413, 0.6373984039224743, 1.0]]}}, "Ig_treated": {"sum_sq": 560.5153084922684, "df": 1.0, "F": 3.2189888524340966, "pvalue": 0.0944062801755333}, "A12_treated": {"sum_sq": 667.1897868701482, "df": 1.0, "F": 4.006949698802744, "pvalue": 0.06508155899676685}, "TMT": {"sum_sq": 49.59242237793766, "df": 1.0, "F": 0.23545671294942566, "pvalue": 0.6350122044156146}, "Quant": {"sum_sq": 607.6020960608415, "df": 1.0, "F": 3.5581306337231013, "pvalue": 0.08017125629602946}}, "7": {"Mouse_ID": {}, "Treatment": {"sum_sq": 247.7215228191629, "df": 2.0, "F": 0.7747331098582013, "pvalue": 0.48097875796153355, "tukey_hsd": {"groups": ["A12", "B1-8", "PBS"], "pvalues": [[1.0, 0.4657807232275675, 0.9488416156637999], [0.4657807232275675, 1.0, 0.6697464502637058], [0.9488416156637999, 0.6697464502637058, 1.0]]}}, "Ig_treated": {"sum_sq": 11.878469102958123, "df": 1.0, "F": 0.0718593474102812, "pvalue": 0.792557812237688}, "A12_treated": {"sum_sq": 127.6169040817051, "df": 1.0, "F": 0.8126672980502815, "pvalue": 0.38257978557366534}, "TMT": {"sum_sq": 1.903669380907621, "df": 1.0, "F": 0.0114669109821273, "pvalue": 0.9162420121292933}, "Quant": {"sum_sq": 4.798550613053455, "df": 1.0, "F": 0.02894051562702014, "pvalue": 0.8673503539362146}}, "8": {"Mouse_ID": {}, "Treatment": {"sum_sq": 95.91601163548609, "df": 2.0, "F": 0.3435151710625508, "pvalue": 0.7155200285135052, "tukey_hsd": {"groups": ["A12", "B1-8", "PBS"], "pvalues": [[1.0, 0.887995158357932, 0.9168170358617264], [0.887995158357932, 1.0, 0.6929727918869117], [0.9168170358617264, 0.6929727918869117, 1.0]]}}, "Ig_treated": {"sum_sq": 65.54350909859542, "df": 1.0, "F": 0.49726909083792203, "pvalue": 0.49226907205191284}, "A12_treated": {"sum_sq": 0.22274664548785736, "df": 1.0, "F": 0.0016321700814025248, "pvalue": 0.9683446219698005}, "TMT": {"sum_sq": 1.4316065850351627, "df": 1.0, "F": 0.010496700253500581, "pvalue": 0.9198498200009512}, "Quant": {"sum_sq": 310.6910964892706, "df": 1.0, "F": 2.7182933688406363, "pvalue": 0.12145404295956092}}, "9": {"Mouse_ID": {}, "Treatment": {"sum_sq": 503.83679328493247, "df": 2.0, "F": 2.842571442508922, "pvalue": 0.0946030283585731, "tukey_hsd": {"groups": ["A12", "B1-8", "PBS"], "pvalues": [[1.0, 0.9995651243576358, 0.12612345740322606], [0.9995651243576358, 1.0, 0.14002144713320253], [0.12612345740322606, 0.14002144713320253, 1.0]]}}, "Ig_treated": {"sum_sq": 503.7668714785694, "df": 1.0, "F": 6.1212404001245435, "pvalue": 0.026771226634416927}, "A12_treated": {"sum_sq": 132.15536809423605, "df": 1.0, "F": 1.214196302549211, "pvalue": 0.2890861972322402}, "TMT": {"sum_sq": 1.5741409768735093, "df": 1.0, "F": 0.013321090518056813, "pvalue": 0.9097536930274007}, "Quant": {"sum_sq": 77.26631490149353, "df": 1.0, "F": 0.6852128970368195, "pvalue": 0.42168431506651594}}, "10": {"Mouse_ID": {}, "Treatment": {"sum_sq": 58.14244930174378, "df": 2.0, "F": 0.2790823159618572, "pvalue": 0.7608970843112751, "tukey_hsd": {"groups": ["A12", "B1-8", "PBS"], "pvalues": [[1.0, 0.8241775921144854, 0.783702610626545], [0.8241775921144854, 1.0, 0.9971914181321729], [0.783702610626545, 0.9971914181321729, 1.0]]}}, "Ig_treated": {"sum_sq": 21.02757600190527, "df": 1.0, "F": 0.21159238905274655, "pvalue": 0.652584819121315}, "A12_treated": {"sum_sq": 57.6109321347484, "df": 1.0, "F": 0.5953716462868905, "pvalue": 0.4531772636548409}, "TMT": {"sum_sq": 7.553942927131741, "df": 1.0, "F": 0.07528334954008935, "pvalue": 0.787801176322753}, "Quant": {"sum_sq": 3.5991334764199503, "df": 1.0, "F": 0.03576862466720661, "pvalue": 0.8527084895634572}}}