{"1":{"Explained_Variance":0.3544155019},"2":{"Explained_Variance":0.2251634171},"3":{"Explained_Variance":0.08047487},"4":{"Explained_Variance":0.0683638703},"5":{"Explained_Variance":0.0521718679},"6":{"Explained_Variance":0.0498487681},"7":{"Explained_Variance":0.0433681561},"8":{"Explained_Variance":0.03824126},"9":{"Explained_Variance":0.0331531133},"10":{"Explained_Variance":0.0282693482}}