{"1":{"Explained_Variance":0.2352059022},"2":{"Explained_Variance":0.1711699017},"3":{"Explained_Variance":0.130864412},"4":{"Explained_Variance":0.0818501043},"5":{"Explained_Variance":0.0619785485},"6":{"Explained_Variance":0.0608036215},"7":{"Explained_Variance":0.0476444061},"8":{"Explained_Variance":0.0390325159},"9":{"Explained_Variance":0.0337810573},"10":{"Explained_Variance":0.0289589924}}