{"1":{"Explained_Variance":0.3218186528},"2":{"Explained_Variance":0.2388045541},"3":{"Explained_Variance":0.1706475212},"4":{"Explained_Variance":0.0771447792},"5":{"Explained_Variance":0.058383446},"6":{"Explained_Variance":0.0527279346},"7":{"Explained_Variance":0.0436954607},"8":{"Explained_Variance":0.0367776513},"9":{"Explained_Variance":9.735085693e-32}}