{"1":{"Explained_Variance":0.2373843653},"2":{"Explained_Variance":0.1728472175},"3":{"Explained_Variance":0.1342859956},"4":{"Explained_Variance":0.0825197529},"5":{"Explained_Variance":0.0611765705},"6":{"Explained_Variance":0.0608561998},"7":{"Explained_Variance":0.0471778409},"8":{"Explained_Variance":0.0388134572},"9":{"Explained_Variance":0.0336942896},"10":{"Explained_Variance":0.0286381992}}