{"1":{"Explained_Variance":0.5248107268},"2":{"Explained_Variance":0.2615339631},"3":{"Explained_Variance":0.0972218144},"4":{"Explained_Variance":0.0514340771},"5":{"Explained_Variance":0.0221638522},"6":{"Explained_Variance":0.0129765484},"7":{"Explained_Variance":0.0103283533},"8":{"Explained_Variance":0.0057606805},"9":{"Explained_Variance":0.003987867},"10":{"Explained_Variance":0.0026974242}}