{"1":{"Explained_Variance":0.2374172275},"2":{"Explained_Variance":0.172833745},"3":{"Explained_Variance":0.1343954198},"4":{"Explained_Variance":0.0825514845},"5":{"Explained_Variance":0.0611479462},"6":{"Explained_Variance":0.060846089},"7":{"Explained_Variance":0.0472047506},"8":{"Explained_Variance":0.038777646},"9":{"Explained_Variance":0.0336048481},"10":{"Explained_Variance":0.028660841}}