{"1":{"Explained_Variance":0.3952896938},"2":{"Explained_Variance":0.2796121163},"3":{"Explained_Variance":0.1439533523},"4":{"Explained_Variance":0.0458930162},"5":{"Explained_Variance":0.0440621628},"6":{"Explained_Variance":0.0281852954},"7":{"Explained_Variance":0.024102082},"8":{"Explained_Variance":0.0197194453},"9":{"Explained_Variance":0.0191828359},"10":{"Explained_Variance":1.168938332e-31}}