{"1":{"Explained_Variance":0.2541709595},"2":{"Explained_Variance":0.1573431247},"3":{"Explained_Variance":0.0783362339},"4":{"Explained_Variance":0.0370941767},"5":{"Explained_Variance":0.0266374554},"6":{"Explained_Variance":0.0207210033},"7":{"Explained_Variance":0.0195543085},"8":{"Explained_Variance":0.0173233234},"9":{"Explained_Variance":0.016530296},"10":{"Explained_Variance":0.0152238106}}