{"1":{"Explained_Variance":0.321695964},"2":{"Explained_Variance":0.2389974081},"3":{"Explained_Variance":0.1708044449},"4":{"Explained_Variance":0.0769847985},"5":{"Explained_Variance":0.0583972342},"6":{"Explained_Variance":0.0527081612},"7":{"Explained_Variance":0.0437025399},"8":{"Explained_Variance":0.0367094491},"9":{"Explained_Variance":5.219887642e-32}}