{"1":{"Explained_Variance":0.3733410525},"2":{"Explained_Variance":0.1468825073},"3":{"Explained_Variance":0.0560982267},"4":{"Explained_Variance":0.028059616},"5":{"Explained_Variance":0.0239879416},"6":{"Explained_Variance":0.0200418762},"7":{"Explained_Variance":0.0199929186},"8":{"Explained_Variance":0.0166454318},"9":{"Explained_Variance":0.015651143},"10":{"Explained_Variance":0.0137978893}}