{"LD2169":{"1":-26.5909222807,"2":-0.0823434495,"3":-12.2602441836,"4":-5.6863159212,"5":-9.9130014124,"6":14.4644647537,"7":17.0463267664,"8":10.1526635641,"9":13.4152664683,"10":-3.5840180708},"LD2170":{"1":-22.2491304834,"2":-19.8283628049,"3":48.9256068569,"4":13.2200387524,"5":-19.3567280992,"6":-27.6112862855,"7":-2.8345406087,"8":6.1328062289,"9":3.7196665757,"10":-1.0090612364},"LD2171":{"1":64.5337910957,"2":5.8511373413,"3":8.5955885099,"4":-0.7713877578,"5":-17.0663871929,"6":18.4162383887,"7":-9.6746205133,"8":-7.0485629782,"9":4.6464839601,"10":-11.8033440714},"LD2243":{"1":-3.5779035492,"2":-15.8927146177,"3":-13.451089351,"4":-0.9607064239,"5":-9.8029255645,"6":4.3714498073,"7":-5.6966361357,"8":-9.3014628996,"9":18.8801529748,"10":12.2675395799},"LD2244":{"1":-11.8927941717,"2":-46.1835503836,"3":14.5566898137,"4":27.395432431,"5":11.6075160663,"6":28.8364631262,"7":-0.3951603827,"8":2.2918950933,"9":-13.6452454386,"10":0.0759410392},"LD2245":{"1":27.3169720813,"2":6.030131991,"3":28.2236636147,"4":-23.059964145,"5":0.088991692,"6":3.3666248455,"7":23.3993279173,"8":-2.7074014566,"9":-4.6003729395,"10":18.6713720029},"LD2162":{"1":-32.8917371206,"2":27.5599336389,"3":-6.7351642454,"4":6.0787373703,"5":13.3205150231,"6":0.6004321777,"7":1.4380083505,"8":7.0955350887,"9":5.2024803798,"10":1.7505510277},"LD2163":{"1":-20.0096004409,"2":-0.9843605921,"3":10.3750007728,"4":-23.4457064441,"5":4.3067184229,"6":5.4033241947,"7":-1.0776310128,"8":-11.2088300142,"9":0.3722513891,"10":-7.4111368249},"LD2164":{"1":-37.292434687,"2":20.6696825397,"3":-2.1359476379,"4":-0.1953697551,"5":-2.2534702067,"6":9.6990424148,"7":-15.6806313714,"8":-2.5113242255,"9":7.0447307203,"10":0.9590701916},"LD2214":{"1":21.7103922645,"2":48.4820440911,"3":9.6411381888,"4":17.9008206515,"5":10.6934966961,"6":0.1872501306,"7":-13.6968515145,"8":6.590432108,"9":-5.4270507276,"10":13.3565067948},"LD2215":{"1":31.0947227717,"2":-8.6457628931,"3":7.4402649708,"4":-8.8819659314,"5":29.6715869722,"6":-10.5317234489,"7":0.688087204,"8":16.2351310569,"9":11.8872354384,"10":-14.8752185018},"LD2166":{"1":-24.9667025095,"2":0.5474857755,"3":0.5428534765,"4":-22.6942625461,"5":11.9422836254,"6":-6.2014696168,"7":-4.5462056823,"8":-14.5820087148,"9":-16.3972187036,"10":-5.1610539637},"LD2157":{"1":5.5484329474,"2":-10.6929517595,"3":-33.414001032,"4":-8.8166249946,"5":-13.3082939099,"6":-2.6653962816,"7":4.813308478,"8":23.1432350923,"9":-13.5478079798,"10":3.2112126963},"LD2158":{"1":12.0715973441,"2":-19.9145174404,"3":-21.5496020026,"4":-11.6223033609,"5":-8.6278276822,"6":-13.1377569117,"7":-21.6807730264,"8":1.6890634709,"9":-7.0518102186,"10":3.3665096188},"LD2223":{"1":18.1449767993,"2":-20.5330592211,"3":-28.8105100963,"4":21.8982590961,"5":14.0369852894,"6":-18.0126645306,"7":11.2707559635,"8":-17.8460393813,"9":5.5870342543,"10":5.2211694071},"LD2225":{"1":-0.949660061,"2":33.6172077843,"3":-9.9442476553,"4":19.6413189786,"5":-15.3394597194,"6":-7.1849927639,"7":16.627235568,"8":-8.1251320331,"9":-10.0857961531,"10":-15.0360396894}}