{"WT1":{"1":67.5440489409,"2":-13.0654484206,"3":23.9546450562,"4":13.3869874807,"5":15.7844735366,"6":43.5770801517,"7":-4.8188139648,"8":23.5288070925,"9":0.0},"WT2":{"1":78.8963222657,"2":17.2051956046,"3":10.1220151236,"4":-23.3124682882,"5":11.8106963569,"6":-25.2925337428,"7":-35.3642202145,"8":-13.6590934298,"9":0.0},"WT3":{"1":80.4748247538,"2":8.5402471337,"3":9.1481675186,"4":10.7904964917,"5":-26.2843246464,"6":-15.9651795924,"7":39.6757910759,"8":-6.9695674667,"9":0.0},"KO1":{"1":-72.0904715834,"2":-2.2416703054,"3":91.166776622,"4":1.1055096512,"5":-22.8071608841,"6":2.1369701116,"7":-8.0425420768,"8":-6.2895483584,"9":0.0},"KO2":{"1":-46.5676547082,"2":81.9766059108,"3":-5.7925287046,"4":27.4093904312,"5":29.8999412154,"6":-20.6360189,"7":6.5457283927,"8":16.3390775622,"9":0.0},"KO3":{"1":-26.7048600642,"2":67.8144780147,"3":-51.0070177802,"4":-22.5748552498,"5":-21.2749334504,"6":31.5485557835,"7":-2.5654024322,"8":-15.2668274225,"9":0.0},"KI1":{"1":-35.8304357184,"2":-51.2667318181,"3":-0.6252605891,"4":-43.6051806785,"5":35.5480560495,"6":0.7156136049,"7":24.4508419888,"8":-7.3326625632,"9":0.0},"KI2":{"1":-21.2804410811,"2":-61.8430787323,"3":-36.6918478392,"4":49.6613376015,"5":5.3016946561,"6":1.5846394247,"7":-9.692368683,"8":-24.6210837885,"9":0.0},"KI3":{"1":-24.4413328051,"2":-47.1195973873,"3":-40.2749494074,"4":-12.8612174399,"5":-27.9784428336,"6":-17.6691268412,"7":-10.1890140862,"8":34.2708983745,"9":0.0}}