{"WT1":{"1":-125.0681534716,"2":122.8817422476,"3":140.9558797942,"4":-43.9107607347,"5":-13.0111288466,"6":28.7096584105,"7":-32.5044236852,"8":-42.7878422229,"9":-26.3245587022,"10":0.0},"WT2":{"1":-129.9651444545,"2":128.6005667245,"3":107.3621632863,"4":26.7624696817,"5":46.4380309804,"6":-33.7335272832,"7":34.473883713,"8":44.0844230341,"9":29.3034402951,"10":0.0},"KO1":{"1":-164.7361062443,"2":-102.0989171779,"3":-36.7733577597,"4":89.8053593522,"5":-29.1764873325,"6":-21.4081622126,"7":28.1014657235,"8":-26.3067189352,"9":-40.3790380947,"10":0.0},"KO2":{"1":-135.8453444868,"2":-75.9083830414,"3":-120.5057923627,"4":-52.0579894224,"5":89.8136890772,"6":7.2286277975,"7":-23.1558166717,"8":17.9720702622,"9":-23.4746753807,"10":0.0},"KO3":{"1":-161.4960750449,"2":-107.7938140177,"3":-42.2317104217,"4":-27.9684672234,"5":-75.2207529195,"6":18.586533553,"7":-11.7785549756,"8":7.3066269611,"9":60.9087446424,"10":0.0},"Y1":{"1":162.8149847437,"2":-108.1659234848,"3":78.6902671372,"4":18.0012791418,"5":-34.4699526243,"6":19.2473782243,"7":-31.2959568707,"8":60.2856232001,"9":-32.6194752734,"10":0.0},"Y2":{"1":171.8435893509,"2":-85.7907115985,"3":31.5919517224,"4":53.7844588765,"5":60.0654236585,"6":-5.010932262,"7":-36.8724508433,"8":-40.5982199137,"9":40.5554624597,"10":0.0},"Y3":{"1":160.1225738842,"2":-112.0262678522,"3":36.4197503514,"4":-77.2475039159,"5":-1.6098226998,"6":-19.6725082182,"7":68.7521409751,"8":-19.4663689699,"9":-5.1659510705,"10":0.0},"SH2":{"1":110.2897893643,"2":167.4683906265,"3":-95.1344414818,"4":28.5823338862,"5":-0.7049798889,"6":78.5159818255,"7":34.2052298147,"8":0.6917900022,"9":2.9387783507,"10":0.0},"SH3":{"1":112.0398863589,"2":172.8333175738,"3":-100.3747102655,"4":-15.7511796418,"5":-42.1240194046,"6":-72.4630498348,"7":-29.9255171797,"8":-1.1813834179,"9":-5.7427272263,"10":0.0}}