{"C1KO2":{"1":-10.3879560763,"2":33.6062474631,"3":-28.7565106965,"4":-0.2496655939,"5":-13.6222070957,"6":17.3686812925,"7":-5.6405671703,"8":-23.8534441459,"9":27.0785320998,"10":9.1996279002},"C1KO4":{"1":2.3883497116,"2":-40.9068608739,"3":-20.3824679931,"4":-27.65072273,"5":-18.7399264101,"6":-2.8906966073,"7":-10.2636813309,"8":1.5361729044,"9":-10.0193784869,"10":-17.0791703809},"C1KO6":{"1":-40.4411213148,"2":-10.2937735203,"3":-9.9984835576,"4":36.6163623183,"5":5.0868049087,"6":3.6484157574,"7":28.6764059584,"8":-14.8103019704,"9":-10.6940055019,"10":-17.9024898255},"C1WT1":{"1":128.3972729669,"2":17.9208381713,"3":-4.6567447577,"4":-5.7473659097,"5":11.0709305677,"6":5.4470858728,"7":22.4744688629,"8":9.0264625396,"9":3.2779495567,"10":-0.2557002504},"C1WT3":{"1":-25.6100692856,"2":-57.7768561943,"3":-2.9949928881,"4":1.5013236681,"5":-22.3592292062,"6":13.1512155702,"7":14.8989426769,"8":20.9003375437,"9":-0.7939578154,"10":21.3767937337},"C1WT4":{"1":64.6751702684,"2":-25.106858108,"3":13.0693646082,"4":26.0606582604,"5":-16.5416799603,"6":-15.7862505208,"7":-25.2957013484,"8":-15.6579698497,"9":-8.5802841255,"10":2.2701145881},"C2KO3":{"1":-27.2669333825,"2":62.4275182433,"3":-21.3096667439,"4":-21.3729172524,"5":-3.999097045,"6":-27.2614607934,"7":5.8367859454,"8":1.1009380608,"9":-18.1761027183,"10":6.8917285827},"C2KO5":{"1":-14.0684502049,"2":-25.6391519703,"3":-21.9264833446,"4":-3.2518166897,"5":30.6345636203,"6":3.844466782,"7":-18.7181176037,"8":14.9043764658,"9":11.6250366751,"10":-14.0271271102},"C2KO9":{"1":-23.8424406079,"2":31.7719888704,"3":6.5983952546,"4":31.5388332644,"5":3.1864065012,"6":-19.1534168435,"7":-9.214360263,"8":24.0454461309,"9":10.3592139067,"10":5.6086583792},"C2WT2":{"1":-14.3122096733,"2":52.0729301802,"3":33.2832413028,"4":-4.1612814841,"5":-7.5533955657,"6":35.9460766728,"7":-11.4611472393,"8":7.5500484384,"9":-12.7925324247,"10":-8.8125283415},"C2WT3":{"1":-22.9613735059,"2":-13.6154488694,"3":45.1484085884,"4":-23.0851197567,"5":-2.9136809651,"6":-19.5005473648,"7":13.4722076168,"8":-7.7676115972,"9":21.4799662076,"10":-8.5972729503},"C2WT6":{"1":-16.5702388958,"2":-24.460573392,"3":11.9259402276,"4":-10.1982880949,"5":35.7505106503,"6":5.1864301821,"7":-4.7652361047,"8":-16.9744545204,"9":-12.7644373734,"10":21.3273656749}}