{"LD2169":{"1":-26.5909222802,"2":-0.0823434503,"3":-12.2602441831,"4":-5.6863159213,"5":-9.9130014131,"6":14.4644647546,"7":17.0463267645,"8":10.1526635659,"9":13.4152664668,"10":-3.5840180682},"LD2170":{"1":-22.2491304838,"2":-19.8283628046,"3":48.9256068569,"4":13.2200387534,"5":-19.3567280965,"6":-27.6112862869,"7":-2.8345406078,"8":6.1328062291,"9":3.7196665756,"10":-1.0090612364},"LD2171":{"1":64.5337910963,"2":5.8511373419,"3":8.59558851,"4":-0.7713877572,"5":-17.0663871939,"6":18.4162383864,"7":-9.6746205125,"8":-7.0485629786,"9":4.6464839595,"10":-11.8033440709},"LD2243":{"1":-3.5779035485,"2":-15.8927146172,"3":-13.451089351,"4":-0.9607064224,"5":-9.8029255651,"6":4.3714498076,"7":-5.6966361346,"8":-9.3014628976,"9":18.8801529755,"10":12.2675395776},"LD2244":{"1":-11.8927941699,"2":-46.1835503828,"3":14.5566898144,"4":27.3954324303,"5":11.6075160648,"6":28.836463127,"7":-0.3951603832,"8":2.2918950921,"9":-13.6452454397,"10":0.0759410394},"LD2245":{"1":27.3169720809,"2":6.030131992,"3":28.2236636149,"4":-23.0599641461,"5":0.0889916913,"6":3.3666248457,"7":23.3993279169,"8":-2.707401456,"9":-4.6003729384,"10":18.6713720017},"LD2162":{"1":-32.8917371206,"2":27.5599336381,"3":-6.7351642466,"4":6.0787373702,"5":13.320515022,"6":0.6004321783,"7":1.4380083506,"8":7.095535089,"9":5.2024803778,"10":1.7505510308},"LD2163":{"1":-20.0096004408,"2":-0.9843605919,"3":10.3750007734,"4":-23.4457064439,"5":4.3067184226,"6":5.4033241941,"7":-1.077631014,"8":-11.2088300152,"9":0.3722513911,"10":-7.4111368223},"LD2164":{"1":-37.2924346874,"2":20.6696825395,"3":-2.1359476376,"4":-0.1953697549,"5":-2.2534702074,"6":9.6990424152,"7":-15.6806313692,"8":-2.5113242243,"9":7.0447307224,"10":0.9590701852},"LD2214":{"1":21.7103922639,"2":48.4820440908,"3":9.6411381882,"4":17.9008206512,"5":10.693496696,"6":0.1872501313,"7":-13.6968515157,"8":6.5904321082,"9":-5.4270507277,"10":13.3565067968},"LD2215":{"1":31.0947227717,"2":-8.6457628921,"3":7.4402649702,"4":-8.8819659318,"5":29.6715869729,"6":-10.5317234471,"7":0.6880872037,"8":16.2351310578,"9":11.887235437,"10":-14.8752185044},"LD2166":{"1":-24.96670251,"2":0.5474857748,"3":0.5428534756,"4":-22.6942625457,"5":11.9422836263,"6":-6.2014696164,"7":-4.5462056823,"8":-14.5820087167,"9":-16.3972187034,"10":-5.161053963},"LD2157":{"1":5.5484329473,"2":-10.6929517601,"3":-33.4140010311,"4":-8.8166249955,"5":-13.3082939102,"6":-2.6653962831,"7":4.8133084778,"8":23.1432350913,"9":-13.5478079818,"10":3.2112126931},"LD2158":{"1":12.0715973433,"2":-19.9145174415,"3":-21.5496020021,"4":-11.6223033606,"5":-8.6278276824,"6":-13.1377569127,"7":-21.6807730269,"8":1.6890634689,"9":-7.0518102177,"10":3.366509623},"LD2223":{"1":18.1449767994,"2":-20.5330592209,"3":-28.8105100965,"4":21.898259096,"5":14.036985291,"6":-18.0126645289,"7":11.2707559648,"8":-17.8460393794,"9":5.5870342568,"10":5.221169408},"LD2225__":{"1":-0.9496600616,"2":33.6172077842,"3":-9.9442476555,"4":19.6413189785,"5":-15.3394597182,"6":-7.1849927652,"7":16.6272355678,"8":-8.1251320346,"9":-10.0857961536,"10":-15.0360396901}}