{"LD2169":{"1":-284170542.1283984184,"2":-47491501.3709876686,"3":13861634.7078877315,"4":19671005.4992262609,"5":4819365.3177671647,"6":-8127430.9070526147,"7":36238789.8823667169,"8":-5238872.5526731033,"9":-9226309.1224312689,"10":12547811.8201633599},"LD2170":{"1":47912469.0102563724,"2":63040214.8212618381,"3":-32952363.443164885,"4":-76389753.2968885601,"5":78575081.595059827,"6":-37779643.1357031763,"7":-13167088.7651845608,"8":22305363.1089455113,"9":10474191.4997158982,"10":24435319.9212525785},"LD2171":{"1":-211259251.7437802255,"2":21730583.5787053034,"3":-93249984.9657627344,"4":-7107696.1187449498,"5":60826552.8154248074,"6":19790869.9922848605,"7":199221.1795974596,"8":-7709752.7091829814,"9":-3498151.8945806311,"10":-24469112.9301726371},"LD2243":{"1":-19211640.9137456678,"2":149400673.3177463412,"3":-63712323.7707776576,"4":-20106443.3533033095,"5":10298294.661293909,"6":-1488389.80099982,"7":-11985924.6544965245,"8":-11115486.1511853412,"9":-9129892.9626680389,"10":-2828315.9545855396},"LD2244":{"1":-235728261.8414024115,"2":112573235.4436531216,"3":32988306.1020496748,"4":135869314.0564085841,"5":11232440.5900147445,"6":5839800.1661000401,"7":-27773947.6331267096,"8":53277856.2935189158,"9":-17312343.9536468461,"10":-8294070.8200623179},"LD2245":{"1":252818098.9875046313,"2":255760842.6019204855,"3":-22895375.0449976325,"4":-98423349.5083364248,"5":-20312952.7921177186,"6":41409483.2697360888,"7":20083089.1945920065,"8":24046090.4957119823,"9":17863948.4551290981,"10":-21125870.7198995724},"LD2162":{"1":-175010673.1337358356,"2":-126496368.3212131113,"3":-28887860.6001854278,"4":-112903649.5726875216,"5":-19440349.4608429857,"6":510049.3888148295,"7":-19029291.9160692468,"8":19004824.3156581521,"9":3236145.6931804889,"10":13106168.2652234193},"LD2163":{"1":444272488.834543705,"2":-51019990.2380729616,"3":57187901.2802600935,"4":-10599913.8653171547,"5":-49485907.2591786608,"6":-5947431.6596048735,"7":-7813590.0081434948,"8":4634727.4196965788,"9":-37950740.6212334931,"10":374857.4283929698},"LD2164":{"1":161041066.4733321071,"2":-114258450.2147041857,"3":79289784.1501818895,"4":4416746.3059179066,"5":-14858656.0158316754,"6":-49376145.0696502253,"7":27728821.5442752764,"8":21597490.9862503372,"9":-1791208.1615577918,"10":-8842820.134096548},"LD2213":{"1":2429143.0612752298,"2":-252669623.6931693852,"3":184282747.8758938909,"4":12142789.8151950948,"5":42407442.811342448,"6":55910858.7337209657,"7":27804051.9876220785,"8":4483925.8085971419,"9":14226651.6339342538,"10":1359548.9967709619},"LD2214":{"1":-253345492.7992536426,"2":-147916445.6690714061,"3":21597164.3692974858,"4":-93496945.2233191431,"5":-44418003.6024940014,"6":23738002.6735103168,"7":-47438535.0619394481,"8":-16897155.0522741303,"9":-17080845.2990211919,"10":-5573351.6539310543},"LD2215":{"1":255634229.2031369507,"2":41690497.2787166312,"3":-53875931.5419902429,"4":88897528.7555838078,"5":-950142.8286802139,"6":66587307.5710156858,"7":-31222419.1347758956,"8":-12991521.913615372,"9":10535883.0028827079,"10":26673374.6522704475},"LD2166":{"1":8242346.9711879687,"2":-110476673.3129289001,"3":-46483874.7802596465,"4":45548385.7378088161,"5":-57951420.8039947376,"6":-38613763.4101156443,"7":-17771682.6587234028,"8":5335846.3756349077,"9":45744138.39370469,"10":-1083891.0488461978},"LD2157":{"1":281195942.3941879869,"2":-181696489.3929896355,"3":-110284186.8302593082,"4":25954839.8156186268,"5":77193765.6087485552,"6":-27045558.0603178591,"7":-4253973.2578594908,"8":-19771342.6881215386,"9":-10636480.2973658573,"10":-9813664.5346270632},"LD2158":{"1":-85532256.7255170941,"2":-105386765.8896365166,"3":-166434181.1175384521,"4":51809414.7682124972,"5":-55647202.6331207231,"6":9275383.0073827393,"7":42868930.5344713554,"8":-7518384.6955013154,"9":1320357.3337226692,"10":-7622625.2120924927},"LD2223":{"1":-75650003.111628443,"2":176769643.2317808568,"3":22353518.0965385661,"4":31034787.3316923827,"5":-31694484.5813515224,"6":-30652658.2305147648,"7":-4585207.88527714,"8":-16910695.3554828614,"9":-7337947.2018492464,"10":13779671.5506877974},"LD2224":{"1":-90694275.6349680126,"2":179278625.2350699306,"3":39441723.166334942,"4":-18600880.3213201202,"5":-1893111.8624899744,"6":793804.7548340752,"7":58435890.9932728186,"8":-17631415.8823245876,"9":-6474488.1071230872,"10":15154846.9797455631},"LD2225":{"1":-22943386.9029960334,"2":137167992.5939178467,"3":167773302.3464912176,"4":22283819.1742524579,"5":11299288.4404509701,"6":-24824539.283440344,"7":-28317134.3406021595,"8":-38901497.8036522716,"9":17037091.6092073061,"10":-17777876.6061938927}}