{"WT1":{"1":67.5009436373,"2":-13.1740948324,"3":23.9830677964,"4":13.7456406964,"5":15.4613211566,"6":43.4794308288,"7":-4.737810222,"8":23.5946862489,"9":0.0},"WT2":{"1":78.8348554686,"2":17.129501557,"3":10.0918396791,"4":-23.5374323607,"5":12.0558962397,"6":-24.8611488198,"7":-35.3567408975,"8":-13.8043085231,"9":0.0},"WT3":{"1":80.4223285608,"2":8.4528690727,"3":9.1446395101,"4":10.7640369353,"5":-26.2204466891,"6":-16.3432501834,"7":39.5586624049,"8":-6.9177059354,"9":0.0},"KO1":{"1":-72.052089176,"2":-2.0521582914,"3":91.1515131386,"4":0.9859876073,"5":-22.7856371572,"6":2.0934654319,"7":-8.0131281691,"8":-6.3417461878,"9":0.0},"KO2":{"1":-46.4219552681,"2":82.0462261784,"3":-5.8658831595,"4":27.3793900323,"5":29.8851184623,"6":-20.6650571908,"7":6.3273449564,"8":16.2970084701,"9":0.0},"KO3":{"1":-26.514369268,"2":67.7551748714,"3":-51.0156442774,"4":-22.5471839759,"5":-21.3365759791,"6":31.611255092,"7":-2.2748774796,"8":-15.1389583866,"9":0.0},"KI1":{"1":-35.8237547871,"2":-51.2803258208,"3":-0.5703846726,"4":-43.3371281972,"5":35.6274085183,"6":0.9176308588,"7":24.5918673857,"8":-7.0937504139,"9":0.0},"KI2":{"1":-21.47744741,"2":-61.7453694,"3":-36.6854276902,"4":49.4890095179,"5":5.2376479638,"6":1.5899059796,"7":-9.6724317522,"8":-24.6955003802,"9":0.0},"KI3":{"1":-24.4685117574,"2":-47.1318233349,"3":-40.2337203245,"4":-12.9423202555,"5":-27.9247325154,"6":-17.8222319972,"7":-10.4228862265,"8":34.1002751081,"9":0.0}}