{"LD2169":{"1":-26.5834543577,"2":-0.0748069316,"3":-12.2576663923,"4":-5.6882861932,"5":-6.8074973481,"6":16.2317915589,"7":17.0832363668,"8":9.9598309455,"9":13.5316231484,"10":-3.4979502685},"LD2170":{"1":-22.2677813081,"2":-19.8284721326,"3":48.9201456064,"4":13.2267802946,"5":-24.6042256293,"6":-23.0686412744,"7":-2.8254954087,"8":6.0245316371,"9":3.7648107962,"10":-1.0095773159},"LD2171":{"1":64.4796318829,"2":5.8034071242,"3":8.6019034064,"4":-0.7647073168,"5":-12.9106167267,"6":21.4859193486,"7":-9.6828670149,"8":-7.1524839503,"9":4.5588825671,"10":-11.8095523098},"LD2243":{"1":-3.6093079777,"2":-15.8805469369,"3":-13.4456772941,"4":-0.9604792747,"5":-8.7085892664,"6":6.2742242707,"7":-5.6543753001,"8":-9.635603158,"9":18.6702693328,"10":12.2985726566},"LD2244":{"1":-11.9410255373,"2":-46.1065220709,"3":14.5520849683,"4":27.3938096311,"5":17.302098597,"6":25.8481057033,"7":-0.4283209747,"8":2.5339676485,"9":-13.5681224794,"10":0.0666466682},"LD2245":{"1":27.3217297647,"2":5.977175581,"3":28.2061212329,"4":-23.0510506025,"5":0.7783984995,"6":3.2482135539,"7":23.3839140827,"8":-2.6441905615,"9":-4.695778111,"10":18.6501936553},"LD2162":{"1":-32.8199476721,"2":27.5830756732,"3":-6.706092583,"4":6.0382383956,"5":13.1456728115,"6":-2.1581541972,"7":1.4322029583,"8":7.0186851682,"9":5.3651269441,"10":1.7560586004},"LD2163":{"1":-19.9814115927,"2":-0.9934981323,"3":10.3626368262,"4":-23.4579787911,"5":5.2838338713,"6":4.4348284057,"7":-1.0809008281,"8":-11.2579887335,"9":0.1741238544,"10":-7.4110908737},"LD2164":{"1":-37.282457197,"2":20.6605120778,"3":-2.1250923617,"4":-0.1963747602,"5":-0.161764608,"6":9.8952566376,"7":-15.6502365458,"8":-2.6064807204,"9":6.9931952688,"10":0.9305110028},"LD2214":{"1":21.7497323527,"2":48.4598717153,"3":9.6772202684,"4":17.8422655107,"5":10.4777158597,"6":-1.9698021622,"7":-13.698268104,"8":6.6752743519,"9":-5.335170412,"10":13.3752652361},"LD2215":{"1":31.12513039,"2":-8.7131666586,"3":7.443205127,"4":-8.9003106272,"5":26.7921847847,"6":-16.3267378815,"7":0.7311000062,"8":16.0946476619,"9":12.1547221854,"10":-14.8471777045},"LD2166":{"1":-24.9717943883,"2":0.5606186452,"3":0.5114712856,"4":-22.6846215162,"5":10.4900007341,"6":-8.5352609728,"7":-4.558974686,"8":-14.2533980852,"9":-16.5371543706,"10":-5.2163517586},"LD2157":{"1":5.552564253,"2":-10.681414629,"3":-33.4114792726,"4":-8.7925032077,"5":-13.6008555357,"6":0.0912414419,"7":4.7782516058,"8":23.2668310509,"9":-13.3011800677,"10":3.1595315031},"LD2158":{"1":12.0376126979,"2":-19.9105316859,"3":-21.5778787229,"4":-11.582390869,"5":-11.1274806952,"6":-11.0738442432,"7":-21.7045710248,"8":1.8234688812,"9":-6.9109728557,"10":3.4041549454},"LD2223":{"1":18.1249773698,"2":-20.5013563629,"3":-28.8119152868,"4":21.9192499446,"5":10.0849112317,"6":-20.4858322352,"7":11.2906423858,"8":-17.9070559993,"9":5.2893230928,"10":5.1998932389},"LD2225":{"1":-0.93419868,"2":33.6456547241,"3":-9.9389868078,"4":19.6583593821,"5":-16.4337865798,"6":-3.891307954,"7":16.5846624815,"8":-7.940036137,"9":-10.1536988935,"10":-15.0491272759}}