{"LD2169":{"1":-30.9582569159,"2":-0.1168468843,"3":-13.9771199065,"4":-7.2814444844,"5":13.8040093369,"6":-11.6351302826,"7":21.5676087697,"8":11.5066523022,"9":14.9268280589,"10":-5.962897543},"LD2170":{"1":-25.5983258412,"2":-20.4501831539,"3":56.5380027118,"4":14.54491677,"5":-33.7501227886,"6":-20.6175476883,"7":-4.0480857575,"8":7.1128750691,"9":4.1491623565,"10":-1.755652991},"LD2171":{"1":73.9278906143,"2":8.429989856,"3":8.9441385904,"4":-0.7427150447,"5":20.0613927758,"6":-21.915929012,"7":-9.4810464446,"8":-7.9297775112,"9":4.6704285986,"10":-14.9158625181},"LD2243":{"1":-3.8526256236,"2":-18.941823337,"3":-15.2738639941,"4":-0.6952739713,"5":5.221424439,"6":-11.9357259206,"7":-6.8747116323,"8":-9.5634372578,"9":22.3350247065,"10":13.9120667745},"LD2244":{"1":-12.0834022695,"2":-53.9060481579,"3":17.4560716888,"4":32.0315900528,"5":34.0548252086,"6":10.4833638525,"7":1.7505475039,"8":2.7534702071,"9":-15.7844667471,"10":0.4940692218},"LD2245":{"1":31.8539627034,"2":7.7610986949,"3":31.9807347418,"4":-26.833492557,"5":3.2252552937,"6":0.9530331575,"7":26.2440464273,"8":-3.8322465466,"9":-4.0783267221,"10":23.187665326},"LD2162":{"1":-38.3943450166,"2":30.9880365152,"3":-7.8551575523,"4":6.7893893163,"5":1.3456011487,"6":15.5074376618,"7":1.8888658364,"8":8.4652796509,"9":6.1712169197,"10":-0.573782929},"LD2163":{"1":-22.8947098173,"2":-0.9329012396,"3":11.9568841994,"4":-27.0003470219,"5":6.6621663528,"6":4.3793633164,"7":-1.5997214862,"8":-12.9614183824,"9":0.4757739817,"10":-9.6307236231},"LD2164":{"1":-42.7188368467,"2":22.0297771609,"3":-3.1988885113,"4":0.5056420369,"5":13.9544220133,"6":-3.6524483907,"7":-18.6004978087,"8":-2.7337606218,"9":8.2702038522,"10":4.3016488742},"LD2214":{"1":24.1081867195,"2":56.2028441061,"3":9.8748721411,"4":21.0405736222,"5":1.6046428493,"6":11.9597904028,"7":-15.7032335766,"8":8.5892498972,"9":-6.1381731636,"10":14.3887991824},"LD2215":{"1":36.636565429,"2":-10.6240896313,"3":8.6899032679,"4":-10.151329571,"5":-9.3685787918,"6":34.9872610966,"7":-0.338354437,"8":18.5380002939,"9":13.0787433935,"10":-16.2435463539},"LD2166":{"1":-28.8140831874,"2":0.3424391245,"3":0.952825678,"4":-25.9361189274,"5":-5.8942133185,"6":14.2793962454,"7":-6.594080076,"8":-17.137137505,"9":-19.4193310416,"10":-5.4909380895},"LD2157":{"1":5.8281281058,"2":-12.2299579187,"3":-38.0132786945,"4":-10.2671740968,"5":-5.3117397498,"6":-14.8184110915,"7":6.9587016107,"8":26.1542427978,"9":-15.9446177653,"10":4.415143569},"LD2158":{"1":14.3472863624,"2":-23.4933514451,"3":-24.431208134,"4":-13.0652603354,"5":-14.2742918798,"6":-9.7747266989,"7":-25.4354872607,"8":2.7582551381,"9":-8.1292938736,"10":3.3304341822},"LD2223":{"1":20.5487751249,"2":-23.6144585831,"3":-31.985385469,"4":24.9406585406,"5":-21.379335307,"6":17.5042582608,"7":11.070704631,"8":-21.2999578609,"9":7.0872604259,"10":5.9382990708},"LD2225":{"1":-1.9362095408,"2":38.5554748934,"3":-11.6585307574,"4":22.1203856711,"5":-9.9554575827,"6":-15.7039849093,"7":19.1947437007,"8":-10.4202896708,"9":-11.6704329801,"10":-15.3947221533}}