{"R2pv": 0.1, "R2H0": [0.5270844879574166, 0.483445146239333, 0.4765046073243966, 0.43073222178166515, 0.35420574511888236, 0.4640084567678088, 0.3929814660848491, 0.589203426708386, 0.4715716443946092, 0.5009479276660471]}