{"R2pv": 0.1, "R2H0": [0.7250632502419163, 0.7377645062566169, 0.7069075935467963, 0.6400497930242282, 0.7684486369255372, 0.6692145191909754, 0.6989500858919524, 0.7737578085807044, 0.625247782061108, 0.6987564973407203]}